"","date","time","temp","patch","site","season","elevation"
"2","11/18/2023","15:00","40.696","shrub","low_gate","winter","low"
"3","11/18/2023","21:00","35.951","shrub","low_gate","winter","low"
"4","11/19/2023","3:00","37.297","shrub","low_gate","winter","low"
"5","11/19/2023","9:00","37.87","shrub","low_gate","winter","low"
"6","11/19/2023","15:00","39.947","shrub","low_gate","winter","low"
"7","11/19/2023","21:00","37.297","shrub","low_gate","winter","low"
"8","11/20/2023","3:00","34.981","shrub","low_gate","winter","low"
"9","11/20/2023","9:00","33.411","shrub","low_gate","winter","low"
"10","11/20/2023","15:00","35.37","shrub","low_gate","winter","low"
"11","11/20/2023","21:00","33.411","shrub","low_gate","winter","low"
"12","11/21/2023","3:00","31.617","shrub","low_gate","winter","low"
"13","11/21/2023","9:00","31.816","shrub","low_gate","winter","low"
"14","11/21/2023","15:00","33.013","shrub","low_gate","winter","low"
"15","11/21/2023","21:00","32.218","shrub","low_gate","winter","low"
"16","11/22/2023","3:00","31.415","shrub","low_gate","winter","low"
"17","11/22/2023","9:00","30.808","shrub","low_gate","winter","low"
"18","11/22/2023","15:00","32.418","shrub","low_gate","winter","low"
"19","11/22/2023","21:00","32.617","shrub","low_gate","winter","low"
"20","11/23/2023","3:00","32.815","shrub","low_gate","winter","low"
"21","11/23/2023","9:00","33.013","shrub","low_gate","winter","low"
"22","11/23/2023","15:00","34.786","shrub","low_gate","winter","low"
"23","11/23/2023","21:00","33.411","shrub","low_gate","winter","low"
"24","11/24/2023","3:00","33.013","shrub","low_gate","winter","low"
"25","11/24/2023","9:00","32.418","shrub","low_gate","winter","low"
"26","11/24/2023","15:00","32.617","shrub","low_gate","winter","low"
"27","11/24/2023","21:00","31.617","shrub","low_gate","winter","low"
"28","11/25/2023","3:00","30.607","shrub","low_gate","winter","low"
"29","11/25/2023","9:00","29.995","shrub","low_gate","winter","low"
"30","11/25/2023","15:00","31.816","shrub","low_gate","winter","low"
"31","11/25/2023","21:00","29.995","shrub","low_gate","winter","low"
"32","11/26/2023","3:00","29.79","shrub","low_gate","winter","low"
"33","11/26/2023","9:00","29.586","shrub","low_gate","winter","low"
"34","11/26/2023","15:00","30.198","shrub","low_gate","winter","low"
"35","11/26/2023","21:00","29.586","shrub","low_gate","winter","low"
"36","11/27/2023","3:00","29.379","shrub","low_gate","winter","low"
"37","11/27/2023","9:00","29.174","shrub","low_gate","winter","low"
"38","11/27/2023","15:00","31.012","shrub","low_gate","winter","low"
"39","11/27/2023","21:00","28.139","shrub","low_gate","winter","low"
"40","11/28/2023","3:00","26.458","shrub","low_gate","winter","low"
"41","11/28/2023","9:00","25.819","shrub","low_gate","winter","low"
"42","11/28/2023","15:00","30.607","shrub","low_gate","winter","low"
"43","11/28/2023","21:00","27.511","shrub","low_gate","winter","low"
"44","11/29/2023","3:00","25.605","shrub","low_gate","winter","low"
"45","11/29/2023","9:00","25.605","shrub","low_gate","winter","low"
"46","11/29/2023","15:00","30.403","shrub","low_gate","winter","low"
"47","11/29/2023","21:00","26.668","shrub","low_gate","winter","low"
"48","11/30/2023","3:00","25.605","shrub","low_gate","winter","low"
"49","11/30/2023","9:00","24.526","shrub","low_gate","winter","low"
"50","11/30/2023","15:00","29.379","shrub","low_gate","winter","low"
"51","11/30/2023","21:00","27.302","shrub","low_gate","winter","low"
"52","12/1/2023","3:00","26.881","shrub","low_gate","winter","low"
"53","12/1/2023","9:00","26.245","shrub","low_gate","winter","low"
"54","12/1/2023","15:00","28.969","shrub","low_gate","winter","low"
"55","12/1/2023","21:00","28.555","shrub","low_gate","winter","low"
"56","12/2/2023","3:00","28.139","shrub","low_gate","winter","low"
"57","12/2/2023","9:00","28.139","shrub","low_gate","winter","low"
"58","12/2/2023","15:00","28.969","shrub","low_gate","winter","low"
"59","12/2/2023","21:00","28.969","shrub","low_gate","winter","low"
"60","12/3/2023","3:00","26.881","shrub","low_gate","winter","low"
"61","12/3/2023","9:00","27.302","shrub","low_gate","winter","low"
"62","12/3/2023","15:00","29.79","shrub","low_gate","winter","low"
"63","12/3/2023","21:00","29.995","shrub","low_gate","winter","low"
"64","12/4/2023","3:00","29.79","shrub","low_gate","winter","low"
"65","12/4/2023","9:00","30.198","shrub","low_gate","winter","low"
"66","12/4/2023","15:00","31.012","shrub","low_gate","winter","low"
"67","12/4/2023","21:00","31.415","shrub","low_gate","winter","low"
"68","12/5/2023","3:00","31.617","shrub","low_gate","winter","low"
"69","12/5/2023","9:00","31.816","shrub","low_gate","winter","low"
"70","12/5/2023","15:00","32.218","shrub","low_gate","winter","low"
"71","12/5/2023","21:00","32.018","shrub","low_gate","winter","low"
"72","12/6/2023","3:00","32.018","shrub","low_gate","winter","low"
"73","12/6/2023","9:00","32.018","shrub","low_gate","winter","low"
"74","12/6/2023","15:00","32.418","shrub","low_gate","winter","low"
"75","12/6/2023","21:00","32.018","shrub","low_gate","winter","low"
"76","12/7/2023","3:00","32.018","shrub","low_gate","winter","low"
"77","12/7/2023","9:00","32.218","shrub","low_gate","winter","low"
"78","12/7/2023","15:00","32.617","shrub","low_gate","winter","low"
"79","12/7/2023","21:00","32.218","shrub","low_gate","winter","low"
"80","12/8/2023","3:00","32.018","shrub","low_gate","winter","low"
"81","12/8/2023","9:00","31.816","shrub","low_gate","winter","low"
"82","12/8/2023","15:00","32.018","shrub","low_gate","winter","low"
"83","12/8/2023","21:00","31.213","shrub","low_gate","winter","low"
"84","12/9/2023","3:00","29.586","shrub","low_gate","winter","low"
"85","12/9/2023","9:00","27.511","shrub","low_gate","winter","low"
"86","12/9/2023","15:00","29.586","shrub","low_gate","winter","low"
"87","12/9/2023","21:00","28.555","shrub","low_gate","winter","low"
"88","12/10/2023","3:00","27.93","shrub","low_gate","winter","low"
"89","12/10/2023","9:00","28.346","shrub","low_gate","winter","low"
"90","12/10/2023","15:00","29.79","shrub","low_gate","winter","low"
"91","12/10/2023","21:00","29.995","shrub","low_gate","winter","low"
"92","12/11/2023","3:00","30.198","shrub","low_gate","winter","low"
"93","12/11/2023","9:00","30.198","shrub","low_gate","winter","low"
"94","12/11/2023","15:00","31.012","shrub","low_gate","winter","low"
"95","12/11/2023","21:00","31.012","shrub","low_gate","winter","low"
"96","12/12/2023","3:00","30.198","shrub","low_gate","winter","low"
"97","12/12/2023","9:00","29.995","shrub","low_gate","winter","low"
"98","12/12/2023","15:00","31.012","shrub","low_gate","winter","low"
"99","12/12/2023","21:00","30.198","shrub","low_gate","winter","low"
"100","12/13/2023","3:00","28.762","shrub","low_gate","winter","low"
"101","12/13/2023","9:00","27.721","shrub","low_gate","winter","low"
"102","12/13/2023","15:00","30.198","shrub","low_gate","winter","low"
"103","12/13/2023","21:00","28.969","shrub","low_gate","winter","low"
"104","12/14/2023","3:00","27.091","shrub","low_gate","winter","low"
"105","12/14/2023","9:00","25.605","shrub","low_gate","winter","low"
"106","12/14/2023","15:00","28.762","shrub","low_gate","winter","low"
"107","12/14/2023","21:00","26.245","shrub","low_gate","winter","low"
"108","12/15/2023","3:00","24.96","shrub","low_gate","winter","low"
"109","12/15/2023","9:00","24.744","shrub","low_gate","winter","low"
"110","12/15/2023","15:00","28.762","shrub","low_gate","winter","low"
"111","12/15/2023","21:00","27.302","shrub","low_gate","winter","low"
"112","12/16/2023","3:00","25.819","shrub","low_gate","winter","low"
"113","12/16/2023","9:00","25.174","shrub","low_gate","winter","low"
"114","12/16/2023","15:00","29.174","shrub","low_gate","winter","low"
"115","12/16/2023","21:00","27.091","shrub","low_gate","winter","low"
"116","12/17/2023","3:00","25.174","shrub","low_gate","winter","low"
"117","12/17/2023","9:00","24.093","shrub","low_gate","winter","low"
"118","12/17/2023","15:00","28.555","shrub","low_gate","winter","low"
"119","12/17/2023","21:00","26.245","shrub","low_gate","winter","low"
"120","12/18/2023","3:00","24.96","shrub","low_gate","winter","low"
"121","12/18/2023","9:00","25.39","shrub","low_gate","winter","low"
"122","12/18/2023","15:00","29.174","shrub","low_gate","winter","low"
"123","12/18/2023","21:00","29.174","shrub","low_gate","winter","low"
"124","12/19/2023","3:00","27.511","shrub","low_gate","winter","low"
"125","12/19/2023","9:00","28.762","shrub","low_gate","winter","low"
"126","12/19/2023","15:00","30.808","shrub","low_gate","winter","low"
"127","12/19/2023","21:00","30.808","shrub","low_gate","winter","low"
"128","12/20/2023","3:00","29.79","shrub","low_gate","winter","low"
"129","12/20/2023","9:00","30.607","shrub","low_gate","winter","low"
"130","12/20/2023","15:00","31.617","shrub","low_gate","winter","low"
"131","12/20/2023","21:00","31.617","shrub","low_gate","winter","low"
"132","12/21/2023","3:00","30.403","shrub","low_gate","winter","low"
"133","12/21/2023","9:00","30.403","shrub","low_gate","winter","low"
"134","12/21/2023","15:00","31.617","shrub","low_gate","winter","low"
"135","12/21/2023","21:00","31.816","shrub","low_gate","winter","low"
"136","12/22/2023","3:00","31.617","shrub","low_gate","winter","low"
"137","12/22/2023","9:00","31.617","shrub","low_gate","winter","low"
"138","12/22/2023","15:00","32.018","shrub","low_gate","winter","low"
"139","12/22/2023","21:00","32.018","shrub","low_gate","winter","low"
"140","12/23/2023","3:00","32.018","shrub","low_gate","winter","low"
"141","12/23/2023","9:00","32.018","shrub","low_gate","winter","low"
"142","12/23/2023","15:00","32.018","shrub","low_gate","winter","low"
"143","12/23/2023","21:00","31.415","shrub","low_gate","winter","low"
"144","12/24/2023","3:00","28.969","shrub","low_gate","winter","low"
"145","12/24/2023","9:00","26.458","shrub","low_gate","winter","low"
"146","12/24/2023","15:00","28.139","shrub","low_gate","winter","low"
"147","12/24/2023","21:00","24.31","shrub","low_gate","winter","low"
"148","12/25/2023","3:00","23.436","shrub","low_gate","winter","low"
"149","12/25/2023","9:00","24.31","shrub","low_gate","winter","low"
"150","12/25/2023","15:00","26.668","shrub","low_gate","winter","low"
"151","12/25/2023","21:00","22.107","shrub","low_gate","winter","low"
"152","12/26/2023","3:00","19.382","shrub","low_gate","winter","low"
"153","12/26/2023","9:00","19.612","shrub","low_gate","winter","low"
"154","12/26/2023","15:00","24.96","shrub","low_gate","winter","low"
"155","12/26/2023","21:00","22.107","shrub","low_gate","winter","low"
"156","12/27/2023","3:00","21.659","shrub","low_gate","winter","low"
"157","12/27/2023","9:00","23.216","shrub","low_gate","winter","low"
"158","12/27/2023","15:00","26.245","shrub","low_gate","winter","low"
"159","12/27/2023","21:00","24.093","shrub","low_gate","winter","low"
"160","12/28/2023","3:00","24.093","shrub","low_gate","winter","low"
"161","12/28/2023","9:00","22.995","shrub","low_gate","winter","low"
"162","12/28/2023","15:00","27.721","shrub","low_gate","winter","low"
"163","12/28/2023","21:00","25.174","shrub","low_gate","winter","low"
"164","12/29/2023","3:00","23.655","shrub","low_gate","winter","low"
"165","12/29/2023","9:00","23.875","shrub","low_gate","winter","low"
"166","12/29/2023","15:00","28.762","shrub","low_gate","winter","low"
"167","12/29/2023","21:00","26.668","shrub","low_gate","winter","low"
"168","12/30/2023","3:00","25.39","shrub","low_gate","winter","low"
"169","12/30/2023","9:00","24.96","shrub","low_gate","winter","low"
"170","12/30/2023","15:00","29.379","shrub","low_gate","winter","low"
"171","12/30/2023","21:00","28.969","shrub","low_gate","winter","low"
"172","12/31/2023","3:00","26.668","shrub","low_gate","winter","low"
"173","12/31/2023","9:00","25.819","shrub","low_gate","winter","low"
"174","12/31/2023","15:00","29.79","shrub","low_gate","winter","low"
"175","12/31/2023","21:00","26.458","shrub","low_gate","winter","low"
"176","1/1/2024","3:00","23.655","shrub","low_gate","winter","low"
"177","1/1/2024","9:00","22.775","shrub","low_gate","winter","low"
"178","1/1/2024","15:00","28.969","shrub","low_gate","winter","low"
"179","1/1/2024","21:00","25.39","shrub","low_gate","winter","low"
"180","1/2/2024","3:00","22.775","shrub","low_gate","winter","low"
"181","1/2/2024","9:00","22.995","shrub","low_gate","winter","low"
"182","1/2/2024","15:00","28.555","shrub","low_gate","winter","low"
"183","1/2/2024","21:00","24.526","shrub","low_gate","winter","low"
"184","1/3/2024","3:00","22.107","shrub","low_gate","winter","low"
"185","1/3/2024","9:00","21.659","shrub","low_gate","winter","low"
"186","1/3/2024","15:00","28.139","shrub","low_gate","winter","low"
"187","1/3/2024","21:00","26.458","shrub","low_gate","winter","low"
"188","1/4/2024","3:00","26.458","shrub","low_gate","winter","low"
"189","1/4/2024","9:00","26.031","shrub","low_gate","winter","low"
"190","1/4/2024","15:00","29.379","shrub","low_gate","winter","low"
"191","1/4/2024","21:00","28.346","shrub","low_gate","winter","low"
"192","1/5/2024","3:00","27.721","shrub","low_gate","winter","low"
"193","1/5/2024","9:00","27.302","shrub","low_gate","winter","low"
"194","1/5/2024","15:00","29.379","shrub","low_gate","winter","low"
"195","1/5/2024","21:00","25.174","shrub","low_gate","winter","low"
"196","1/6/2024","3:00","22.775","shrub","low_gate","winter","low"
"197","1/6/2024","9:00","24.31","shrub","low_gate","winter","low"
"198","1/6/2024","15:00","26.881","shrub","low_gate","winter","low"
"199","1/6/2024","21:00","26.031","shrub","low_gate","winter","low"
"200","1/7/2024","3:00","26.245","shrub","low_gate","winter","low"
"201","1/7/2024","9:00","26.245","shrub","low_gate","winter","low"
"202","1/7/2024","15:00","27.091","shrub","low_gate","winter","low"
"203","1/7/2024","21:00","26.458","shrub","low_gate","winter","low"
"204","1/8/2024","3:00","25.39","shrub","low_gate","winter","low"
"205","1/8/2024","9:00","23.655","shrub","low_gate","winter","low"
"206","1/8/2024","15:00","24.744","shrub","low_gate","winter","low"
"207","1/8/2024","21:00","24.744","shrub","low_gate","winter","low"
"208","1/9/2024","3:00","24.744","shrub","low_gate","winter","low"
"209","1/9/2024","9:00","24.96","shrub","low_gate","winter","low"
"210","1/9/2024","15:00","25.605","shrub","low_gate","winter","low"
"211","1/9/2024","21:00","25.819","shrub","low_gate","winter","low"
"212","1/10/2024","3:00","25.819","shrub","low_gate","winter","low"
"213","1/10/2024","9:00","25.605","shrub","low_gate","winter","low"
"214","1/10/2024","15:00","26.031","shrub","low_gate","winter","low"
"215","1/10/2024","21:00","25.819","shrub","low_gate","winter","low"
"216","1/11/2024","3:00","25.39","shrub","low_gate","winter","low"
"217","1/11/2024","9:00","24.96","shrub","low_gate","winter","low"
"218","1/11/2024","15:00","25.174","shrub","low_gate","winter","low"
"219","1/11/2024","21:00","25.174","shrub","low_gate","winter","low"
"220","1/12/2024","3:00","25.39","shrub","low_gate","winter","low"
"221","1/12/2024","9:00","25.174","shrub","low_gate","winter","low"
"222","1/12/2024","15:00","24.744","shrub","low_gate","winter","low"
"223","1/12/2024","21:00","23.655","shrub","low_gate","winter","low"
"224","1/13/2024","3:00","20.984","shrub","low_gate","winter","low"
"225","1/13/2024","9:00","19.612","shrub","low_gate","winter","low"
"226","1/13/2024","15:00","20.984","shrub","low_gate","winter","low"
"227","1/13/2024","21:00","21.659","shrub","low_gate","winter","low"
"228","1/14/2024","3:00","22.107","shrub","low_gate","winter","low"
"229","1/14/2024","9:00","21.659","shrub","low_gate","winter","low"
"230","1/14/2024","15:00","22.775","shrub","low_gate","winter","low"
"231","1/14/2024","21:00","23.436","shrub","low_gate","winter","low"
"232","1/15/2024","3:00","23.655","shrub","low_gate","winter","low"
"233","1/15/2024","9:00","20.757","shrub","low_gate","winter","low"
"234","1/15/2024","15:00","20.984","shrub","low_gate","winter","low"
"235","1/15/2024","21:00","20.984","shrub","low_gate","winter","low"
"236","1/16/2024","3:00","20.529","shrub","low_gate","winter","low"
"237","1/16/2024","9:00","20.529","shrub","low_gate","winter","low"
"238","1/16/2024","15:00","21.884","shrub","low_gate","winter","low"
"239","1/16/2024","21:00","22.33","shrub","low_gate","winter","low"
"240","1/17/2024","3:00","22.775","shrub","low_gate","winter","low"
"241","1/17/2024","9:00","23.436","shrub","low_gate","winter","low"
"242","1/17/2024","15:00","24.31","shrub","low_gate","winter","low"
"243","1/17/2024","21:00","24.744","shrub","low_gate","winter","low"
"244","1/18/2024","3:00","24.96","shrub","low_gate","winter","low"
"245","1/18/2024","9:00","24.744","shrub","low_gate","winter","low"
"246","1/18/2024","15:00","25.605","shrub","low_gate","winter","low"
"247","1/18/2024","21:00","26.031","shrub","low_gate","winter","low"
"248","1/19/2024","3:00","26.458","shrub","low_gate","winter","low"
"249","1/19/2024","9:00","26.668","shrub","low_gate","winter","low"
"250","1/19/2024","15:00","27.511","shrub","low_gate","winter","low"
"251","1/19/2024","21:00","27.93","shrub","low_gate","winter","low"
"252","1/20/2024","3:00","27.93","shrub","low_gate","winter","low"
"253","1/20/2024","9:00","28.139","shrub","low_gate","winter","low"
"254","1/20/2024","15:00","31.415","shrub","low_gate","winter","low"
"255","1/20/2024","21:00","31.415","shrub","low_gate","winter","low"
"256","1/21/2024","3:00","31.012","shrub","low_gate","winter","low"
"257","1/21/2024","9:00","31.012","shrub","low_gate","winter","low"
"258","1/21/2024","15:00","31.213","shrub","low_gate","winter","low"
"259","1/21/2024","21:00","31.617","shrub","low_gate","winter","low"
"260","1/22/2024","3:00","31.617","shrub","low_gate","winter","low"
"261","1/22/2024","9:00","31.415","shrub","low_gate","winter","low"
"262","1/22/2024","15:00","31.816","shrub","low_gate","winter","low"
"263","1/22/2024","21:00","32.018","shrub","low_gate","winter","low"
"264","1/23/2024","3:00","32.018","shrub","low_gate","winter","low"
"265","1/23/2024","9:00","32.018","shrub","low_gate","winter","low"
"266","1/23/2024","15:00","32.218","shrub","low_gate","winter","low"
"267","1/23/2024","21:00","32.218","shrub","low_gate","winter","low"
"268","1/24/2024","3:00","32.218","shrub","low_gate","winter","low"
"269","1/24/2024","9:00","32.218","shrub","low_gate","winter","low"
"270","1/24/2024","15:00","32.218","shrub","low_gate","winter","low"
"271","1/24/2024","21:00","32.218","shrub","low_gate","winter","low"
"272","1/25/2024","3:00","32.218","shrub","low_gate","winter","low"
"273","1/25/2024","9:00","32.218","shrub","low_gate","winter","low"
"274","1/25/2024","15:00","32.218","shrub","low_gate","winter","low"
"275","1/25/2024","21:00","32.218","shrub","low_gate","winter","low"
"276","1/26/2024","3:00","32.218","shrub","low_gate","winter","low"
"277","1/26/2024","9:00","32.218","shrub","low_gate","winter","low"
"278","1/26/2024","15:00","32.218","shrub","low_gate","winter","low"
"279","1/26/2024","21:00","32.218","shrub","low_gate","winter","low"
"280","1/27/2024","3:00","32.218","shrub","low_gate","winter","low"
"281","1/27/2024","9:00","32.218","shrub","low_gate","winter","low"
"282","1/27/2024","15:00","32.218","shrub","low_gate","winter","low"
"283","1/27/2024","21:00","32.218","shrub","low_gate","winter","low"
"284","1/28/2024","3:00","32.218","shrub","low_gate","winter","low"
"285","1/28/2024","9:00","32.218","shrub","low_gate","winter","low"
"286","1/28/2024","15:00","32.218","shrub","low_gate","winter","low"
"287","1/28/2024","21:00","32.218","shrub","low_gate","winter","low"
"288","1/29/2024","3:00","32.218","shrub","low_gate","winter","low"
"289","1/29/2024","9:00","32.218","shrub","low_gate","winter","low"
"290","1/29/2024","15:00","32.218","shrub","low_gate","winter","low"
"291","1/29/2024","21:00","32.218","shrub","low_gate","winter","low"
"292","1/30/2024","3:00","32.218","shrub","low_gate","winter","low"
"293","1/30/2024","9:00","32.218","shrub","low_gate","winter","low"
"294","1/30/2024","15:00","32.218","shrub","low_gate","winter","low"
"295","1/30/2024","21:00","32.218","shrub","low_gate","winter","low"
"296","1/31/2024","3:00","32.018","shrub","low_gate","winter","low"
"297","1/31/2024","9:00","32.018","shrub","low_gate","winter","low"
"298","1/31/2024","15:00","32.218","shrub","low_gate","winter","low"
"299","1/31/2024","21:00","32.218","shrub","low_gate","winter","low"
"300","2/1/2024","3:00","32.018","shrub","low_gate","winter","low"
"301","2/1/2024","9:00","32.018","shrub","low_gate","winter","low"
"302","2/1/2024","15:00","32.218","shrub","low_gate","winter","low"
"303","2/1/2024","21:00","32.218","shrub","low_gate","winter","low"
"304","2/2/2024","3:00","32.218","shrub","low_gate","winter","low"
"305","2/2/2024","9:00","32.218","shrub","low_gate","winter","low"
"306","2/2/2024","15:00","32.218","shrub","low_gate","winter","low"
"307","2/2/2024","21:00","32.218","shrub","low_gate","winter","low"
"308","2/3/2024","3:00","32.218","shrub","low_gate","winter","low"
"309","2/3/2024","9:00","32.218","shrub","low_gate","winter","low"
"310","2/3/2024","15:00","32.218","shrub","low_gate","winter","low"
"311","2/3/2024","21:00","32.218","shrub","low_gate","winter","low"
"312","2/4/2024","3:00","32.218","shrub","low_gate","winter","low"
"313","2/4/2024","9:00","32.218","shrub","low_gate","winter","low"
"314","2/4/2024","15:00","32.218","shrub","low_gate","winter","low"
"315","2/4/2024","21:00","32.218","shrub","low_gate","winter","low"
"316","2/5/2024","3:00","32.218","shrub","low_gate","winter","low"
"317","2/5/2024","9:00","32.218","shrub","low_gate","winter","low"
"318","2/5/2024","15:00","32.218","shrub","low_gate","winter","low"
"319","2/5/2024","21:00","32.218","shrub","low_gate","winter","low"
"320","2/6/2024","3:00","32.218","shrub","low_gate","winter","low"
"321","2/6/2024","9:00","32.218","shrub","low_gate","winter","low"
"322","2/6/2024","15:00","32.218","shrub","low_gate","winter","low"
"323","2/6/2024","21:00","32.218","shrub","low_gate","winter","low"
"324","2/7/2024","3:00","32.218","shrub","low_gate","winter","low"
"325","2/7/2024","9:00","32.218","shrub","low_gate","winter","low"
"326","2/7/2024","15:00","32.218","shrub","low_gate","winter","low"
"327","2/7/2024","21:00","32.218","shrub","low_gate","winter","low"
"328","2/8/2024","3:00","32.218","shrub","low_gate","winter","low"
"329","2/8/2024","9:00","32.218","shrub","low_gate","winter","low"
"330","2/8/2024","15:00","32.218","shrub","low_gate","winter","low"
"331","2/8/2024","21:00","32.218","shrub","low_gate","winter","low"
"332","2/9/2024","3:00","32.218","shrub","low_gate","winter","low"
"333","2/9/2024","9:00","32.218","shrub","low_gate","winter","low"
"334","2/9/2024","15:00","32.218","shrub","low_gate","winter","low"
"335","2/9/2024","21:00","32.218","shrub","low_gate","winter","low"
"336","2/10/2024","3:00","32.018","shrub","low_gate","winter","low"
"337","2/10/2024","9:00","31.816","shrub","low_gate","winter","low"
"338","2/10/2024","15:00","32.018","shrub","low_gate","winter","low"
"339","2/10/2024","21:00","31.816","shrub","low_gate","winter","low"
"340","2/11/2024","3:00","31.617","shrub","low_gate","winter","low"
"341","2/11/2024","9:00","31.617","shrub","low_gate","winter","low"
"342","2/11/2024","15:00","31.816","shrub","low_gate","winter","low"
"343","2/11/2024","21:00","31.816","shrub","low_gate","winter","low"
"344","2/12/2024","3:00","31.816","shrub","low_gate","winter","low"
"345","2/12/2024","9:00","31.816","shrub","low_gate","winter","low"
"346","2/12/2024","15:00","32.018","shrub","low_gate","winter","low"
"347","2/12/2024","21:00","31.816","shrub","low_gate","winter","low"
"348","2/13/2024","3:00","31.617","shrub","low_gate","winter","low"
"349","2/13/2024","9:00","31.415","shrub","low_gate","winter","low"
"350","2/13/2024","15:00","31.816","shrub","low_gate","winter","low"
"351","2/13/2024","21:00","31.816","shrub","low_gate","winter","low"
"352","2/14/2024","3:00","31.213","shrub","low_gate","winter","low"
"353","2/14/2024","9:00","31.213","shrub","low_gate","winter","low"
"354","2/14/2024","15:00","31.816","shrub","low_gate","winter","low"
"355","2/14/2024","21:00","31.816","shrub","low_gate","winter","low"
"356","2/15/2024","3:00","31.816","shrub","low_gate","winter","low"
"357","2/15/2024","9:00","32.018","shrub","low_gate","winter","low"
"358","2/15/2024","15:00","32.018","shrub","low_gate","winter","low"
"359","2/15/2024","21:00","32.018","shrub","low_gate","winter","low"
"360","2/16/2024","3:00","31.816","shrub","low_gate","winter","low"
"361","2/16/2024","9:00","31.617","shrub","low_gate","winter","low"
"362","2/16/2024","15:00","31.617","shrub","low_gate","winter","low"
"363","2/16/2024","21:00","31.012","shrub","low_gate","winter","low"
"364","2/17/2024","3:00","30.403","shrub","low_gate","winter","low"
"365","2/17/2024","9:00","29.995","shrub","low_gate","winter","low"
"366","2/17/2024","15:00","31.012","shrub","low_gate","winter","low"
"367","2/17/2024","21:00","31.012","shrub","low_gate","winter","low"
"368","2/18/2024","3:00","30.607","shrub","low_gate","winter","low"
"369","2/18/2024","9:00","31.012","shrub","low_gate","winter","low"
"370","2/18/2024","15:00","31.415","shrub","low_gate","winter","low"
"371","2/18/2024","21:00","31.617","shrub","low_gate","winter","low"
"372","2/19/2024","3:00","31.617","shrub","low_gate","winter","low"
"373","2/19/2024","9:00","31.617","shrub","low_gate","winter","low"
"374","2/19/2024","15:00","31.816","shrub","low_gate","winter","low"
"375","2/19/2024","21:00","31.816","shrub","low_gate","winter","low"
"376","2/20/2024","3:00","32.018","shrub","low_gate","winter","low"
"377","2/20/2024","9:00","32.018","shrub","low_gate","winter","low"
"378","2/20/2024","15:00","32.018","shrub","low_gate","winter","low"
"379","2/20/2024","21:00","32.018","shrub","low_gate","winter","low"
"380","2/21/2024","3:00","32.018","shrub","low_gate","winter","low"
"381","2/21/2024","9:00","32.018","shrub","low_gate","winter","low"
"382","2/21/2024","15:00","32.018","shrub","low_gate","winter","low"
"383","2/21/2024","21:00","32.218","shrub","low_gate","winter","low"
"384","2/22/2024","3:00","32.218","shrub","low_gate","winter","low"
"385","2/22/2024","9:00","32.218","shrub","low_gate","winter","low"
"386","2/22/2024","15:00","32.218","shrub","low_gate","winter","low"
"387","2/22/2024","21:00","32.218","shrub","low_gate","winter","low"
"388","2/23/2024","3:00","32.218","shrub","low_gate","winter","low"
"389","2/23/2024","9:00","32.018","shrub","low_gate","winter","low"
"390","2/23/2024","15:00","32.018","shrub","low_gate","winter","low"
"391","2/23/2024","21:00","32.018","shrub","low_gate","winter","low"
"392","2/24/2024","3:00","32.018","shrub","low_gate","winter","low"
"393","2/24/2024","9:00","31.816","shrub","low_gate","winter","low"
"394","2/24/2024","15:00","32.018","shrub","low_gate","winter","low"
"395","2/24/2024","21:00","32.018","shrub","low_gate","winter","low"
"396","2/25/2024","3:00","32.018","shrub","low_gate","winter","low"
"397","2/25/2024","9:00","32.018","shrub","low_gate","winter","low"
"398","2/25/2024","15:00","32.018","shrub","low_gate","winter","low"
"399","2/25/2024","21:00","32.018","shrub","low_gate","winter","low"
"400","2/26/2024","3:00","32.018","shrub","low_gate","winter","low"
"401","2/26/2024","9:00","32.018","shrub","low_gate","winter","low"
"402","2/26/2024","15:00","32.218","shrub","low_gate","winter","low"
"403","2/26/2024","21:00","32.218","shrub","low_gate","winter","low"
"404","2/27/2024","3:00","31.213","shrub","low_gate","winter","low"
"405","2/27/2024","9:00","29.586","shrub","low_gate","winter","low"
"406","2/27/2024","15:00","31.816","shrub","low_gate","winter","low"
"407","2/27/2024","21:00","29.586","shrub","low_gate","winter","low"
"408","2/28/2024","3:00","28.762","shrub","low_gate","winter","low"
"409","2/28/2024","9:00","29.995","shrub","low_gate","winter","low"
"410","2/28/2024","15:00","31.617","shrub","low_gate","winter","low"
"411","2/28/2024","21:00","31.213","shrub","low_gate","winter","low"
"412","2/29/2024","3:00","30.607","shrub","low_gate","winter","low"
"413","2/29/2024","9:00","29.995","shrub","low_gate","winter","low"
"414","2/29/2024","15:00","31.816","shrub","low_gate","winter","low"
"415","2/29/2024","21:00","32.018","shrub","low_gate","winter","low"
"416","3/1/2024","3:00","32.018","shrub","low_gate","winter","low"
"417","3/1/2024","9:00","32.018","shrub","low_gate","winter","low"
"418","3/1/2024","15:00","32.018","shrub","low_gate","winter","low"
"419","3/1/2024","21:00","32.018","shrub","low_gate","winter","low"
"420","3/2/2024","3:00","32.018","shrub","low_gate","winter","low"
"421","3/2/2024","9:00","32.018","shrub","low_gate","winter","low"
"422","3/2/2024","15:00","32.018","shrub","low_gate","winter","low"
"423","3/2/2024","21:00","32.018","shrub","low_gate","winter","low"
"424","3/3/2024","3:00","31.816","shrub","low_gate","winter","low"
"425","3/3/2024","9:00","31.213","shrub","low_gate","winter","low"
"426","3/3/2024","15:00","31.617","shrub","low_gate","winter","low"
"427","3/3/2024","21:00","31.415","shrub","low_gate","winter","low"
"428","3/4/2024","3:00","31.012","shrub","low_gate","winter","low"
"429","3/4/2024","9:00","30.607","shrub","low_gate","winter","low"
"430","3/4/2024","15:00","31.012","shrub","low_gate","winter","low"
"431","3/4/2024","21:00","30.607","shrub","low_gate","winter","low"
"432","3/5/2024","3:00","29.995","shrub","low_gate","winter","low"
"433","3/5/2024","9:00","30.198","shrub","low_gate","winter","low"
"434","3/5/2024","15:00","30.808","shrub","low_gate","winter","low"
"435","3/5/2024","21:00","31.012","shrub","low_gate","winter","low"
"436","3/6/2024","3:00","31.012","shrub","low_gate","winter","low"
"437","3/6/2024","9:00","29.79","shrub","low_gate","winter","low"
"438","3/6/2024","15:00","30.808","shrub","low_gate","winter","low"
"439","3/6/2024","21:00","31.012","shrub","low_gate","winter","low"
"440","3/7/2024","3:00","30.808","shrub","low_gate","winter","low"
"441","3/7/2024","9:00","29.174","shrub","low_gate","winter","low"
"442","3/7/2024","15:00","30.607","shrub","low_gate","winter","low"
"443","3/7/2024","21:00","30.198","shrub","low_gate","winter","low"
"444","3/8/2024","3:00","27.93","shrub","low_gate","winter","low"
"445","3/8/2024","9:00","27.302","shrub","low_gate","winter","low"
"446","3/8/2024","15:00","29.995","shrub","low_gate","winter","low"
"447","3/8/2024","21:00","29.79","shrub","low_gate","winter","low"
"448","3/9/2024","3:00","26.881","shrub","low_gate","winter","low"
"449","3/9/2024","9:00","26.245","shrub","low_gate","winter","low"
"450","3/9/2024","15:00","30.808","shrub","low_gate","winter","low"
"451","3/9/2024","21:00","30.808","shrub","low_gate","winter","low"
"452","3/10/2024","3:00","27.93","shrub","low_gate","winter","low"
"453","3/10/2024","9:00","27.511","shrub","low_gate","winter","low"
"454","3/10/2024","15:00","31.213","shrub","low_gate","winter","low"
"455","3/10/2024","21:00","31.617","shrub","low_gate","winter","low"
"456","3/11/2024","3:00","30.198","shrub","low_gate","winter","low"
"457","3/11/2024","9:00","29.995","shrub","low_gate","winter","low"
"458","3/11/2024","15:00","31.617","shrub","low_gate","winter","low"
"459","3/11/2024","21:00","31.816","shrub","low_gate","winter","low"
"460","3/12/2024","3:00","31.816","shrub","low_gate","winter","low"
"461","3/12/2024","9:00","31.816","shrub","low_gate","winter","low"
"462","3/12/2024","15:00","32.018","shrub","low_gate","winter","low"
"463","3/12/2024","21:00","32.018","shrub","low_gate","winter","low"
"464","3/13/2024","3:00","32.018","shrub","low_gate","winter","low"
"465","3/13/2024","9:00","32.018","shrub","low_gate","winter","low"
"466","3/13/2024","15:00","32.018","shrub","low_gate","winter","low"
"467","3/13/2024","21:00","32.018","shrub","low_gate","winter","low"
"468","3/14/2024","3:00","31.012","shrub","low_gate","winter","low"
"469","3/14/2024","9:00","30.403","shrub","low_gate","winter","low"
"470","3/14/2024","15:00","31.816","shrub","low_gate","winter","low"
"471","3/14/2024","21:00","31.816","shrub","low_gate","winter","low"
"472","3/15/2024","3:00","30.198","shrub","low_gate","winter","low"
"473","3/15/2024","9:00","29.379","shrub","low_gate","winter","low"
"474","3/15/2024","15:00","31.617","shrub","low_gate","winter","low"
"475","3/15/2024","21:00","31.816","shrub","low_gate","winter","low"
"476","3/16/2024","3:00","31.617","shrub","low_gate","winter","low"
"477","3/16/2024","9:00","31.213","shrub","low_gate","winter","low"
"478","3/16/2024","15:00","32.018","shrub","low_gate","winter","low"
"479","3/16/2024","21:00","32.018","shrub","low_gate","winter","low"
"480","3/17/2024","3:00","32.018","shrub","low_gate","winter","low"
"481","3/17/2024","9:00","32.018","shrub","low_gate","winter","low"
"482","3/17/2024","15:00","32.218","shrub","low_gate","winter","low"
"483","3/17/2024","21:00","32.218","shrub","low_gate","winter","low"
"484","3/18/2024","3:00","32.018","shrub","low_gate","winter","low"
"485","3/18/2024","9:00","32.218","shrub","low_gate","winter","low"
"486","3/18/2024","15:00","32.815","shrub","low_gate","winter","low"
"487","3/18/2024","21:00","32.218","shrub","low_gate","winter","low"
"488","3/19/2024","3:00","32.218","shrub","low_gate","winter","low"
"489","3/19/2024","9:00","32.218","shrub","low_gate","winter","low"
"490","3/19/2024","15:00","34.002","shrub","low_gate","winter","low"
"491","3/19/2024","21:00","32.218","shrub","low_gate","winter","low"
"492","3/20/2024","3:00","32.218","shrub","low_gate","winter","low"
"493","3/20/2024","9:00","32.218","shrub","low_gate","winter","low"
"494","3/20/2024","15:00","35.758","shrub","low_gate","winter","low"
"495","3/20/2024","21:00","32.418","shrub","low_gate","winter","low"
"496","3/21/2024","3:00","32.218","shrub","low_gate","winter","low"
"497","3/21/2024","9:00","32.218","shrub","low_gate","winter","low"
"498","3/21/2024","15:00","37.107","shrub","low_gate","winter","low"
"499","3/21/2024","21:00","32.815","shrub","low_gate","winter","low"
"500","3/22/2024","3:00","32.218","shrub","low_gate","winter","low"
"501","3/22/2024","9:00","32.218","shrub","low_gate","winter","low"
"502","3/22/2024","15:00","40.134","shrub","low_gate","winter","low"
"503","3/22/2024","21:00","34.59","shrub","low_gate","winter","low"
"504","3/23/2024","3:00","32.815","shrub","low_gate","winter","low"
"505","3/23/2024","9:00","33.213","shrub","low_gate","winter","low"
"506","3/23/2024","15:00","39.196","shrub","low_gate","winter","low"
"507","3/23/2024","21:00","34.981","shrub","low_gate","winter","low"
"508","3/24/2024","3:00","33.805","shrub","low_gate","winter","low"
"509","3/24/2024","9:00","33.411","shrub","low_gate","winter","low"
"510","3/24/2024","15:00","38.061","shrub","low_gate","winter","low"
"511","3/24/2024","21:00","34.002","shrub","low_gate","winter","low"
"512","3/25/2024","3:00","32.815","shrub","low_gate","winter","low"
"513","3/25/2024","9:00","32.815","shrub","low_gate","winter","low"
"514","3/25/2024","15:00","39.007","shrub","low_gate","winter","low"
"515","3/25/2024","21:00","34.59","shrub","low_gate","winter","low"
"516","3/26/2024","3:00","33.013","shrub","low_gate","winter","low"
"517","3/26/2024","9:00","33.013","shrub","low_gate","winter","low"
"518","3/26/2024","15:00","37.679","shrub","low_gate","winter","low"
"519","3/26/2024","21:00","34.786","shrub","low_gate","winter","low"
"520","3/27/2024","3:00","33.607","shrub","low_gate","winter","low"
"521","3/27/2024","9:00","33.213","shrub","low_gate","winter","low"
"522","3/27/2024","15:00","40.134","shrub","low_gate","winter","low"
"523","3/27/2024","21:00","37.107","shrub","low_gate","winter","low"
"524","3/28/2024","3:00","36.145","shrub","low_gate","winter","low"
"525","3/28/2024","9:00","34.981","shrub","low_gate","winter","low"
"526","3/28/2024","15:00","36.531","shrub","low_gate","winter","low"
"527","3/28/2024","21:00","34.59","shrub","low_gate","winter","low"
"528","3/29/2024","3:00","33.411","shrub","low_gate","winter","low"
"529","3/29/2024","9:00","33.213","shrub","low_gate","winter","low"
"530","3/29/2024","15:00","39.76","shrub","low_gate","winter","low"
"531","3/29/2024","21:00","35.564","shrub","low_gate","winter","low"
"532","3/30/2024","3:00","33.607","shrub","low_gate","winter","low"
"533","3/30/2024","9:00","33.213","shrub","low_gate","winter","low"
"534","3/30/2024","15:00","41.254","shrub","low_gate","winter","low"
"535","3/30/2024","21:00","37.297","shrub","low_gate","winter","low"
"536","3/31/2024","3:00","35.564","shrub","low_gate","winter","low"
"537","3/31/2024","9:00","36.531","shrub","low_gate","winter","low"
"538","3/31/2024","15:00","40.509","shrub","low_gate","winter","low"
"539","3/31/2024","21:00","37.297","shrub","low_gate","winter","low"
"540","4/1/2024","3:00","34.981","shrub","low_gate","winter","low"
"541","4/1/2024","9:00","34.59","shrub","low_gate","winter","low"
"542","4/1/2024","15:00","41.439","shrub","low_gate","winter","low"
"543","4/1/2024","21:00","37.488","shrub","low_gate","winter","low"
"544","4/2/2024","3:00","34.786","shrub","low_gate","winter","low"
"545","4/2/2024","9:00","34.981","shrub","low_gate","winter","low"
"546","4/2/2024","15:00","47.088","shrub","low_gate","winter","low"
"547","4/2/2024","21:00","41.439","shrub","low_gate","winter","low"
"548","4/3/2024","3:00","37.679","shrub","low_gate","winter","low"
"549","4/3/2024","9:00","39.947","shrub","low_gate","winter","low"
"550","4/3/2024","15:00","48.339","shrub","low_gate","winter","low"
"551","4/3/2024","21:00","43.099","shrub","low_gate","winter","low"
"552","4/4/2024","3:00","40.321","shrub","low_gate","winter","low"
"553","4/4/2024","9:00","42.179","shrub","low_gate","winter","low"
"554","4/4/2024","15:00","50.466","shrub","low_gate","winter","low"
"555","4/4/2024","21:00","44.195","shrub","low_gate","winter","low"
"556","4/5/2024","3:00","40.321","shrub","low_gate","winter","low"
"557","4/5/2024","9:00","43.099","shrub","low_gate","winter","low"
"558","4/5/2024","15:00","45.286","shrub","low_gate","winter","low"
"559","4/5/2024","21:00","40.321","shrub","low_gate","winter","low"
"560","4/6/2024","3:00","38.061","shrub","low_gate","winter","low"
"561","4/6/2024","9:00","37.679","shrub","low_gate","winter","low"
"562","4/6/2024","15:00","43.648","shrub","low_gate","winter","low"
"563","4/6/2024","21:00","39.573","shrub","low_gate","winter","low"
"564","4/7/2024","3:00","36.723","shrub","low_gate","winter","low"
"565","4/7/2024","9:00","37.679","shrub","low_gate","winter","low"
"566","4/7/2024","15:00","47.088","shrub","low_gate","winter","low"
"567","4/7/2024","21:00","40.881","shrub","low_gate","winter","low"
"568","4/8/2024","3:00","36.914","shrub","low_gate","winter","low"
"569","4/8/2024","9:00","36.914","shrub","low_gate","winter","low"
"570","4/8/2024","15:00","45.286","shrub","low_gate","winter","low"
"571","4/8/2024","21:00","39.947","shrub","low_gate","winter","low"
"572","4/9/2024","3:00","36.723","shrub","low_gate","winter","low"
"573","4/9/2024","9:00","38.44","shrub","low_gate","winter","low"
"574","4/9/2024","15:00","46.548","shrub","low_gate","winter","low"
"575","4/9/2024","21:00","41.254","shrub","low_gate","winter","low"
"576","4/10/2024","3:00","37.679","shrub","low_gate","winter","low"
"577","4/10/2024","9:00","40.134","shrub","low_gate","winter","low"
"578","4/10/2024","15:00","49.582","shrub","low_gate","winter","low"
"579","4/10/2024","21:00","42.915","shrub","low_gate","winter","low"
"580","4/11/2024","3:00","38.818","shrub","low_gate","winter","low"
"581","4/11/2024","9:00","41.625","shrub","low_gate","winter","low"
"582","4/11/2024","15:00","50.643","shrub","low_gate","winter","low"
"583","4/11/2024","21:00","45.104","shrub","low_gate","winter","low"
"584","4/12/2024","3:00","41.067","shrub","low_gate","winter","low"
"585","4/12/2024","9:00","44.922","shrub","low_gate","winter","low"
"586","4/12/2024","15:00","51.172","shrub","low_gate","winter","low"
"587","4/12/2024","21:00","46.908","shrub","low_gate","winter","low"
"588","4/13/2024","3:00","43.099","shrub","low_gate","winter","low"
"589","4/13/2024","9:00","46.728","shrub","low_gate","winter","low"
"590","4/13/2024","15:00","54.842","shrub","low_gate","winter","low"
"591","4/13/2024","21:00","48.517","shrub","low_gate","winter","low"
"592","4/14/2024","3:00","44.013","shrub","low_gate","winter","low"
"593","4/14/2024","9:00","47.624","shrub","low_gate","winter","low"
"594","4/14/2024","15:00","54.669","shrub","low_gate","winter","low"
"595","4/14/2024","21:00","47.982","shrub","low_gate","winter","low"
"596","4/15/2024","3:00","45.648","shrub","low_gate","winter","low"
"597","4/15/2024","9:00","45.648","shrub","low_gate","winter","low"
"598","4/15/2024","15:00","50.466","shrub","low_gate","winter","low"
"599","4/15/2024","21:00","47.088","shrub","low_gate","winter","low"
"600","4/16/2024","3:00","42.732","shrub","low_gate","winter","low"
"601","4/16/2024","9:00","46.008","shrub","low_gate","winter","low"
"602","4/16/2024","15:00","50.113","shrub","low_gate","winter","low"
"603","4/16/2024","21:00","46.548","shrub","low_gate","winter","low"
"604","4/17/2024","3:00","43.466","shrub","low_gate","winter","low"
"605","4/17/2024","9:00","43.099","shrub","low_gate","winter","low"
"606","4/17/2024","15:00","45.828","shrub","low_gate","winter","low"
"607","4/17/2024","21:00","40.509","shrub","low_gate","winter","low"
"608","4/18/2024","3:00","36.338","shrub","low_gate","winter","low"
"609","4/18/2024","9:00","38.44","shrub","low_gate","winter","low"
"610","4/18/2024","15:00","47.802","shrub","low_gate","winter","low"
"611","4/18/2024","21:00","40.881","shrub","low_gate","winter","low"
"612","4/19/2024","3:00","37.107","shrub","low_gate","winter","low"
"613","4/19/2024","9:00","39.384","shrub","low_gate","winter","low"
"614","4/19/2024","15:00","47.446","shrub","low_gate","winter","low"
"615","4/19/2024","21:00","41.254","shrub","low_gate","winter","low"
"616","4/20/2024","3:00","37.87","shrub","low_gate","winter","low"
"617","4/20/2024","9:00","40.696","shrub","low_gate","winter","low"
"618","4/20/2024","15:00","51.172","shrub","low_gate","winter","low"
"619","4/20/2024","21:00","44.195","shrub","low_gate","winter","low"
"620","4/21/2024","3:00","40.509","shrub","low_gate","winter","low"
"621","4/21/2024","9:00","44.195","shrub","low_gate","winter","low"
"622","4/21/2024","15:00","53.973","shrub","low_gate","winter","low"
"623","4/21/2024","21:00","47.088","shrub","low_gate","winter","low"
"624","4/22/2024","3:00","43.099","shrub","low_gate","winter","low"
"625","4/22/2024","9:00","46.369","shrub","low_gate","winter","low"
"626","4/22/2024","15:00","54.669","shrub","low_gate","winter","low"
"627","4/22/2024","21:00","46.908","shrub","low_gate","winter","low"
"628","4/23/2024","3:00","42.363","shrub","low_gate","winter","low"
"629","4/23/2024","9:00","45.828","shrub","low_gate","winter","low"
"630","4/23/2024","15:00","55.884","shrub","low_gate","winter","low"
"631","4/23/2024","21:00","48.16","shrub","low_gate","winter","low"
"632","4/24/2024","3:00","44.195","shrub","low_gate","winter","low"
"633","4/24/2024","9:00","49.228","shrub","low_gate","winter","low"
"634","4/24/2024","15:00","83.043","shrub","low_gate","winter","low"
"2100","11/18/2023","15:00","37.87","shrub","high_north","winter","high"
"3100","11/18/2023","21:00","34.198","shrub","high_north","winter","high"
"4100","11/19/2023","3:00","34.59","shrub","high_north","winter","high"
"5100","11/19/2023","9:00","35.758","shrub","high_north","winter","high"
"639","11/19/2023","15:00","37.87","shrub","high_north","winter","high"
"710","11/19/2023","21:00","34.981","shrub","high_north","winter","high"
"810","11/20/2023","3:00","33.411","shrub","high_north","winter","high"
"910","11/20/2023","9:00","32.617","shrub","high_north","winter","high"
"1010","11/20/2023","15:00","33.213","shrub","high_north","winter","high"
"1110","11/20/2023","21:00","32.418","shrub","high_north","winter","high"
"1210","11/21/2023","3:00","31.617","shrub","high_north","winter","high"
"1310","11/21/2023","9:00","31.617","shrub","high_north","winter","high"
"1410","11/21/2023","15:00","32.418","shrub","high_north","winter","high"
"1510","11/21/2023","21:00","31.816","shrub","high_north","winter","high"
"1610","11/22/2023","3:00","31.012","shrub","high_north","winter","high"
"1710","11/22/2023","9:00","31.012","shrub","high_north","winter","high"
"1810","11/22/2023","15:00","32.218","shrub","high_north","winter","high"
"1910","11/22/2023","21:00","32.218","shrub","high_north","winter","high"
"2010","11/23/2023","3:00","32.218","shrub","high_north","winter","high"
"2110","11/23/2023","9:00","32.018","shrub","high_north","winter","high"
"2210","11/23/2023","15:00","32.418","shrub","high_north","winter","high"
"2310","11/23/2023","21:00","32.418","shrub","high_north","winter","high"
"2410","11/24/2023","3:00","32.218","shrub","high_north","winter","high"
"2510","11/24/2023","9:00","32.018","shrub","high_north","winter","high"
"2610","11/24/2023","15:00","32.218","shrub","high_north","winter","high"
"2710","11/24/2023","21:00","31.213","shrub","high_north","winter","high"
"2810","11/25/2023","3:00","30.607","shrub","high_north","winter","high"
"2910","11/25/2023","9:00","29.79","shrub","high_north","winter","high"
"3010","11/25/2023","15:00","31.415","shrub","high_north","winter","high"
"3110","11/25/2023","21:00","29.995","shrub","high_north","winter","high"
"3210","11/26/2023","3:00","29.995","shrub","high_north","winter","high"
"3310","11/26/2023","9:00","29.995","shrub","high_north","winter","high"
"3410","11/26/2023","15:00","30.808","shrub","high_north","winter","high"
"3510","11/26/2023","21:00","30.198","shrub","high_north","winter","high"
"3610","11/27/2023","3:00","29.79","shrub","high_north","winter","high"
"3710","11/27/2023","9:00","29.79","shrub","high_north","winter","high"
"3810","11/27/2023","15:00","31.617","shrub","high_north","winter","high"
"3910","11/27/2023","21:00","28.762","shrub","high_north","winter","high"
"4010","11/28/2023","3:00","27.511","shrub","high_north","winter","high"
"4110","11/28/2023","9:00","27.091","shrub","high_north","winter","high"
"4210","11/28/2023","15:00","30.607","shrub","high_north","winter","high"
"4310","11/28/2023","21:00","28.139","shrub","high_north","winter","high"
"4410","11/29/2023","3:00","26.668","shrub","high_north","winter","high"
"4510","11/29/2023","9:00","26.458","shrub","high_north","winter","high"
"4610","11/29/2023","15:00","30.198","shrub","high_north","winter","high"
"4710","11/29/2023","21:00","27.511","shrub","high_north","winter","high"
"4810","11/30/2023","3:00","26.881","shrub","high_north","winter","high"
"4910","11/30/2023","9:00","25.605","shrub","high_north","winter","high"
"5010","11/30/2023","15:00","30.198","shrub","high_north","winter","high"
"5110","11/30/2023","21:00","28.346","shrub","high_north","winter","high"
"5210","12/1/2023","3:00","28.139","shrub","high_north","winter","high"
"5310","12/1/2023","9:00","27.302","shrub","high_north","winter","high"
"5410","12/1/2023","15:00","29.586","shrub","high_north","winter","high"
"5510","12/1/2023","21:00","29.79","shrub","high_north","winter","high"
"5610","12/2/2023","3:00","29.79","shrub","high_north","winter","high"
"5710","12/2/2023","9:00","29.586","shrub","high_north","winter","high"
"5810","12/2/2023","15:00","30.198","shrub","high_north","winter","high"
"5910","12/2/2023","21:00","30.198","shrub","high_north","winter","high"
"6010","12/3/2023","3:00","28.969","shrub","high_north","winter","high"
"6110","12/3/2023","9:00","28.762","shrub","high_north","winter","high"
"6210","12/3/2023","15:00","30.403","shrub","high_north","winter","high"
"6310","12/3/2023","21:00","30.607","shrub","high_north","winter","high"
"641","12/4/2023","3:00","30.607","shrub","high_north","winter","high"
"651","12/4/2023","9:00","30.808","shrub","high_north","winter","high"
"661","12/4/2023","15:00","31.415","shrub","high_north","winter","high"
"671","12/4/2023","21:00","31.617","shrub","high_north","winter","high"
"681","12/5/2023","3:00","31.816","shrub","high_north","winter","high"
"691","12/5/2023","9:00","31.816","shrub","high_north","winter","high"
"701","12/5/2023","15:00","32.018","shrub","high_north","winter","high"
"711","12/5/2023","21:00","32.018","shrub","high_north","winter","high"
"721","12/6/2023","3:00","32.218","shrub","high_north","winter","high"
"731","12/6/2023","9:00","32.218","shrub","high_north","winter","high"
"741","12/6/2023","15:00","32.218","shrub","high_north","winter","high"
"751","12/6/2023","21:00","32.218","shrub","high_north","winter","high"
"761","12/7/2023","3:00","32.218","shrub","high_north","winter","high"
"771","12/7/2023","9:00","32.218","shrub","high_north","winter","high"
"781","12/7/2023","15:00","32.218","shrub","high_north","winter","high"
"791","12/7/2023","21:00","31.816","shrub","high_north","winter","high"
"801","12/8/2023","3:00","31.816","shrub","high_north","winter","high"
"811","12/8/2023","9:00","31.415","shrub","high_north","winter","high"
"821","12/8/2023","15:00","31.213","shrub","high_north","winter","high"
"831","12/8/2023","21:00","30.403","shrub","high_north","winter","high"
"841","12/9/2023","3:00","29.174","shrub","high_north","winter","high"
"851","12/9/2023","9:00","28.139","shrub","high_north","winter","high"
"861","12/9/2023","15:00","29.379","shrub","high_north","winter","high"
"871","12/9/2023","21:00","29.379","shrub","high_north","winter","high"
"881","12/10/2023","3:00","29.174","shrub","high_north","winter","high"
"891","12/10/2023","9:00","29.379","shrub","high_north","winter","high"
"901","12/10/2023","15:00","30.403","shrub","high_north","winter","high"
"911","12/10/2023","21:00","30.607","shrub","high_north","winter","high"
"921","12/11/2023","3:00","30.607","shrub","high_north","winter","high"
"931","12/11/2023","9:00","30.808","shrub","high_north","winter","high"
"941","12/11/2023","15:00","31.213","shrub","high_north","winter","high"
"951","12/11/2023","21:00","31.213","shrub","high_north","winter","high"
"961","12/12/2023","3:00","30.808","shrub","high_north","winter","high"
"971","12/12/2023","9:00","30.198","shrub","high_north","winter","high"
"981","12/12/2023","15:00","31.012","shrub","high_north","winter","high"
"991","12/12/2023","21:00","30.403","shrub","high_north","winter","high"
"1001","12/13/2023","3:00","29.586","shrub","high_north","winter","high"
"1011","12/13/2023","9:00","28.969","shrub","high_north","winter","high"
"1021","12/13/2023","15:00","30.403","shrub","high_north","winter","high"
"1031","12/13/2023","21:00","30.198","shrub","high_north","winter","high"
"1041","12/14/2023","3:00","29.379","shrub","high_north","winter","high"
"1051","12/14/2023","9:00","28.346","shrub","high_north","winter","high"
"1061","12/14/2023","15:00","30.198","shrub","high_north","winter","high"
"1071","12/14/2023","21:00","29.586","shrub","high_north","winter","high"
"1081","12/15/2023","3:00","28.555","shrub","high_north","winter","high"
"1091","12/15/2023","9:00","28.139","shrub","high_north","winter","high"
"1101","12/15/2023","15:00","30.198","shrub","high_north","winter","high"
"1111","12/15/2023","21:00","29.79","shrub","high_north","winter","high"
"1121","12/16/2023","3:00","28.969","shrub","high_north","winter","high"
"1131","12/16/2023","9:00","28.139","shrub","high_north","winter","high"
"1141","12/16/2023","15:00","30.403","shrub","high_north","winter","high"
"1151","12/16/2023","21:00","29.379","shrub","high_north","winter","high"
"1161","12/17/2023","3:00","28.139","shrub","high_north","winter","high"
"1171","12/17/2023","9:00","27.302","shrub","high_north","winter","high"
"1181","12/17/2023","15:00","30.198","shrub","high_north","winter","high"
"1191","12/17/2023","21:00","29.174","shrub","high_north","winter","high"
"1201","12/18/2023","3:00","27.721","shrub","high_north","winter","high"
"1211","12/18/2023","9:00","27.721","shrub","high_north","winter","high"
"1221","12/18/2023","15:00","30.403","shrub","high_north","winter","high"
"1231","12/18/2023","21:00","30.198","shrub","high_north","winter","high"
"1241","12/19/2023","3:00","29.586","shrub","high_north","winter","high"
"1251","12/19/2023","9:00","29.995","shrub","high_north","winter","high"
"1261","12/19/2023","15:00","31.415","shrub","high_north","winter","high"
"1271","12/19/2023","21:00","31.415","shrub","high_north","winter","high"
"1281","12/20/2023","3:00","30.403","shrub","high_north","winter","high"
"1291","12/20/2023","9:00","30.808","shrub","high_north","winter","high"
"1301","12/20/2023","15:00","31.816","shrub","high_north","winter","high"
"1311","12/20/2023","21:00","32.218","shrub","high_north","winter","high"
"1321","12/21/2023","3:00","31.213","shrub","high_north","winter","high"
"1331","12/21/2023","9:00","31.213","shrub","high_north","winter","high"
"1341","12/21/2023","15:00","32.018","shrub","high_north","winter","high"
"1351","12/21/2023","21:00","32.418","shrub","high_north","winter","high"
"1361","12/22/2023","3:00","32.418","shrub","high_north","winter","high"
"1371","12/22/2023","9:00","32.418","shrub","high_north","winter","high"
"1381","12/22/2023","15:00","32.418","shrub","high_north","winter","high"
"1391","12/22/2023","21:00","32.418","shrub","high_north","winter","high"
"1401","12/23/2023","3:00","32.418","shrub","high_north","winter","high"
"1411","12/23/2023","9:00","32.418","shrub","high_north","winter","high"
"1421","12/23/2023","15:00","32.418","shrub","high_north","winter","high"
"1431","12/23/2023","21:00","32.218","shrub","high_north","winter","high"
"1441","12/24/2023","3:00","31.816","shrub","high_north","winter","high"
"1451","12/24/2023","9:00","30.808","shrub","high_north","winter","high"
"1461","12/24/2023","15:00","31.213","shrub","high_north","winter","high"
"1471","12/24/2023","21:00","30.198","shrub","high_north","winter","high"
"1481","12/25/2023","3:00","28.969","shrub","high_north","winter","high"
"1491","12/25/2023","9:00","28.969","shrub","high_north","winter","high"
"1501","12/25/2023","15:00","29.586","shrub","high_north","winter","high"
"1511","12/25/2023","21:00","27.93","shrub","high_north","winter","high"
"1521","12/26/2023","3:00","26.668","shrub","high_north","winter","high"
"1531","12/26/2023","9:00","26.031","shrub","high_north","winter","high"
"1541","12/26/2023","15:00","28.346","shrub","high_north","winter","high"
"1551","12/26/2023","21:00","28.139","shrub","high_north","winter","high"
"1561","12/27/2023","3:00","28.139","shrub","high_north","winter","high"
"1571","12/27/2023","9:00","28.346","shrub","high_north","winter","high"
"1581","12/27/2023","15:00","29.379","shrub","high_north","winter","high"
"1591","12/27/2023","21:00","28.555","shrub","high_north","winter","high"
"1601","12/28/2023","3:00","28.555","shrub","high_north","winter","high"
"1611","12/28/2023","9:00","28.555","shrub","high_north","winter","high"
"1621","12/28/2023","15:00","30.198","shrub","high_north","winter","high"
"1631","12/28/2023","21:00","29.379","shrub","high_north","winter","high"
"1641","12/29/2023","3:00","28.555","shrub","high_north","winter","high"
"1651","12/29/2023","9:00","28.346","shrub","high_north","winter","high"
"1661","12/29/2023","15:00","30.607","shrub","high_north","winter","high"
"1671","12/29/2023","21:00","30.607","shrub","high_north","winter","high"
"1681","12/30/2023","3:00","29.174","shrub","high_north","winter","high"
"1691","12/30/2023","9:00","28.762","shrub","high_north","winter","high"
"1701","12/30/2023","15:00","30.808","shrub","high_north","winter","high"
"1711","12/30/2023","21:00","30.808","shrub","high_north","winter","high"
"1721","12/31/2023","3:00","29.586","shrub","high_north","winter","high"
"1731","12/31/2023","9:00","28.969","shrub","high_north","winter","high"
"1741","12/31/2023","15:00","31.012","shrub","high_north","winter","high"
"1751","12/31/2023","21:00","29.379","shrub","high_north","winter","high"
"1761","1/1/2024","3:00","27.721","shrub","high_north","winter","high"
"1771","1/1/2024","9:00","26.668","shrub","high_north","winter","high"
"1781","1/1/2024","15:00","30.808","shrub","high_north","winter","high"
"1791","1/1/2024","21:00","28.762","shrub","high_north","winter","high"
"1801","1/2/2024","3:00","26.668","shrub","high_north","winter","high"
"1811","1/2/2024","9:00","26.458","shrub","high_north","winter","high"
"1821","1/2/2024","15:00","30.403","shrub","high_north","winter","high"
"1831","1/2/2024","21:00","28.139","shrub","high_north","winter","high"
"1841","1/3/2024","3:00","26.245","shrub","high_north","winter","high"
"1851","1/3/2024","9:00","25.605","shrub","high_north","winter","high"
"1861","1/3/2024","15:00","29.174","shrub","high_north","winter","high"
"1871","1/3/2024","21:00","28.346","shrub","high_north","winter","high"
"1881","1/4/2024","3:00","28.555","shrub","high_north","winter","high"
"1891","1/4/2024","9:00","28.346","shrub","high_north","winter","high"
"1901","1/4/2024","15:00","30.607","shrub","high_north","winter","high"
"1911","1/4/2024","21:00","29.995","shrub","high_north","winter","high"
"1921","1/5/2024","3:00","29.379","shrub","high_north","winter","high"
"1931","1/5/2024","9:00","29.174","shrub","high_north","winter","high"
"1941","1/5/2024","15:00","30.403","shrub","high_north","winter","high"
"1951","1/5/2024","21:00","27.721","shrub","high_north","winter","high"
"1961","1/6/2024","3:00","25.605","shrub","high_north","winter","high"
"1971","1/6/2024","9:00","26.245","shrub","high_north","winter","high"
"1981","1/6/2024","15:00","28.139","shrub","high_north","winter","high"
"1991","1/6/2024","21:00","27.93","shrub","high_north","winter","high"
"2001","1/7/2024","3:00","28.346","shrub","high_north","winter","high"
"2011","1/7/2024","9:00","28.346","shrub","high_north","winter","high"
"2021","1/7/2024","15:00","28.555","shrub","high_north","winter","high"
"2031","1/7/2024","21:00","27.93","shrub","high_north","winter","high"
"2041","1/8/2024","3:00","26.668","shrub","high_north","winter","high"
"2051","1/8/2024","9:00","25.605","shrub","high_north","winter","high"
"2061","1/8/2024","15:00","27.302","shrub","high_north","winter","high"
"2071","1/8/2024","21:00","27.511","shrub","high_north","winter","high"
"2081","1/9/2024","3:00","27.511","shrub","high_north","winter","high"
"2091","1/9/2024","9:00","27.721","shrub","high_north","winter","high"
"2101","1/9/2024","15:00","27.93","shrub","high_north","winter","high"
"2111","1/9/2024","21:00","28.346","shrub","high_north","winter","high"
"2121","1/10/2024","3:00","28.555","shrub","high_north","winter","high"
"2131","1/10/2024","9:00","28.555","shrub","high_north","winter","high"
"2141","1/10/2024","15:00","28.762","shrub","high_north","winter","high"
"2151","1/10/2024","21:00","28.555","shrub","high_north","winter","high"
"2161","1/11/2024","3:00","28.139","shrub","high_north","winter","high"
"2171","1/11/2024","9:00","27.93","shrub","high_north","winter","high"
"2181","1/11/2024","15:00","28.555","shrub","high_north","winter","high"
"2191","1/11/2024","21:00","28.555","shrub","high_north","winter","high"
"2201","1/12/2024","3:00","28.139","shrub","high_north","winter","high"
"2211","1/12/2024","9:00","27.511","shrub","high_north","winter","high"
"2221","1/12/2024","15:00","27.091","shrub","high_north","winter","high"
"2231","1/12/2024","21:00","25.605","shrub","high_north","winter","high"
"2241","1/13/2024","3:00","23.655","shrub","high_north","winter","high"
"2251","1/13/2024","9:00","23.436","shrub","high_north","winter","high"
"2261","1/13/2024","15:00","24.744","shrub","high_north","winter","high"
"2271","1/13/2024","21:00","25.605","shrub","high_north","winter","high"
"2281","1/14/2024","3:00","26.245","shrub","high_north","winter","high"
"2291","1/14/2024","9:00","26.031","shrub","high_north","winter","high"
"2301","1/14/2024","15:00","26.458","shrub","high_north","winter","high"
"2311","1/14/2024","21:00","26.881","shrub","high_north","winter","high"
"2321","1/15/2024","3:00","26.458","shrub","high_north","winter","high"
"2331","1/15/2024","9:00","24.744","shrub","high_north","winter","high"
"2341","1/15/2024","15:00","25.39","shrub","high_north","winter","high"
"2351","1/15/2024","21:00","25.39","shrub","high_north","winter","high"
"2361","1/16/2024","3:00","24.96","shrub","high_north","winter","high"
"2371","1/16/2024","9:00","25.174","shrub","high_north","winter","high"
"2381","1/16/2024","15:00","25.819","shrub","high_north","winter","high"
"2391","1/16/2024","21:00","26.031","shrub","high_north","winter","high"
"2401","1/17/2024","3:00","26.245","shrub","high_north","winter","high"
"2411","1/17/2024","9:00","26.668","shrub","high_north","winter","high"
"2421","1/17/2024","15:00","27.302","shrub","high_north","winter","high"
"2431","1/17/2024","21:00","27.511","shrub","high_north","winter","high"
"2441","1/18/2024","3:00","27.721","shrub","high_north","winter","high"
"2451","1/18/2024","9:00","27.721","shrub","high_north","winter","high"
"2461","1/18/2024","15:00","27.93","shrub","high_north","winter","high"
"2471","1/18/2024","21:00","28.346","shrub","high_north","winter","high"
"2481","1/19/2024","3:00","28.346","shrub","high_north","winter","high"
"2491","1/19/2024","9:00","28.555","shrub","high_north","winter","high"
"2501","1/19/2024","15:00","28.969","shrub","high_north","winter","high"
"2511","1/19/2024","21:00","29.174","shrub","high_north","winter","high"
"2521","1/20/2024","3:00","29.379","shrub","high_north","winter","high"
"2531","1/20/2024","9:00","29.379","shrub","high_north","winter","high"
"2541","1/20/2024","15:00","29.995","shrub","high_north","winter","high"
"2551","1/20/2024","21:00","30.403","shrub","high_north","winter","high"
"2561","1/21/2024","3:00","30.607","shrub","high_north","winter","high"
"2571","1/21/2024","9:00","30.607","shrub","high_north","winter","high"
"2581","1/21/2024","15:00","30.808","shrub","high_north","winter","high"
"2591","1/21/2024","21:00","30.808","shrub","high_north","winter","high"
"2601","1/22/2024","3:00","31.012","shrub","high_north","winter","high"
"2611","1/22/2024","9:00","31.012","shrub","high_north","winter","high"
"2621","1/22/2024","15:00","31.213","shrub","high_north","winter","high"
"2631","1/22/2024","21:00","31.213","shrub","high_north","winter","high"
"2641","1/23/2024","3:00","31.213","shrub","high_north","winter","high"
"2651","1/23/2024","9:00","31.213","shrub","high_north","winter","high"
"2661","1/23/2024","15:00","31.415","shrub","high_north","winter","high"
"2671","1/23/2024","21:00","31.816","shrub","high_north","winter","high"
"2681","1/24/2024","3:00","32.018","shrub","high_north","winter","high"
"2691","1/24/2024","9:00","32.018","shrub","high_north","winter","high"
"2701","1/24/2024","15:00","31.816","shrub","high_north","winter","high"
"2711","1/24/2024","21:00","31.816","shrub","high_north","winter","high"
"2721","1/25/2024","3:00","31.816","shrub","high_north","winter","high"
"2731","1/25/2024","9:00","31.816","shrub","high_north","winter","high"
"2741","1/25/2024","15:00","31.816","shrub","high_north","winter","high"
"2751","1/25/2024","21:00","31.816","shrub","high_north","winter","high"
"2761","1/26/2024","3:00","31.816","shrub","high_north","winter","high"
"2771","1/26/2024","9:00","31.415","shrub","high_north","winter","high"
"2781","1/26/2024","15:00","31.213","shrub","high_north","winter","high"
"2791","1/26/2024","21:00","31.213","shrub","high_north","winter","high"
"2801","1/27/2024","3:00","31.213","shrub","high_north","winter","high"
"2811","1/27/2024","9:00","31.012","shrub","high_north","winter","high"
"2821","1/27/2024","15:00","31.213","shrub","high_north","winter","high"
"2831","1/27/2024","21:00","31.213","shrub","high_north","winter","high"
"2841","1/28/2024","3:00","31.213","shrub","high_north","winter","high"
"2851","1/28/2024","9:00","31.213","shrub","high_north","winter","high"
"2861","1/28/2024","15:00","31.415","shrub","high_north","winter","high"
"2871","1/28/2024","21:00","31.816","shrub","high_north","winter","high"
"2881","1/29/2024","3:00","32.018","shrub","high_north","winter","high"
"2891","1/29/2024","9:00","32.018","shrub","high_north","winter","high"
"2901","1/29/2024","15:00","32.018","shrub","high_north","winter","high"
"2911","1/29/2024","21:00","32.018","shrub","high_north","winter","high"
"2921","1/30/2024","3:00","32.218","shrub","high_north","winter","high"
"2931","1/30/2024","9:00","32.218","shrub","high_north","winter","high"
"2941","1/30/2024","15:00","32.218","shrub","high_north","winter","high"
"2951","1/30/2024","21:00","32.218","shrub","high_north","winter","high"
"2961","1/31/2024","3:00","32.218","shrub","high_north","winter","high"
"2971","1/31/2024","9:00","32.018","shrub","high_north","winter","high"
"2981","1/31/2024","15:00","32.218","shrub","high_north","winter","high"
"2991","1/31/2024","21:00","32.218","shrub","high_north","winter","high"
"3001","2/1/2024","3:00","32.018","shrub","high_north","winter","high"
"3011","2/1/2024","9:00","31.816","shrub","high_north","winter","high"
"3021","2/1/2024","15:00","32.218","shrub","high_north","winter","high"
"3031","2/1/2024","21:00","32.218","shrub","high_north","winter","high"
"3041","2/2/2024","3:00","32.218","shrub","high_north","winter","high"
"3051","2/2/2024","9:00","32.218","shrub","high_north","winter","high"
"3061","2/2/2024","15:00","32.218","shrub","high_north","winter","high"
"3071","2/2/2024","21:00","32.218","shrub","high_north","winter","high"
"3081","2/3/2024","3:00","32.218","shrub","high_north","winter","high"
"3091","2/3/2024","9:00","32.218","shrub","high_north","winter","high"
"3101","2/3/2024","15:00","32.218","shrub","high_north","winter","high"
"3111","2/3/2024","21:00","32.218","shrub","high_north","winter","high"
"3121","2/4/2024","3:00","32.218","shrub","high_north","winter","high"
"3131","2/4/2024","9:00","32.218","shrub","high_north","winter","high"
"3141","2/4/2024","15:00","32.218","shrub","high_north","winter","high"
"3151","2/4/2024","21:00","32.218","shrub","high_north","winter","high"
"3161","2/5/2024","3:00","32.218","shrub","high_north","winter","high"
"3171","2/5/2024","9:00","32.218","shrub","high_north","winter","high"
"3181","2/5/2024","15:00","32.218","shrub","high_north","winter","high"
"3191","2/5/2024","21:00","32.218","shrub","high_north","winter","high"
"3201","2/6/2024","3:00","32.218","shrub","high_north","winter","high"
"3211","2/6/2024","9:00","32.218","shrub","high_north","winter","high"
"3221","2/6/2024","15:00","32.218","shrub","high_north","winter","high"
"3231","2/6/2024","21:00","32.218","shrub","high_north","winter","high"
"3241","2/7/2024","3:00","32.218","shrub","high_north","winter","high"
"3251","2/7/2024","9:00","32.218","shrub","high_north","winter","high"
"3261","2/7/2024","15:00","32.218","shrub","high_north","winter","high"
"3271","2/7/2024","21:00","32.218","shrub","high_north","winter","high"
"3281","2/8/2024","3:00","32.218","shrub","high_north","winter","high"
"3291","2/8/2024","9:00","32.218","shrub","high_north","winter","high"
"3301","2/8/2024","15:00","32.218","shrub","high_north","winter","high"
"3311","2/8/2024","21:00","32.218","shrub","high_north","winter","high"
"3321","2/9/2024","3:00","32.218","shrub","high_north","winter","high"
"3331","2/9/2024","9:00","32.218","shrub","high_north","winter","high"
"3341","2/9/2024","15:00","32.218","shrub","high_north","winter","high"
"3351","2/9/2024","21:00","32.218","shrub","high_north","winter","high"
"3361","2/10/2024","3:00","32.218","shrub","high_north","winter","high"
"3371","2/10/2024","9:00","32.218","shrub","high_north","winter","high"
"3381","2/10/2024","15:00","32.218","shrub","high_north","winter","high"
"3391","2/10/2024","21:00","32.218","shrub","high_north","winter","high"
"3401","2/11/2024","3:00","32.218","shrub","high_north","winter","high"
"3411","2/11/2024","9:00","32.218","shrub","high_north","winter","high"
"3421","2/11/2024","15:00","32.218","shrub","high_north","winter","high"
"3431","2/11/2024","21:00","32.018","shrub","high_north","winter","high"
"3441","2/12/2024","3:00","32.018","shrub","high_north","winter","high"
"3451","2/12/2024","9:00","32.018","shrub","high_north","winter","high"
"3461","2/12/2024","15:00","32.018","shrub","high_north","winter","high"
"3471","2/12/2024","21:00","32.018","shrub","high_north","winter","high"
"3481","2/13/2024","3:00","32.018","shrub","high_north","winter","high"
"3491","2/13/2024","9:00","32.018","shrub","high_north","winter","high"
"3501","2/13/2024","15:00","32.018","shrub","high_north","winter","high"
"3511","2/13/2024","21:00","31.816","shrub","high_north","winter","high"
"3521","2/14/2024","3:00","31.816","shrub","high_north","winter","high"
"3531","2/14/2024","9:00","31.816","shrub","high_north","winter","high"
"3541","2/14/2024","15:00","31.816","shrub","high_north","winter","high"
"3551","2/14/2024","21:00","31.816","shrub","high_north","winter","high"
"3561","2/15/2024","3:00","31.816","shrub","high_north","winter","high"
"3571","2/15/2024","9:00","31.816","shrub","high_north","winter","high"
"3581","2/15/2024","15:00","31.816","shrub","high_north","winter","high"
"3591","2/15/2024","21:00","32.018","shrub","high_north","winter","high"
"3601","2/16/2024","3:00","32.018","shrub","high_north","winter","high"
"3611","2/16/2024","9:00","32.018","shrub","high_north","winter","high"
"3621","2/16/2024","15:00","31.617","shrub","high_north","winter","high"
"3631","2/16/2024","21:00","31.415","shrub","high_north","winter","high"
"3641","2/17/2024","3:00","31.213","shrub","high_north","winter","high"
"3651","2/17/2024","9:00","31.012","shrub","high_north","winter","high"
"3661","2/17/2024","15:00","31.012","shrub","high_north","winter","high"
"3671","2/17/2024","21:00","31.012","shrub","high_north","winter","high"
"3681","2/18/2024","3:00","31.012","shrub","high_north","winter","high"
"3691","2/18/2024","9:00","31.012","shrub","high_north","winter","high"
"3701","2/18/2024","15:00","31.213","shrub","high_north","winter","high"
"3711","2/18/2024","21:00","31.415","shrub","high_north","winter","high"
"3721","2/19/2024","3:00","31.617","shrub","high_north","winter","high"
"3731","2/19/2024","9:00","31.617","shrub","high_north","winter","high"
"3741","2/19/2024","15:00","31.617","shrub","high_north","winter","high"
"3751","2/19/2024","21:00","31.816","shrub","high_north","winter","high"
"3761","2/20/2024","3:00","31.816","shrub","high_north","winter","high"
"3771","2/20/2024","9:00","31.816","shrub","high_north","winter","high"
"3781","2/20/2024","15:00","31.816","shrub","high_north","winter","high"
"3791","2/20/2024","21:00","32.018","shrub","high_north","winter","high"
"3801","2/21/2024","3:00","32.018","shrub","high_north","winter","high"
"3811","2/21/2024","9:00","32.018","shrub","high_north","winter","high"
"3821","2/21/2024","15:00","32.018","shrub","high_north","winter","high"
"3831","2/21/2024","21:00","32.018","shrub","high_north","winter","high"
"3841","2/22/2024","3:00","32.018","shrub","high_north","winter","high"
"3851","2/22/2024","9:00","32.018","shrub","high_north","winter","high"
"3861","2/22/2024","15:00","32.018","shrub","high_north","winter","high"
"3871","2/22/2024","21:00","32.018","shrub","high_north","winter","high"
"3881","2/23/2024","3:00","32.018","shrub","high_north","winter","high"
"3891","2/23/2024","9:00","31.816","shrub","high_north","winter","high"
"3901","2/23/2024","15:00","31.816","shrub","high_north","winter","high"
"3911","2/23/2024","21:00","31.816","shrub","high_north","winter","high"
"3921","2/24/2024","3:00","31.617","shrub","high_north","winter","high"
"3931","2/24/2024","9:00","31.617","shrub","high_north","winter","high"
"3941","2/24/2024","15:00","31.617","shrub","high_north","winter","high"
"3951","2/24/2024","21:00","31.816","shrub","high_north","winter","high"
"3961","2/25/2024","3:00","31.816","shrub","high_north","winter","high"
"3971","2/25/2024","9:00","31.816","shrub","high_north","winter","high"
"3981","2/25/2024","15:00","31.816","shrub","high_north","winter","high"
"3991","2/25/2024","21:00","31.816","shrub","high_north","winter","high"
"4001","2/26/2024","3:00","32.018","shrub","high_north","winter","high"
"4011","2/26/2024","9:00","32.018","shrub","high_north","winter","high"
"4021","2/26/2024","15:00","32.018","shrub","high_north","winter","high"
"4031","2/26/2024","21:00","32.018","shrub","high_north","winter","high"
"4041","2/27/2024","3:00","31.816","shrub","high_north","winter","high"
"4051","2/27/2024","9:00","31.617","shrub","high_north","winter","high"
"4061","2/27/2024","15:00","31.415","shrub","high_north","winter","high"
"4071","2/27/2024","21:00","31.415","shrub","high_north","winter","high"
"4081","2/28/2024","3:00","31.213","shrub","high_north","winter","high"
"4091","2/28/2024","9:00","31.012","shrub","high_north","winter","high"
"4101","2/28/2024","15:00","31.012","shrub","high_north","winter","high"
"4111","2/28/2024","21:00","31.213","shrub","high_north","winter","high"
"4121","2/29/2024","3:00","31.213","shrub","high_north","winter","high"
"4131","2/29/2024","9:00","31.213","shrub","high_north","winter","high"
"4141","2/29/2024","15:00","31.213","shrub","high_north","winter","high"
"4151","2/29/2024","21:00","31.415","shrub","high_north","winter","high"
"4161","3/1/2024","3:00","31.617","shrub","high_north","winter","high"
"4171","3/1/2024","9:00","31.617","shrub","high_north","winter","high"
"4181","3/1/2024","15:00","31.617","shrub","high_north","winter","high"
"4191","3/1/2024","21:00","31.816","shrub","high_north","winter","high"
"4201","3/2/2024","3:00","31.816","shrub","high_north","winter","high"
"4211","3/2/2024","9:00","31.816","shrub","high_north","winter","high"
"4221","3/2/2024","15:00","31.816","shrub","high_north","winter","high"
"4231","3/2/2024","21:00","32.018","shrub","high_north","winter","high"
"4241","3/3/2024","3:00","32.018","shrub","high_north","winter","high"
"4251","3/3/2024","9:00","32.018","shrub","high_north","winter","high"
"4261","3/3/2024","15:00","31.816","shrub","high_north","winter","high"
"4271","3/3/2024","21:00","31.816","shrub","high_north","winter","high"
"4281","3/4/2024","3:00","31.816","shrub","high_north","winter","high"
"4291","3/4/2024","9:00","31.816","shrub","high_north","winter","high"
"4301","3/4/2024","15:00","31.816","shrub","high_north","winter","high"
"4311","3/4/2024","21:00","31.816","shrub","high_north","winter","high"
"4321","3/5/2024","3:00","31.816","shrub","high_north","winter","high"
"4331","3/5/2024","9:00","31.816","shrub","high_north","winter","high"
"4341","3/5/2024","15:00","31.816","shrub","high_north","winter","high"
"4351","3/5/2024","21:00","31.816","shrub","high_north","winter","high"
"4361","3/6/2024","3:00","31.816","shrub","high_north","winter","high"
"4371","3/6/2024","9:00","31.816","shrub","high_north","winter","high"
"4381","3/6/2024","15:00","31.816","shrub","high_north","winter","high"
"4391","3/6/2024","21:00","31.816","shrub","high_north","winter","high"
"4401","3/7/2024","3:00","31.816","shrub","high_north","winter","high"
"4411","3/7/2024","9:00","31.816","shrub","high_north","winter","high"
"4421","3/7/2024","15:00","31.816","shrub","high_north","winter","high"
"4431","3/7/2024","21:00","32.018","shrub","high_north","winter","high"
"4441","3/8/2024","3:00","31.816","shrub","high_north","winter","high"
"4451","3/8/2024","9:00","31.816","shrub","high_north","winter","high"
"4461","3/8/2024","15:00","31.816","shrub","high_north","winter","high"
"4471","3/8/2024","21:00","31.816","shrub","high_north","winter","high"
"4481","3/9/2024","3:00","31.816","shrub","high_north","winter","high"
"4491","3/9/2024","9:00","31.816","shrub","high_north","winter","high"
"4501","3/9/2024","15:00","31.816","shrub","high_north","winter","high"
"4511","3/9/2024","21:00","31.816","shrub","high_north","winter","high"
"4521","3/10/2024","3:00","31.816","shrub","high_north","winter","high"
"4531","3/10/2024","9:00","31.816","shrub","high_north","winter","high"
"4541","3/10/2024","15:00","31.816","shrub","high_north","winter","high"
"4551","3/10/2024","21:00","31.816","shrub","high_north","winter","high"
"4561","3/11/2024","3:00","31.816","shrub","high_north","winter","high"
"4571","3/11/2024","9:00","31.816","shrub","high_north","winter","high"
"4581","3/11/2024","15:00","31.816","shrub","high_north","winter","high"
"4591","3/11/2024","21:00","31.816","shrub","high_north","winter","high"
"4601","3/12/2024","3:00","32.018","shrub","high_north","winter","high"
"4611","3/12/2024","9:00","32.018","shrub","high_north","winter","high"
"4621","3/12/2024","15:00","32.018","shrub","high_north","winter","high"
"4631","3/12/2024","21:00","32.018","shrub","high_north","winter","high"
"4641","3/13/2024","3:00","32.018","shrub","high_north","winter","high"
"4651","3/13/2024","9:00","32.018","shrub","high_north","winter","high"
"4661","3/13/2024","15:00","32.018","shrub","high_north","winter","high"
"4671","3/13/2024","21:00","32.018","shrub","high_north","winter","high"
"4681","3/14/2024","3:00","32.018","shrub","high_north","winter","high"
"4691","3/14/2024","9:00","32.218","shrub","high_north","winter","high"
"4701","3/14/2024","15:00","32.018","shrub","high_north","winter","high"
"4711","3/14/2024","21:00","32.218","shrub","high_north","winter","high"
"4721","3/15/2024","3:00","32.218","shrub","high_north","winter","high"
"4731","3/15/2024","9:00","32.218","shrub","high_north","winter","high"
"4741","3/15/2024","15:00","32.018","shrub","high_north","winter","high"
"4751","3/15/2024","21:00","32.018","shrub","high_north","winter","high"
"4761","3/16/2024","3:00","32.018","shrub","high_north","winter","high"
"4771","3/16/2024","9:00","32.018","shrub","high_north","winter","high"
"4781","3/16/2024","15:00","32.018","shrub","high_north","winter","high"
"4791","3/16/2024","21:00","32.218","shrub","high_north","winter","high"
"4801","3/17/2024","3:00","32.218","shrub","high_north","winter","high"
"4811","3/17/2024","9:00","32.218","shrub","high_north","winter","high"
"4821","3/17/2024","15:00","32.218","shrub","high_north","winter","high"
"4831","3/17/2024","21:00","32.218","shrub","high_north","winter","high"
"4841","3/18/2024","3:00","32.218","shrub","high_north","winter","high"
"4851","3/18/2024","9:00","32.218","shrub","high_north","winter","high"
"4861","3/18/2024","15:00","32.218","shrub","high_north","winter","high"
"4871","3/18/2024","21:00","32.218","shrub","high_north","winter","high"
"4881","3/19/2024","3:00","32.218","shrub","high_north","winter","high"
"4891","3/19/2024","9:00","32.218","shrub","high_north","winter","high"
"4901","3/19/2024","15:00","32.218","shrub","high_north","winter","high"
"4911","3/19/2024","21:00","32.218","shrub","high_north","winter","high"
"4921","3/20/2024","3:00","32.218","shrub","high_north","winter","high"
"4931","3/20/2024","9:00","32.218","shrub","high_north","winter","high"
"4941","3/20/2024","15:00","32.218","shrub","high_north","winter","high"
"4951","3/20/2024","21:00","32.218","shrub","high_north","winter","high"
"4961","3/21/2024","3:00","32.218","shrub","high_north","winter","high"
"4971","3/21/2024","9:00","32.218","shrub","high_north","winter","high"
"4981","3/21/2024","15:00","32.218","shrub","high_north","winter","high"
"4991","3/21/2024","21:00","32.218","shrub","high_north","winter","high"
"5001","3/22/2024","3:00","32.218","shrub","high_north","winter","high"
"5011","3/22/2024","9:00","32.418","shrub","high_north","winter","high"
"5021","3/22/2024","15:00","32.418","shrub","high_north","winter","high"
"5031","3/22/2024","21:00","32.418","shrub","high_north","winter","high"
"5041","3/23/2024","3:00","32.418","shrub","high_north","winter","high"
"5051","3/23/2024","9:00","32.418","shrub","high_north","winter","high"
"5061","3/23/2024","15:00","32.418","shrub","high_north","winter","high"
"5071","3/23/2024","21:00","32.218","shrub","high_north","winter","high"
"5081","3/24/2024","3:00","32.418","shrub","high_north","winter","high"
"5091","3/24/2024","9:00","32.418","shrub","high_north","winter","high"
"5101","3/24/2024","15:00","32.418","shrub","high_north","winter","high"
"5111","3/24/2024","21:00","32.218","shrub","high_north","winter","high"
"5121","3/25/2024","3:00","32.418","shrub","high_north","winter","high"
"5131","3/25/2024","9:00","32.418","shrub","high_north","winter","high"
"5141","3/25/2024","15:00","32.418","shrub","high_north","winter","high"
"5151","3/25/2024","21:00","32.418","shrub","high_north","winter","high"
"5161","3/26/2024","3:00","32.218","shrub","high_north","winter","high"
"5171","3/26/2024","9:00","32.218","shrub","high_north","winter","high"
"5181","3/26/2024","15:00","32.418","shrub","high_north","winter","high"
"5191","3/26/2024","21:00","32.218","shrub","high_north","winter","high"
"5201","3/27/2024","3:00","32.418","shrub","high_north","winter","high"
"5211","3/27/2024","9:00","32.218","shrub","high_north","winter","high"
"5221","3/27/2024","15:00","32.218","shrub","high_north","winter","high"
"5231","3/27/2024","21:00","32.418","shrub","high_north","winter","high"
"5241","3/28/2024","3:00","32.418","shrub","high_north","winter","high"
"5251","3/28/2024","9:00","32.418","shrub","high_north","winter","high"
"5261","3/28/2024","15:00","32.418","shrub","high_north","winter","high"
"5271","3/28/2024","21:00","32.418","shrub","high_north","winter","high"
"5281","3/29/2024","3:00","32.418","shrub","high_north","winter","high"
"5291","3/29/2024","9:00","32.418","shrub","high_north","winter","high"
"5301","3/29/2024","15:00","32.418","shrub","high_north","winter","high"
"5311","3/29/2024","21:00","32.418","shrub","high_north","winter","high"
"5321","3/30/2024","3:00","32.418","shrub","high_north","winter","high"
"5331","3/30/2024","9:00","32.418","shrub","high_north","winter","high"
"5341","3/30/2024","15:00","32.218","shrub","high_north","winter","high"
"5351","3/30/2024","21:00","32.418","shrub","high_north","winter","high"
"5361","3/31/2024","3:00","32.418","shrub","high_north","winter","high"
"5371","3/31/2024","9:00","32.418","shrub","high_north","winter","high"
"5381","3/31/2024","15:00","32.418","shrub","high_north","winter","high"
"5391","3/31/2024","21:00","32.418","shrub","high_north","winter","high"
"5401","4/1/2024","3:00","32.418","shrub","high_north","winter","high"
"5411","4/1/2024","9:00","32.418","shrub","high_north","winter","high"
"5421","4/1/2024","15:00","32.418","shrub","high_north","winter","high"
"5431","4/1/2024","21:00","32.418","shrub","high_north","winter","high"
"5441","4/2/2024","3:00","32.418","shrub","high_north","winter","high"
"5451","4/2/2024","9:00","32.418","shrub","high_north","winter","high"
"5461","4/2/2024","15:00","32.418","shrub","high_north","winter","high"
"5471","4/2/2024","21:00","32.418","shrub","high_north","winter","high"
"5481","4/3/2024","3:00","32.418","shrub","high_north","winter","high"
"5491","4/3/2024","9:00","32.418","shrub","high_north","winter","high"
"5501","4/3/2024","15:00","32.418","shrub","high_north","winter","high"
"5511","4/3/2024","21:00","32.418","shrub","high_north","winter","high"
"5521","4/4/2024","3:00","32.418","shrub","high_north","winter","high"
"5531","4/4/2024","9:00","32.418","shrub","high_north","winter","high"
"5541","4/4/2024","15:00","36.723","shrub","high_north","winter","high"
"5551","4/4/2024","21:00","32.617","shrub","high_north","winter","high"
"5561","4/5/2024","3:00","32.418","shrub","high_north","winter","high"
"5571","4/5/2024","9:00","32.617","shrub","high_north","winter","high"
"5581","4/5/2024","15:00","34.59","shrub","high_north","winter","high"
"5591","4/5/2024","21:00","32.617","shrub","high_north","winter","high"
"5601","4/6/2024","3:00","32.418","shrub","high_north","winter","high"
"5611","4/6/2024","9:00","32.418","shrub","high_north","winter","high"
"5621","4/6/2024","15:00","35.175","shrub","high_north","winter","high"
"5631","4/6/2024","21:00","33.013","shrub","high_north","winter","high"
"5641","4/7/2024","3:00","32.418","shrub","high_north","winter","high"
"5651","4/7/2024","9:00","32.418","shrub","high_north","winter","high"
"5661","4/7/2024","15:00","39.384","shrub","high_north","winter","high"
"5671","4/7/2024","21:00","34.786","shrub","high_north","winter","high"
"5681","4/8/2024","3:00","33.013","shrub","high_north","winter","high"
"5691","4/8/2024","9:00","32.617","shrub","high_north","winter","high"
"5701","4/8/2024","15:00","40.134","shrub","high_north","winter","high"
"5711","4/8/2024","21:00","36.914","shrub","high_north","winter","high"
"5721","4/9/2024","3:00","33.411","shrub","high_north","winter","high"
"5731","4/9/2024","9:00","33.013","shrub","high_north","winter","high"
"5741","4/9/2024","15:00","46.369","shrub","high_north","winter","high"
"5751","4/9/2024","21:00","39.007","shrub","high_north","winter","high"
"5761","4/10/2024","3:00","34.394","shrub","high_north","winter","high"
"5771","4/10/2024","9:00","33.607","shrub","high_north","winter","high"
"5781","4/10/2024","15:00","46.188","shrub","high_north","winter","high"
"5791","4/10/2024","21:00","40.509","shrub","high_north","winter","high"
"5801","4/11/2024","3:00","35.37","shrub","high_north","winter","high"
"5811","4/11/2024","9:00","34.198","shrub","high_north","winter","high"
"5821","4/11/2024","15:00","46.548","shrub","high_north","winter","high"
"5831","4/11/2024","21:00","40.881","shrub","high_north","winter","high"
"5841","4/12/2024","3:00","36.723","shrub","high_north","winter","high"
"5851","4/12/2024","9:00","37.679","shrub","high_north","winter","high"
"5861","4/12/2024","15:00","47.802","shrub","high_north","winter","high"
"5871","4/12/2024","21:00","44.922","shrub","high_north","winter","high"
"5881","4/13/2024","3:00","40.509","shrub","high_north","winter","high"
"5891","4/13/2024","9:00","40.509","shrub","high_north","winter","high"
"5901","4/13/2024","15:00","54.322","shrub","high_north","winter","high"
"5911","4/13/2024","21:00","47.802","shrub","high_north","winter","high"
"5921","4/14/2024","3:00","41.439","shrub","high_north","winter","high"
"5931","4/14/2024","9:00","41.254","shrub","high_north","winter","high"
"5941","4/14/2024","15:00","55.537","shrub","high_north","winter","high"
"5951","4/14/2024","21:00","47.802","shrub","high_north","winter","high"
"5961","4/15/2024","3:00","44.013","shrub","high_north","winter","high"
"5971","4/15/2024","9:00","43.831","shrub","high_north","winter","high"
"5981","4/15/2024","15:00","52.75","shrub","high_north","winter","high"
"5991","4/15/2024","21:00","46.369","shrub","high_north","winter","high"
"6001","4/16/2024","3:00","41.254","shrub","high_north","winter","high"
"6011","4/16/2024","9:00","40.881","shrub","high_north","winter","high"
"6021","4/16/2024","15:00","49.759","shrub","high_north","winter","high"
"6031","4/16/2024","21:00","44.742","shrub","high_north","winter","high"
"6041","4/17/2024","3:00","40.881","shrub","high_north","winter","high"
"6051","4/17/2024","9:00","38.818","shrub","high_north","winter","high"
"6061","4/17/2024","15:00","46.369","shrub","high_north","winter","high"
"6071","4/17/2024","21:00","39.007","shrub","high_north","winter","high"
"6081","4/18/2024","3:00","35.37","shrub","high_north","winter","high"
"6091","4/18/2024","9:00","34.394","shrub","high_north","winter","high"
"6101","4/18/2024","15:00","44.922","shrub","high_north","winter","high"
"6111","4/18/2024","21:00","38.818","shrub","high_north","winter","high"
"6121","4/19/2024","3:00","35.175","shrub","high_north","winter","high"
"6131","4/19/2024","9:00","34.198","shrub","high_north","winter","high"
"6141","4/19/2024","15:00","46.369","shrub","high_north","winter","high"
"6151","4/19/2024","21:00","39.76","shrub","high_north","winter","high"
"6161","4/20/2024","3:00","35.564","shrub","high_north","winter","high"
"6171","4/20/2024","9:00","34.59","shrub","high_north","winter","high"
"6181","4/20/2024","15:00","49.759","shrub","high_north","winter","high"
"6191","4/20/2024","21:00","44.379","shrub","high_north","winter","high"
"6201","4/21/2024","3:00","38.25","shrub","high_north","winter","high"
"6211","4/21/2024","9:00","39.76","shrub","high_north","winter","high"
"6221","4/21/2024","15:00","49.937","shrub","high_north","winter","high"
"6231","4/21/2024","21:00","44.56","shrub","high_north","winter","high"
"6241","4/22/2024","3:00","39.384","shrub","high_north","winter","high"
"6251","4/22/2024","9:00","38.061","shrub","high_north","winter","high"
"6261","4/22/2024","15:00","52.925","shrub","high_north","winter","high"
"6271","4/22/2024","21:00","46.548","shrub","high_north","winter","high"
"6281","4/23/2024","3:00","39.384","shrub","high_north","winter","high"
"6291","4/23/2024","9:00","39.76","shrub","high_north","winter","high"
"6301","4/23/2024","15:00","56.23","shrub","high_north","winter","high"
"6311","4/23/2024","21:00","47.624","shrub","high_north","winter","high"
"6321","4/24/2024","3:00","41.625","shrub","high_north","winter","high"
"6331","4/24/2024","9:00","43.099","shrub","high_north","winter","high"
"6341","4/24/2024","15:00","58.476","shrub","high_north","winter","high"
"635","4/24/2024","21:00","51.523","shrub","high_north","winter","high"
"636","4/25/2024","3:00","46.728","shrub","high_north","winter","high"
"637","4/25/2024","9:00","47.088","shrub","high_north","winter","high"
"638","4/25/2024","15:00","61.398","shrub","high_north","winter","high"
"2102","11/18/2023","15:00","35.758","shrub","low_north","winter","low"
"3102","11/18/2023","21:00","32.418","shrub","low_north","winter","low"
"4102","11/19/2023","3:00","33.213","shrub","low_north","winter","low"
"5102","11/19/2023","9:00","35.175","shrub","low_north","winter","low"
"640","11/19/2023","15:00","38.25","shrub","low_north","winter","low"
"712","11/19/2023","21:00","35.175","shrub","low_north","winter","low"
"812","11/20/2023","3:00","33.213","shrub","low_north","winter","low"
"912","11/20/2023","9:00","31.816","shrub","low_north","winter","low"
"1012","11/20/2023","15:00","32.617","shrub","low_north","winter","low"
"1112","11/20/2023","21:00","30.808","shrub","low_north","winter","low"
"1212","11/21/2023","3:00","28.969","shrub","low_north","winter","low"
"1312","11/21/2023","9:00","30.198","shrub","low_north","winter","low"
"1412","11/21/2023","15:00","31.816","shrub","low_north","winter","low"
"1512","11/21/2023","21:00","29.174","shrub","low_north","winter","low"
"1612","11/22/2023","3:00","27.721","shrub","low_north","winter","low"
"1712","11/22/2023","9:00","27.511","shrub","low_north","winter","low"
"1812","11/22/2023","15:00","31.415","shrub","low_north","winter","low"
"1912","11/22/2023","21:00","31.816","shrub","low_north","winter","low"
"2012","11/23/2023","3:00","31.213","shrub","low_north","winter","low"
"2112","11/23/2023","9:00","31.213","shrub","low_north","winter","low"
"2212","11/23/2023","15:00","32.018","shrub","low_north","winter","low"
"2312","11/23/2023","21:00","32.018","shrub","low_north","winter","low"
"2412","11/24/2023","3:00","31.415","shrub","low_north","winter","low"
"2512","11/24/2023","9:00","30.607","shrub","low_north","winter","low"
"2612","11/24/2023","15:00","31.213","shrub","low_north","winter","low"
"2712","11/24/2023","21:00","29.174","shrub","low_north","winter","low"
"2812","11/25/2023","3:00","27.721","shrub","low_north","winter","low"
"2912","11/25/2023","9:00","26.668","shrub","low_north","winter","low"
"3012","11/25/2023","15:00","28.762","shrub","low_north","winter","low"
"3112","11/25/2023","21:00","26.031","shrub","low_north","winter","low"
"3212","11/26/2023","3:00","26.881","shrub","low_north","winter","low"
"3312","11/26/2023","9:00","26.668","shrub","low_north","winter","low"
"3412","11/26/2023","15:00","27.721","shrub","low_north","winter","low"
"3512","11/26/2023","21:00","26.881","shrub","low_north","winter","low"
"3612","11/27/2023","3:00","26.668","shrub","low_north","winter","low"
"3712","11/27/2023","9:00","26.458","shrub","low_north","winter","low"
"3812","11/27/2023","15:00","29.174","shrub","low_north","winter","low"
"3912","11/27/2023","21:00","24.526","shrub","low_north","winter","low"
"4012","11/28/2023","3:00","22.552","shrub","low_north","winter","low"
"4112","11/28/2023","9:00","21.884","shrub","low_north","winter","low"
"4212","11/28/2023","15:00","26.668","shrub","low_north","winter","low"
"4312","11/28/2023","21:00","22.775","shrub","low_north","winter","low"
"4412","11/29/2023","3:00","20.757","shrub","low_north","winter","low"
"4512","11/29/2023","9:00","20.984","shrub","low_north","winter","low"
"4612","11/29/2023","15:00","25.819","shrub","low_north","winter","low"
"4712","11/29/2023","21:00","21.434","shrub","low_north","winter","low"
"4812","11/30/2023","3:00","20.984","shrub","low_north","winter","low"
"4912","11/30/2023","9:00","19.612","shrub","low_north","winter","low"
"5012","11/30/2023","15:00","26.245","shrub","low_north","winter","low"
"5112","11/30/2023","21:00","23.875","shrub","low_north","winter","low"
"5212","12/1/2023","3:00","23.436","shrub","low_north","winter","low"
"5312","12/1/2023","9:00","22.995","shrub","low_north","winter","low"
"5412","12/1/2023","15:00","26.245","shrub","low_north","winter","low"
"5512","12/1/2023","21:00","25.819","shrub","low_north","winter","low"
"5612","12/2/2023","3:00","25.39","shrub","low_north","winter","low"
"5712","12/2/2023","9:00","25.605","shrub","low_north","winter","low"
"5812","12/2/2023","15:00","26.668","shrub","low_north","winter","low"
"5912","12/2/2023","21:00","26.668","shrub","low_north","winter","low"
"6012","12/3/2023","3:00","23.436","shrub","low_north","winter","low"
"6112","12/3/2023","9:00","24.31","shrub","low_north","winter","low"
"6212","12/3/2023","15:00","27.93","shrub","low_north","winter","low"
"6312","12/3/2023","21:00","27.93","shrub","low_north","winter","low"
"642","12/4/2023","3:00","27.721","shrub","low_north","winter","low"
"652","12/4/2023","9:00","28.555","shrub","low_north","winter","low"
"662","12/4/2023","15:00","30.403","shrub","low_north","winter","low"
"672","12/4/2023","21:00","30.808","shrub","low_north","winter","low"
"682","12/5/2023","3:00","31.012","shrub","low_north","winter","low"
"692","12/5/2023","9:00","31.213","shrub","low_north","winter","low"
"702","12/5/2023","15:00","31.816","shrub","low_north","winter","low"
"713","12/5/2023","21:00","31.816","shrub","low_north","winter","low"
"722","12/6/2023","3:00","31.816","shrub","low_north","winter","low"
"732","12/6/2023","9:00","31.213","shrub","low_north","winter","low"
"742","12/6/2023","15:00","32.018","shrub","low_north","winter","low"
"752","12/6/2023","21:00","31.816","shrub","low_north","winter","low"
"762","12/7/2023","3:00","31.816","shrub","low_north","winter","low"
"772","12/7/2023","9:00","31.816","shrub","low_north","winter","low"
"782","12/7/2023","15:00","32.018","shrub","low_north","winter","low"
"792","12/7/2023","21:00","31.213","shrub","low_north","winter","low"
"802","12/8/2023","3:00","30.808","shrub","low_north","winter","low"
"813","12/8/2023","9:00","30.198","shrub","low_north","winter","low"
"822","12/8/2023","15:00","31.213","shrub","low_north","winter","low"
"832","12/8/2023","21:00","28.346","shrub","low_north","winter","low"
"842","12/9/2023","3:00","25.605","shrub","low_north","winter","low"
"852","12/9/2023","9:00","23.216","shrub","low_north","winter","low"
"862","12/9/2023","15:00","27.091","shrub","low_north","winter","low"
"872","12/9/2023","21:00","25.819","shrub","low_north","winter","low"
"882","12/10/2023","3:00","25.605","shrub","low_north","winter","low"
"892","12/10/2023","9:00","26.031","shrub","low_north","winter","low"
"902","12/10/2023","15:00","28.346","shrub","low_north","winter","low"
"913","12/10/2023","21:00","28.139","shrub","low_north","winter","low"
"922","12/11/2023","3:00","28.139","shrub","low_north","winter","low"
"932","12/11/2023","9:00","28.555","shrub","low_north","winter","low"
"942","12/11/2023","15:00","30.607","shrub","low_north","winter","low"
"952","12/11/2023","21:00","30.198","shrub","low_north","winter","low"
"962","12/12/2023","3:00","28.346","shrub","low_north","winter","low"
"972","12/12/2023","9:00","27.93","shrub","low_north","winter","low"
"982","12/12/2023","15:00","29.79","shrub","low_north","winter","low"
"992","12/12/2023","21:00","27.721","shrub","low_north","winter","low"
"1002","12/13/2023","3:00","25.39","shrub","low_north","winter","low"
"1013","12/13/2023","9:00","24.093","shrub","low_north","winter","low"
"1022","12/13/2023","15:00","28.346","shrub","low_north","winter","low"
"1032","12/13/2023","21:00","25.605","shrub","low_north","winter","low"
"1042","12/14/2023","3:00","22.995","shrub","low_north","winter","low"
"1052","12/14/2023","9:00","21.209","shrub","low_north","winter","low"
"1062","12/14/2023","15:00","25.605","shrub","low_north","winter","low"
"1072","12/14/2023","21:00","21.659","shrub","low_north","winter","low"
"1082","12/15/2023","3:00","19.612","shrub","low_north","winter","low"
"1092","12/15/2023","9:00","20.073","shrub","low_north","winter","low"
"1102","12/15/2023","15:00","25.819","shrub","low_north","winter","low"
"1113","12/15/2023","21:00","22.552","shrub","low_north","winter","low"
"1122","12/16/2023","3:00","20.984","shrub","low_north","winter","low"
"1132","12/16/2023","9:00","20.529","shrub","low_north","winter","low"
"1142","12/16/2023","15:00","27.091","shrub","low_north","winter","low"
"1152","12/16/2023","21:00","22.552","shrub","low_north","winter","low"
"1162","12/17/2023","3:00","20.757","shrub","low_north","winter","low"
"1172","12/17/2023","9:00","19.612","shrub","low_north","winter","low"
"1182","12/17/2023","15:00","24.96","shrub","low_north","winter","low"
"1192","12/17/2023","21:00","21.434","shrub","low_north","winter","low"
"1202","12/18/2023","3:00","20.073","shrub","low_north","winter","low"
"1213","12/18/2023","9:00","21.434","shrub","low_north","winter","low"
"1222","12/18/2023","15:00","28.139","shrub","low_north","winter","low"
"1232","12/18/2023","21:00","26.668","shrub","low_north","winter","low"
"1242","12/19/2023","3:00","24.744","shrub","low_north","winter","low"
"1252","12/19/2023","9:00","27.091","shrub","low_north","winter","low"
"1262","12/19/2023","15:00","30.403","shrub","low_north","winter","low"
"1272","12/19/2023","21:00","27.721","shrub","low_north","winter","low"
"1282","12/20/2023","3:00","28.139","shrub","low_north","winter","low"
"1292","12/20/2023","9:00","29.379","shrub","low_north","winter","low"
"1302","12/20/2023","15:00","31.415","shrub","low_north","winter","low"
"1313","12/20/2023","21:00","30.808","shrub","low_north","winter","low"
"1322","12/21/2023","3:00","27.721","shrub","low_north","winter","low"
"1332","12/21/2023","9:00","28.555","shrub","low_north","winter","low"
"1342","12/21/2023","15:00","31.415","shrub","low_north","winter","low"
"1352","12/21/2023","21:00","31.617","shrub","low_north","winter","low"
"1362","12/22/2023","3:00","29.586","shrub","low_north","winter","low"
"1372","12/22/2023","9:00","30.198","shrub","low_north","winter","low"
"1382","12/22/2023","15:00","31.816","shrub","low_north","winter","low"
"1392","12/22/2023","21:00","31.816","shrub","low_north","winter","low"
"1402","12/23/2023","3:00","31.816","shrub","low_north","winter","low"
"1413","12/23/2023","9:00","31.816","shrub","low_north","winter","low"
"1422","12/23/2023","15:00","31.617","shrub","low_north","winter","low"
"1432","12/23/2023","21:00","28.969","shrub","low_north","winter","low"
"1442","12/24/2023","3:00","25.39","shrub","low_north","winter","low"
"1452","12/24/2023","9:00","22.552","shrub","low_north","winter","low"
"1462","12/24/2023","15:00","24.31","shrub","low_north","winter","low"
"1472","12/24/2023","21:00","20.073","shrub","low_north","winter","low"
"1482","12/25/2023","3:00","19.382","shrub","low_north","winter","low"
"1492","12/25/2023","9:00","20.757","shrub","low_north","winter","low"
"1502","12/25/2023","15:00","22.775","shrub","low_north","winter","low"
"1513","12/25/2023","21:00","17.51","shrub","low_north","winter","low"
"1522","12/26/2023","3:00","14.362","shrub","low_north","winter","low"
"1532","12/26/2023","9:00","15.589","shrub","low_north","winter","low"
"1542","12/26/2023","15:00","21.884","shrub","low_north","winter","low"
"1552","12/26/2023","21:00","18.451","shrub","low_north","winter","low"
"1562","12/27/2023","3:00","17.983","shrub","low_north","winter","low"
"1572","12/27/2023","9:00","20.302","shrub","low_north","winter","low"
"1582","12/27/2023","15:00","24.31","shrub","low_north","winter","low"
"1592","12/27/2023","21:00","21.209","shrub","low_north","winter","low"
"1602","12/28/2023","3:00","21.434","shrub","low_north","winter","low"
"1613","12/28/2023","9:00","20.073","shrub","low_north","winter","low"
"1622","12/28/2023","15:00","24.744","shrub","low_north","winter","low"
"1632","12/28/2023","21:00","21.209","shrub","low_north","winter","low"
"1642","12/29/2023","3:00","20.073","shrub","low_north","winter","low"
"1652","12/29/2023","9:00","20.529","shrub","low_north","winter","low"
"1662","12/29/2023","15:00","26.031","shrub","low_north","winter","low"
"1672","12/29/2023","21:00","22.552","shrub","low_north","winter","low"
"1682","12/30/2023","3:00","22.107","shrub","low_north","winter","low"
"1692","12/30/2023","9:00","21.884","shrub","low_north","winter","low"
"1702","12/30/2023","15:00","27.302","shrub","low_north","winter","low"
"1713","12/30/2023","21:00","26.031","shrub","low_north","winter","low"
"1722","12/31/2023","3:00","23.655","shrub","low_north","winter","low"
"1732","12/31/2023","9:00","22.995","shrub","low_north","winter","low"
"1742","12/31/2023","15:00","26.458","shrub","low_north","winter","low"
"1752","12/31/2023","21:00","22.552","shrub","low_north","winter","low"
"1762","1/1/2024","3:00","20.073","shrub","low_north","winter","low"
"1772","1/1/2024","9:00","19.382","shrub","low_north","winter","low"
"1782","1/1/2024","15:00","25.605","shrub","low_north","winter","low"
"1792","1/1/2024","21:00","21.659","shrub","low_north","winter","low"
"1802","1/2/2024","3:00","19.152","shrub","low_north","winter","low"
"1813","1/2/2024","9:00","19.612","shrub","low_north","winter","low"
"1822","1/2/2024","15:00","24.96","shrub","low_north","winter","low"
"1832","1/2/2024","21:00","20.757","shrub","low_north","winter","low"
"1842","1/3/2024","3:00","18.685","shrub","low_north","winter","low"
"1852","1/3/2024","9:00","18.919","shrub","low_north","winter","low"
"1862","1/3/2024","15:00","25.605","shrub","low_north","winter","low"
"1872","1/3/2024","21:00","24.093","shrub","low_north","winter","low"
"1882","1/4/2024","3:00","24.526","shrub","low_north","winter","low"
"1892","1/4/2024","9:00","23.875","shrub","low_north","winter","low"
"1902","1/4/2024","15:00","27.93","shrub","low_north","winter","low"
"1913","1/4/2024","21:00","26.881","shrub","low_north","winter","low"
"1922","1/5/2024","3:00","26.668","shrub","low_north","winter","low"
"1932","1/5/2024","9:00","26.245","shrub","low_north","winter","low"
"1942","1/5/2024","15:00","27.511","shrub","low_north","winter","low"
"1952","1/5/2024","21:00","23.436","shrub","low_north","winter","low"
"1962","1/6/2024","3:00","20.984","shrub","low_north","winter","low"
"1972","1/6/2024","9:00","22.552","shrub","low_north","winter","low"
"1982","1/6/2024","15:00","25.174","shrub","low_north","winter","low"
"1992","1/6/2024","21:00","24.526","shrub","low_north","winter","low"
"2002","1/7/2024","3:00","24.744","shrub","low_north","winter","low"
"2013","1/7/2024","9:00","24.31","shrub","low_north","winter","low"
"2022","1/7/2024","15:00","25.39","shrub","low_north","winter","low"
"2032","1/7/2024","21:00","24.31","shrub","low_north","winter","low"
"2042","1/8/2024","3:00","22.995","shrub","low_north","winter","low"
"2052","1/8/2024","9:00","20.984","shrub","low_north","winter","low"
"2062","1/8/2024","15:00","22.33","shrub","low_north","winter","low"
"2072","1/8/2024","21:00","22.552","shrub","low_north","winter","low"
"2082","1/9/2024","3:00","22.33","shrub","low_north","winter","low"
"2092","1/9/2024","9:00","22.775","shrub","low_north","winter","low"
"2103","1/9/2024","15:00","23.655","shrub","low_north","winter","low"
"2113","1/9/2024","21:00","23.655","shrub","low_north","winter","low"
"2122","1/10/2024","3:00","23.655","shrub","low_north","winter","low"
"2132","1/10/2024","9:00","23.216","shrub","low_north","winter","low"
"2142","1/10/2024","15:00","24.093","shrub","low_north","winter","low"
"2152","1/10/2024","21:00","23.875","shrub","low_north","winter","low"
"2162","1/11/2024","3:00","23.216","shrub","low_north","winter","low"
"2172","1/11/2024","9:00","22.552","shrub","low_north","winter","low"
"2182","1/11/2024","15:00","22.775","shrub","low_north","winter","low"
"2192","1/11/2024","21:00","22.775","shrub","low_north","winter","low"
"2202","1/12/2024","3:00","22.775","shrub","low_north","winter","low"
"2213","1/12/2024","9:00","23.216","shrub","low_north","winter","low"
"2222","1/12/2024","15:00","22.995","shrub","low_north","winter","low"
"2232","1/12/2024","21:00","21.884","shrub","low_north","winter","low"
"2242","1/13/2024","3:00","19.382","shrub","low_north","winter","low"
"2252","1/13/2024","9:00","17.272","shrub","low_north","winter","low"
"2262","1/13/2024","15:00","17.748","shrub","low_north","winter","low"
"2272","1/13/2024","21:00","17.983","shrub","low_north","winter","low"
"2282","1/14/2024","3:00","18.451","shrub","low_north","winter","low"
"2292","1/14/2024","9:00","18.451","shrub","low_north","winter","low"
"2302","1/14/2024","15:00","19.612","shrub","low_north","winter","low"
"2313","1/14/2024","21:00","20.757","shrub","low_north","winter","low"
"2322","1/15/2024","3:00","20.984","shrub","low_north","winter","low"
"2332","1/15/2024","9:00","18.685","shrub","low_north","winter","low"
"2342","1/15/2024","15:00","17.748","shrub","low_north","winter","low"
"2352","1/15/2024","21:00","17.983","shrub","low_north","winter","low"
"2362","1/16/2024","3:00","17.272","shrub","low_north","winter","low"
"2372","1/16/2024","9:00","17.272","shrub","low_north","winter","low"
"2382","1/16/2024","15:00","18.685","shrub","low_north","winter","low"
"2392","1/16/2024","21:00","19.382","shrub","low_north","winter","low"
"2402","1/17/2024","3:00","19.843","shrub","low_north","winter","low"
"2413","1/17/2024","9:00","20.757","shrub","low_north","winter","low"
"2422","1/17/2024","15:00","21.884","shrub","low_north","winter","low"
"2432","1/17/2024","21:00","22.775","shrub","low_north","winter","low"
"2442","1/18/2024","3:00","22.995","shrub","low_north","winter","low"
"2452","1/18/2024","9:00","22.775","shrub","low_north","winter","low"
"2462","1/18/2024","15:00","23.655","shrub","low_north","winter","low"
"2472","1/18/2024","21:00","24.093","shrub","low_north","winter","low"
"2482","1/19/2024","3:00","24.526","shrub","low_north","winter","low"
"2492","1/19/2024","9:00","25.174","shrub","low_north","winter","low"
"2502","1/19/2024","15:00","26.031","shrub","low_north","winter","low"
"2513","1/19/2024","21:00","26.668","shrub","low_north","winter","low"
"2522","1/20/2024","3:00","26.668","shrub","low_north","winter","low"
"2532","1/20/2024","9:00","27.091","shrub","low_north","winter","low"
"2542","1/20/2024","15:00","28.969","shrub","low_north","winter","low"
"2552","1/20/2024","21:00","28.969","shrub","low_north","winter","low"
"2562","1/21/2024","3:00","29.174","shrub","low_north","winter","low"
"2572","1/21/2024","9:00","29.174","shrub","low_north","winter","low"
"2582","1/21/2024","15:00","29.79","shrub","low_north","winter","low"
"2592","1/21/2024","21:00","30.808","shrub","low_north","winter","low"
"2602","1/22/2024","3:00","30.607","shrub","low_north","winter","low"
"2613","1/22/2024","9:00","30.607","shrub","low_north","winter","low"
"2622","1/22/2024","15:00","30.808","shrub","low_north","winter","low"
"2632","1/22/2024","21:00","31.213","shrub","low_north","winter","low"
"2642","1/23/2024","3:00","31.415","shrub","low_north","winter","low"
"2652","1/23/2024","9:00","31.415","shrub","low_north","winter","low"
"2662","1/23/2024","15:00","31.617","shrub","low_north","winter","low"
"2672","1/23/2024","21:00","31.816","shrub","low_north","winter","low"
"2682","1/24/2024","3:00","31.816","shrub","low_north","winter","low"
"2692","1/24/2024","9:00","31.816","shrub","low_north","winter","low"
"2702","1/24/2024","15:00","31.816","shrub","low_north","winter","low"
"2713","1/24/2024","21:00","31.816","shrub","low_north","winter","low"
"2722","1/25/2024","3:00","31.816","shrub","low_north","winter","low"
"2732","1/25/2024","9:00","32.018","shrub","low_north","winter","low"
"2742","1/25/2024","15:00","32.018","shrub","low_north","winter","low"
"2752","1/25/2024","21:00","32.018","shrub","low_north","winter","low"
"2762","1/26/2024","3:00","32.018","shrub","low_north","winter","low"
"2772","1/26/2024","9:00","31.816","shrub","low_north","winter","low"
"2782","1/26/2024","15:00","31.816","shrub","low_north","winter","low"
"2792","1/26/2024","21:00","31.816","shrub","low_north","winter","low"
"2802","1/27/2024","3:00","31.816","shrub","low_north","winter","low"
"2813","1/27/2024","9:00","31.617","shrub","low_north","winter","low"
"2822","1/27/2024","15:00","31.816","shrub","low_north","winter","low"
"2832","1/27/2024","21:00","31.816","shrub","low_north","winter","low"
"2842","1/28/2024","3:00","31.816","shrub","low_north","winter","low"
"2852","1/28/2024","9:00","31.816","shrub","low_north","winter","low"
"2862","1/28/2024","15:00","32.018","shrub","low_north","winter","low"
"2872","1/28/2024","21:00","32.018","shrub","low_north","winter","low"
"2882","1/29/2024","3:00","32.018","shrub","low_north","winter","low"
"2892","1/29/2024","9:00","32.018","shrub","low_north","winter","low"
"2902","1/29/2024","15:00","32.018","shrub","low_north","winter","low"
"2913","1/29/2024","21:00","32.218","shrub","low_north","winter","low"
"2922","1/30/2024","3:00","32.218","shrub","low_north","winter","low"
"2932","1/30/2024","9:00","32.218","shrub","low_north","winter","low"
"2942","1/30/2024","15:00","32.218","shrub","low_north","winter","low"
"2952","1/30/2024","21:00","32.218","shrub","low_north","winter","low"
"2962","1/31/2024","3:00","32.018","shrub","low_north","winter","low"
"2972","1/31/2024","9:00","32.018","shrub","low_north","winter","low"
"2982","1/31/2024","15:00","32.218","shrub","low_north","winter","low"
"2992","1/31/2024","21:00","32.218","shrub","low_north","winter","low"
"3002","2/1/2024","3:00","31.816","shrub","low_north","winter","low"
"3013","2/1/2024","9:00","32.018","shrub","low_north","winter","low"
"3022","2/1/2024","15:00","32.018","shrub","low_north","winter","low"
"3032","2/1/2024","21:00","32.218","shrub","low_north","winter","low"
"3042","2/2/2024","3:00","32.218","shrub","low_north","winter","low"
"3052","2/2/2024","9:00","32.218","shrub","low_north","winter","low"
"3062","2/2/2024","15:00","32.218","shrub","low_north","winter","low"
"3072","2/2/2024","21:00","32.218","shrub","low_north","winter","low"
"3082","2/3/2024","3:00","32.218","shrub","low_north","winter","low"
"3092","2/3/2024","9:00","32.218","shrub","low_north","winter","low"
"3103","2/3/2024","15:00","32.218","shrub","low_north","winter","low"
"3113","2/3/2024","21:00","32.218","shrub","low_north","winter","low"
"3122","2/4/2024","3:00","32.218","shrub","low_north","winter","low"
"3132","2/4/2024","9:00","32.218","shrub","low_north","winter","low"
"3142","2/4/2024","15:00","32.218","shrub","low_north","winter","low"
"3152","2/4/2024","21:00","32.218","shrub","low_north","winter","low"
"3162","2/5/2024","3:00","32.218","shrub","low_north","winter","low"
"3172","2/5/2024","9:00","32.218","shrub","low_north","winter","low"
"3182","2/5/2024","15:00","32.218","shrub","low_north","winter","low"
"3192","2/5/2024","21:00","32.218","shrub","low_north","winter","low"
"3202","2/6/2024","3:00","32.218","shrub","low_north","winter","low"
"3213","2/6/2024","9:00","32.218","shrub","low_north","winter","low"
"3222","2/6/2024","15:00","32.218","shrub","low_north","winter","low"
"3232","2/6/2024","21:00","32.218","shrub","low_north","winter","low"
"3242","2/7/2024","3:00","32.218","shrub","low_north","winter","low"
"3252","2/7/2024","9:00","32.218","shrub","low_north","winter","low"
"3262","2/7/2024","15:00","32.218","shrub","low_north","winter","low"
"3272","2/7/2024","21:00","32.218","shrub","low_north","winter","low"
"3282","2/8/2024","3:00","32.218","shrub","low_north","winter","low"
"3292","2/8/2024","9:00","32.218","shrub","low_north","winter","low"
"3302","2/8/2024","15:00","32.218","shrub","low_north","winter","low"
"3313","2/8/2024","21:00","32.218","shrub","low_north","winter","low"
"3322","2/9/2024","3:00","32.218","shrub","low_north","winter","low"
"3332","2/9/2024","9:00","32.218","shrub","low_north","winter","low"
"3342","2/9/2024","15:00","32.218","shrub","low_north","winter","low"
"3352","2/9/2024","21:00","32.218","shrub","low_north","winter","low"
"3362","2/10/2024","3:00","32.218","shrub","low_north","winter","low"
"3372","2/10/2024","9:00","32.018","shrub","low_north","winter","low"
"3382","2/10/2024","15:00","32.018","shrub","low_north","winter","low"
"3392","2/10/2024","21:00","32.018","shrub","low_north","winter","low"
"3402","2/11/2024","3:00","31.816","shrub","low_north","winter","low"
"3413","2/11/2024","9:00","31.816","shrub","low_north","winter","low"
"3422","2/11/2024","15:00","31.816","shrub","low_north","winter","low"
"3432","2/11/2024","21:00","31.816","shrub","low_north","winter","low"
"3442","2/12/2024","3:00","31.816","shrub","low_north","winter","low"
"3452","2/12/2024","9:00","31.816","shrub","low_north","winter","low"
"3462","2/12/2024","15:00","31.816","shrub","low_north","winter","low"
"3472","2/12/2024","21:00","32.018","shrub","low_north","winter","low"
"3482","2/13/2024","3:00","31.816","shrub","low_north","winter","low"
"3492","2/13/2024","9:00","31.617","shrub","low_north","winter","low"
"3502","2/13/2024","15:00","31.816","shrub","low_north","winter","low"
"3513","2/13/2024","21:00","31.816","shrub","low_north","winter","low"
"3522","2/14/2024","3:00","31.213","shrub","low_north","winter","low"
"3532","2/14/2024","9:00","31.213","shrub","low_north","winter","low"
"3542","2/14/2024","15:00","31.617","shrub","low_north","winter","low"
"3552","2/14/2024","21:00","31.617","shrub","low_north","winter","low"
"3562","2/15/2024","3:00","31.816","shrub","low_north","winter","low"
"3572","2/15/2024","9:00","31.816","shrub","low_north","winter","low"
"3582","2/15/2024","15:00","31.816","shrub","low_north","winter","low"
"3592","2/15/2024","21:00","32.018","shrub","low_north","winter","low"
"3602","2/16/2024","3:00","32.018","shrub","low_north","winter","low"
"3613","2/16/2024","9:00","31.012","shrub","low_north","winter","low"
"3622","2/16/2024","15:00","30.808","shrub","low_north","winter","low"
"3632","2/16/2024","21:00","29.586","shrub","low_north","winter","low"
"3642","2/17/2024","3:00","28.555","shrub","low_north","winter","low"
"3652","2/17/2024","9:00","27.511","shrub","low_north","winter","low"
"3662","2/17/2024","15:00","29.379","shrub","low_north","winter","low"
"3672","2/17/2024","21:00","29.174","shrub","low_north","winter","low"
"3682","2/18/2024","3:00","28.555","shrub","low_north","winter","low"
"3692","2/18/2024","9:00","29.174","shrub","low_north","winter","low"
"3702","2/18/2024","15:00","30.198","shrub","low_north","winter","low"
"3713","2/18/2024","21:00","30.607","shrub","low_north","winter","low"
"3722","2/19/2024","3:00","30.808","shrub","low_north","winter","low"
"3732","2/19/2024","9:00","30.808","shrub","low_north","winter","low"
"3742","2/19/2024","15:00","31.213","shrub","low_north","winter","low"
"3752","2/19/2024","21:00","31.617","shrub","low_north","winter","low"
"3762","2/20/2024","3:00","31.617","shrub","low_north","winter","low"
"3772","2/20/2024","9:00","31.617","shrub","low_north","winter","low"
"3782","2/20/2024","15:00","31.816","shrub","low_north","winter","low"
"3792","2/20/2024","21:00","31.816","shrub","low_north","winter","low"
"3802","2/21/2024","3:00","32.018","shrub","low_north","winter","low"
"3813","2/21/2024","9:00","32.018","shrub","low_north","winter","low"
"3822","2/21/2024","15:00","32.018","shrub","low_north","winter","low"
"3832","2/21/2024","21:00","32.018","shrub","low_north","winter","low"
"3842","2/22/2024","3:00","32.018","shrub","low_north","winter","low"
"3852","2/22/2024","9:00","32.018","shrub","low_north","winter","low"
"3862","2/22/2024","15:00","32.018","shrub","low_north","winter","low"
"3872","2/22/2024","21:00","32.018","shrub","low_north","winter","low"
"3882","2/23/2024","3:00","32.018","shrub","low_north","winter","low"
"3892","2/23/2024","9:00","31.617","shrub","low_north","winter","low"
"3902","2/23/2024","15:00","31.816","shrub","low_north","winter","low"
"3913","2/23/2024","21:00","32.018","shrub","low_north","winter","low"
"3922","2/24/2024","3:00","31.617","shrub","low_north","winter","low"
"3932","2/24/2024","9:00","31.012","shrub","low_north","winter","low"
"3942","2/24/2024","15:00","31.816","shrub","low_north","winter","low"
"3952","2/24/2024","21:00","32.018","shrub","low_north","winter","low"
"3962","2/25/2024","3:00","32.018","shrub","low_north","winter","low"
"3972","2/25/2024","9:00","32.018","shrub","low_north","winter","low"
"3982","2/25/2024","15:00","32.018","shrub","low_north","winter","low"
"3992","2/25/2024","21:00","32.018","shrub","low_north","winter","low"
"4002","2/26/2024","3:00","32.018","shrub","low_north","winter","low"
"4013","2/26/2024","9:00","32.018","shrub","low_north","winter","low"
"4022","2/26/2024","15:00","32.018","shrub","low_north","winter","low"
"4032","2/26/2024","21:00","32.018","shrub","low_north","winter","low"
"4042","2/27/2024","3:00","31.213","shrub","low_north","winter","low"
"4052","2/27/2024","9:00","28.969","shrub","low_north","winter","low"
"4062","2/27/2024","15:00","30.808","shrub","low_north","winter","low"
"4072","2/27/2024","21:00","28.346","shrub","low_north","winter","low"
"4082","2/28/2024","3:00","26.458","shrub","low_north","winter","low"
"4092","2/28/2024","9:00","27.511","shrub","low_north","winter","low"
"4103","2/28/2024","15:00","29.995","shrub","low_north","winter","low"
"4113","2/28/2024","21:00","29.995","shrub","low_north","winter","low"
"4122","2/29/2024","3:00","29.379","shrub","low_north","winter","low"
"4132","2/29/2024","9:00","28.139","shrub","low_north","winter","low"
"4142","2/29/2024","15:00","31.012","shrub","low_north","winter","low"
"4152","2/29/2024","21:00","31.617","shrub","low_north","winter","low"
"4162","3/1/2024","3:00","31.617","shrub","low_north","winter","low"
"4172","3/1/2024","9:00","31.617","shrub","low_north","winter","low"
"4182","3/1/2024","15:00","31.816","shrub","low_north","winter","low"
"4192","3/1/2024","21:00","31.816","shrub","low_north","winter","low"
"4202","3/2/2024","3:00","32.018","shrub","low_north","winter","low"
"4213","3/2/2024","9:00","32.018","shrub","low_north","winter","low"
"4222","3/2/2024","15:00","32.018","shrub","low_north","winter","low"
"4232","3/2/2024","21:00","31.816","shrub","low_north","winter","low"
"4242","3/3/2024","3:00","30.808","shrub","low_north","winter","low"
"4252","3/3/2024","9:00","29.379","shrub","low_north","winter","low"
"4262","3/3/2024","15:00","30.607","shrub","low_north","winter","low"
"4272","3/3/2024","21:00","30.403","shrub","low_north","winter","low"
"4282","3/4/2024","3:00","29.79","shrub","low_north","winter","low"
"4292","3/4/2024","9:00","28.762","shrub","low_north","winter","low"
"4302","3/4/2024","15:00","29.586","shrub","low_north","winter","low"
"4313","3/4/2024","21:00","28.346","shrub","low_north","winter","low"
"4322","3/5/2024","3:00","26.458","shrub","low_north","winter","low"
"4332","3/5/2024","9:00","27.302","shrub","low_north","winter","low"
"4342","3/5/2024","15:00","28.555","shrub","low_north","winter","low"
"4352","3/5/2024","21:00","29.174","shrub","low_north","winter","low"
"4362","3/6/2024","3:00","29.174","shrub","low_north","winter","low"
"4372","3/6/2024","9:00","27.302","shrub","low_north","winter","low"
"4382","3/6/2024","15:00","28.969","shrub","low_north","winter","low"
"4392","3/6/2024","21:00","29.379","shrub","low_north","winter","low"
"4402","3/7/2024","3:00","28.762","shrub","low_north","winter","low"
"4413","3/7/2024","9:00","26.458","shrub","low_north","winter","low"
"4422","3/7/2024","15:00","28.346","shrub","low_north","winter","low"
"4432","3/7/2024","21:00","27.091","shrub","low_north","winter","low"
"4442","3/8/2024","3:00","24.526","shrub","low_north","winter","low"
"4452","3/8/2024","9:00","24.093","shrub","low_north","winter","low"
"4462","3/8/2024","15:00","27.091","shrub","low_north","winter","low"
"4472","3/8/2024","21:00","26.031","shrub","low_north","winter","low"
"4482","3/9/2024","3:00","23.436","shrub","low_north","winter","low"
"4492","3/9/2024","9:00","23.216","shrub","low_north","winter","low"
"4502","3/9/2024","15:00","29.174","shrub","low_north","winter","low"
"4513","3/9/2024","21:00","28.346","shrub","low_north","winter","low"
"4522","3/10/2024","3:00","25.39","shrub","low_north","winter","low"
"4532","3/10/2024","9:00","25.39","shrub","low_north","winter","low"
"4542","3/10/2024","15:00","30.607","shrub","low_north","winter","low"
"4552","3/10/2024","21:00","31.213","shrub","low_north","winter","low"
"4562","3/11/2024","3:00","29.586","shrub","low_north","winter","low"
"4572","3/11/2024","9:00","29.174","shrub","low_north","winter","low"
"4582","3/11/2024","15:00","31.415","shrub","low_north","winter","low"
"4592","3/11/2024","21:00","31.617","shrub","low_north","winter","low"
"4602","3/12/2024","3:00","31.816","shrub","low_north","winter","low"
"4613","3/12/2024","9:00","31.816","shrub","low_north","winter","low"
"4622","3/12/2024","15:00","31.816","shrub","low_north","winter","low"
"4632","3/12/2024","21:00","32.018","shrub","low_north","winter","low"
"4642","3/13/2024","3:00","32.018","shrub","low_north","winter","low"
"4652","3/13/2024","9:00","31.816","shrub","low_north","winter","low"
"4662","3/13/2024","15:00","31.816","shrub","low_north","winter","low"
"4672","3/13/2024","21:00","31.816","shrub","low_north","winter","low"
"4682","3/14/2024","3:00","29.79","shrub","low_north","winter","low"
"4692","3/14/2024","9:00","29.174","shrub","low_north","winter","low"
"4702","3/14/2024","15:00","31.617","shrub","low_north","winter","low"
"4713","3/14/2024","21:00","31.816","shrub","low_north","winter","low"
"4722","3/15/2024","3:00","28.762","shrub","low_north","winter","low"
"4732","3/15/2024","9:00","27.721","shrub","low_north","winter","low"
"4742","3/15/2024","15:00","31.415","shrub","low_north","winter","low"
"4752","3/15/2024","21:00","32.218","shrub","low_north","winter","low"
"4762","3/16/2024","3:00","31.617","shrub","low_north","winter","low"
"4772","3/16/2024","9:00","30.403","shrub","low_north","winter","low"
"4782","3/16/2024","15:00","31.816","shrub","low_north","winter","low"
"4792","3/16/2024","21:00","32.018","shrub","low_north","winter","low"
"4802","3/17/2024","3:00","32.018","shrub","low_north","winter","low"
"4813","3/17/2024","9:00","31.816","shrub","low_north","winter","low"
"4822","3/17/2024","15:00","32.218","shrub","low_north","winter","low"
"4832","3/17/2024","21:00","32.018","shrub","low_north","winter","low"
"4842","3/18/2024","3:00","32.018","shrub","low_north","winter","low"
"4852","3/18/2024","9:00","32.018","shrub","low_north","winter","low"
"4862","3/18/2024","15:00","33.013","shrub","low_north","winter","low"
"4872","3/18/2024","21:00","32.218","shrub","low_north","winter","low"
"4882","3/19/2024","3:00","32.218","shrub","low_north","winter","low"
"4892","3/19/2024","9:00","32.018","shrub","low_north","winter","low"
"4902","3/19/2024","15:00","34.198","shrub","low_north","winter","low"
"4913","3/19/2024","21:00","32.218","shrub","low_north","winter","low"
"4922","3/20/2024","3:00","32.218","shrub","low_north","winter","low"
"4932","3/20/2024","9:00","32.218","shrub","low_north","winter","low"
"4942","3/20/2024","15:00","36.145","shrub","low_north","winter","low"
"4952","3/20/2024","21:00","32.418","shrub","low_north","winter","low"
"4962","3/21/2024","3:00","32.218","shrub","low_north","winter","low"
"4972","3/21/2024","9:00","32.218","shrub","low_north","winter","low"
"4982","3/21/2024","15:00","39.007","shrub","low_north","winter","low"
"4992","3/21/2024","21:00","33.013","shrub","low_north","winter","low"
"5002","3/22/2024","3:00","32.418","shrub","low_north","winter","low"
"5013","3/22/2024","9:00","32.418","shrub","low_north","winter","low"
"5022","3/22/2024","15:00","42.732","shrub","low_north","winter","low"
"5032","3/22/2024","21:00","35.951","shrub","low_north","winter","low"
"5042","3/23/2024","3:00","33.213","shrub","low_north","winter","low"
"5052","3/23/2024","9:00","35.175","shrub","low_north","winter","low"
"5062","3/23/2024","15:00","42.363","shrub","low_north","winter","low"
"5072","3/23/2024","21:00","36.723","shrub","low_north","winter","low"
"5082","3/24/2024","3:00","35.175","shrub","low_north","winter","low"
"5092","3/24/2024","9:00","34.394","shrub","low_north","winter","low"
"5103","3/24/2024","15:00","41.439","shrub","low_north","winter","low"
"5113","3/24/2024","21:00","34.981","shrub","low_north","winter","low"
"5122","3/25/2024","3:00","33.013","shrub","low_north","winter","low"
"5132","3/25/2024","9:00","33.013","shrub","low_north","winter","low"
"5142","3/25/2024","15:00","44.013","shrub","low_north","winter","low"
"5152","3/25/2024","21:00","35.175","shrub","low_north","winter","low"
"5162","3/26/2024","3:00","32.815","shrub","low_north","winter","low"
"5172","3/26/2024","9:00","32.815","shrub","low_north","winter","low"
"5182","3/26/2024","15:00","38.061","shrub","low_north","winter","low"
"5192","3/26/2024","21:00","34.981","shrub","low_north","winter","low"
"5202","3/27/2024","3:00","33.411","shrub","low_north","winter","low"
"5213","3/27/2024","9:00","33.213","shrub","low_north","winter","low"
"5222","3/27/2024","15:00","42.179","shrub","low_north","winter","low"
"5232","3/27/2024","21:00","37.87","shrub","low_north","winter","low"
"5242","3/28/2024","3:00","36.531","shrub","low_north","winter","low"
"5252","3/28/2024","9:00","35.37","shrub","low_north","winter","low"
"5262","3/28/2024","15:00","39.76","shrub","low_north","winter","low"
"5272","3/28/2024","21:00","34.786","shrub","low_north","winter","low"
"5282","3/29/2024","3:00","33.213","shrub","low_north","winter","low"
"5292","3/29/2024","9:00","33.213","shrub","low_north","winter","low"
"5302","3/29/2024","15:00","40.696","shrub","low_north","winter","low"
"5313","3/29/2024","21:00","35.175","shrub","low_north","winter","low"
"5322","3/30/2024","3:00","33.411","shrub","low_north","winter","low"
"5332","3/30/2024","9:00","33.213","shrub","low_north","winter","low"
"5342","3/30/2024","15:00","42.915","shrub","low_north","winter","low"
"5352","3/30/2024","21:00","37.87","shrub","low_north","winter","low"
"5362","3/31/2024","3:00","36.145","shrub","low_north","winter","low"
"5372","3/31/2024","9:00","37.488","shrub","low_north","winter","low"
"5382","3/31/2024","15:00","42.732","shrub","low_north","winter","low"
"5392","3/31/2024","21:00","37.488","shrub","low_north","winter","low"
"5402","4/1/2024","3:00","34.394","shrub","low_north","winter","low"
"5413","4/1/2024","9:00","34.002","shrub","low_north","winter","low"
"5422","4/1/2024","15:00","46.188","shrub","low_north","winter","low"
"5432","4/1/2024","21:00","38.061","shrub","low_north","winter","low"
"5442","4/2/2024","3:00","34.394","shrub","low_north","winter","low"
"5452","4/2/2024","9:00","34.198","shrub","low_north","winter","low"
"5462","4/2/2024","15:00","50.643","shrub","low_north","winter","low"
"5472","4/2/2024","21:00","42.548","shrub","low_north","winter","low"
"5482","4/3/2024","3:00","37.297","shrub","low_north","winter","low"
"5492","4/3/2024","9:00","38.818","shrub","low_north","winter","low"
"5502","4/3/2024","15:00","49.582","shrub","low_north","winter","low"
"5513","4/3/2024","21:00","43.466","shrub","low_north","winter","low"
"5522","4/4/2024","3:00","40.509","shrub","low_north","winter","low"
"5532","4/4/2024","9:00","42.179","shrub","low_north","winter","low"
"5542","4/4/2024","15:00","52.925","shrub","low_north","winter","low"
"5552","4/4/2024","21:00","45.104","shrub","low_north","winter","low"
"5562","4/5/2024","3:00","40.321","shrub","low_north","winter","low"
"5572","4/5/2024","9:00","42.548","shrub","low_north","winter","low"
"5582","4/5/2024","15:00","45.466","shrub","low_north","winter","low"
"5592","4/5/2024","21:00","40.509","shrub","low_north","winter","low"
"5602","4/6/2024","3:00","37.87","shrub","low_north","winter","low"
"5613","4/6/2024","9:00","38.061","shrub","low_north","winter","low"
"5622","4/6/2024","15:00","45.286","shrub","low_north","winter","low"
"5632","4/6/2024","21:00","40.321","shrub","low_north","winter","low"
"5642","4/7/2024","3:00","36.531","shrub","low_north","winter","low"
"5652","4/7/2024","9:00","38.44","shrub","low_north","winter","low"
"5662","4/7/2024","15:00","50.466","shrub","low_north","winter","low"
"5672","4/7/2024","21:00","40.509","shrub","low_north","winter","low"
"5682","4/8/2024","3:00","36.145","shrub","low_north","winter","low"
"5692","4/8/2024","9:00","35.564","shrub","low_north","winter","low"
"5702","4/8/2024","15:00","51.346","shrub","low_north","winter","low"
"5713","4/8/2024","21:00","40.696","shrub","low_north","winter","low"
"5722","4/9/2024","3:00","36.338","shrub","low_north","winter","low"
"5732","4/9/2024","9:00","39.007","shrub","low_north","winter","low"
"5742","4/9/2024","15:00","53.274","shrub","low_north","winter","low"
"5752","4/9/2024","21:00","42.732","shrub","low_north","winter","low"
"5762","4/10/2024","3:00","37.107","shrub","low_north","winter","low"
"5772","4/10/2024","9:00","38.44","shrub","low_north","winter","low"
"5782","4/10/2024","15:00","55.017","shrub","low_north","winter","low"
"5792","4/10/2024","21:00","44.379","shrub","low_north","winter","low"
"5802","4/11/2024","3:00","38.629","shrub","low_north","winter","low"
"5813","4/11/2024","9:00","40.509","shrub","low_north","winter","low"
"5822","4/11/2024","15:00","52.75","shrub","low_north","winter","low"
"5832","4/11/2024","21:00","45.466","shrub","low_north","winter","low"
"5842","4/12/2024","3:00","40.509","shrub","low_north","winter","low"
"5852","4/12/2024","9:00","44.379","shrub","low_north","winter","low"
"5862","4/12/2024","15:00","53.798","shrub","low_north","winter","low"
"5872","4/12/2024","21:00","47.982","shrub","low_north","winter","low"
"5882","4/13/2024","3:00","42.915","shrub","low_north","winter","low"
"5892","4/13/2024","9:00","46.548","shrub","low_north","winter","low"
"5902","4/13/2024","15:00","62.425","shrub","low_north","winter","low"
"5913","4/13/2024","21:00","49.937","shrub","low_north","winter","low"
"5922","4/14/2024","3:00","43.831","shrub","low_north","winter","low"
"5932","4/14/2024","9:00","47.446","shrub","low_north","winter","low"
"5942","4/14/2024","15:00","61.569","shrub","low_north","winter","low"
"5952","4/14/2024","21:00","50.113","shrub","low_north","winter","low"
"5962","4/15/2024","3:00","46.728","shrub","low_north","winter","low"
"5972","4/15/2024","9:00","46.908","shrub","low_north","winter","low"
"5982","4/15/2024","15:00","56.23","shrub","low_north","winter","low"
"5992","4/15/2024","21:00","48.517","shrub","low_north","winter","low"
"6002","4/16/2024","3:00","42.915","shrub","low_north","winter","low"
"6013","4/16/2024","9:00","45.828","shrub","low_north","winter","low"
"6022","4/16/2024","15:00","53.798","shrub","low_north","winter","low"
"6032","4/16/2024","21:00","47.982","shrub","low_north","winter","low"
"6042","4/17/2024","3:00","43.648","shrub","low_north","winter","low"
"6052","4/17/2024","9:00","42.548","shrub","low_north","winter","low"
"6062","4/17/2024","15:00","48.16","shrub","low_north","winter","low"
"6072","4/17/2024","21:00","40.509","shrub","low_north","winter","low"
"6082","4/18/2024","3:00","34.59","shrub","low_north","winter","low"
"6092","4/18/2024","9:00","35.564","shrub","low_north","winter","low"
"6102","4/18/2024","15:00","55.537","shrub","low_north","winter","low"
"6113","4/18/2024","21:00","41.625","shrub","low_north","winter","low"
"6122","4/19/2024","3:00","35.951","shrub","low_north","winter","low"
"6132","4/19/2024","9:00","38.629","shrub","low_north","winter","low"
"6142","4/19/2024","15:00","55.711","shrub","low_north","winter","low"
"6152","4/19/2024","21:00","41.81","shrub","low_north","winter","low"
"6162","4/20/2024","3:00","36.914","shrub","low_north","winter","low"
"6172","4/20/2024","9:00","39.947","shrub","low_north","winter","low"
"6182","4/20/2024","15:00","59.337","shrub","low_north","winter","low"
"6192","4/20/2024","21:00","45.104","shrub","low_north","winter","low"
"6202","4/21/2024","3:00","39.76","shrub","low_north","winter","low"
"6213","4/21/2024","9:00","45.104","shrub","low_north","winter","low"
"6222","4/21/2024","15:00","62.425","shrub","low_north","winter","low"
"6232","4/21/2024","21:00","49.228","shrub","low_north","winter","low"
"6242","4/22/2024","3:00","43.282","shrub","low_north","winter","low"
"6252","4/22/2024","9:00","45.466","shrub","low_north","winter","low"
"6262","4/22/2024","15:00","64.825","shrub","low_north","winter","low"
"6272","4/22/2024","21:00","49.228","shrub","low_north","winter","low"
"6282","4/23/2024","3:00","42.548","shrub","low_north","winter","low"
"6292","4/23/2024","9:00","46.188","shrub","low_north","winter","low"
"6302","4/23/2024","15:00","64.481","shrub","low_north","winter","low"
"6313","4/23/2024","21:00","50.113","shrub","low_north","winter","low"
"6322","4/24/2024","3:00","44.56","shrub","low_north","winter","low"
"6332","4/24/2024","9:00","49.228","shrub","low_north","winter","low"
"6342","4/24/2024","15:00","68.934","shrub","low_north","winter","low"
"2104","11/18/2023","15:00","40.134","shrub","high_gate","winter","high"
"3104","11/18/2023","21:00","32.018","shrub","high_gate","winter","high"
"4104","11/19/2023","3:00","34.198","shrub","high_gate","winter","high"
"5104","11/19/2023","9:00","36.338","shrub","high_gate","winter","high"
"643","11/19/2023","15:00","37.679","shrub","high_gate","winter","high"
"714","11/19/2023","21:00","34.002","shrub","high_gate","winter","high"
"814","11/20/2023","3:00","30.607","shrub","high_gate","winter","high"
"914","11/20/2023","9:00","29.995","shrub","high_gate","winter","high"
"1014","11/20/2023","15:00","32.617","shrub","high_gate","winter","high"
"1114","11/20/2023","21:00","28.346","shrub","high_gate","winter","high"
"1214","11/21/2023","3:00","27.511","shrub","high_gate","winter","high"
"1314","11/21/2023","9:00","29.586","shrub","high_gate","winter","high"
"1414","11/21/2023","15:00","32.617","shrub","high_gate","winter","high"
"1514","11/21/2023","21:00","28.555","shrub","high_gate","winter","high"
"1614","11/22/2023","3:00","27.091","shrub","high_gate","winter","high"
"1714","11/22/2023","9:00","28.969","shrub","high_gate","winter","high"
"1814","11/22/2023","15:00","34.394","shrub","high_gate","winter","high"
"1914","11/22/2023","21:00","32.218","shrub","high_gate","winter","high"
"2014","11/23/2023","3:00","31.213","shrub","high_gate","winter","high"
"2114","11/23/2023","9:00","31.213","shrub","high_gate","winter","high"
"2214","11/23/2023","15:00","33.013","shrub","high_gate","winter","high"
"2314","11/23/2023","21:00","31.617","shrub","high_gate","winter","high"
"2414","11/24/2023","3:00","31.213","shrub","high_gate","winter","high"
"2514","11/24/2023","9:00","30.198","shrub","high_gate","winter","high"
"2614","11/24/2023","15:00","31.213","shrub","high_gate","winter","high"
"2714","11/24/2023","21:00","27.93","shrub","high_gate","winter","high"
"2814","11/25/2023","3:00","26.881","shrub","high_gate","winter","high"
"2914","11/25/2023","9:00","27.091","shrub","high_gate","winter","high"
"3014","11/25/2023","15:00","29.995","shrub","high_gate","winter","high"
"3114","11/25/2023","21:00","27.721","shrub","high_gate","winter","high"
"3214","11/26/2023","3:00","27.721","shrub","high_gate","winter","high"
"3314","11/26/2023","9:00","28.346","shrub","high_gate","winter","high"
"3414","11/26/2023","15:00","29.79","shrub","high_gate","winter","high"
"3514","11/26/2023","21:00","28.346","shrub","high_gate","winter","high"
"3614","11/27/2023","3:00","27.93","shrub","high_gate","winter","high"
"3714","11/27/2023","9:00","28.139","shrub","high_gate","winter","high"
"3814","11/27/2023","15:00","31.213","shrub","high_gate","winter","high"
"3914","11/27/2023","21:00","24.744","shrub","high_gate","winter","high"
"4014","11/28/2023","3:00","23.875","shrub","high_gate","winter","high"
"4114","11/28/2023","9:00","24.526","shrub","high_gate","winter","high"
"4214","11/28/2023","15:00","29.79","shrub","high_gate","winter","high"
"4314","11/28/2023","21:00","24.744","shrub","high_gate","winter","high"
"4414","11/29/2023","3:00","23.216","shrub","high_gate","winter","high"
"4514","11/29/2023","9:00","24.526","shrub","high_gate","winter","high"
"4614","11/29/2023","15:00","29.379","shrub","high_gate","winter","high"
"4714","11/29/2023","21:00","24.093","shrub","high_gate","winter","high"
"4814","11/30/2023","3:00","23.436","shrub","high_gate","winter","high"
"4914","11/30/2023","9:00","22.995","shrub","high_gate","winter","high"
"5014","11/30/2023","15:00","30.607","shrub","high_gate","winter","high"
"5114","11/30/2023","21:00","25.819","shrub","high_gate","winter","high"
"5214","12/1/2023","3:00","25.39","shrub","high_gate","winter","high"
"5314","12/1/2023","9:00","25.174","shrub","high_gate","winter","high"
"5414","12/1/2023","15:00","28.762","shrub","high_gate","winter","high"
"5514","12/1/2023","21:00","27.93","shrub","high_gate","winter","high"
"5614","12/2/2023","3:00","27.511","shrub","high_gate","winter","high"
"5714","12/2/2023","9:00","27.511","shrub","high_gate","winter","high"
"5814","12/2/2023","15:00","28.555","shrub","high_gate","winter","high"
"5914","12/2/2023","21:00","28.346","shrub","high_gate","winter","high"
"6014","12/3/2023","3:00","25.605","shrub","high_gate","winter","high"
"6114","12/3/2023","9:00","26.458","shrub","high_gate","winter","high"
"6214","12/3/2023","15:00","29.586","shrub","high_gate","winter","high"
"6314","12/3/2023","21:00","28.969","shrub","high_gate","winter","high"
"644","12/4/2023","3:00","28.762","shrub","high_gate","winter","high"
"653","12/4/2023","9:00","29.586","shrub","high_gate","winter","high"
"663","12/4/2023","15:00","31.012","shrub","high_gate","winter","high"
"673","12/4/2023","21:00","31.213","shrub","high_gate","winter","high"
"683","12/5/2023","3:00","31.415","shrub","high_gate","winter","high"
"693","12/5/2023","9:00","31.617","shrub","high_gate","winter","high"
"703","12/5/2023","15:00","32.418","shrub","high_gate","winter","high"
"715","12/5/2023","21:00","32.418","shrub","high_gate","winter","high"
"723","12/6/2023","3:00","32.218","shrub","high_gate","winter","high"
"733","12/6/2023","9:00","32.218","shrub","high_gate","winter","high"
"743","12/6/2023","15:00","32.418","shrub","high_gate","winter","high"
"753","12/6/2023","21:00","32.218","shrub","high_gate","winter","high"
"763","12/7/2023","3:00","32.218","shrub","high_gate","winter","high"
"773","12/7/2023","9:00","32.218","shrub","high_gate","winter","high"
"783","12/7/2023","15:00","32.218","shrub","high_gate","winter","high"
"793","12/7/2023","21:00","30.403","shrub","high_gate","winter","high"
"803","12/8/2023","3:00","30.808","shrub","high_gate","winter","high"
"815","12/8/2023","9:00","30.403","shrub","high_gate","winter","high"
"823","12/8/2023","15:00","30.607","shrub","high_gate","winter","high"
"833","12/8/2023","21:00","28.762","shrub","high_gate","winter","high"
"843","12/9/2023","3:00","27.091","shrub","high_gate","winter","high"
"853","12/9/2023","9:00","25.605","shrub","high_gate","winter","high"
"863","12/9/2023","15:00","28.555","shrub","high_gate","winter","high"
"873","12/9/2023","21:00","27.721","shrub","high_gate","winter","high"
"883","12/10/2023","3:00","27.511","shrub","high_gate","winter","high"
"893","12/10/2023","9:00","27.93","shrub","high_gate","winter","high"
"903","12/10/2023","15:00","29.586","shrub","high_gate","winter","high"
"915","12/10/2023","21:00","29.379","shrub","high_gate","winter","high"
"923","12/11/2023","3:00","29.379","shrub","high_gate","winter","high"
"933","12/11/2023","9:00","29.586","shrub","high_gate","winter","high"
"943","12/11/2023","15:00","30.607","shrub","high_gate","winter","high"
"953","12/11/2023","21:00","30.198","shrub","high_gate","winter","high"
"963","12/12/2023","3:00","29.379","shrub","high_gate","winter","high"
"973","12/12/2023","9:00","28.346","shrub","high_gate","winter","high"
"983","12/12/2023","15:00","29.995","shrub","high_gate","winter","high"
"993","12/12/2023","21:00","28.762","shrub","high_gate","winter","high"
"1003","12/13/2023","3:00","27.511","shrub","high_gate","winter","high"
"1015","12/13/2023","9:00","27.091","shrub","high_gate","winter","high"
"1023","12/13/2023","15:00","29.174","shrub","high_gate","winter","high"
"1033","12/13/2023","21:00","28.139","shrub","high_gate","winter","high"
"1043","12/14/2023","3:00","26.881","shrub","high_gate","winter","high"
"1053","12/14/2023","9:00","26.031","shrub","high_gate","winter","high"
"1063","12/14/2023","15:00","28.346","shrub","high_gate","winter","high"
"1073","12/14/2023","21:00","27.091","shrub","high_gate","winter","high"
"1083","12/15/2023","3:00","26.245","shrub","high_gate","winter","high"
"1093","12/15/2023","9:00","25.819","shrub","high_gate","winter","high"
"1103","12/15/2023","15:00","28.555","shrub","high_gate","winter","high"
"1115","12/15/2023","21:00","27.511","shrub","high_gate","winter","high"
"1123","12/16/2023","3:00","26.668","shrub","high_gate","winter","high"
"1133","12/16/2023","9:00","26.031","shrub","high_gate","winter","high"
"1143","12/16/2023","15:00","28.762","shrub","high_gate","winter","high"
"1153","12/16/2023","21:00","27.091","shrub","high_gate","winter","high"
"1163","12/17/2023","3:00","26.031","shrub","high_gate","winter","high"
"1173","12/17/2023","9:00","25.174","shrub","high_gate","winter","high"
"1183","12/17/2023","15:00","28.139","shrub","high_gate","winter","high"
"1193","12/17/2023","21:00","26.881","shrub","high_gate","winter","high"
"1203","12/18/2023","3:00","25.605","shrub","high_gate","winter","high"
"1215","12/18/2023","9:00","25.819","shrub","high_gate","winter","high"
"1223","12/18/2023","15:00","28.762","shrub","high_gate","winter","high"
"1233","12/18/2023","21:00","28.139","shrub","high_gate","winter","high"
"1243","12/19/2023","3:00","27.511","shrub","high_gate","winter","high"
"1253","12/19/2023","9:00","28.346","shrub","high_gate","winter","high"
"1263","12/19/2023","15:00","30.808","shrub","high_gate","winter","high"
"1273","12/19/2023","21:00","29.79","shrub","high_gate","winter","high"
"1283","12/20/2023","3:00","29.379","shrub","high_gate","winter","high"
"1293","12/20/2023","9:00","29.995","shrub","high_gate","winter","high"
"1303","12/20/2023","15:00","32.218","shrub","high_gate","winter","high"
"1315","12/20/2023","21:00","32.218","shrub","high_gate","winter","high"
"1323","12/21/2023","3:00","30.198","shrub","high_gate","winter","high"
"1333","12/21/2023","9:00","30.808","shrub","high_gate","winter","high"
"1343","12/21/2023","15:00","32.218","shrub","high_gate","winter","high"
"1353","12/21/2023","21:00","32.418","shrub","high_gate","winter","high"
"1363","12/22/2023","3:00","32.218","shrub","high_gate","winter","high"
"1373","12/22/2023","9:00","32.218","shrub","high_gate","winter","high"
"1383","12/22/2023","15:00","32.418","shrub","high_gate","winter","high"
"1393","12/22/2023","21:00","32.418","shrub","high_gate","winter","high"
"1403","12/23/2023","3:00","32.418","shrub","high_gate","winter","high"
"1415","12/23/2023","9:00","32.418","shrub","high_gate","winter","high"
"1423","12/23/2023","15:00","31.816","shrub","high_gate","winter","high"
"1433","12/23/2023","21:00","30.808","shrub","high_gate","winter","high"
"1443","12/24/2023","3:00","28.762","shrub","high_gate","winter","high"
"1453","12/24/2023","9:00","26.458","shrub","high_gate","winter","high"
"1463","12/24/2023","15:00","28.139","shrub","high_gate","winter","high"
"1473","12/24/2023","21:00","25.605","shrub","high_gate","winter","high"
"1483","12/25/2023","3:00","23.655","shrub","high_gate","winter","high"
"1493","12/25/2023","9:00","24.31","shrub","high_gate","winter","high"
"1503","12/25/2023","15:00","25.605","shrub","high_gate","winter","high"
"1515","12/25/2023","21:00","22.552","shrub","high_gate","winter","high"
"1523","12/26/2023","3:00","20.757","shrub","high_gate","winter","high"
"1533","12/26/2023","9:00","19.843","shrub","high_gate","winter","high"
"1543","12/26/2023","15:00","24.744","shrub","high_gate","winter","high"
"1553","12/26/2023","21:00","23.216","shrub","high_gate","winter","high"
"1563","12/27/2023","3:00","23.436","shrub","high_gate","winter","high"
"1573","12/27/2023","9:00","24.093","shrub","high_gate","winter","high"
"1583","12/27/2023","15:00","26.458","shrub","high_gate","winter","high"
"1593","12/27/2023","21:00","24.093","shrub","high_gate","winter","high"
"1603","12/28/2023","3:00","24.526","shrub","high_gate","winter","high"
"1615","12/28/2023","9:00","24.31","shrub","high_gate","winter","high"
"1623","12/28/2023","15:00","27.511","shrub","high_gate","winter","high"
"1633","12/28/2023","21:00","25.39","shrub","high_gate","winter","high"
"1643","12/29/2023","3:00","24.526","shrub","high_gate","winter","high"
"1653","12/29/2023","9:00","24.744","shrub","high_gate","winter","high"
"1663","12/29/2023","15:00","29.174","shrub","high_gate","winter","high"
"1673","12/29/2023","21:00","27.091","shrub","high_gate","winter","high"
"1683","12/30/2023","3:00","25.819","shrub","high_gate","winter","high"
"1693","12/30/2023","9:00","25.605","shrub","high_gate","winter","high"
"1703","12/30/2023","15:00","30.403","shrub","high_gate","winter","high"
"1715","12/30/2023","21:00","28.969","shrub","high_gate","winter","high"
"1723","12/31/2023","3:00","26.881","shrub","high_gate","winter","high"
"1733","12/31/2023","9:00","26.031","shrub","high_gate","winter","high"
"1743","12/31/2023","15:00","30.403","shrub","high_gate","winter","high"
"1753","12/31/2023","21:00","25.605","shrub","high_gate","winter","high"
"1763","1/1/2024","3:00","23.655","shrub","high_gate","winter","high"
"1773","1/1/2024","9:00","22.995","shrub","high_gate","winter","high"
"1783","1/1/2024","15:00","30.198","shrub","high_gate","winter","high"
"1793","1/1/2024","21:00","25.39","shrub","high_gate","winter","high"
"1803","1/2/2024","3:00","22.552","shrub","high_gate","winter","high"
"1815","1/2/2024","9:00","23.216","shrub","high_gate","winter","high"
"1823","1/2/2024","15:00","28.555","shrub","high_gate","winter","high"
"1833","1/2/2024","21:00","23.875","shrub","high_gate","winter","high"
"1843","1/3/2024","3:00","21.659","shrub","high_gate","winter","high"
"1853","1/3/2024","9:00","20.984","shrub","high_gate","winter","high"
"1863","1/3/2024","15:00","28.346","shrub","high_gate","winter","high"
"1873","1/3/2024","21:00","25.605","shrub","high_gate","winter","high"
"1883","1/4/2024","3:00","26.031","shrub","high_gate","winter","high"
"1893","1/4/2024","9:00","25.605","shrub","high_gate","winter","high"
"1903","1/4/2024","15:00","30.403","shrub","high_gate","winter","high"
"1915","1/4/2024","21:00","28.346","shrub","high_gate","winter","high"
"1923","1/5/2024","3:00","27.511","shrub","high_gate","winter","high"
"1933","1/5/2024","9:00","26.881","shrub","high_gate","winter","high"
"1943","1/5/2024","15:00","28.346","shrub","high_gate","winter","high"
"1953","1/5/2024","21:00","23.436","shrub","high_gate","winter","high"
"1963","1/6/2024","3:00","21.209","shrub","high_gate","winter","high"
"1973","1/6/2024","9:00","22.33","shrub","high_gate","winter","high"
"1983","1/6/2024","15:00","26.245","shrub","high_gate","winter","high"
"1993","1/6/2024","21:00","24.96","shrub","high_gate","winter","high"
"2003","1/7/2024","3:00","25.39","shrub","high_gate","winter","high"
"2015","1/7/2024","9:00","25.174","shrub","high_gate","winter","high"
"2023","1/7/2024","15:00","26.031","shrub","high_gate","winter","high"
"2033","1/7/2024","21:00","25.39","shrub","high_gate","winter","high"
"2043","1/8/2024","3:00","23.875","shrub","high_gate","winter","high"
"2053","1/8/2024","9:00","23.216","shrub","high_gate","winter","high"
"2063","1/8/2024","15:00","24.744","shrub","high_gate","winter","high"
"2073","1/8/2024","21:00","24.526","shrub","high_gate","winter","high"
"2083","1/9/2024","3:00","24.093","shrub","high_gate","winter","high"
"2093","1/9/2024","9:00","24.526","shrub","high_gate","winter","high"
"2105","1/9/2024","15:00","25.174","shrub","high_gate","winter","high"
"2115","1/9/2024","21:00","25.174","shrub","high_gate","winter","high"
"2123","1/10/2024","3:00","25.174","shrub","high_gate","winter","high"
"2133","1/10/2024","9:00","25.174","shrub","high_gate","winter","high"
"2143","1/10/2024","15:00","25.605","shrub","high_gate","winter","high"
"2153","1/10/2024","21:00","25.819","shrub","high_gate","winter","high"
"2163","1/11/2024","3:00","25.819","shrub","high_gate","winter","high"
"2173","1/11/2024","9:00","25.174","shrub","high_gate","winter","high"
"2183","1/11/2024","15:00","25.174","shrub","high_gate","winter","high"
"2193","1/11/2024","21:00","25.39","shrub","high_gate","winter","high"
"2203","1/12/2024","3:00","25.605","shrub","high_gate","winter","high"
"2215","1/12/2024","9:00","25.819","shrub","high_gate","winter","high"
"2223","1/12/2024","15:00","25.605","shrub","high_gate","winter","high"
"2233","1/12/2024","21:00","23.655","shrub","high_gate","winter","high"
"2243","1/13/2024","3:00","20.529","shrub","high_gate","winter","high"
"2253","1/13/2024","9:00","19.382","shrub","high_gate","winter","high"
"2263","1/13/2024","15:00","20.302","shrub","high_gate","winter","high"
"2273","1/13/2024","21:00","19.843","shrub","high_gate","winter","high"
"2283","1/14/2024","3:00","19.843","shrub","high_gate","winter","high"
"2293","1/14/2024","9:00","19.843","shrub","high_gate","winter","high"
"2303","1/14/2024","15:00","21.209","shrub","high_gate","winter","high"
"2315","1/14/2024","21:00","22.33","shrub","high_gate","winter","high"
"2323","1/15/2024","3:00","21.884","shrub","high_gate","winter","high"
"2333","1/15/2024","9:00","20.073","shrub","high_gate","winter","high"
"2343","1/15/2024","15:00","20.302","shrub","high_gate","winter","high"
"2353","1/15/2024","21:00","19.843","shrub","high_gate","winter","high"
"2363","1/16/2024","3:00","18.685","shrub","high_gate","winter","high"
"2373","1/16/2024","9:00","18.451","shrub","high_gate","winter","high"
"2383","1/16/2024","15:00","19.382","shrub","high_gate","winter","high"
"2393","1/16/2024","21:00","19.843","shrub","high_gate","winter","high"
"2403","1/17/2024","3:00","20.302","shrub","high_gate","winter","high"
"2415","1/17/2024","9:00","21.209","shrub","high_gate","winter","high"
"2423","1/17/2024","15:00","22.33","shrub","high_gate","winter","high"
"2433","1/17/2024","21:00","22.995","shrub","high_gate","winter","high"
"2443","1/18/2024","3:00","23.436","shrub","high_gate","winter","high"
"2453","1/18/2024","9:00","23.436","shrub","high_gate","winter","high"
"2463","1/18/2024","15:00","24.093","shrub","high_gate","winter","high"
"2473","1/18/2024","21:00","24.526","shrub","high_gate","winter","high"
"2483","1/19/2024","3:00","24.744","shrub","high_gate","winter","high"
"2493","1/19/2024","9:00","25.174","shrub","high_gate","winter","high"
"2503","1/19/2024","15:00","26.031","shrub","high_gate","winter","high"
"2515","1/19/2024","21:00","26.458","shrub","high_gate","winter","high"
"2523","1/20/2024","3:00","26.458","shrub","high_gate","winter","high"
"2533","1/20/2024","9:00","26.668","shrub","high_gate","winter","high"
"2543","1/20/2024","15:00","28.555","shrub","high_gate","winter","high"
"2553","1/20/2024","21:00","28.762","shrub","high_gate","winter","high"
"2563","1/21/2024","3:00","28.762","shrub","high_gate","winter","high"
"2573","1/21/2024","9:00","28.762","shrub","high_gate","winter","high"
"2583","1/21/2024","15:00","28.969","shrub","high_gate","winter","high"
"2593","1/21/2024","21:00","29.174","shrub","high_gate","winter","high"
"2603","1/22/2024","3:00","29.379","shrub","high_gate","winter","high"
"2615","1/22/2024","9:00","29.379","shrub","high_gate","winter","high"
"2623","1/22/2024","15:00","29.79","shrub","high_gate","winter","high"
"2633","1/22/2024","21:00","29.995","shrub","high_gate","winter","high"
"2643","1/23/2024","3:00","29.995","shrub","high_gate","winter","high"
"2653","1/23/2024","9:00","29.995","shrub","high_gate","winter","high"
"2663","1/23/2024","15:00","31.415","shrub","high_gate","winter","high"
"2673","1/23/2024","21:00","31.415","shrub","high_gate","winter","high"
"2683","1/24/2024","3:00","31.012","shrub","high_gate","winter","high"
"2693","1/24/2024","9:00","30.808","shrub","high_gate","winter","high"
"2703","1/24/2024","15:00","30.808","shrub","high_gate","winter","high"
"2715","1/24/2024","21:00","30.808","shrub","high_gate","winter","high"
"2723","1/25/2024","3:00","30.808","shrub","high_gate","winter","high"
"2733","1/25/2024","9:00","30.607","shrub","high_gate","winter","high"
"2743","1/25/2024","15:00","30.808","shrub","high_gate","winter","high"
"2753","1/25/2024","21:00","30.808","shrub","high_gate","winter","high"
"2763","1/26/2024","3:00","30.808","shrub","high_gate","winter","high"
"2773","1/26/2024","9:00","29.79","shrub","high_gate","winter","high"
"2783","1/26/2024","15:00","29.995","shrub","high_gate","winter","high"
"2793","1/26/2024","21:00","29.995","shrub","high_gate","winter","high"
"2803","1/27/2024","3:00","29.79","shrub","high_gate","winter","high"
"2815","1/27/2024","9:00","29.79","shrub","high_gate","winter","high"
"2823","1/27/2024","15:00","30.403","shrub","high_gate","winter","high"
"2833","1/27/2024","21:00","30.403","shrub","high_gate","winter","high"
"2843","1/28/2024","3:00","30.198","shrub","high_gate","winter","high"
"2853","1/28/2024","9:00","30.198","shrub","high_gate","winter","high"
"2863","1/28/2024","15:00","30.607","shrub","high_gate","winter","high"
"2873","1/28/2024","21:00","31.617","shrub","high_gate","winter","high"
"2883","1/29/2024","3:00","31.617","shrub","high_gate","winter","high"
"2893","1/29/2024","9:00","31.617","shrub","high_gate","winter","high"
"2903","1/29/2024","15:00","32.018","shrub","high_gate","winter","high"
"2915","1/29/2024","21:00","32.018","shrub","high_gate","winter","high"
"2923","1/30/2024","3:00","32.018","shrub","high_gate","winter","high"
"2933","1/30/2024","9:00","32.018","shrub","high_gate","winter","high"
"2943","1/30/2024","15:00","32.218","shrub","high_gate","winter","high"
"2953","1/30/2024","21:00","32.218","shrub","high_gate","winter","high"
"2963","1/31/2024","3:00","32.218","shrub","high_gate","winter","high"
"2973","1/31/2024","9:00","32.018","shrub","high_gate","winter","high"
"2983","1/31/2024","15:00","32.218","shrub","high_gate","winter","high"
"2993","1/31/2024","21:00","32.218","shrub","high_gate","winter","high"
"3003","2/1/2024","3:00","32.218","shrub","high_gate","winter","high"
"3015","2/1/2024","9:00","32.018","shrub","high_gate","winter","high"
"3023","2/1/2024","15:00","32.218","shrub","high_gate","winter","high"
"3033","2/1/2024","21:00","32.218","shrub","high_gate","winter","high"
"3043","2/2/2024","3:00","32.218","shrub","high_gate","winter","high"
"3053","2/2/2024","9:00","32.218","shrub","high_gate","winter","high"
"3063","2/2/2024","15:00","32.418","shrub","high_gate","winter","high"
"3073","2/2/2024","21:00","32.218","shrub","high_gate","winter","high"
"3083","2/3/2024","3:00","32.218","shrub","high_gate","winter","high"
"3093","2/3/2024","9:00","32.418","shrub","high_gate","winter","high"
"3105","2/3/2024","15:00","32.418","shrub","high_gate","winter","high"
"3115","2/3/2024","21:00","32.418","shrub","high_gate","winter","high"
"3123","2/4/2024","3:00","32.418","shrub","high_gate","winter","high"
"3133","2/4/2024","9:00","32.418","shrub","high_gate","winter","high"
"3143","2/4/2024","15:00","32.418","shrub","high_gate","winter","high"
"3153","2/4/2024","21:00","32.418","shrub","high_gate","winter","high"
"3163","2/5/2024","3:00","32.418","shrub","high_gate","winter","high"
"3173","2/5/2024","9:00","32.418","shrub","high_gate","winter","high"
"3183","2/5/2024","15:00","32.218","shrub","high_gate","winter","high"
"3193","2/5/2024","21:00","32.218","shrub","high_gate","winter","high"
"3203","2/6/2024","3:00","32.418","shrub","high_gate","winter","high"
"3215","2/6/2024","9:00","32.218","shrub","high_gate","winter","high"
"3223","2/6/2024","15:00","32.218","shrub","high_gate","winter","high"
"3233","2/6/2024","21:00","32.418","shrub","high_gate","winter","high"
"3243","2/7/2024","3:00","32.418","shrub","high_gate","winter","high"
"3253","2/7/2024","9:00","32.418","shrub","high_gate","winter","high"
"3263","2/7/2024","15:00","32.418","shrub","high_gate","winter","high"
"3273","2/7/2024","21:00","32.218","shrub","high_gate","winter","high"
"3283","2/8/2024","3:00","32.418","shrub","high_gate","winter","high"
"3293","2/8/2024","9:00","32.418","shrub","high_gate","winter","high"
"3303","2/8/2024","15:00","32.418","shrub","high_gate","winter","high"
"3315","2/8/2024","21:00","32.418","shrub","high_gate","winter","high"
"3323","2/9/2024","3:00","32.418","shrub","high_gate","winter","high"
"3333","2/9/2024","9:00","32.418","shrub","high_gate","winter","high"
"3343","2/9/2024","15:00","32.418","shrub","high_gate","winter","high"
"3353","2/9/2024","21:00","32.418","shrub","high_gate","winter","high"
"3363","2/10/2024","3:00","32.218","shrub","high_gate","winter","high"
"3373","2/10/2024","9:00","32.218","shrub","high_gate","winter","high"
"3383","2/10/2024","15:00","32.218","shrub","high_gate","winter","high"
"3393","2/10/2024","21:00","32.218","shrub","high_gate","winter","high"
"3403","2/11/2024","3:00","32.218","shrub","high_gate","winter","high"
"3415","2/11/2024","9:00","32.018","shrub","high_gate","winter","high"
"3423","2/11/2024","15:00","32.018","shrub","high_gate","winter","high"
"3433","2/11/2024","21:00","32.218","shrub","high_gate","winter","high"
"3443","2/12/2024","3:00","32.018","shrub","high_gate","winter","high"
"3453","2/12/2024","9:00","32.218","shrub","high_gate","winter","high"
"3463","2/12/2024","15:00","32.018","shrub","high_gate","winter","high"
"3473","2/12/2024","21:00","32.218","shrub","high_gate","winter","high"
"3483","2/13/2024","3:00","32.018","shrub","high_gate","winter","high"
"3493","2/13/2024","9:00","32.018","shrub","high_gate","winter","high"
"3503","2/13/2024","15:00","32.018","shrub","high_gate","winter","high"
"3515","2/13/2024","21:00","32.018","shrub","high_gate","winter","high"
"3523","2/14/2024","3:00","32.018","shrub","high_gate","winter","high"
"3533","2/14/2024","9:00","31.816","shrub","high_gate","winter","high"
"3543","2/14/2024","15:00","31.816","shrub","high_gate","winter","high"
"3553","2/14/2024","21:00","31.816","shrub","high_gate","winter","high"
"3563","2/15/2024","3:00","31.816","shrub","high_gate","winter","high"
"3573","2/15/2024","9:00","32.018","shrub","high_gate","winter","high"
"3583","2/15/2024","15:00","32.018","shrub","high_gate","winter","high"
"3593","2/15/2024","21:00","32.218","shrub","high_gate","winter","high"
"3603","2/16/2024","3:00","32.218","shrub","high_gate","winter","high"
"3615","2/16/2024","9:00","32.218","shrub","high_gate","winter","high"
"3623","2/16/2024","15:00","31.816","shrub","high_gate","winter","high"
"3633","2/16/2024","21:00","31.617","shrub","high_gate","winter","high"
"3643","2/17/2024","3:00","31.213","shrub","high_gate","winter","high"
"3653","2/17/2024","9:00","30.808","shrub","high_gate","winter","high"
"3663","2/17/2024","15:00","30.607","shrub","high_gate","winter","high"
"3673","2/17/2024","21:00","30.808","shrub","high_gate","winter","high"
"3683","2/18/2024","3:00","30.607","shrub","high_gate","winter","high"
"3693","2/18/2024","9:00","30.607","shrub","high_gate","winter","high"
"3703","2/18/2024","15:00","30.808","shrub","high_gate","winter","high"
"3715","2/18/2024","21:00","31.012","shrub","high_gate","winter","high"
"3723","2/19/2024","3:00","31.213","shrub","high_gate","winter","high"
"3733","2/19/2024","9:00","31.415","shrub","high_gate","winter","high"
"3743","2/19/2024","15:00","31.415","shrub","high_gate","winter","high"
"3753","2/19/2024","21:00","31.617","shrub","high_gate","winter","high"
"3763","2/20/2024","3:00","31.617","shrub","high_gate","winter","high"
"3773","2/20/2024","9:00","31.816","shrub","high_gate","winter","high"
"3783","2/20/2024","15:00","31.816","shrub","high_gate","winter","high"
"3793","2/20/2024","21:00","31.816","shrub","high_gate","winter","high"
"3803","2/21/2024","3:00","32.018","shrub","high_gate","winter","high"
"3815","2/21/2024","9:00","32.018","shrub","high_gate","winter","high"
"3823","2/21/2024","15:00","32.018","shrub","high_gate","winter","high"
"3833","2/21/2024","21:00","32.018","shrub","high_gate","winter","high"
"3843","2/22/2024","3:00","32.018","shrub","high_gate","winter","high"
"3853","2/22/2024","9:00","32.018","shrub","high_gate","winter","high"
"3863","2/22/2024","15:00","32.018","shrub","high_gate","winter","high"
"3873","2/22/2024","21:00","32.018","shrub","high_gate","winter","high"
"3883","2/23/2024","3:00","32.018","shrub","high_gate","winter","high"
"3893","2/23/2024","9:00","32.018","shrub","high_gate","winter","high"
"3903","2/23/2024","15:00","32.018","shrub","high_gate","winter","high"
"3915","2/23/2024","21:00","32.018","shrub","high_gate","winter","high"
"3923","2/24/2024","3:00","32.018","shrub","high_gate","winter","high"
"3933","2/24/2024","9:00","31.816","shrub","high_gate","winter","high"
"3943","2/24/2024","15:00","31.816","shrub","high_gate","winter","high"
"3953","2/24/2024","21:00","32.018","shrub","high_gate","winter","high"
"3963","2/25/2024","3:00","32.018","shrub","high_gate","winter","high"
"3973","2/25/2024","9:00","32.018","shrub","high_gate","winter","high"
"3983","2/25/2024","15:00","32.018","shrub","high_gate","winter","high"
"3993","2/25/2024","21:00","32.018","shrub","high_gate","winter","high"
"4003","2/26/2024","3:00","32.018","shrub","high_gate","winter","high"
"4015","2/26/2024","9:00","32.018","shrub","high_gate","winter","high"
"4023","2/26/2024","15:00","32.018","shrub","high_gate","winter","high"
"4033","2/26/2024","21:00","32.018","shrub","high_gate","winter","high"
"4043","2/27/2024","3:00","31.816","shrub","high_gate","winter","high"
"4053","2/27/2024","9:00","31.415","shrub","high_gate","winter","high"
"4063","2/27/2024","15:00","31.213","shrub","high_gate","winter","high"
"4073","2/27/2024","21:00","31.213","shrub","high_gate","winter","high"
"4083","2/28/2024","3:00","30.808","shrub","high_gate","winter","high"
"4093","2/28/2024","9:00","30.607","shrub","high_gate","winter","high"
"4105","2/28/2024","15:00","30.607","shrub","high_gate","winter","high"
"4115","2/28/2024","21:00","30.808","shrub","high_gate","winter","high"
"4123","2/29/2024","3:00","31.012","shrub","high_gate","winter","high"
"4133","2/29/2024","9:00","30.808","shrub","high_gate","winter","high"
"4143","2/29/2024","15:00","30.808","shrub","high_gate","winter","high"
"4153","2/29/2024","21:00","31.213","shrub","high_gate","winter","high"
"4163","3/1/2024","3:00","31.415","shrub","high_gate","winter","high"
"4173","3/1/2024","9:00","31.415","shrub","high_gate","winter","high"
"4183","3/1/2024","15:00","31.415","shrub","high_gate","winter","high"
"4193","3/1/2024","21:00","31.617","shrub","high_gate","winter","high"
"4203","3/2/2024","3:00","31.617","shrub","high_gate","winter","high"
"4215","3/2/2024","9:00","31.617","shrub","high_gate","winter","high"
"4223","3/2/2024","15:00","31.617","shrub","high_gate","winter","high"
"4233","3/2/2024","21:00","31.816","shrub","high_gate","winter","high"
"4243","3/3/2024","3:00","31.816","shrub","high_gate","winter","high"
"4253","3/3/2024","9:00","31.816","shrub","high_gate","winter","high"
"4263","3/3/2024","15:00","31.617","shrub","high_gate","winter","high"
"4273","3/3/2024","21:00","31.816","shrub","high_gate","winter","high"
"4283","3/4/2024","3:00","31.617","shrub","high_gate","winter","high"
"4293","3/4/2024","9:00","31.617","shrub","high_gate","winter","high"
"4303","3/4/2024","15:00","31.617","shrub","high_gate","winter","high"
"4315","3/4/2024","21:00","31.617","shrub","high_gate","winter","high"
"4323","3/5/2024","3:00","31.617","shrub","high_gate","winter","high"
"4333","3/5/2024","9:00","31.617","shrub","high_gate","winter","high"
"4343","3/5/2024","15:00","31.617","shrub","high_gate","winter","high"
"4353","3/5/2024","21:00","31.617","shrub","high_gate","winter","high"
"4363","3/6/2024","3:00","31.617","shrub","high_gate","winter","high"
"4373","3/6/2024","9:00","31.617","shrub","high_gate","winter","high"
"4383","3/6/2024","15:00","31.617","shrub","high_gate","winter","high"
"4393","3/6/2024","21:00","31.617","shrub","high_gate","winter","high"
"4403","3/7/2024","3:00","31.816","shrub","high_gate","winter","high"
"4415","3/7/2024","9:00","31.816","shrub","high_gate","winter","high"
"4423","3/7/2024","15:00","31.816","shrub","high_gate","winter","high"
"4433","3/7/2024","21:00","31.816","shrub","high_gate","winter","high"
"4443","3/8/2024","3:00","31.816","shrub","high_gate","winter","high"
"4453","3/8/2024","9:00","31.617","shrub","high_gate","winter","high"
"4463","3/8/2024","15:00","31.415","shrub","high_gate","winter","high"
"4473","3/8/2024","21:00","31.415","shrub","high_gate","winter","high"
"4483","3/9/2024","3:00","31.617","shrub","high_gate","winter","high"
"4493","3/9/2024","9:00","31.415","shrub","high_gate","winter","high"
"4503","3/9/2024","15:00","31.415","shrub","high_gate","winter","high"
"4515","3/9/2024","21:00","31.415","shrub","high_gate","winter","high"
"4523","3/10/2024","3:00","31.617","shrub","high_gate","winter","high"
"4533","3/10/2024","9:00","31.617","shrub","high_gate","winter","high"
"4543","3/10/2024","15:00","31.617","shrub","high_gate","winter","high"
"4553","3/10/2024","21:00","31.617","shrub","high_gate","winter","high"
"4563","3/11/2024","3:00","31.617","shrub","high_gate","winter","high"
"4573","3/11/2024","9:00","31.816","shrub","high_gate","winter","high"
"4583","3/11/2024","15:00","31.617","shrub","high_gate","winter","high"
"4593","3/11/2024","21:00","31.816","shrub","high_gate","winter","high"
"4603","3/12/2024","3:00","32.018","shrub","high_gate","winter","high"
"4615","3/12/2024","9:00","32.018","shrub","high_gate","winter","high"
"4623","3/12/2024","15:00","32.018","shrub","high_gate","winter","high"
"4633","3/12/2024","21:00","32.018","shrub","high_gate","winter","high"
"4643","3/13/2024","3:00","32.018","shrub","high_gate","winter","high"
"4653","3/13/2024","9:00","32.018","shrub","high_gate","winter","high"
"4663","3/13/2024","15:00","32.218","shrub","high_gate","winter","high"
"4673","3/13/2024","21:00","32.218","shrub","high_gate","winter","high"
"4683","3/14/2024","3:00","32.218","shrub","high_gate","winter","high"
"4693","3/14/2024","9:00","32.218","shrub","high_gate","winter","high"
"4703","3/14/2024","15:00","32.218","shrub","high_gate","winter","high"
"4715","3/14/2024","21:00","32.218","shrub","high_gate","winter","high"
"4723","3/15/2024","3:00","32.218","shrub","high_gate","winter","high"
"4733","3/15/2024","9:00","32.018","shrub","high_gate","winter","high"
"4743","3/15/2024","15:00","32.018","shrub","high_gate","winter","high"
"4753","3/15/2024","21:00","32.218","shrub","high_gate","winter","high"
"4763","3/16/2024","3:00","32.218","shrub","high_gate","winter","high"
"4773","3/16/2024","9:00","32.218","shrub","high_gate","winter","high"
"4783","3/16/2024","15:00","32.218","shrub","high_gate","winter","high"
"4793","3/16/2024","21:00","32.218","shrub","high_gate","winter","high"
"4803","3/17/2024","3:00","32.218","shrub","high_gate","winter","high"
"4815","3/17/2024","9:00","32.218","shrub","high_gate","winter","high"
"4823","3/17/2024","15:00","32.218","shrub","high_gate","winter","high"
"4833","3/17/2024","21:00","32.218","shrub","high_gate","winter","high"
"4843","3/18/2024","3:00","32.218","shrub","high_gate","winter","high"
"4853","3/18/2024","9:00","32.218","shrub","high_gate","winter","high"
"4863","3/18/2024","15:00","32.418","shrub","high_gate","winter","high"
"4873","3/18/2024","21:00","32.218","shrub","high_gate","winter","high"
"4883","3/19/2024","3:00","32.418","shrub","high_gate","winter","high"
"4893","3/19/2024","9:00","32.218","shrub","high_gate","winter","high"
"4903","3/19/2024","15:00","32.418","shrub","high_gate","winter","high"
"4915","3/19/2024","21:00","32.418","shrub","high_gate","winter","high"
"4923","3/20/2024","3:00","32.218","shrub","high_gate","winter","high"
"4933","3/20/2024","9:00","32.418","shrub","high_gate","winter","high"
"4943","3/20/2024","15:00","32.418","shrub","high_gate","winter","high"
"4953","3/20/2024","21:00","32.418","shrub","high_gate","winter","high"
"4963","3/21/2024","3:00","32.418","shrub","high_gate","winter","high"
"4973","3/21/2024","9:00","32.418","shrub","high_gate","winter","high"
"4983","3/21/2024","15:00","32.418","shrub","high_gate","winter","high"
"4993","3/21/2024","21:00","32.418","shrub","high_gate","winter","high"
"5003","3/22/2024","3:00","32.418","shrub","high_gate","winter","high"
"5015","3/22/2024","9:00","32.218","shrub","high_gate","winter","high"
"5023","3/22/2024","15:00","32.418","shrub","high_gate","winter","high"
"5033","3/22/2024","21:00","32.418","shrub","high_gate","winter","high"
"5043","3/23/2024","3:00","32.418","shrub","high_gate","winter","high"
"5053","3/23/2024","9:00","32.418","shrub","high_gate","winter","high"
"5063","3/23/2024","15:00","34.198","shrub","high_gate","winter","high"
"5073","3/23/2024","21:00","32.418","shrub","high_gate","winter","high"
"5083","3/24/2024","3:00","32.418","shrub","high_gate","winter","high"
"5093","3/24/2024","9:00","32.418","shrub","high_gate","winter","high"
"5105","3/24/2024","15:00","35.951","shrub","high_gate","winter","high"
"5115","3/24/2024","21:00","32.218","shrub","high_gate","winter","high"
"5123","3/25/2024","3:00","29.79","shrub","high_gate","winter","high"
"5133","3/25/2024","9:00","32.218","shrub","high_gate","winter","high"
"5143","3/25/2024","15:00","34.002","shrub","high_gate","winter","high"
"5153","3/25/2024","21:00","32.218","shrub","high_gate","winter","high"
"5163","3/26/2024","3:00","29.174","shrub","high_gate","winter","high"
"5173","3/26/2024","9:00","32.218","shrub","high_gate","winter","high"
"5183","3/26/2024","15:00","34.981","shrub","high_gate","winter","high"
"5193","3/26/2024","21:00","32.418","shrub","high_gate","winter","high"
"5203","3/27/2024","3:00","31.617","shrub","high_gate","winter","high"
"5215","3/27/2024","9:00","32.218","shrub","high_gate","winter","high"
"5223","3/27/2024","15:00","37.297","shrub","high_gate","winter","high"
"5233","3/27/2024","21:00","32.418","shrub","high_gate","winter","high"
"5243","3/28/2024","3:00","32.418","shrub","high_gate","winter","high"
"5253","3/28/2024","9:00","32.418","shrub","high_gate","winter","high"
"5263","3/28/2024","15:00","32.418","shrub","high_gate","winter","high"
"5273","3/28/2024","21:00","32.418","shrub","high_gate","winter","high"
"5283","3/29/2024","3:00","32.418","shrub","high_gate","winter","high"
"5293","3/29/2024","9:00","32.418","shrub","high_gate","winter","high"
"5303","3/29/2024","15:00","32.418","shrub","high_gate","winter","high"
"5315","3/29/2024","21:00","32.418","shrub","high_gate","winter","high"
"5323","3/30/2024","3:00","31.617","shrub","high_gate","winter","high"
"5333","3/30/2024","9:00","32.018","shrub","high_gate","winter","high"
"5343","3/30/2024","15:00","36.914","shrub","high_gate","winter","high"
"5353","3/30/2024","21:00","32.418","shrub","high_gate","winter","high"
"5363","3/31/2024","3:00","32.418","shrub","high_gate","winter","high"
"5373","3/31/2024","9:00","32.418","shrub","high_gate","winter","high"
"5383","3/31/2024","15:00","39.196","shrub","high_gate","winter","high"
"5393","3/31/2024","21:00","32.418","shrub","high_gate","winter","high"
"5403","4/1/2024","3:00","31.213","shrub","high_gate","winter","high"
"5415","4/1/2024","9:00","32.218","shrub","high_gate","winter","high"
"5423","4/1/2024","15:00","37.107","shrub","high_gate","winter","high"
"5433","4/1/2024","21:00","32.418","shrub","high_gate","winter","high"
"5443","4/2/2024","3:00","30.808","shrub","high_gate","winter","high"
"5453","4/2/2024","9:00","32.418","shrub","high_gate","winter","high"
"5463","4/2/2024","15:00","42.363","shrub","high_gate","winter","high"
"5473","4/2/2024","21:00","32.815","shrub","high_gate","winter","high"
"5483","4/3/2024","3:00","32.617","shrub","high_gate","winter","high"
"5493","4/3/2024","9:00","33.013","shrub","high_gate","winter","high"
"5503","4/3/2024","15:00","44.379","shrub","high_gate","winter","high"
"5515","4/3/2024","21:00","36.723","shrub","high_gate","winter","high"
"5523","4/4/2024","3:00","34.786","shrub","high_gate","winter","high"
"5533","4/4/2024","9:00","44.195","shrub","high_gate","winter","high"
"5543","4/4/2024","15:00","52.75","shrub","high_gate","winter","high"
"5553","4/4/2024","21:00","39.573","shrub","high_gate","winter","high"
"5563","4/5/2024","3:00","35.37","shrub","high_gate","winter","high"
"5573","4/5/2024","9:00","45.828","shrub","high_gate","winter","high"
"5583","4/5/2024","15:00","41.81","shrub","high_gate","winter","high"
"5593","4/5/2024","21:00","37.488","shrub","high_gate","winter","high"
"5603","4/6/2024","3:00","35.951","shrub","high_gate","winter","high"
"5615","4/6/2024","9:00","36.531","shrub","high_gate","winter","high"
"5623","4/6/2024","15:00","46.188","shrub","high_gate","winter","high"
"5633","4/6/2024","21:00","34.981","shrub","high_gate","winter","high"
"5643","4/7/2024","3:00","33.013","shrub","high_gate","winter","high"
"5653","4/7/2024","9:00","33.411","shrub","high_gate","winter","high"
"5663","4/7/2024","15:00","45.466","shrub","high_gate","winter","high"
"5673","4/7/2024","21:00","36.531","shrub","high_gate","winter","high"
"5683","4/8/2024","3:00","34.002","shrub","high_gate","winter","high"
"5693","4/8/2024","9:00","33.411","shrub","high_gate","winter","high"
"5703","4/8/2024","15:00","48.695","shrub","high_gate","winter","high"
"5715","4/8/2024","21:00","36.531","shrub","high_gate","winter","high"
"5723","4/9/2024","3:00","33.213","shrub","high_gate","winter","high"
"5733","4/9/2024","9:00","35.951","shrub","high_gate","winter","high"
"5743","4/9/2024","15:00","53.1","shrub","high_gate","winter","high"
"5753","4/9/2024","21:00","36.914","shrub","high_gate","winter","high"
"5763","4/10/2024","3:00","34.002","shrub","high_gate","winter","high"
"5773","4/10/2024","9:00","39.384","shrub","high_gate","winter","high"
"5783","4/10/2024","15:00","50.819","shrub","high_gate","winter","high"
"5793","4/10/2024","21:00","38.25","shrub","high_gate","winter","high"
"5803","4/11/2024","3:00","34.394","shrub","high_gate","winter","high"
"5815","4/11/2024","9:00","43.099","shrub","high_gate","winter","high"
"5823","4/11/2024","15:00","55.711","shrub","high_gate","winter","high"
"5833","4/11/2024","21:00","41.439","shrub","high_gate","winter","high"
"5843","4/12/2024","3:00","36.914","shrub","high_gate","winter","high"
"5853","4/12/2024","9:00","48.517","shrub","high_gate","winter","high"
"5863","4/12/2024","15:00","55.537","shrub","high_gate","winter","high"
"5873","4/12/2024","21:00","44.922","shrub","high_gate","winter","high"
"5883","4/13/2024","3:00","39.573","shrub","high_gate","winter","high"
"5893","4/13/2024","9:00","49.228","shrub","high_gate","winter","high"
"5903","4/13/2024","15:00","60.539","shrub","high_gate","winter","high"
"5915","4/13/2024","21:00","46.008","shrub","high_gate","winter","high"
"5923","4/14/2024","3:00","40.134","shrub","high_gate","winter","high"
"5933","4/14/2024","9:00","51.172","shrub","high_gate","winter","high"
"5943","4/14/2024","15:00","62.769","shrub","high_gate","winter","high"
"5953","4/14/2024","21:00","46.369","shrub","high_gate","winter","high"
"5963","4/15/2024","3:00","44.56","shrub","high_gate","winter","high"
"5973","4/15/2024","9:00","46.548","shrub","high_gate","winter","high"
"5983","4/15/2024","15:00","55.537","shrub","high_gate","winter","high"
"5993","4/15/2024","21:00","44.013","shrub","high_gate","winter","high"
"6003","4/16/2024","3:00","39.76","shrub","high_gate","winter","high"
"6015","4/16/2024","9:00","49.05","shrub","high_gate","winter","high"
"6023","4/16/2024","15:00","55.711","shrub","high_gate","winter","high"
"6033","4/16/2024","21:00","45.104","shrub","high_gate","winter","high"
"6043","4/17/2024","3:00","39.384","shrub","high_gate","winter","high"
"6053","4/17/2024","9:00","42.363","shrub","high_gate","winter","high"
"6063","4/17/2024","15:00","47.802","shrub","high_gate","winter","high"
"6073","4/17/2024","21:00","35.951","shrub","high_gate","winter","high"
"6083","4/18/2024","3:00","29.995","shrub","high_gate","winter","high"
"6093","4/18/2024","9:00","38.44","shrub","high_gate","winter","high"
"6103","4/18/2024","15:00","48.517","shrub","high_gate","winter","high"
"6115","4/18/2024","21:00","35.175","shrub","high_gate","winter","high"
"6123","4/19/2024","3:00","31.012","shrub","high_gate","winter","high"
"6133","4/19/2024","9:00","37.679","shrub","high_gate","winter","high"
"6143","4/19/2024","15:00","50.29","shrub","high_gate","winter","high"
"6153","4/19/2024","21:00","35.951","shrub","high_gate","winter","high"
"6163","4/20/2024","3:00","31.816","shrub","high_gate","winter","high"
"6173","4/20/2024","9:00","43.282","shrub","high_gate","winter","high"
"6183","4/20/2024","15:00","58.303","shrub","high_gate","winter","high"
"6193","4/20/2024","21:00","39.76","shrub","high_gate","winter","high"
"6203","4/21/2024","3:00","36.145","shrub","high_gate","winter","high"
"6215","4/21/2024","9:00","47.982","shrub","high_gate","winter","high"
"6223","4/21/2024","15:00","59.337","shrub","high_gate","winter","high"
"6233","4/21/2024","21:00","43.282","shrub","high_gate","winter","high"
"6243","4/22/2024","3:00","37.87","shrub","high_gate","winter","high"
"6253","4/22/2024","9:00","48.517","shrub","high_gate","winter","high"
"6263","4/22/2024","15:00","60.024","shrub","high_gate","winter","high"
"6273","4/22/2024","21:00","42.363","shrub","high_gate","winter","high"
"6283","4/23/2024","3:00","36.338","shrub","high_gate","winter","high"
"6293","4/23/2024","9:00","49.582","shrub","high_gate","winter","high"
"6303","4/23/2024","15:00","66.708","shrub","high_gate","winter","high"
"6315","4/23/2024","21:00","44.013","shrub","high_gate","winter","high"
"6323","4/24/2024","3:00","39.947","shrub","high_gate","winter","high"
"6333","4/24/2024","9:00","55.364","shrub","high_gate","winter","high"
"6343","4/24/2024","15:00","66.366","shrub","high_gate","winter","high"
"6351","4/24/2024","21:00","51.699","shrub","high_gate","winter","high"
"6361","4/25/2024","3:00","45.286","shrub","high_gate","winter","high"
"6371","4/25/2024","9:00","50.29","shrub","high_gate","winter","high"
"6381","4/25/2024","15:00","61.398","shrub","high_gate","winter","high"
"2106","11/18/2023","15:00","43.282","open","low_gate","winter","low"
"3106","11/18/2023","21:00","34.59","open","low_gate","winter","low"
"4106","11/19/2023","3:00","36.531","open","low_gate","winter","low"
"5106","11/19/2023","9:00","37.679","open","low_gate","winter","low"
"645","11/19/2023","15:00","40.881","open","low_gate","winter","low"
"716","11/19/2023","21:00","36.145","open","low_gate","winter","low"
"816","11/20/2023","3:00","33.213","open","low_gate","winter","low"
"916","11/20/2023","9:00","30.808","open","low_gate","winter","low"
"1016","11/20/2023","15:00","37.679","open","low_gate","winter","low"
"1116","11/20/2023","21:00","32.617","open","low_gate","winter","low"
"1216","11/21/2023","3:00","29.995","open","low_gate","winter","low"
"1316","11/21/2023","9:00","30.808","open","low_gate","winter","low"
"1416","11/21/2023","15:00","34.786","open","low_gate","winter","low"
"1516","11/21/2023","21:00","32.018","open","low_gate","winter","low"
"1616","11/22/2023","3:00","29.995","open","low_gate","winter","low"
"1716","11/22/2023","9:00","28.762","open","low_gate","winter","low"
"1816","11/22/2023","15:00","34.002","open","low_gate","winter","low"
"1916","11/22/2023","21:00","32.418","open","low_gate","winter","low"
"2016","11/23/2023","3:00","32.418","open","low_gate","winter","low"
"2116","11/23/2023","9:00","32.418","open","low_gate","winter","low"
"2216","11/23/2023","15:00","36.338","open","low_gate","winter","low"
"2316","11/23/2023","21:00","33.013","open","low_gate","winter","low"
"2416","11/24/2023","3:00","32.617","open","low_gate","winter","low"
"2516","11/24/2023","9:00","32.218","open","low_gate","winter","low"
"2616","11/24/2023","15:00","32.617","open","low_gate","winter","low"
"2716","11/24/2023","21:00","31.012","open","low_gate","winter","low"
"2816","11/25/2023","3:00","28.969","open","low_gate","winter","low"
"2916","11/25/2023","9:00","26.881","open","low_gate","winter","low"
"3016","11/25/2023","15:00","31.816","open","low_gate","winter","low"
"3116","11/25/2023","21:00","28.139","open","low_gate","winter","low"
"3216","11/26/2023","3:00","27.93","open","low_gate","winter","low"
"3316","11/26/2023","9:00","27.511","open","low_gate","winter","low"
"3416","11/26/2023","15:00","28.969","open","low_gate","winter","low"
"3516","11/26/2023","21:00","27.511","open","low_gate","winter","low"
"3616","11/27/2023","3:00","27.091","open","low_gate","winter","low"
"3716","11/27/2023","9:00","26.881","open","low_gate","winter","low"
"3816","11/27/2023","15:00","31.012","open","low_gate","winter","low"
"3916","11/27/2023","21:00","24.96","open","low_gate","winter","low"
"4016","11/28/2023","3:00","21.434","open","low_gate","winter","low"
"4116","11/28/2023","9:00","20.073","open","low_gate","winter","low"
"4216","11/28/2023","15:00","31.012","open","low_gate","winter","low"
"4316","11/28/2023","21:00","24.744","open","low_gate","winter","low"
"4416","11/29/2023","3:00","20.984","open","low_gate","winter","low"
"4516","11/29/2023","9:00","20.984","open","low_gate","winter","low"
"4616","11/29/2023","15:00","30.808","open","low_gate","winter","low"
"4716","11/29/2023","21:00","23.875","open","low_gate","winter","low"
"4816","11/30/2023","3:00","22.107","open","low_gate","winter","low"
"4916","11/30/2023","9:00","20.073","open","low_gate","winter","low"
"5016","11/30/2023","15:00","29.995","open","low_gate","winter","low"
"5116","11/30/2023","21:00","25.605","open","low_gate","winter","low"
"5216","12/1/2023","3:00","24.526","open","low_gate","winter","low"
"5316","12/1/2023","9:00","24.31","open","low_gate","winter","low"
"5416","12/1/2023","15:00","28.555","open","low_gate","winter","low"
"5516","12/1/2023","21:00","27.511","open","low_gate","winter","low"
"5616","12/2/2023","3:00","26.881","open","low_gate","winter","low"
"5716","12/2/2023","9:00","26.881","open","low_gate","winter","low"
"5816","12/2/2023","15:00","28.346","open","low_gate","winter","low"
"5916","12/2/2023","21:00","27.93","open","low_gate","winter","low"
"6016","12/3/2023","3:00","24.31","open","low_gate","winter","low"
"6116","12/3/2023","9:00","25.605","open","low_gate","winter","low"
"6216","12/3/2023","15:00","29.79","open","low_gate","winter","low"
"6316","12/3/2023","21:00","29.586","open","low_gate","winter","low"
"646","12/4/2023","3:00","28.969","open","low_gate","winter","low"
"654","12/4/2023","9:00","29.586","open","low_gate","winter","low"
"664","12/4/2023","15:00","31.415","open","low_gate","winter","low"
"674","12/4/2023","21:00","31.816","open","low_gate","winter","low"
"684","12/5/2023","3:00","31.816","open","low_gate","winter","low"
"694","12/5/2023","9:00","32.018","open","low_gate","winter","low"
"704","12/5/2023","15:00","33.213","open","low_gate","winter","low"
"717","12/5/2023","21:00","32.218","open","low_gate","winter","low"
"724","12/6/2023","3:00","32.218","open","low_gate","winter","low"
"734","12/6/2023","9:00","31.816","open","low_gate","winter","low"
"744","12/6/2023","15:00","34.002","open","low_gate","winter","low"
"754","12/6/2023","21:00","32.418","open","low_gate","winter","low"
"764","12/7/2023","3:00","32.418","open","low_gate","winter","low"
"774","12/7/2023","9:00","32.418","open","low_gate","winter","low"
"784","12/7/2023","15:00","35.951","open","low_gate","winter","low"
"794","12/7/2023","21:00","32.418","open","low_gate","winter","low"
"804","12/8/2023","3:00","32.018","open","low_gate","winter","low"
"817","12/8/2023","9:00","31.617","open","low_gate","winter","low"
"824","12/8/2023","15:00","32.218","open","low_gate","winter","low"
"834","12/8/2023","21:00","30.607","open","low_gate","winter","low"
"844","12/9/2023","3:00","27.93","open","low_gate","winter","low"
"854","12/9/2023","9:00","24.093","open","low_gate","winter","low"
"864","12/9/2023","15:00","30.198","open","low_gate","winter","low"
"874","12/9/2023","21:00","27.511","open","low_gate","winter","low"
"884","12/10/2023","3:00","26.668","open","low_gate","winter","low"
"894","12/10/2023","9:00","27.091","open","low_gate","winter","low"
"904","12/10/2023","15:00","29.379","open","low_gate","winter","low"
"917","12/10/2023","21:00","29.174","open","low_gate","winter","low"
"924","12/11/2023","3:00","29.379","open","low_gate","winter","low"
"934","12/11/2023","9:00","29.586","open","low_gate","winter","low"
"944","12/11/2023","15:00","31.012","open","low_gate","winter","low"
"954","12/11/2023","21:00","30.607","open","low_gate","winter","low"
"964","12/12/2023","3:00","29.379","open","low_gate","winter","low"
"974","12/12/2023","9:00","28.762","open","low_gate","winter","low"
"984","12/12/2023","15:00","31.213","open","low_gate","winter","low"
"994","12/12/2023","21:00","29.379","open","low_gate","winter","low"
"1004","12/13/2023","3:00","26.668","open","low_gate","winter","low"
"1017","12/13/2023","9:00","24.744","open","low_gate","winter","low"
"1024","12/13/2023","15:00","30.607","open","low_gate","winter","low"
"1034","12/13/2023","21:00","27.721","open","low_gate","winter","low"
"1044","12/14/2023","3:00","24.093","open","low_gate","winter","low"
"1054","12/14/2023","9:00","21.659","open","low_gate","winter","low"
"1064","12/14/2023","15:00","29.586","open","low_gate","winter","low"
"1074","12/14/2023","21:00","24.093","open","low_gate","winter","low"
"1084","12/15/2023","3:00","21.659","open","low_gate","winter","low"
"1094","12/15/2023","9:00","21.209","open","low_gate","winter","low"
"1104","12/15/2023","15:00","29.79","open","low_gate","winter","low"
"1117","12/15/2023","21:00","25.605","open","low_gate","winter","low"
"1124","12/16/2023","3:00","22.775","open","low_gate","winter","low"
"1134","12/16/2023","9:00","22.107","open","low_gate","winter","low"
"1144","12/16/2023","15:00","30.198","open","low_gate","winter","low"
"1154","12/16/2023","21:00","25.174","open","low_gate","winter","low"
"1164","12/17/2023","3:00","22.33","open","low_gate","winter","low"
"1174","12/17/2023","9:00","20.529","open","low_gate","winter","low"
"1184","12/17/2023","15:00","29.586","open","low_gate","winter","low"
"1194","12/17/2023","21:00","24.31","open","low_gate","winter","low"
"1204","12/18/2023","3:00","21.659","open","low_gate","winter","low"
"1217","12/18/2023","9:00","22.995","open","low_gate","winter","low"
"1224","12/18/2023","15:00","29.995","open","low_gate","winter","low"
"1234","12/18/2023","21:00","28.555","open","low_gate","winter","low"
"1244","12/19/2023","3:00","25.605","open","low_gate","winter","low"
"1254","12/19/2023","9:00","28.139","open","low_gate","winter","low"
"1264","12/19/2023","15:00","31.415","open","low_gate","winter","low"
"1274","12/19/2023","21:00","30.198","open","low_gate","winter","low"
"1284","12/20/2023","3:00","29.379","open","low_gate","winter","low"
"1294","12/20/2023","9:00","30.198","open","low_gate","winter","low"
"1304","12/20/2023","15:00","32.018","open","low_gate","winter","low"
"1317","12/20/2023","21:00","32.018","open","low_gate","winter","low"
"1324","12/21/2023","3:00","29.586","open","low_gate","winter","low"
"1334","12/21/2023","9:00","29.586","open","low_gate","winter","low"
"1344","12/21/2023","15:00","31.816","open","low_gate","winter","low"
"1354","12/21/2023","21:00","32.018","open","low_gate","winter","low"
"1364","12/22/2023","3:00","31.816","open","low_gate","winter","low"
"1374","12/22/2023","9:00","31.617","open","low_gate","winter","low"
"1384","12/22/2023","15:00","32.218","open","low_gate","winter","low"
"1394","12/22/2023","21:00","32.218","open","low_gate","winter","low"
"1404","12/23/2023","3:00","32.218","open","low_gate","winter","low"
"1417","12/23/2023","9:00","32.218","open","low_gate","winter","low"
"1424","12/23/2023","15:00","32.218","open","low_gate","winter","low"
"1434","12/23/2023","21:00","32.018","open","low_gate","winter","low"
"1444","12/24/2023","3:00","28.555","open","low_gate","winter","low"
"1454","12/24/2023","9:00","24.31","open","low_gate","winter","low"
"1464","12/24/2023","15:00","28.762","open","low_gate","winter","low"
"1474","12/24/2023","21:00","22.33","open","low_gate","winter","low"
"1484","12/25/2023","3:00","21.209","open","low_gate","winter","low"
"1494","12/25/2023","9:00","22.107","open","low_gate","winter","low"
"1504","12/25/2023","15:00","27.091","open","low_gate","winter","low"
"1517","12/25/2023","21:00","19.612","open","low_gate","winter","low"
"1524","12/26/2023","3:00","15.589","open","low_gate","winter","low"
"1534","12/26/2023","9:00","16.556","open","low_gate","winter","low"
"1544","12/26/2023","15:00","25.819","open","low_gate","winter","low"
"1554","12/26/2023","21:00","20.529","open","low_gate","winter","low"
"1564","12/27/2023","3:00","19.382","open","low_gate","winter","low"
"1574","12/27/2023","9:00","21.659","open","low_gate","winter","low"
"1584","12/27/2023","15:00","26.245","open","low_gate","winter","low"
"1594","12/27/2023","21:00","22.552","open","low_gate","winter","low"
"1604","12/28/2023","3:00","22.33","open","low_gate","winter","low"
"1617","12/28/2023","9:00","20.757","open","low_gate","winter","low"
"1624","12/28/2023","15:00","29.379","open","low_gate","winter","low"
"1634","12/28/2023","21:00","23.875","open","low_gate","winter","low"
"1644","12/29/2023","3:00","20.984","open","low_gate","winter","low"
"1654","12/29/2023","9:00","21.209","open","low_gate","winter","low"
"1664","12/29/2023","15:00","29.995","open","low_gate","winter","low"
"1674","12/29/2023","21:00","25.605","open","low_gate","winter","low"
"1684","12/30/2023","3:00","22.995","open","low_gate","winter","low"
"1694","12/30/2023","9:00","22.107","open","low_gate","winter","low"
"1704","12/30/2023","15:00","30.607","open","low_gate","winter","low"
"1717","12/30/2023","21:00","29.379","open","low_gate","winter","low"
"1724","12/31/2023","3:00","24.96","open","low_gate","winter","low"
"1734","12/31/2023","9:00","24.093","open","low_gate","winter","low"
"1744","12/31/2023","15:00","31.012","open","low_gate","winter","low"
"1754","12/31/2023","21:00","26.458","open","low_gate","winter","low"
"1764","1/1/2024","3:00","21.659","open","low_gate","winter","low"
"1774","1/1/2024","9:00","20.302","open","low_gate","winter","low"
"1784","1/1/2024","15:00","30.607","open","low_gate","winter","low"
"1794","1/1/2024","21:00","25.174","open","low_gate","winter","low"
"1804","1/2/2024","3:00","20.302","open","low_gate","winter","low"
"1817","1/2/2024","9:00","21.209","open","low_gate","winter","low"
"1824","1/2/2024","15:00","29.995","open","low_gate","winter","low"
"1834","1/2/2024","21:00","23.216","open","low_gate","winter","low"
"1844","1/3/2024","3:00","19.612","open","low_gate","winter","low"
"1854","1/3/2024","9:00","18.685","open","low_gate","winter","low"
"1864","1/3/2024","15:00","29.79","open","low_gate","winter","low"
"1874","1/3/2024","21:00","26.458","open","low_gate","winter","low"
"1884","1/4/2024","3:00","25.605","open","low_gate","winter","low"
"1894","1/4/2024","9:00","25.174","open","low_gate","winter","low"
"1904","1/4/2024","15:00","30.808","open","low_gate","winter","low"
"1917","1/4/2024","21:00","29.379","open","low_gate","winter","low"
"1924","1/5/2024","3:00","27.93","open","low_gate","winter","low"
"1934","1/5/2024","9:00","27.302","open","low_gate","winter","low"
"1944","1/5/2024","15:00","30.808","open","low_gate","winter","low"
"1954","1/5/2024","21:00","23.875","open","low_gate","winter","low"
"1964","1/6/2024","3:00","21.434","open","low_gate","winter","low"
"1974","1/6/2024","9:00","23.216","open","low_gate","winter","low"
"1984","1/6/2024","15:00","27.721","open","low_gate","winter","low"
"1994","1/6/2024","21:00","25.605","open","low_gate","winter","low"
"2004","1/7/2024","3:00","26.031","open","low_gate","winter","low"
"2017","1/7/2024","9:00","25.819","open","low_gate","winter","low"
"2024","1/7/2024","15:00","27.302","open","low_gate","winter","low"
"2034","1/7/2024","21:00","26.458","open","low_gate","winter","low"
"2044","1/8/2024","3:00","24.96","open","low_gate","winter","low"
"2054","1/8/2024","9:00","23.216","open","low_gate","winter","low"
"2064","1/8/2024","15:00","25.174","open","low_gate","winter","low"
"2074","1/8/2024","21:00","24.744","open","low_gate","winter","low"
"2084","1/9/2024","3:00","24.744","open","low_gate","winter","low"
"2094","1/9/2024","9:00","24.96","open","low_gate","winter","low"
"2107","1/9/2024","15:00","25.605","open","low_gate","winter","low"
"2117","1/9/2024","21:00","25.605","open","low_gate","winter","low"
"2124","1/10/2024","3:00","25.39","open","low_gate","winter","low"
"2134","1/10/2024","9:00","25.174","open","low_gate","winter","low"
"2144","1/10/2024","15:00","26.031","open","low_gate","winter","low"
"2154","1/10/2024","21:00","26.245","open","low_gate","winter","low"
"2164","1/11/2024","3:00","26.031","open","low_gate","winter","low"
"2174","1/11/2024","9:00","25.605","open","low_gate","winter","low"
"2184","1/11/2024","15:00","26.458","open","low_gate","winter","low"
"2194","1/11/2024","21:00","26.031","open","low_gate","winter","low"
"2204","1/12/2024","3:00","26.031","open","low_gate","winter","low"
"2217","1/12/2024","9:00","26.245","open","low_gate","winter","low"
"2224","1/12/2024","15:00","26.668","open","low_gate","winter","low"
"2234","1/12/2024","21:00","26.031","open","low_gate","winter","low"
"2244","1/13/2024","3:00","24.526","open","low_gate","winter","low"
"2254","1/13/2024","9:00","23.216","open","low_gate","winter","low"
"2264","1/13/2024","15:00","23.875","open","low_gate","winter","low"
"2274","1/13/2024","21:00","23.875","open","low_gate","winter","low"
"2284","1/14/2024","3:00","23.875","open","low_gate","winter","low"
"2294","1/14/2024","9:00","23.655","open","low_gate","winter","low"
"2304","1/14/2024","15:00","24.31","open","low_gate","winter","low"
"2317","1/14/2024","21:00","24.526","open","low_gate","winter","low"
"2324","1/15/2024","3:00","24.31","open","low_gate","winter","low"
"2334","1/15/2024","9:00","23.655","open","low_gate","winter","low"
"2344","1/15/2024","15:00","24.093","open","low_gate","winter","low"
"2354","1/15/2024","21:00","23.436","open","low_gate","winter","low"
"2364","1/16/2024","3:00","22.552","open","low_gate","winter","low"
"2374","1/16/2024","9:00","22.107","open","low_gate","winter","low"
"2384","1/16/2024","15:00","23.436","open","low_gate","winter","low"
"2394","1/16/2024","21:00","23.655","open","low_gate","winter","low"
"2404","1/17/2024","3:00","23.436","open","low_gate","winter","low"
"2417","1/17/2024","9:00","23.875","open","low_gate","winter","low"
"2424","1/17/2024","15:00","24.744","open","low_gate","winter","low"
"2434","1/17/2024","21:00","25.174","open","low_gate","winter","low"
"2444","1/18/2024","3:00","25.39","open","low_gate","winter","low"
"2454","1/18/2024","9:00","25.174","open","low_gate","winter","low"
"2464","1/18/2024","15:00","26.031","open","low_gate","winter","low"
"2474","1/18/2024","21:00","26.458","open","low_gate","winter","low"
"2484","1/19/2024","3:00","26.458","open","low_gate","winter","low"
"2494","1/19/2024","9:00","26.881","open","low_gate","winter","low"
"2504","1/19/2024","15:00","27.721","open","low_gate","winter","low"
"2517","1/19/2024","21:00","27.721","open","low_gate","winter","low"
"2524","1/20/2024","3:00","27.721","open","low_gate","winter","low"
"2534","1/20/2024","9:00","27.93","open","low_gate","winter","low"
"2544","1/20/2024","15:00","28.969","open","low_gate","winter","low"
"2554","1/20/2024","21:00","29.995","open","low_gate","winter","low"
"2564","1/21/2024","3:00","30.198","open","low_gate","winter","low"
"2574","1/21/2024","9:00","30.198","open","low_gate","winter","low"
"2584","1/21/2024","15:00","30.403","open","low_gate","winter","low"
"2594","1/21/2024","21:00","31.816","open","low_gate","winter","low"
"2604","1/22/2024","3:00","31.816","open","low_gate","winter","low"
"2617","1/22/2024","9:00","31.617","open","low_gate","winter","low"
"2624","1/22/2024","15:00","31.213","open","low_gate","winter","low"
"2634","1/22/2024","21:00","31.213","open","low_gate","winter","low"
"2644","1/23/2024","3:00","31.617","open","low_gate","winter","low"
"2654","1/23/2024","9:00","31.617","open","low_gate","winter","low"
"2664","1/23/2024","15:00","32.218","open","low_gate","winter","low"
"2674","1/23/2024","21:00","32.218","open","low_gate","winter","low"
"2684","1/24/2024","3:00","32.218","open","low_gate","winter","low"
"2694","1/24/2024","9:00","32.218","open","low_gate","winter","low"
"2704","1/24/2024","15:00","32.218","open","low_gate","winter","low"
"2717","1/24/2024","21:00","32.218","open","low_gate","winter","low"
"2724","1/25/2024","3:00","32.218","open","low_gate","winter","low"
"2734","1/25/2024","9:00","32.218","open","low_gate","winter","low"
"2744","1/25/2024","15:00","32.218","open","low_gate","winter","low"
"2754","1/25/2024","21:00","32.218","open","low_gate","winter","low"
"2764","1/26/2024","3:00","32.218","open","low_gate","winter","low"
"2774","1/26/2024","9:00","32.218","open","low_gate","winter","low"
"2784","1/26/2024","15:00","32.218","open","low_gate","winter","low"
"2794","1/26/2024","21:00","32.218","open","low_gate","winter","low"
"2804","1/27/2024","3:00","32.218","open","low_gate","winter","low"
"2817","1/27/2024","9:00","32.218","open","low_gate","winter","low"
"2824","1/27/2024","15:00","32.218","open","low_gate","winter","low"
"2834","1/27/2024","21:00","32.218","open","low_gate","winter","low"
"2844","1/28/2024","3:00","32.218","open","low_gate","winter","low"
"2854","1/28/2024","9:00","32.218","open","low_gate","winter","low"
"2864","1/28/2024","15:00","32.218","open","low_gate","winter","low"
"2874","1/28/2024","21:00","32.218","open","low_gate","winter","low"
"2884","1/29/2024","3:00","32.218","open","low_gate","winter","low"
"2894","1/29/2024","9:00","32.218","open","low_gate","winter","low"
"2904","1/29/2024","15:00","32.218","open","low_gate","winter","low"
"2917","1/29/2024","21:00","32.218","open","low_gate","winter","low"
"2924","1/30/2024","3:00","32.218","open","low_gate","winter","low"
"2934","1/30/2024","9:00","32.218","open","low_gate","winter","low"
"2944","1/30/2024","15:00","32.218","open","low_gate","winter","low"
"2954","1/30/2024","21:00","32.218","open","low_gate","winter","low"
"2964","1/31/2024","3:00","32.218","open","low_gate","winter","low"
"2974","1/31/2024","9:00","32.218","open","low_gate","winter","low"
"2984","1/31/2024","15:00","32.218","open","low_gate","winter","low"
"2994","1/31/2024","21:00","32.218","open","low_gate","winter","low"
"3004","2/1/2024","3:00","32.218","open","low_gate","winter","low"
"3017","2/1/2024","9:00","32.218","open","low_gate","winter","low"
"3024","2/1/2024","15:00","32.218","open","low_gate","winter","low"
"3034","2/1/2024","21:00","32.218","open","low_gate","winter","low"
"3044","2/2/2024","3:00","32.218","open","low_gate","winter","low"
"3054","2/2/2024","9:00","32.218","open","low_gate","winter","low"
"3064","2/2/2024","15:00","32.218","open","low_gate","winter","low"
"3074","2/2/2024","21:00","32.218","open","low_gate","winter","low"
"3084","2/3/2024","3:00","32.218","open","low_gate","winter","low"
"3094","2/3/2024","9:00","32.218","open","low_gate","winter","low"
"3107","2/3/2024","15:00","32.218","open","low_gate","winter","low"
"3117","2/3/2024","21:00","32.218","open","low_gate","winter","low"
"3124","2/4/2024","3:00","32.218","open","low_gate","winter","low"
"3134","2/4/2024","9:00","32.218","open","low_gate","winter","low"
"3144","2/4/2024","15:00","32.218","open","low_gate","winter","low"
"3154","2/4/2024","21:00","32.218","open","low_gate","winter","low"
"3164","2/5/2024","3:00","32.218","open","low_gate","winter","low"
"3174","2/5/2024","9:00","32.218","open","low_gate","winter","low"
"3184","2/5/2024","15:00","32.218","open","low_gate","winter","low"
"3194","2/5/2024","21:00","32.218","open","low_gate","winter","low"
"3204","2/6/2024","3:00","32.218","open","low_gate","winter","low"
"3217","2/6/2024","9:00","32.218","open","low_gate","winter","low"
"3224","2/6/2024","15:00","32.218","open","low_gate","winter","low"
"3234","2/6/2024","21:00","32.218","open","low_gate","winter","low"
"3244","2/7/2024","3:00","32.218","open","low_gate","winter","low"
"3254","2/7/2024","9:00","32.218","open","low_gate","winter","low"
"3264","2/7/2024","15:00","32.218","open","low_gate","winter","low"
"3274","2/7/2024","21:00","32.218","open","low_gate","winter","low"
"3284","2/8/2024","3:00","32.218","open","low_gate","winter","low"
"3294","2/8/2024","9:00","32.218","open","low_gate","winter","low"
"3304","2/8/2024","15:00","32.218","open","low_gate","winter","low"
"3317","2/8/2024","21:00","32.218","open","low_gate","winter","low"
"3324","2/9/2024","3:00","32.218","open","low_gate","winter","low"
"3334","2/9/2024","9:00","32.218","open","low_gate","winter","low"
"3344","2/9/2024","15:00","32.218","open","low_gate","winter","low"
"3354","2/9/2024","21:00","32.218","open","low_gate","winter","low"
"3364","2/10/2024","3:00","32.218","open","low_gate","winter","low"
"3374","2/10/2024","9:00","32.218","open","low_gate","winter","low"
"3384","2/10/2024","15:00","32.218","open","low_gate","winter","low"
"3394","2/10/2024","21:00","32.218","open","low_gate","winter","low"
"3404","2/11/2024","3:00","32.218","open","low_gate","winter","low"
"3417","2/11/2024","9:00","32.218","open","low_gate","winter","low"
"3424","2/11/2024","15:00","32.218","open","low_gate","winter","low"
"3434","2/11/2024","21:00","32.218","open","low_gate","winter","low"
"3444","2/12/2024","3:00","32.218","open","low_gate","winter","low"
"3454","2/12/2024","9:00","32.218","open","low_gate","winter","low"
"3464","2/12/2024","15:00","32.218","open","low_gate","winter","low"
"3474","2/12/2024","21:00","32.218","open","low_gate","winter","low"
"3484","2/13/2024","3:00","32.218","open","low_gate","winter","low"
"3494","2/13/2024","9:00","32.218","open","low_gate","winter","low"
"3504","2/13/2024","15:00","32.218","open","low_gate","winter","low"
"3517","2/13/2024","21:00","32.218","open","low_gate","winter","low"
"3524","2/14/2024","3:00","32.218","open","low_gate","winter","low"
"3534","2/14/2024","9:00","32.218","open","low_gate","winter","low"
"3544","2/14/2024","15:00","32.218","open","low_gate","winter","low"
"3554","2/14/2024","21:00","32.218","open","low_gate","winter","low"
"3564","2/15/2024","3:00","32.218","open","low_gate","winter","low"
"3574","2/15/2024","9:00","32.218","open","low_gate","winter","low"
"3584","2/15/2024","15:00","32.218","open","low_gate","winter","low"
"3594","2/15/2024","21:00","32.218","open","low_gate","winter","low"
"3604","2/16/2024","3:00","32.218","open","low_gate","winter","low"
"3617","2/16/2024","9:00","32.218","open","low_gate","winter","low"
"3624","2/16/2024","15:00","32.218","open","low_gate","winter","low"
"3634","2/16/2024","21:00","32.218","open","low_gate","winter","low"
"3644","2/17/2024","3:00","32.218","open","low_gate","winter","low"
"3654","2/17/2024","9:00","32.018","open","low_gate","winter","low"
"3664","2/17/2024","15:00","32.218","open","low_gate","winter","low"
"3674","2/17/2024","21:00","32.218","open","low_gate","winter","low"
"3684","2/18/2024","3:00","32.018","open","low_gate","winter","low"
"3694","2/18/2024","9:00","32.018","open","low_gate","winter","low"
"3704","2/18/2024","15:00","32.218","open","low_gate","winter","low"
"3717","2/18/2024","21:00","32.218","open","low_gate","winter","low"
"3724","2/19/2024","3:00","32.218","open","low_gate","winter","low"
"3734","2/19/2024","9:00","32.218","open","low_gate","winter","low"
"3744","2/19/2024","15:00","32.218","open","low_gate","winter","low"
"3754","2/19/2024","21:00","32.218","open","low_gate","winter","low"
"3764","2/20/2024","3:00","32.218","open","low_gate","winter","low"
"3774","2/20/2024","9:00","32.218","open","low_gate","winter","low"
"3784","2/20/2024","15:00","32.218","open","low_gate","winter","low"
"3794","2/20/2024","21:00","32.218","open","low_gate","winter","low"
"3804","2/21/2024","3:00","32.218","open","low_gate","winter","low"
"3817","2/21/2024","9:00","32.218","open","low_gate","winter","low"
"3824","2/21/2024","15:00","32.218","open","low_gate","winter","low"
"3834","2/21/2024","21:00","32.218","open","low_gate","winter","low"
"3844","2/22/2024","3:00","32.218","open","low_gate","winter","low"
"3854","2/22/2024","9:00","32.218","open","low_gate","winter","low"
"3864","2/22/2024","15:00","32.218","open","low_gate","winter","low"
"3874","2/22/2024","21:00","32.218","open","low_gate","winter","low"
"3884","2/23/2024","3:00","32.218","open","low_gate","winter","low"
"3894","2/23/2024","9:00","32.218","open","low_gate","winter","low"
"3904","2/23/2024","15:00","32.218","open","low_gate","winter","low"
"3917","2/23/2024","21:00","32.218","open","low_gate","winter","low"
"3924","2/24/2024","3:00","32.218","open","low_gate","winter","low"
"3934","2/24/2024","9:00","32.218","open","low_gate","winter","low"
"3944","2/24/2024","15:00","32.218","open","low_gate","winter","low"
"3954","2/24/2024","21:00","32.218","open","low_gate","winter","low"
"3964","2/25/2024","3:00","32.218","open","low_gate","winter","low"
"3974","2/25/2024","9:00","32.218","open","low_gate","winter","low"
"3984","2/25/2024","15:00","32.218","open","low_gate","winter","low"
"3994","2/25/2024","21:00","32.218","open","low_gate","winter","low"
"4004","2/26/2024","3:00","32.218","open","low_gate","winter","low"
"4017","2/26/2024","9:00","32.218","open","low_gate","winter","low"
"4024","2/26/2024","15:00","32.218","open","low_gate","winter","low"
"4034","2/26/2024","21:00","32.218","open","low_gate","winter","low"
"4044","2/27/2024","3:00","32.218","open","low_gate","winter","low"
"4054","2/27/2024","9:00","32.218","open","low_gate","winter","low"
"4064","2/27/2024","15:00","32.218","open","low_gate","winter","low"
"4074","2/27/2024","21:00","32.218","open","low_gate","winter","low"
"4084","2/28/2024","3:00","32.218","open","low_gate","winter","low"
"4094","2/28/2024","9:00","32.018","open","low_gate","winter","low"
"4107","2/28/2024","15:00","32.218","open","low_gate","winter","low"
"4117","2/28/2024","21:00","32.218","open","low_gate","winter","low"
"4124","2/29/2024","3:00","32.018","open","low_gate","winter","low"
"4134","2/29/2024","9:00","31.816","open","low_gate","winter","low"
"4144","2/29/2024","15:00","32.218","open","low_gate","winter","low"
"4154","2/29/2024","21:00","32.218","open","low_gate","winter","low"
"4164","3/1/2024","3:00","32.218","open","low_gate","winter","low"
"4174","3/1/2024","9:00","32.218","open","low_gate","winter","low"
"4184","3/1/2024","15:00","32.218","open","low_gate","winter","low"
"4194","3/1/2024","21:00","32.218","open","low_gate","winter","low"
"4204","3/2/2024","3:00","32.218","open","low_gate","winter","low"
"4217","3/2/2024","9:00","32.218","open","low_gate","winter","low"
"4224","3/2/2024","15:00","32.218","open","low_gate","winter","low"
"4234","3/2/2024","21:00","32.218","open","low_gate","winter","low"
"4244","3/3/2024","3:00","32.218","open","low_gate","winter","low"
"4254","3/3/2024","9:00","32.218","open","low_gate","winter","low"
"4264","3/3/2024","15:00","32.218","open","low_gate","winter","low"
"4274","3/3/2024","21:00","32.218","open","low_gate","winter","low"
"4284","3/4/2024","3:00","32.218","open","low_gate","winter","low"
"4294","3/4/2024","9:00","32.218","open","low_gate","winter","low"
"4304","3/4/2024","15:00","32.218","open","low_gate","winter","low"
"4317","3/4/2024","21:00","32.218","open","low_gate","winter","low"
"4324","3/5/2024","3:00","32.218","open","low_gate","winter","low"
"4334","3/5/2024","9:00","32.218","open","low_gate","winter","low"
"4344","3/5/2024","15:00","32.218","open","low_gate","winter","low"
"4354","3/5/2024","21:00","32.218","open","low_gate","winter","low"
"4364","3/6/2024","3:00","32.218","open","low_gate","winter","low"
"4374","3/6/2024","9:00","32.218","open","low_gate","winter","low"
"4384","3/6/2024","15:00","32.218","open","low_gate","winter","low"
"4394","3/6/2024","21:00","32.218","open","low_gate","winter","low"
"4404","3/7/2024","3:00","32.218","open","low_gate","winter","low"
"4417","3/7/2024","9:00","32.018","open","low_gate","winter","low"
"4424","3/7/2024","15:00","32.218","open","low_gate","winter","low"
"4434","3/7/2024","21:00","32.218","open","low_gate","winter","low"
"4444","3/8/2024","3:00","32.218","open","low_gate","winter","low"
"4454","3/8/2024","9:00","32.018","open","low_gate","winter","low"
"4464","3/8/2024","15:00","32.018","open","low_gate","winter","low"
"4474","3/8/2024","21:00","32.218","open","low_gate","winter","low"
"4484","3/9/2024","3:00","32.018","open","low_gate","winter","low"
"4494","3/9/2024","9:00","31.415","open","low_gate","winter","low"
"4504","3/9/2024","15:00","31.816","open","low_gate","winter","low"
"4517","3/9/2024","21:00","32.018","open","low_gate","winter","low"
"4524","3/10/2024","3:00","32.218","open","low_gate","winter","low"
"4534","3/10/2024","9:00","31.816","open","low_gate","winter","low"
"4544","3/10/2024","15:00","32.018","open","low_gate","winter","low"
"4554","3/10/2024","21:00","32.218","open","low_gate","winter","low"
"4564","3/11/2024","3:00","32.218","open","low_gate","winter","low"
"4574","3/11/2024","9:00","32.218","open","low_gate","winter","low"
"4584","3/11/2024","15:00","32.218","open","low_gate","winter","low"
"4594","3/11/2024","21:00","32.218","open","low_gate","winter","low"
"4604","3/12/2024","3:00","32.218","open","low_gate","winter","low"
"4617","3/12/2024","9:00","32.218","open","low_gate","winter","low"
"4624","3/12/2024","15:00","32.218","open","low_gate","winter","low"
"4634","3/12/2024","21:00","32.218","open","low_gate","winter","low"
"4644","3/13/2024","3:00","32.218","open","low_gate","winter","low"
"4654","3/13/2024","9:00","32.218","open","low_gate","winter","low"
"4664","3/13/2024","15:00","32.218","open","low_gate","winter","low"
"4674","3/13/2024","21:00","32.218","open","low_gate","winter","low"
"4684","3/14/2024","3:00","32.218","open","low_gate","winter","low"
"4694","3/14/2024","9:00","32.018","open","low_gate","winter","low"
"4704","3/14/2024","15:00","32.218","open","low_gate","winter","low"
"4717","3/14/2024","21:00","32.218","open","low_gate","winter","low"
"4724","3/15/2024","3:00","32.218","open","low_gate","winter","low"
"4734","3/15/2024","9:00","32.018","open","low_gate","winter","low"
"4744","3/15/2024","15:00","35.758","open","low_gate","winter","low"
"4754","3/15/2024","21:00","32.218","open","low_gate","winter","low"
"4764","3/16/2024","3:00","32.218","open","low_gate","winter","low"
"4774","3/16/2024","9:00","32.218","open","low_gate","winter","low"
"4784","3/16/2024","15:00","47.266","open","low_gate","winter","low"
"4794","3/16/2024","21:00","35.758","open","low_gate","winter","low"
"4804","3/17/2024","3:00","32.617","open","low_gate","winter","low"
"4817","3/17/2024","9:00","32.617","open","low_gate","winter","low"
"4824","3/17/2024","15:00","58.476","open","low_gate","winter","low"
"4834","3/17/2024","21:00","39.947","open","low_gate","winter","low"
"4844","3/18/2024","3:00","33.411","open","low_gate","winter","low"
"4854","3/18/2024","9:00","32.815","open","low_gate","winter","low"
"4864","3/18/2024","15:00","62.425","open","low_gate","winter","low"
"4874","3/18/2024","21:00","42.363","open","low_gate","winter","low"
"4884","3/19/2024","3:00","34.394","open","low_gate","winter","low"
"4894","3/19/2024","9:00","33.411","open","low_gate","winter","low"
"4904","3/19/2024","15:00","63.111","open","low_gate","winter","low"
"4917","3/19/2024","21:00","43.466","open","low_gate","winter","low"
"4924","3/20/2024","3:00","35.37","open","low_gate","winter","low"
"4934","3/20/2024","9:00","33.805","open","low_gate","winter","low"
"4944","3/20/2024","15:00","63.455","open","low_gate","winter","low"
"4954","3/20/2024","21:00","44.379","open","low_gate","winter","low"
"4964","3/21/2024","3:00","36.338","open","low_gate","winter","low"
"4974","3/21/2024","9:00","37.679","open","low_gate","winter","low"
"4984","3/21/2024","15:00","57.441","open","low_gate","winter","low"
"4994","3/21/2024","21:00","41.81","open","low_gate","winter","low"
"5004","3/22/2024","3:00","34.981","open","low_gate","winter","low"
"5017","3/22/2024","9:00","34.786","open","low_gate","winter","low"
"5024","3/22/2024","15:00","59.337","open","low_gate","winter","low"
"5034","3/22/2024","21:00","43.831","open","low_gate","winter","low"
"5044","3/23/2024","3:00","36.531","open","low_gate","winter","low"
"5054","3/23/2024","9:00","39.196","open","low_gate","winter","low"
"5064","3/23/2024","15:00","48.339","open","low_gate","winter","low"
"5074","3/23/2024","21:00","39.76","open","low_gate","winter","low"
"5084","3/24/2024","3:00","37.297","open","low_gate","winter","low"
"5094","3/24/2024","9:00","36.531","open","low_gate","winter","low"
"5107","3/24/2024","15:00","47.446","open","low_gate","winter","low"
"5117","3/24/2024","21:00","37.488","open","low_gate","winter","low"
"5124","3/25/2024","3:00","33.805","open","low_gate","winter","low"
"5134","3/25/2024","9:00","33.411","open","low_gate","winter","low"
"5144","3/25/2024","15:00","53.798","open","low_gate","winter","low"
"5154","3/25/2024","21:00","39.384","open","low_gate","winter","low"
"5164","3/26/2024","3:00","33.805","open","low_gate","winter","low"
"5174","3/26/2024","9:00","33.411","open","low_gate","winter","low"
"5184","3/26/2024","15:00","49.228","open","low_gate","winter","low"
"5194","3/26/2024","21:00","38.818","open","low_gate","winter","low"
"5204","3/27/2024","3:00","34.59","open","low_gate","winter","low"
"5217","3/27/2024","9:00","33.805","open","low_gate","winter","low"
"5224","3/27/2024","15:00","46.908","open","low_gate","winter","low"
"5234","3/27/2024","21:00","39.384","open","low_gate","winter","low"
"5244","3/28/2024","3:00","37.297","open","low_gate","winter","low"
"5254","3/28/2024","9:00","35.758","open","low_gate","winter","low"
"5264","3/28/2024","15:00","36.338","open","low_gate","winter","low"
"5274","3/28/2024","21:00","34.394","open","low_gate","winter","low"
"5284","3/29/2024","3:00","33.013","open","low_gate","winter","low"
"5294","3/29/2024","9:00","33.013","open","low_gate","winter","low"
"5304","3/29/2024","15:00","53.274","open","low_gate","winter","low"
"5317","3/29/2024","21:00","39.196","open","low_gate","winter","low"
"5324","3/30/2024","3:00","34.198","open","low_gate","winter","low"
"5334","3/30/2024","9:00","33.607","open","low_gate","winter","low"
"5344","3/30/2024","15:00","49.759","open","low_gate","winter","low"
"5354","3/30/2024","21:00","41.067","open","low_gate","winter","low"
"5364","3/31/2024","3:00","37.297","open","low_gate","winter","low"
"5374","3/31/2024","9:00","38.818","open","low_gate","winter","low"
"5384","3/31/2024","15:00","46.728","open","low_gate","winter","low"
"5394","3/31/2024","21:00","39.384","open","low_gate","winter","low"
"5404","4/1/2024","3:00","34.786","open","low_gate","winter","low"
"5417","4/1/2024","9:00","33.607","open","low_gate","winter","low"
"5424","4/1/2024","15:00","55.017","open","low_gate","winter","low"
"5434","4/1/2024","21:00","41.81","open","low_gate","winter","low"
"5444","4/2/2024","3:00","35.37","open","low_gate","winter","low"
"5454","4/2/2024","9:00","34.198","open","low_gate","winter","low"
"5464","4/2/2024","15:00","61.912","open","low_gate","winter","low"
"5474","4/2/2024","21:00","47.446","open","low_gate","winter","low"
"5484","4/3/2024","3:00","39.196","open","low_gate","winter","low"
"5494","4/3/2024","9:00","38.44","open","low_gate","winter","low"
"5504","4/3/2024","15:00","54.669","open","low_gate","winter","low"
"5517","4/3/2024","21:00","44.922","open","low_gate","winter","low"
"5524","4/4/2024","3:00","40.881","open","low_gate","winter","low"
"5534","4/4/2024","9:00","41.439","open","low_gate","winter","low"
"5544","4/4/2024","15:00","58.476","open","low_gate","winter","low"
"5554","4/4/2024","21:00","46.728","open","low_gate","winter","low"
"5564","4/5/2024","3:00","39.947","open","low_gate","winter","low"
"5574","4/5/2024","9:00","41.254","open","low_gate","winter","low"
"5584","4/5/2024","15:00","47.982","open","low_gate","winter","low"
"5594","4/5/2024","21:00","39.947","open","low_gate","winter","low"
"5604","4/6/2024","3:00","36.914","open","low_gate","winter","low"
"5617","4/6/2024","9:00","36.914","open","low_gate","winter","low"
"5624","4/6/2024","15:00","47.446","open","low_gate","winter","low"
"5634","4/6/2024","21:00","41.254","open","low_gate","winter","low"
"5644","4/7/2024","3:00","36.338","open","low_gate","winter","low"
"5654","4/7/2024","9:00","38.061","open","low_gate","winter","low"
"5664","4/7/2024","15:00","58.993","open","low_gate","winter","low"
"5674","4/7/2024","21:00","44.56","open","low_gate","winter","low"
"5684","4/8/2024","3:00","37.107","open","low_gate","winter","low"
"5694","4/8/2024","9:00","35.758","open","low_gate","winter","low"
"5704","4/8/2024","15:00","57.958","open","low_gate","winter","low"
"5717","4/8/2024","21:00","45.104","open","low_gate","winter","low"
"5724","4/9/2024","3:00","37.87","open","low_gate","winter","low"
"5734","4/9/2024","9:00","40.321","open","low_gate","winter","low"
"5744","4/9/2024","15:00","58.82","open","low_gate","winter","low"
"5754","4/9/2024","21:00","46.369","open","low_gate","winter","low"
"5764","4/10/2024","3:00","38.061","open","low_gate","winter","low"
"5774","4/10/2024","9:00","37.297","open","low_gate","winter","low"
"5784","4/10/2024","15:00","64.996","open","low_gate","winter","low"
"5794","4/10/2024","21:00","48.517","open","low_gate","winter","low"
"5804","4/11/2024","3:00","39.573","open","low_gate","winter","low"
"5817","4/11/2024","9:00","38.818","open","low_gate","winter","low"
"5824","4/11/2024","15:00","59.164","open","low_gate","winter","low"
"5834","4/11/2024","21:00","47.802","open","low_gate","winter","low"
"5844","4/12/2024","3:00","40.881","open","low_gate","winter","low"
"5854","4/12/2024","9:00","42.179","open","low_gate","winter","low"
"5864","4/12/2024","15:00","57.268","open","low_gate","winter","low"
"5874","4/12/2024","21:00","49.582","open","low_gate","winter","low"
"5884","4/13/2024","3:00","42.179","open","low_gate","winter","low"
"5894","4/13/2024","9:00","43.099","open","low_gate","winter","low"
"5904","4/13/2024","15:00","68.934","open","low_gate","winter","low"
"5917","4/13/2024","21:00","52.75","open","low_gate","winter","low"
"5924","4/14/2024","3:00","43.282","open","low_gate","winter","low"
"5934","4/14/2024","9:00","43.831","open","low_gate","winter","low"
"5944","4/14/2024","15:00","67.564","open","low_gate","winter","low"
"5954","4/14/2024","21:00","51.523","open","low_gate","winter","low"
"5964","4/15/2024","3:00","46.369","open","low_gate","winter","low"
"5974","4/15/2024","9:00","46.908","open","low_gate","winter","low"
"5984","4/15/2024","15:00","62.598","open","low_gate","winter","low"
"5994","4/15/2024","21:00","50.466","open","low_gate","winter","low"
"6004","4/16/2024","3:00","41.625","open","low_gate","winter","low"
"6017","4/16/2024","9:00","42.179","open","low_gate","winter","low"
"6024","4/16/2024","15:00","55.711","open","low_gate","winter","low"
"6034","4/16/2024","21:00","47.624","open","low_gate","winter","low"
"6044","4/17/2024","3:00","42.548","open","low_gate","winter","low"
"6054","4/17/2024","9:00","41.254","open","low_gate","winter","low"
"6064","4/17/2024","15:00","53.973","open","low_gate","winter","low"
"6074","4/17/2024","21:00","41.254","open","low_gate","winter","low"
"6084","4/18/2024","3:00","34.786","open","low_gate","winter","low"
"6094","4/18/2024","9:00","33.607","open","low_gate","winter","low"
"6104","4/18/2024","15:00","65.167","open","low_gate","winter","low"
"6117","4/18/2024","21:00","45.648","open","low_gate","winter","low"
"6124","4/19/2024","3:00","36.145","open","low_gate","winter","low"
"6134","4/19/2024","9:00","34.981","open","low_gate","winter","low"
"6144","4/19/2024","15:00","67.392","open","low_gate","winter","low"
"6154","4/19/2024","21:00","46.548","open","low_gate","winter","low"
"6164","4/20/2024","3:00","37.107","open","low_gate","winter","low"
"6174","4/20/2024","9:00","37.488","open","low_gate","winter","low"
"6184","4/20/2024","15:00","71.339","open","low_gate","winter","low"
"6194","4/20/2024","21:00","51.346","open","low_gate","winter","low"
"6204","4/21/2024","3:00","41.439","open","low_gate","winter","low"
"6217","4/21/2024","9:00","45.104","open","low_gate","winter","low"
"6224","4/21/2024","15:00","69.278","open","low_gate","winter","low"
"6234","4/21/2024","21:00","51.346","open","low_gate","winter","low"
"6244","4/22/2024","3:00","42.732","open","low_gate","winter","low"
"6254","4/22/2024","9:00","41.994","open","low_gate","winter","low"
"6264","4/22/2024","15:00","72.199","open","low_gate","winter","low"
"6274","4/22/2024","21:00","53.973","open","low_gate","winter","low"
"6284","4/23/2024","3:00","43.466","open","low_gate","winter","low"
"6294","4/23/2024","9:00","44.742","open","low_gate","winter","low"
"6304","4/23/2024","15:00","72.718","open","low_gate","winter","low"
"6317","4/23/2024","21:00","54.322","open","low_gate","winter","low"
"6324","4/24/2024","3:00","45.466","open","low_gate","winter","low"
"6334","4/24/2024","9:00","47.266","open","low_gate","winter","low"
"6344","4/24/2024","15:00","81.621","open","low_gate","winter","low"
"2108","11/18/2023","15:00","43.648","open","high_north","winter","high"
"3108","11/18/2023","21:00","33.805","open","high_north","winter","high"
"4108","11/19/2023","3:00","34.394","open","high_north","winter","high"
"5108","11/19/2023","9:00","35.564","open","high_north","winter","high"
"647","11/19/2023","15:00","38.25","open","high_north","winter","high"
"718","11/19/2023","21:00","34.198","open","high_north","winter","high"
"818","11/20/2023","3:00","31.816","open","high_north","winter","high"
"918","11/20/2023","9:00","30.808","open","high_north","winter","high"
"1018","11/20/2023","15:00","37.488","open","high_north","winter","high"
"1118","11/20/2023","21:00","32.018","open","high_north","winter","high"
"1218","11/21/2023","3:00","30.198","open","high_north","winter","high"
"1318","11/21/2023","9:00","29.79","open","high_north","winter","high"
"1418","11/21/2023","15:00","33.607","open","high_north","winter","high"
"1518","11/21/2023","21:00","31.012","open","high_north","winter","high"
"1618","11/22/2023","3:00","29.79","open","high_north","winter","high"
"1718","11/22/2023","9:00","29.174","open","high_north","winter","high"
"1818","11/22/2023","15:00","32.815","open","high_north","winter","high"
"1918","11/22/2023","21:00","31.816","open","high_north","winter","high"
"2018","11/23/2023","3:00","31.617","open","high_north","winter","high"
"2118","11/23/2023","9:00","31.415","open","high_north","winter","high"
"2218","11/23/2023","15:00","32.418","open","high_north","winter","high"
"2318","11/23/2023","21:00","31.816","open","high_north","winter","high"
"2418","11/24/2023","3:00","31.617","open","high_north","winter","high"
"2518","11/24/2023","9:00","31.415","open","high_north","winter","high"
"2618","11/24/2023","15:00","31.816","open","high_north","winter","high"
"2718","11/24/2023","21:00","30.198","open","high_north","winter","high"
"2818","11/25/2023","3:00","28.555","open","high_north","winter","high"
"2918","11/25/2023","9:00","27.091","open","high_north","winter","high"
"3018","11/25/2023","15:00","32.018","open","high_north","winter","high"
"3118","11/25/2023","21:00","29.586","open","high_north","winter","high"
"3218","11/26/2023","3:00","28.346","open","high_north","winter","high"
"3318","11/26/2023","9:00","27.93","open","high_north","winter","high"
"3418","11/26/2023","15:00","29.379","open","high_north","winter","high"
"3518","11/26/2023","21:00","27.93","open","high_north","winter","high"
"3618","11/27/2023","3:00","27.091","open","high_north","winter","high"
"3718","11/27/2023","9:00","26.881","open","high_north","winter","high"
"3818","11/27/2023","15:00","30.808","open","high_north","winter","high"
"3918","11/27/2023","21:00","25.174","open","high_north","winter","high"
"4018","11/28/2023","3:00","22.33","open","high_north","winter","high"
"4118","11/28/2023","9:00","21.884","open","high_north","winter","high"
"4218","11/28/2023","15:00","32.218","open","high_north","winter","high"
"4318","11/28/2023","21:00","28.139","open","high_north","winter","high"
"4418","11/29/2023","3:00","23.216","open","high_north","winter","high"
"4518","11/29/2023","9:00","22.552","open","high_north","winter","high"
"4618","11/29/2023","15:00","31.816","open","high_north","winter","high"
"4718","11/29/2023","21:00","27.091","open","high_north","winter","high"
"4818","11/30/2023","3:00","24.31","open","high_north","winter","high"
"4918","11/30/2023","9:00","21.884","open","high_north","winter","high"
"5018","11/30/2023","15:00","30.198","open","high_north","winter","high"
"5118","11/30/2023","21:00","26.881","open","high_north","winter","high"
"5218","12/1/2023","3:00","25.819","open","high_north","winter","high"
"5318","12/1/2023","9:00","24.526","open","high_north","winter","high"
"5418","12/1/2023","15:00","27.93","open","high_north","winter","high"
"5518","12/1/2023","21:00","27.93","open","high_north","winter","high"
"5618","12/2/2023","3:00","27.93","open","high_north","winter","high"
"5718","12/2/2023","9:00","27.511","open","high_north","winter","high"
"5818","12/2/2023","15:00","28.346","open","high_north","winter","high"
"5918","12/2/2023","21:00","28.555","open","high_north","winter","high"
"6018","12/3/2023","3:00","26.031","open","high_north","winter","high"
"6118","12/3/2023","9:00","26.245","open","high_north","winter","high"
"6218","12/3/2023","15:00","28.762","open","high_north","winter","high"
"6318","12/3/2023","21:00","28.969","open","high_north","winter","high"
"648","12/4/2023","3:00","28.969","open","high_north","winter","high"
"655","12/4/2023","9:00","29.379","open","high_north","winter","high"
"665","12/4/2023","15:00","30.403","open","high_north","winter","high"
"675","12/4/2023","21:00","30.607","open","high_north","winter","high"
"685","12/5/2023","3:00","30.808","open","high_north","winter","high"
"695","12/5/2023","9:00","31.012","open","high_north","winter","high"
"705","12/5/2023","15:00","31.617","open","high_north","winter","high"
"719","12/5/2023","21:00","31.617","open","high_north","winter","high"
"725","12/6/2023","3:00","31.617","open","high_north","winter","high"
"735","12/6/2023","9:00","31.617","open","high_north","winter","high"
"745","12/6/2023","15:00","32.218","open","high_north","winter","high"
"755","12/6/2023","21:00","31.816","open","high_north","winter","high"
"765","12/7/2023","3:00","31.816","open","high_north","winter","high"
"775","12/7/2023","9:00","31.816","open","high_north","winter","high"
"785","12/7/2023","15:00","31.816","open","high_north","winter","high"
"795","12/7/2023","21:00","31.415","open","high_north","winter","high"
"805","12/8/2023","3:00","31.415","open","high_north","winter","high"
"819","12/8/2023","9:00","31.012","open","high_north","winter","high"
"825","12/8/2023","15:00","31.012","open","high_north","winter","high"
"835","12/8/2023","21:00","29.995","open","high_north","winter","high"
"845","12/9/2023","3:00","28.346","open","high_north","winter","high"
"855","12/9/2023","9:00","26.031","open","high_north","winter","high"
"865","12/9/2023","15:00","28.555","open","high_north","winter","high"
"875","12/9/2023","21:00","27.721","open","high_north","winter","high"
"885","12/10/2023","3:00","27.511","open","high_north","winter","high"
"895","12/10/2023","9:00","27.721","open","high_north","winter","high"
"905","12/10/2023","15:00","28.969","open","high_north","winter","high"
"919","12/10/2023","21:00","29.174","open","high_north","winter","high"
"925","12/11/2023","3:00","29.379","open","high_north","winter","high"
"935","12/11/2023","9:00","29.586","open","high_north","winter","high"
"945","12/11/2023","15:00","30.403","open","high_north","winter","high"
"955","12/11/2023","21:00","30.198","open","high_north","winter","high"
"965","12/12/2023","3:00","29.79","open","high_north","winter","high"
"975","12/12/2023","9:00","29.174","open","high_north","winter","high"
"985","12/12/2023","15:00","30.403","open","high_north","winter","high"
"995","12/12/2023","21:00","29.586","open","high_north","winter","high"
"1005","12/13/2023","3:00","28.555","open","high_north","winter","high"
"1019","12/13/2023","9:00","27.721","open","high_north","winter","high"
"1025","12/13/2023","15:00","29.995","open","high_north","winter","high"
"1035","12/13/2023","21:00","29.174","open","high_north","winter","high"
"1045","12/14/2023","3:00","27.93","open","high_north","winter","high"
"1055","12/14/2023","9:00","26.668","open","high_north","winter","high"
"1065","12/14/2023","15:00","29.379","open","high_north","winter","high"
"1075","12/14/2023","21:00","28.139","open","high_north","winter","high"
"1085","12/15/2023","3:00","27.091","open","high_north","winter","high"
"1095","12/15/2023","9:00","26.458","open","high_north","winter","high"
"1105","12/15/2023","15:00","29.379","open","high_north","winter","high"
"1119","12/15/2023","21:00","28.346","open","high_north","winter","high"
"1125","12/16/2023","3:00","27.511","open","high_north","winter","high"
"1135","12/16/2023","9:00","26.881","open","high_north","winter","high"
"1145","12/16/2023","15:00","29.174","open","high_north","winter","high"
"1155","12/16/2023","21:00","27.93","open","high_north","winter","high"
"1165","12/17/2023","3:00","27.091","open","high_north","winter","high"
"1175","12/17/2023","9:00","26.245","open","high_north","winter","high"
"1185","12/17/2023","15:00","29.174","open","high_north","winter","high"
"1195","12/17/2023","21:00","28.139","open","high_north","winter","high"
"1205","12/18/2023","3:00","27.091","open","high_north","winter","high"
"1219","12/18/2023","9:00","26.881","open","high_north","winter","high"
"1225","12/18/2023","15:00","29.174","open","high_north","winter","high"
"1235","12/18/2023","21:00","28.969","open","high_north","winter","high"
"1245","12/19/2023","3:00","28.555","open","high_north","winter","high"
"1255","12/19/2023","9:00","28.969","open","high_north","winter","high"
"1265","12/19/2023","15:00","30.403","open","high_north","winter","high"
"1275","12/19/2023","21:00","29.79","open","high_north","winter","high"
"1285","12/20/2023","3:00","29.379","open","high_north","winter","high"
"1295","12/20/2023","9:00","29.79","open","high_north","winter","high"
"1305","12/20/2023","15:00","31.012","open","high_north","winter","high"
"1319","12/20/2023","21:00","31.617","open","high_north","winter","high"
"1325","12/21/2023","3:00","31.012","open","high_north","winter","high"
"1335","12/21/2023","9:00","30.607","open","high_north","winter","high"
"1345","12/21/2023","15:00","32.018","open","high_north","winter","high"
"1355","12/21/2023","21:00","32.018","open","high_north","winter","high"
"1365","12/22/2023","3:00","32.018","open","high_north","winter","high"
"1375","12/22/2023","9:00","32.018","open","high_north","winter","high"
"1385","12/22/2023","15:00","32.018","open","high_north","winter","high"
"1395","12/22/2023","21:00","32.018","open","high_north","winter","high"
"1405","12/23/2023","3:00","32.018","open","high_north","winter","high"
"1419","12/23/2023","9:00","32.018","open","high_north","winter","high"
"1425","12/23/2023","15:00","32.018","open","high_north","winter","high"
"1435","12/23/2023","21:00","32.018","open","high_north","winter","high"
"1445","12/24/2023","3:00","31.816","open","high_north","winter","high"
"1455","12/24/2023","9:00","31.617","open","high_north","winter","high"
"1465","12/24/2023","15:00","31.816","open","high_north","winter","high"
"1475","12/24/2023","21:00","31.415","open","high_north","winter","high"
"1485","12/25/2023","3:00","30.607","open","high_north","winter","high"
"1495","12/25/2023","9:00","30.607","open","high_north","winter","high"
"1505","12/25/2023","15:00","31.213","open","high_north","winter","high"
"1519","12/25/2023","21:00","29.586","open","high_north","winter","high"
"1525","12/26/2023","3:00","28.346","open","high_north","winter","high"
"1535","12/26/2023","9:00","27.511","open","high_north","winter","high"
"1545","12/26/2023","15:00","29.379","open","high_north","winter","high"
"1555","12/26/2023","21:00","28.555","open","high_north","winter","high"
"1565","12/27/2023","3:00","28.346","open","high_north","winter","high"
"1575","12/27/2023","9:00","28.346","open","high_north","winter","high"
"1585","12/27/2023","15:00","29.379","open","high_north","winter","high"
"1595","12/27/2023","21:00","28.346","open","high_north","winter","high"
"1605","12/28/2023","3:00","28.346","open","high_north","winter","high"
"1619","12/28/2023","9:00","27.93","open","high_north","winter","high"
"1625","12/28/2023","15:00","30.198","open","high_north","winter","high"
"1635","12/28/2023","21:00","28.762","open","high_north","winter","high"
"1645","12/29/2023","3:00","27.93","open","high_north","winter","high"
"1655","12/29/2023","9:00","27.511","open","high_north","winter","high"
"1665","12/29/2023","15:00","30.198","open","high_north","winter","high"
"1675","12/29/2023","21:00","29.586","open","high_north","winter","high"
"1685","12/30/2023","3:00","28.346","open","high_north","winter","high"
"1695","12/30/2023","9:00","27.721","open","high_north","winter","high"
"1705","12/30/2023","15:00","30.403","open","high_north","winter","high"
"1719","12/30/2023","21:00","30.198","open","high_north","winter","high"
"1725","12/31/2023","3:00","28.969","open","high_north","winter","high"
"1735","12/31/2023","9:00","27.93","open","high_north","winter","high"
"1745","12/31/2023","15:00","30.808","open","high_north","winter","high"
"1755","12/31/2023","21:00","29.379","open","high_north","winter","high"
"1765","1/1/2024","3:00","27.091","open","high_north","winter","high"
"1775","1/1/2024","9:00","25.819","open","high_north","winter","high"
"1785","1/1/2024","15:00","30.198","open","high_north","winter","high"
"1795","1/1/2024","21:00","28.346","open","high_north","winter","high"
"1805","1/2/2024","3:00","26.031","open","high_north","winter","high"
"1819","1/2/2024","9:00","25.39","open","high_north","winter","high"
"1825","1/2/2024","15:00","29.379","open","high_north","winter","high"
"1835","1/2/2024","21:00","27.091","open","high_north","winter","high"
"1845","1/3/2024","3:00","25.174","open","high_north","winter","high"
"1855","1/3/2024","9:00","24.31","open","high_north","winter","high"
"1865","1/3/2024","15:00","28.139","open","high_north","winter","high"
"1875","1/3/2024","21:00","27.511","open","high_north","winter","high"
"1885","1/4/2024","3:00","27.511","open","high_north","winter","high"
"1895","1/4/2024","9:00","27.091","open","high_north","winter","high"
"1905","1/4/2024","15:00","29.586","open","high_north","winter","high"
"1919","1/4/2024","21:00","29.174","open","high_north","winter","high"
"1925","1/5/2024","3:00","28.555","open","high_north","winter","high"
"1935","1/5/2024","9:00","28.139","open","high_north","winter","high"
"1945","1/5/2024","15:00","29.79","open","high_north","winter","high"
"1955","1/5/2024","21:00","27.302","open","high_north","winter","high"
"1965","1/6/2024","3:00","24.526","open","high_north","winter","high"
"1975","1/6/2024","9:00","24.96","open","high_north","winter","high"
"1985","1/6/2024","15:00","26.458","open","high_north","winter","high"
"1995","1/6/2024","21:00","26.245","open","high_north","winter","high"
"2005","1/7/2024","3:00","26.881","open","high_north","winter","high"
"2019","1/7/2024","9:00","26.881","open","high_north","winter","high"
"2025","1/7/2024","15:00","27.721","open","high_north","winter","high"
"2035","1/7/2024","21:00","27.511","open","high_north","winter","high"
"2045","1/8/2024","3:00","26.881","open","high_north","winter","high"
"2055","1/8/2024","9:00","26.245","open","high_north","winter","high"
"2065","1/8/2024","15:00","26.881","open","high_north","winter","high"
"2075","1/8/2024","21:00","26.881","open","high_north","winter","high"
"2085","1/9/2024","3:00","26.881","open","high_north","winter","high"
"2095","1/9/2024","9:00","27.091","open","high_north","winter","high"
"2109","1/9/2024","15:00","27.511","open","high_north","winter","high"
"2119","1/9/2024","21:00","27.511","open","high_north","winter","high"
"2125","1/10/2024","3:00","27.721","open","high_north","winter","high"
"2135","1/10/2024","9:00","27.511","open","high_north","winter","high"
"2145","1/10/2024","15:00","27.93","open","high_north","winter","high"
"2155","1/10/2024","21:00","28.139","open","high_north","winter","high"
"2165","1/11/2024","3:00","28.139","open","high_north","winter","high"
"2175","1/11/2024","9:00","27.721","open","high_north","winter","high"
"2185","1/11/2024","15:00","27.93","open","high_north","winter","high"
"2195","1/11/2024","21:00","28.139","open","high_north","winter","high"
"2205","1/12/2024","3:00","28.139","open","high_north","winter","high"
"2219","1/12/2024","9:00","28.139","open","high_north","winter","high"
"2225","1/12/2024","15:00","28.346","open","high_north","winter","high"
"2235","1/12/2024","21:00","28.139","open","high_north","winter","high"
"2245","1/13/2024","3:00","27.302","open","high_north","winter","high"
"2255","1/13/2024","9:00","26.668","open","high_north","winter","high"
"2265","1/13/2024","15:00","26.668","open","high_north","winter","high"
"2275","1/13/2024","21:00","26.458","open","high_north","winter","high"
"2285","1/14/2024","3:00","26.245","open","high_north","winter","high"
"2295","1/14/2024","9:00","26.031","open","high_north","winter","high"
"2305","1/14/2024","15:00","26.458","open","high_north","winter","high"
"2319","1/14/2024","21:00","26.881","open","high_north","winter","high"
"2325","1/15/2024","3:00","26.881","open","high_north","winter","high"
"2335","1/15/2024","9:00","26.458","open","high_north","winter","high"
"2345","1/15/2024","15:00","26.668","open","high_north","winter","high"
"2355","1/15/2024","21:00","26.668","open","high_north","winter","high"
"2365","1/16/2024","3:00","26.031","open","high_north","winter","high"
"2375","1/16/2024","9:00","25.605","open","high_north","winter","high"
"2385","1/16/2024","15:00","26.031","open","high_north","winter","high"
"2395","1/16/2024","21:00","26.031","open","high_north","winter","high"
"2405","1/17/2024","3:00","26.031","open","high_north","winter","high"
"2419","1/17/2024","9:00","26.245","open","high_north","winter","high"
"2425","1/17/2024","15:00","26.881","open","high_north","winter","high"
"2435","1/17/2024","21:00","27.302","open","high_north","winter","high"
"2445","1/18/2024","3:00","27.302","open","high_north","winter","high"
"2455","1/18/2024","9:00","27.511","open","high_north","winter","high"
"2465","1/18/2024","15:00","27.721","open","high_north","winter","high"
"2475","1/18/2024","21:00","27.93","open","high_north","winter","high"
"2485","1/19/2024","3:00","27.93","open","high_north","winter","high"
"2495","1/19/2024","9:00","28.139","open","high_north","winter","high"
"2505","1/19/2024","15:00","28.555","open","high_north","winter","high"
"2519","1/19/2024","21:00","28.762","open","high_north","winter","high"
"2525","1/20/2024","3:00","28.762","open","high_north","winter","high"
"2535","1/20/2024","9:00","28.762","open","high_north","winter","high"
"2545","1/20/2024","15:00","29.174","open","high_north","winter","high"
"2555","1/20/2024","21:00","29.379","open","high_north","winter","high"
"2565","1/21/2024","3:00","29.586","open","high_north","winter","high"
"2575","1/21/2024","9:00","29.586","open","high_north","winter","high"
"2585","1/21/2024","15:00","29.79","open","high_north","winter","high"
"2595","1/21/2024","21:00","29.79","open","high_north","winter","high"
"2605","1/22/2024","3:00","29.995","open","high_north","winter","high"
"2619","1/22/2024","9:00","29.995","open","high_north","winter","high"
"2625","1/22/2024","15:00","30.198","open","high_north","winter","high"
"2635","1/22/2024","21:00","30.198","open","high_north","winter","high"
"2645","1/23/2024","3:00","30.403","open","high_north","winter","high"
"2655","1/23/2024","9:00","30.403","open","high_north","winter","high"
"2665","1/23/2024","15:00","30.403","open","high_north","winter","high"
"2675","1/23/2024","21:00","30.607","open","high_north","winter","high"
"2685","1/24/2024","3:00","30.607","open","high_north","winter","high"
"2695","1/24/2024","9:00","30.607","open","high_north","winter","high"
"2705","1/24/2024","15:00","30.808","open","high_north","winter","high"
"2719","1/24/2024","21:00","30.808","open","high_north","winter","high"
"2725","1/25/2024","3:00","30.808","open","high_north","winter","high"
"2735","1/25/2024","9:00","30.808","open","high_north","winter","high"
"2745","1/25/2024","15:00","30.808","open","high_north","winter","high"
"2755","1/25/2024","21:00","30.808","open","high_north","winter","high"
"2765","1/26/2024","3:00","30.808","open","high_north","winter","high"
"2775","1/26/2024","9:00","30.607","open","high_north","winter","high"
"2785","1/26/2024","15:00","30.403","open","high_north","winter","high"
"2795","1/26/2024","21:00","30.403","open","high_north","winter","high"
"2805","1/27/2024","3:00","30.403","open","high_north","winter","high"
"2819","1/27/2024","9:00","30.403","open","high_north","winter","high"
"2825","1/27/2024","15:00","30.607","open","high_north","winter","high"
"2835","1/27/2024","21:00","30.607","open","high_north","winter","high"
"2845","1/28/2024","3:00","30.607","open","high_north","winter","high"
"2855","1/28/2024","9:00","30.808","open","high_north","winter","high"
"2865","1/28/2024","15:00","30.808","open","high_north","winter","high"
"2875","1/28/2024","21:00","31.012","open","high_north","winter","high"
"2885","1/29/2024","3:00","31.012","open","high_north","winter","high"
"2895","1/29/2024","9:00","31.012","open","high_north","winter","high"
"2905","1/29/2024","15:00","32.018","open","high_north","winter","high"
"2919","1/29/2024","21:00","31.816","open","high_north","winter","high"
"2925","1/30/2024","3:00","31.816","open","high_north","winter","high"
"2935","1/30/2024","9:00","31.816","open","high_north","winter","high"
"2945","1/30/2024","15:00","31.816","open","high_north","winter","high"
"2955","1/30/2024","21:00","31.816","open","high_north","winter","high"
"2965","1/31/2024","3:00","31.816","open","high_north","winter","high"
"2975","1/31/2024","9:00","31.816","open","high_north","winter","high"
"2985","1/31/2024","15:00","31.816","open","high_north","winter","high"
"2995","1/31/2024","21:00","31.816","open","high_north","winter","high"
"3005","2/1/2024","3:00","31.816","open","high_north","winter","high"
"3019","2/1/2024","9:00","31.816","open","high_north","winter","high"
"3025","2/1/2024","15:00","31.816","open","high_north","winter","high"
"3035","2/1/2024","21:00","31.816","open","high_north","winter","high"
"3045","2/2/2024","3:00","31.816","open","high_north","winter","high"
"3055","2/2/2024","9:00","31.816","open","high_north","winter","high"
"3065","2/2/2024","15:00","31.816","open","high_north","winter","high"
"3075","2/2/2024","21:00","31.816","open","high_north","winter","high"
"3085","2/3/2024","3:00","31.816","open","high_north","winter","high"
"3095","2/3/2024","9:00","31.816","open","high_north","winter","high"
"3109","2/3/2024","15:00","31.816","open","high_north","winter","high"
"3119","2/3/2024","21:00","31.816","open","high_north","winter","high"
"3125","2/4/2024","3:00","31.816","open","high_north","winter","high"
"3135","2/4/2024","9:00","31.816","open","high_north","winter","high"
"3145","2/4/2024","15:00","31.816","open","high_north","winter","high"
"3155","2/4/2024","21:00","31.816","open","high_north","winter","high"
"3165","2/5/2024","3:00","31.816","open","high_north","winter","high"
"3175","2/5/2024","9:00","31.816","open","high_north","winter","high"
"3185","2/5/2024","15:00","31.816","open","high_north","winter","high"
"3195","2/5/2024","21:00","31.816","open","high_north","winter","high"
"3205","2/6/2024","3:00","31.816","open","high_north","winter","high"
"3219","2/6/2024","9:00","31.816","open","high_north","winter","high"
"3225","2/6/2024","15:00","31.816","open","high_north","winter","high"
"3235","2/6/2024","21:00","31.816","open","high_north","winter","high"
"3245","2/7/2024","3:00","31.816","open","high_north","winter","high"
"3255","2/7/2024","9:00","31.816","open","high_north","winter","high"
"3265","2/7/2024","15:00","31.816","open","high_north","winter","high"
"3275","2/7/2024","21:00","31.816","open","high_north","winter","high"
"3285","2/8/2024","3:00","31.816","open","high_north","winter","high"
"3295","2/8/2024","9:00","31.816","open","high_north","winter","high"
"3305","2/8/2024","15:00","31.816","open","high_north","winter","high"
"3319","2/8/2024","21:00","31.816","open","high_north","winter","high"
"3325","2/9/2024","3:00","31.816","open","high_north","winter","high"
"3335","2/9/2024","9:00","31.816","open","high_north","winter","high"
"3345","2/9/2024","15:00","31.816","open","high_north","winter","high"
"3355","2/9/2024","21:00","31.816","open","high_north","winter","high"
"3365","2/10/2024","3:00","31.816","open","high_north","winter","high"
"3375","2/10/2024","9:00","31.816","open","high_north","winter","high"
"3385","2/10/2024","15:00","31.816","open","high_north","winter","high"
"3395","2/10/2024","21:00","31.816","open","high_north","winter","high"
"3405","2/11/2024","3:00","31.816","open","high_north","winter","high"
"3419","2/11/2024","9:00","31.816","open","high_north","winter","high"
"3425","2/11/2024","15:00","31.816","open","high_north","winter","high"
"3435","2/11/2024","21:00","31.816","open","high_north","winter","high"
"3445","2/12/2024","3:00","31.816","open","high_north","winter","high"
"3455","2/12/2024","9:00","31.816","open","high_north","winter","high"
"3465","2/12/2024","15:00","31.816","open","high_north","winter","high"
"3475","2/12/2024","21:00","31.816","open","high_north","winter","high"
"3485","2/13/2024","3:00","31.816","open","high_north","winter","high"
"3495","2/13/2024","9:00","31.816","open","high_north","winter","high"
"3505","2/13/2024","15:00","31.816","open","high_north","winter","high"
"3519","2/13/2024","21:00","31.816","open","high_north","winter","high"
"3525","2/14/2024","3:00","31.816","open","high_north","winter","high"
"3535","2/14/2024","9:00","31.816","open","high_north","winter","high"
"3545","2/14/2024","15:00","31.816","open","high_north","winter","high"
"3555","2/14/2024","21:00","31.816","open","high_north","winter","high"
"3565","2/15/2024","3:00","31.816","open","high_north","winter","high"
"3575","2/15/2024","9:00","31.816","open","high_north","winter","high"
"3585","2/15/2024","15:00","31.816","open","high_north","winter","high"
"3595","2/15/2024","21:00","31.816","open","high_north","winter","high"
"3605","2/16/2024","3:00","31.816","open","high_north","winter","high"
"3619","2/16/2024","9:00","31.816","open","high_north","winter","high"
"3625","2/16/2024","15:00","31.816","open","high_north","winter","high"
"3635","2/16/2024","21:00","31.816","open","high_north","winter","high"
"3645","2/17/2024","3:00","31.816","open","high_north","winter","high"
"3655","2/17/2024","9:00","31.816","open","high_north","winter","high"
"3665","2/17/2024","15:00","31.617","open","high_north","winter","high"
"3675","2/17/2024","21:00","31.617","open","high_north","winter","high"
"3685","2/18/2024","3:00","31.617","open","high_north","winter","high"
"3695","2/18/2024","9:00","31.415","open","high_north","winter","high"
"3705","2/18/2024","15:00","31.415","open","high_north","winter","high"
"3719","2/18/2024","21:00","31.415","open","high_north","winter","high"
"3725","2/19/2024","3:00","31.415","open","high_north","winter","high"
"3735","2/19/2024","9:00","31.415","open","high_north","winter","high"
"3745","2/19/2024","15:00","31.415","open","high_north","winter","high"
"3755","2/19/2024","21:00","31.617","open","high_north","winter","high"
"3765","2/20/2024","3:00","31.617","open","high_north","winter","high"
"3775","2/20/2024","9:00","31.617","open","high_north","winter","high"
"3785","2/20/2024","15:00","31.617","open","high_north","winter","high"
"3795","2/20/2024","21:00","31.617","open","high_north","winter","high"
"3805","2/21/2024","3:00","31.617","open","high_north","winter","high"
"3819","2/21/2024","9:00","31.617","open","high_north","winter","high"
"3825","2/21/2024","15:00","31.617","open","high_north","winter","high"
"3835","2/21/2024","21:00","31.617","open","high_north","winter","high"
"3845","2/22/2024","3:00","31.816","open","high_north","winter","high"
"3855","2/22/2024","9:00","31.617","open","high_north","winter","high"
"3865","2/22/2024","15:00","31.617","open","high_north","winter","high"
"3875","2/22/2024","21:00","31.617","open","high_north","winter","high"
"3885","2/23/2024","3:00","31.617","open","high_north","winter","high"
"3895","2/23/2024","9:00","31.617","open","high_north","winter","high"
"3905","2/23/2024","15:00","31.617","open","high_north","winter","high"
"3919","2/23/2024","21:00","31.617","open","high_north","winter","high"
"3925","2/24/2024","3:00","31.617","open","high_north","winter","high"
"3935","2/24/2024","9:00","31.617","open","high_north","winter","high"
"3945","2/24/2024","15:00","31.617","open","high_north","winter","high"
"3955","2/24/2024","21:00","31.617","open","high_north","winter","high"
"3965","2/25/2024","3:00","31.617","open","high_north","winter","high"
"3975","2/25/2024","9:00","31.617","open","high_north","winter","high"
"3985","2/25/2024","15:00","31.617","open","high_north","winter","high"
"3995","2/25/2024","21:00","31.617","open","high_north","winter","high"
"4005","2/26/2024","3:00","31.617","open","high_north","winter","high"
"4019","2/26/2024","9:00","31.617","open","high_north","winter","high"
"4025","2/26/2024","15:00","31.617","open","high_north","winter","high"
"4035","2/26/2024","21:00","31.617","open","high_north","winter","high"
"4045","2/27/2024","3:00","31.617","open","high_north","winter","high"
"4055","2/27/2024","9:00","31.617","open","high_north","winter","high"
"4065","2/27/2024","15:00","31.617","open","high_north","winter","high"
"4075","2/27/2024","21:00","31.415","open","high_north","winter","high"
"4085","2/28/2024","3:00","31.415","open","high_north","winter","high"
"4095","2/28/2024","9:00","31.213","open","high_north","winter","high"
"4109","2/28/2024","15:00","31.213","open","high_north","winter","high"
"4119","2/28/2024","21:00","31.213","open","high_north","winter","high"
"4125","2/29/2024","3:00","31.213","open","high_north","winter","high"
"4135","2/29/2024","9:00","31.213","open","high_north","winter","high"
"4145","2/29/2024","15:00","31.213","open","high_north","winter","high"
"4155","2/29/2024","21:00","31.213","open","high_north","winter","high"
"4165","3/1/2024","3:00","31.415","open","high_north","winter","high"
"4175","3/1/2024","9:00","31.415","open","high_north","winter","high"
"4185","3/1/2024","15:00","31.415","open","high_north","winter","high"
"4195","3/1/2024","21:00","31.415","open","high_north","winter","high"
"4205","3/2/2024","3:00","31.617","open","high_north","winter","high"
"4219","3/2/2024","9:00","31.617","open","high_north","winter","high"
"4225","3/2/2024","15:00","31.617","open","high_north","winter","high"
"4235","3/2/2024","21:00","31.617","open","high_north","winter","high"
"4245","3/3/2024","3:00","31.617","open","high_north","winter","high"
"4255","3/3/2024","9:00","31.617","open","high_north","winter","high"
"4265","3/3/2024","15:00","31.617","open","high_north","winter","high"
"4275","3/3/2024","21:00","31.617","open","high_north","winter","high"
"4285","3/4/2024","3:00","31.617","open","high_north","winter","high"
"4295","3/4/2024","9:00","31.415","open","high_north","winter","high"
"4305","3/4/2024","15:00","31.415","open","high_north","winter","high"
"4319","3/4/2024","21:00","31.415","open","high_north","winter","high"
"4325","3/5/2024","3:00","31.415","open","high_north","winter","high"
"4335","3/5/2024","9:00","31.415","open","high_north","winter","high"
"4345","3/5/2024","15:00","31.415","open","high_north","winter","high"
"4355","3/5/2024","21:00","31.415","open","high_north","winter","high"
"4365","3/6/2024","3:00","31.415","open","high_north","winter","high"
"4375","3/6/2024","9:00","31.415","open","high_north","winter","high"
"4385","3/6/2024","15:00","31.415","open","high_north","winter","high"
"4395","3/6/2024","21:00","31.415","open","high_north","winter","high"
"4405","3/7/2024","3:00","31.617","open","high_north","winter","high"
"4419","3/7/2024","9:00","31.415","open","high_north","winter","high"
"4425","3/7/2024","15:00","31.617","open","high_north","winter","high"
"4435","3/7/2024","21:00","31.617","open","high_north","winter","high"
"4445","3/8/2024","3:00","31.617","open","high_north","winter","high"
"4455","3/8/2024","9:00","31.415","open","high_north","winter","high"
"4465","3/8/2024","15:00","31.415","open","high_north","winter","high"
"4475","3/8/2024","21:00","31.415","open","high_north","winter","high"
"4485","3/9/2024","3:00","31.415","open","high_north","winter","high"
"4495","3/9/2024","9:00","31.415","open","high_north","winter","high"
"4505","3/9/2024","15:00","31.415","open","high_north","winter","high"
"4519","3/9/2024","21:00","31.415","open","high_north","winter","high"
"4525","3/10/2024","3:00","31.415","open","high_north","winter","high"
"4535","3/10/2024","9:00","31.415","open","high_north","winter","high"
"4545","3/10/2024","15:00","31.415","open","high_north","winter","high"
"4555","3/10/2024","21:00","31.415","open","high_north","winter","high"
"4565","3/11/2024","3:00","31.415","open","high_north","winter","high"
"4575","3/11/2024","9:00","31.415","open","high_north","winter","high"
"4585","3/11/2024","15:00","31.415","open","high_north","winter","high"
"4595","3/11/2024","21:00","31.617","open","high_north","winter","high"
"4605","3/12/2024","3:00","31.617","open","high_north","winter","high"
"4619","3/12/2024","9:00","31.617","open","high_north","winter","high"
"4625","3/12/2024","15:00","31.617","open","high_north","winter","high"
"4635","3/12/2024","21:00","31.617","open","high_north","winter","high"
"4645","3/13/2024","3:00","31.617","open","high_north","winter","high"
"4655","3/13/2024","9:00","31.617","open","high_north","winter","high"
"4665","3/13/2024","15:00","31.617","open","high_north","winter","high"
"4675","3/13/2024","21:00","31.816","open","high_north","winter","high"
"4685","3/14/2024","3:00","31.816","open","high_north","winter","high"
"4695","3/14/2024","9:00","31.816","open","high_north","winter","high"
"4705","3/14/2024","15:00","31.816","open","high_north","winter","high"
"4719","3/14/2024","21:00","31.816","open","high_north","winter","high"
"4725","3/15/2024","3:00","31.617","open","high_north","winter","high"
"4735","3/15/2024","9:00","31.816","open","high_north","winter","high"
"4745","3/15/2024","15:00","31.617","open","high_north","winter","high"
"4755","3/15/2024","21:00","31.617","open","high_north","winter","high"
"4765","3/16/2024","3:00","31.617","open","high_north","winter","high"
"4775","3/16/2024","9:00","31.617","open","high_north","winter","high"
"4785","3/16/2024","15:00","31.617","open","high_north","winter","high"
"4795","3/16/2024","21:00","31.816","open","high_north","winter","high"
"4805","3/17/2024","3:00","31.816","open","high_north","winter","high"
"4819","3/17/2024","9:00","31.816","open","high_north","winter","high"
"4825","3/17/2024","15:00","31.816","open","high_north","winter","high"
"4835","3/17/2024","21:00","31.816","open","high_north","winter","high"
"4845","3/18/2024","3:00","31.816","open","high_north","winter","high"
"4855","3/18/2024","9:00","31.816","open","high_north","winter","high"
"4865","3/18/2024","15:00","31.816","open","high_north","winter","high"
"4875","3/18/2024","21:00","31.816","open","high_north","winter","high"
"4885","3/19/2024","3:00","31.816","open","high_north","winter","high"
"4895","3/19/2024","9:00","31.816","open","high_north","winter","high"
"4905","3/19/2024","15:00","31.816","open","high_north","winter","high"
"4919","3/19/2024","21:00","31.816","open","high_north","winter","high"
"4925","3/20/2024","3:00","31.816","open","high_north","winter","high"
"4935","3/20/2024","9:00","31.816","open","high_north","winter","high"
"4945","3/20/2024","15:00","31.816","open","high_north","winter","high"
"4955","3/20/2024","21:00","31.816","open","high_north","winter","high"
"4965","3/21/2024","3:00","31.816","open","high_north","winter","high"
"4975","3/21/2024","9:00","31.816","open","high_north","winter","high"
"4985","3/21/2024","15:00","31.816","open","high_north","winter","high"
"4995","3/21/2024","21:00","31.816","open","high_north","winter","high"
"5005","3/22/2024","3:00","31.816","open","high_north","winter","high"
"5019","3/22/2024","9:00","31.816","open","high_north","winter","high"
"5025","3/22/2024","15:00","31.816","open","high_north","winter","high"
"5035","3/22/2024","21:00","31.816","open","high_north","winter","high"
"5045","3/23/2024","3:00","31.816","open","high_north","winter","high"
"5055","3/23/2024","9:00","31.816","open","high_north","winter","high"
"5065","3/23/2024","15:00","32.018","open","high_north","winter","high"
"5075","3/23/2024","21:00","31.816","open","high_north","winter","high"
"5085","3/24/2024","3:00","31.816","open","high_north","winter","high"
"5095","3/24/2024","9:00","31.816","open","high_north","winter","high"
"5109","3/24/2024","15:00","31.816","open","high_north","winter","high"
"5119","3/24/2024","21:00","31.816","open","high_north","winter","high"
"5125","3/25/2024","3:00","32.018","open","high_north","winter","high"
"5135","3/25/2024","9:00","31.816","open","high_north","winter","high"
"5145","3/25/2024","15:00","32.018","open","high_north","winter","high"
"5155","3/25/2024","21:00","32.018","open","high_north","winter","high"
"5165","3/26/2024","3:00","31.816","open","high_north","winter","high"
"5175","3/26/2024","9:00","32.018","open","high_north","winter","high"
"5185","3/26/2024","15:00","32.018","open","high_north","winter","high"
"5195","3/26/2024","21:00","32.018","open","high_north","winter","high"
"5205","3/27/2024","3:00","32.018","open","high_north","winter","high"
"5219","3/27/2024","9:00","32.018","open","high_north","winter","high"
"5225","3/27/2024","15:00","32.018","open","high_north","winter","high"
"5235","3/27/2024","21:00","32.018","open","high_north","winter","high"
"5245","3/28/2024","3:00","32.018","open","high_north","winter","high"
"5255","3/28/2024","9:00","32.018","open","high_north","winter","high"
"5265","3/28/2024","15:00","32.018","open","high_north","winter","high"
"5275","3/28/2024","21:00","31.816","open","high_north","winter","high"
"5285","3/29/2024","3:00","31.816","open","high_north","winter","high"
"5295","3/29/2024","9:00","31.816","open","high_north","winter","high"
"5305","3/29/2024","15:00","31.816","open","high_north","winter","high"
"5319","3/29/2024","21:00","32.018","open","high_north","winter","high"
"5325","3/30/2024","3:00","31.816","open","high_north","winter","high"
"5335","3/30/2024","9:00","31.816","open","high_north","winter","high"
"5345","3/30/2024","15:00","32.018","open","high_north","winter","high"
"5355","3/30/2024","21:00","32.018","open","high_north","winter","high"
"5365","3/31/2024","3:00","31.816","open","high_north","winter","high"
"5375","3/31/2024","9:00","32.018","open","high_north","winter","high"
"5385","3/31/2024","15:00","32.018","open","high_north","winter","high"
"5395","3/31/2024","21:00","32.018","open","high_north","winter","high"
"5405","4/1/2024","3:00","32.018","open","high_north","winter","high"
"5419","4/1/2024","9:00","31.816","open","high_north","winter","high"
"5425","4/1/2024","15:00","32.018","open","high_north","winter","high"
"5435","4/1/2024","21:00","32.018","open","high_north","winter","high"
"5445","4/2/2024","3:00","32.018","open","high_north","winter","high"
"5455","4/2/2024","9:00","32.018","open","high_north","winter","high"
"5465","4/2/2024","15:00","32.018","open","high_north","winter","high"
"5475","4/2/2024","21:00","31.816","open","high_north","winter","high"
"5485","4/3/2024","3:00","32.018","open","high_north","winter","high"
"5495","4/3/2024","9:00","32.018","open","high_north","winter","high"
"5505","4/3/2024","15:00","32.018","open","high_north","winter","high"
"5519","4/3/2024","21:00","32.018","open","high_north","winter","high"
"5525","4/4/2024","3:00","32.018","open","high_north","winter","high"
"5535","4/4/2024","9:00","32.018","open","high_north","winter","high"
"5545","4/4/2024","15:00","32.018","open","high_north","winter","high"
"5555","4/4/2024","21:00","32.018","open","high_north","winter","high"
"5565","4/5/2024","3:00","32.018","open","high_north","winter","high"
"5575","4/5/2024","9:00","32.018","open","high_north","winter","high"
"5585","4/5/2024","15:00","32.218","open","high_north","winter","high"
"5595","4/5/2024","21:00","32.018","open","high_north","winter","high"
"5605","4/6/2024","3:00","32.018","open","high_north","winter","high"
"5619","4/6/2024","9:00","32.018","open","high_north","winter","high"
"5625","4/6/2024","15:00","32.218","open","high_north","winter","high"
"5635","4/6/2024","21:00","32.218","open","high_north","winter","high"
"5645","4/7/2024","3:00","32.018","open","high_north","winter","high"
"5655","4/7/2024","9:00","32.018","open","high_north","winter","high"
"5665","4/7/2024","15:00","44.195","open","high_north","winter","high"
"5675","4/7/2024","21:00","37.488","open","high_north","winter","high"
"5685","4/8/2024","3:00","34.002","open","high_north","winter","high"
"5695","4/8/2024","9:00","33.013","open","high_north","winter","high"
"5705","4/8/2024","15:00","53.274","open","high_north","winter","high"
"5719","4/8/2024","21:00","40.509","open","high_north","winter","high"
"5725","4/9/2024","3:00","34.786","open","high_north","winter","high"
"5735","4/9/2024","9:00","33.805","open","high_north","winter","high"
"5745","4/9/2024","15:00","55.537","open","high_north","winter","high"
"5755","4/9/2024","21:00","41.994","open","high_north","winter","high"
"5765","4/10/2024","3:00","35.564","open","high_north","winter","high"
"5775","4/10/2024","9:00","34.198","open","high_north","winter","high"
"5785","4/10/2024","15:00","59.68","open","high_north","winter","high"
"5795","4/10/2024","21:00","44.013","open","high_north","winter","high"
"5805","4/11/2024","3:00","36.531","open","high_north","winter","high"
"5819","4/11/2024","9:00","34.981","open","high_north","winter","high"
"5825","4/11/2024","15:00","56.75","open","high_north","winter","high"
"5835","4/11/2024","21:00","44.379","open","high_north","winter","high"
"5845","4/12/2024","3:00","37.679","open","high_north","winter","high"
"5855","4/12/2024","9:00","41.439","open","high_north","winter","high"
"5865","4/12/2024","15:00","55.017","open","high_north","winter","high"
"5875","4/12/2024","21:00","47.266","open","high_north","winter","high"
"5885","4/13/2024","3:00","40.696","open","high_north","winter","high"
"5895","4/13/2024","9:00","44.195","open","high_north","winter","high"
"5905","4/13/2024","15:00","64.139","open","high_north","winter","high"
"5919","4/13/2024","21:00","49.937","open","high_north","winter","high"
"5925","4/14/2024","3:00","41.067","open","high_north","winter","high"
"5935","4/14/2024","9:00","44.56","open","high_north","winter","high"
"5945","4/14/2024","15:00","64.481","open","high_north","winter","high"
"5955","4/14/2024","21:00","49.759","open","high_north","winter","high"
"5965","4/15/2024","3:00","44.742","open","high_north","winter","high"
"5975","4/15/2024","9:00","44.56","open","high_north","winter","high"
"5985","4/15/2024","15:00","58.647","open","high_north","winter","high"
"5995","4/15/2024","21:00","47.982","open","high_north","winter","high"
"6005","4/16/2024","3:00","40.509","open","high_north","winter","high"
"6019","4/16/2024","9:00","43.831","open","high_north","winter","high"
"6025","4/16/2024","15:00","53.1","open","high_north","winter","high"
"6035","4/16/2024","21:00","45.286","open","high_north","winter","high"
"6045","4/17/2024","3:00","40.321","open","high_north","winter","high"
"6055","4/17/2024","9:00","40.321","open","high_north","winter","high"
"6065","4/17/2024","15:00","54.147","open","high_north","winter","high"
"6075","4/17/2024","21:00","40.134","open","high_north","winter","high"
"6085","4/18/2024","3:00","34.981","open","high_north","winter","high"
"6095","4/18/2024","9:00","33.805","open","high_north","winter","high"
"6105","4/18/2024","15:00","56.923","open","high_north","winter","high"
"6119","4/18/2024","21:00","40.696","open","high_north","winter","high"
"6125","4/19/2024","3:00","34.981","open","high_north","winter","high"
"6135","4/19/2024","9:00","34.002","open","high_north","winter","high"
"6145","4/19/2024","15:00","57.268","open","high_north","winter","high"
"6155","4/19/2024","21:00","41.81","open","high_north","winter","high"
"6165","4/20/2024","3:00","35.564","open","high_north","winter","high"
"6175","4/20/2024","9:00","34.394","open","high_north","winter","high"
"6185","4/20/2024","15:00","62.769","open","high_north","winter","high"
"6195","4/20/2024","21:00","47.266","open","high_north","winter","high"
"6205","4/21/2024","3:00","38.44","open","high_north","winter","high"
"6219","4/21/2024","9:00","41.067","open","high_north","winter","high"
"6225","4/21/2024","15:00","55.189","open","high_north","winter","high"
"6235","4/21/2024","21:00","45.648","open","high_north","winter","high"
"6245","4/22/2024","3:00","38.44","open","high_north","winter","high"
"6255","4/22/2024","9:00","40.696","open","high_north","winter","high"
"6265","4/22/2024","15:00","62.425","open","high_north","winter","high"
"6275","4/22/2024","21:00","48.339","open","high_north","winter","high"
"6285","4/23/2024","3:00","39.007","open","high_north","winter","high"
"6295","4/23/2024","9:00","41.439","open","high_north","winter","high"
"6305","4/23/2024","15:00","63.968","open","high_north","winter","high"
"6319","4/23/2024","21:00","49.404","open","high_north","winter","high"
"6325","4/24/2024","3:00","41.254","open","high_north","winter","high"
"6335","4/24/2024","9:00","46.369","open","high_north","winter","high"
"6345","4/24/2024","15:00","67.221","open","high_north","winter","high"
"6352","4/24/2024","21:00","53.798","open","high_north","winter","high"
"6362","4/25/2024","3:00","47.266","open","high_north","winter","high"
"6372","4/25/2024","9:00","47.446","open","high_north","winter","high"
"6382","4/25/2024","15:00","61.227","open","high_north","winter","high"
"2120","11/18/2023","15:00","37.297","open","low_north","winter","low"
"3120","11/18/2023","21:00","33.013","open","low_north","winter","low"
"4120","11/19/2023","3:00","34.198","open","low_north","winter","low"
"5120","11/19/2023","9:00","35.758","open","low_north","winter","low"
"670","11/19/2023","15:00","39.573","open","low_north","winter","low"
"720","11/19/2023","21:00","35.758","open","low_north","winter","low"
"820","11/20/2023","3:00","33.213","open","low_north","winter","low"
"920","11/20/2023","9:00","31.617","open","low_north","winter","low"
"1020","11/20/2023","15:00","33.411","open","low_north","winter","low"
"1120","11/20/2023","21:00","31.816","open","low_north","winter","low"
"1220","11/21/2023","3:00","29.586","open","low_north","winter","low"
"1320","11/21/2023","9:00","30.198","open","low_north","winter","low"
"1420","11/21/2023","15:00","32.018","open","low_north","winter","low"
"1520","11/21/2023","21:00","30.403","open","low_north","winter","low"
"1620","11/22/2023","3:00","28.139","open","low_north","winter","low"
"1720","11/22/2023","9:00","27.091","open","low_north","winter","low"
"1820","11/22/2023","15:00","31.816","open","low_north","winter","low"
"1920","11/22/2023","21:00","31.816","open","low_north","winter","low"
"2020","11/23/2023","3:00","31.617","open","low_north","winter","low"
"2126","11/23/2023","9:00","31.213","open","low_north","winter","low"
"2220","11/23/2023","15:00","32.218","open","low_north","winter","low"
"2320","11/23/2023","21:00","32.018","open","low_north","winter","low"
"2420","11/24/2023","3:00","31.816","open","low_north","winter","low"
"2520","11/24/2023","9:00","31.213","open","low_north","winter","low"
"2620","11/24/2023","15:00","31.816","open","low_north","winter","low"
"2720","11/24/2023","21:00","30.198","open","low_north","winter","low"
"2820","11/25/2023","3:00","28.346","open","low_north","winter","low"
"2920","11/25/2023","9:00","26.881","open","low_north","winter","low"
"3020","11/25/2023","15:00","30.403","open","low_north","winter","low"
"3126","11/25/2023","21:00","26.668","open","low_north","winter","low"
"3220","11/26/2023","3:00","27.091","open","low_north","winter","low"
"3320","11/26/2023","9:00","26.881","open","low_north","winter","low"
"3420","11/26/2023","15:00","28.139","open","low_north","winter","low"
"3520","11/26/2023","21:00","27.091","open","low_north","winter","low"
"3620","11/27/2023","3:00","26.458","open","low_north","winter","low"
"3720","11/27/2023","9:00","26.245","open","low_north","winter","low"
"3820","11/27/2023","15:00","29.79","open","low_north","winter","low"
"3920","11/27/2023","21:00","24.31","open","low_north","winter","low"
"4020","11/28/2023","3:00","21.209","open","low_north","winter","low"
"4126","11/28/2023","9:00","19.843","open","low_north","winter","low"
"4220","11/28/2023","15:00","27.721","open","low_north","winter","low"
"4320","11/28/2023","21:00","22.552","open","low_north","winter","low"
"4420","11/29/2023","3:00","19.382","open","low_north","winter","low"
"4520","11/29/2023","9:00","19.152","open","low_north","winter","low"
"4620","11/29/2023","15:00","27.302","open","low_north","winter","low"
"4720","11/29/2023","21:00","21.434","open","low_north","winter","low"
"4820","11/30/2023","3:00","20.302","open","low_north","winter","low"
"4920","11/30/2023","9:00","18.451","open","low_north","winter","low"
"5020","11/30/2023","15:00","27.091","open","low_north","winter","low"
"5126","11/30/2023","21:00","24.093","open","low_north","winter","low"
"5220","12/1/2023","3:00","23.216","open","low_north","winter","low"
"5320","12/1/2023","9:00","22.552","open","low_north","winter","low"
"5420","12/1/2023","15:00","26.458","open","low_north","winter","low"
"5520","12/1/2023","21:00","26.245","open","low_north","winter","low"
"5620","12/2/2023","3:00","25.819","open","low_north","winter","low"
"5720","12/2/2023","9:00","26.031","open","low_north","winter","low"
"5820","12/2/2023","15:00","27.091","open","low_north","winter","low"
"5920","12/2/2023","21:00","27.091","open","low_north","winter","low"
"6020","12/3/2023","3:00","24.093","open","low_north","winter","low"
"6120","12/3/2023","9:00","24.744","open","low_north","winter","low"
"6220","12/3/2023","15:00","27.93","open","low_north","winter","low"
"6320","12/3/2023","21:00","28.139","open","low_north","winter","low"
"6410","12/4/2023","3:00","28.139","open","low_north","winter","low"
"6510","12/4/2023","9:00","28.555","open","low_north","winter","low"
"6610","12/4/2023","15:00","29.995","open","low_north","winter","low"
"676","12/4/2023","21:00","30.808","open","low_north","winter","low"
"686","12/5/2023","3:00","31.012","open","low_north","winter","low"
"696","12/5/2023","9:00","31.213","open","low_north","winter","low"
"706","12/5/2023","15:00","31.816","open","low_north","winter","low"
"7110","12/5/2023","21:00","31.816","open","low_north","winter","low"
"726","12/6/2023","3:00","31.816","open","low_north","winter","low"
"736","12/6/2023","9:00","31.012","open","low_north","winter","low"
"746","12/6/2023","15:00","32.018","open","low_north","winter","low"
"756","12/6/2023","21:00","32.018","open","low_north","winter","low"
"766","12/7/2023","3:00","31.816","open","low_north","winter","low"
"776","12/7/2023","9:00","31.816","open","low_north","winter","low"
"786","12/7/2023","15:00","32.018","open","low_north","winter","low"
"796","12/7/2023","21:00","31.816","open","low_north","winter","low"
"806","12/8/2023","3:00","31.012","open","low_north","winter","low"
"8110","12/8/2023","9:00","30.808","open","low_north","winter","low"
"826","12/8/2023","15:00","31.617","open","low_north","winter","low"
"836","12/8/2023","21:00","29.586","open","low_north","winter","low"
"846","12/9/2023","3:00","26.881","open","low_north","winter","low"
"856","12/9/2023","9:00","24.093","open","low_north","winter","low"
"866","12/9/2023","15:00","27.721","open","low_north","winter","low"
"876","12/9/2023","21:00","26.458","open","low_north","winter","low"
"886","12/10/2023","3:00","25.819","open","low_north","winter","low"
"896","12/10/2023","9:00","26.245","open","low_north","winter","low"
"906","12/10/2023","15:00","28.346","open","low_north","winter","low"
"9110","12/10/2023","21:00","28.555","open","low_north","winter","low"
"926","12/11/2023","3:00","28.762","open","low_north","winter","low"
"936","12/11/2023","9:00","28.969","open","low_north","winter","low"
"946","12/11/2023","15:00","30.198","open","low_north","winter","low"
"956","12/11/2023","21:00","29.995","open","low_north","winter","low"
"966","12/12/2023","3:00","28.762","open","low_north","winter","low"
"976","12/12/2023","9:00","28.346","open","low_north","winter","low"
"986","12/12/2023","15:00","29.995","open","low_north","winter","low"
"996","12/12/2023","21:00","28.969","open","low_north","winter","low"
"1006","12/13/2023","3:00","27.091","open","low_north","winter","low"
"10110","12/13/2023","9:00","25.39","open","low_north","winter","low"
"1026","12/13/2023","15:00","28.555","open","low_north","winter","low"
"1036","12/13/2023","21:00","26.881","open","low_north","winter","low"
"1046","12/14/2023","3:00","24.31","open","low_north","winter","low"
"1056","12/14/2023","9:00","22.107","open","low_north","winter","low"
"1066","12/14/2023","15:00","27.302","open","low_north","winter","low"
"1076","12/14/2023","21:00","24.31","open","low_north","winter","low"
"1086","12/15/2023","3:00","22.107","open","low_north","winter","low"
"1096","12/15/2023","9:00","21.659","open","low_north","winter","low"
"1106","12/15/2023","15:00","27.302","open","low_north","winter","low"
"11110","12/15/2023","21:00","24.744","open","low_north","winter","low"
"1126","12/16/2023","3:00","22.552","open","low_north","winter","low"
"1136","12/16/2023","9:00","21.659","open","low_north","winter","low"
"1146","12/16/2023","15:00","27.511","open","low_north","winter","low"
"1156","12/16/2023","21:00","24.093","open","low_north","winter","low"
"1166","12/17/2023","3:00","22.107","open","low_north","winter","low"
"1176","12/17/2023","9:00","20.529","open","low_north","winter","low"
"1186","12/17/2023","15:00","26.245","open","low_north","winter","low"
"1196","12/17/2023","21:00","22.775","open","low_north","winter","low"
"1206","12/18/2023","3:00","20.073","open","low_north","winter","low"
"12110","12/18/2023","9:00","20.984","open","low_north","winter","low"
"1226","12/18/2023","15:00","27.511","open","low_north","winter","low"
"1236","12/18/2023","21:00","27.091","open","low_north","winter","low"
"1246","12/19/2023","3:00","24.744","open","low_north","winter","low"
"1256","12/19/2023","9:00","26.458","open","low_north","winter","low"
"1266","12/19/2023","15:00","30.198","open","low_north","winter","low"
"1276","12/19/2023","21:00","28.555","open","low_north","winter","low"
"1286","12/20/2023","3:00","27.93","open","low_north","winter","low"
"1296","12/20/2023","9:00","28.969","open","low_north","winter","low"
"1306","12/20/2023","15:00","31.213","open","low_north","winter","low"
"13110","12/20/2023","21:00","30.808","open","low_north","winter","low"
"1326","12/21/2023","3:00","27.511","open","low_north","winter","low"
"1336","12/21/2023","9:00","28.139","open","low_north","winter","low"
"1346","12/21/2023","15:00","31.213","open","low_north","winter","low"
"1356","12/21/2023","21:00","31.617","open","low_north","winter","low"
"1366","12/22/2023","3:00","29.586","open","low_north","winter","low"
"1376","12/22/2023","9:00","29.995","open","low_north","winter","low"
"1386","12/22/2023","15:00","31.617","open","low_north","winter","low"
"1396","12/22/2023","21:00","31.816","open","low_north","winter","low"
"1406","12/23/2023","3:00","31.816","open","low_north","winter","low"
"14110","12/23/2023","9:00","32.018","open","low_north","winter","low"
"1426","12/23/2023","15:00","32.018","open","low_north","winter","low"
"1436","12/23/2023","21:00","31.012","open","low_north","winter","low"
"1446","12/24/2023","3:00","26.668","open","low_north","winter","low"
"1456","12/24/2023","9:00","22.995","open","low_north","winter","low"
"1466","12/24/2023","15:00","25.174","open","low_north","winter","low"
"1476","12/24/2023","21:00","20.073","open","low_north","winter","low"
"1486","12/25/2023","3:00","18.919","open","low_north","winter","low"
"1496","12/25/2023","9:00","20.529","open","low_north","winter","low"
"1506","12/25/2023","15:00","23.875","open","low_north","winter","low"
"15110","12/25/2023","21:00","17.748","open","low_north","winter","low"
"1526","12/26/2023","3:00","13.615","open","low_north","winter","low"
"1536","12/26/2023","9:00","14.608","open","low_north","winter","low"
"1546","12/26/2023","15:00","20.984","open","low_north","winter","low"
"1556","12/26/2023","21:00","18.217","open","low_north","winter","low"
"1566","12/27/2023","3:00","17.035","open","low_north","winter","low"
"1576","12/27/2023","9:00","19.612","open","low_north","winter","low"
"1586","12/27/2023","15:00","23.875","open","low_north","winter","low"
"1596","12/27/2023","21:00","21.209","open","low_north","winter","low"
"1606","12/28/2023","3:00","20.984","open","low_north","winter","low"
"16110","12/28/2023","9:00","19.382","open","low_north","winter","low"
"1626","12/28/2023","15:00","25.39","open","low_north","winter","low"
"1636","12/28/2023","21:00","21.209","open","low_north","winter","low"
"1646","12/29/2023","3:00","18.919","open","low_north","winter","low"
"1656","12/29/2023","9:00","19.152","open","low_north","winter","low"
"1666","12/29/2023","15:00","26.458","open","low_north","winter","low"
"1676","12/29/2023","21:00","22.775","open","low_north","winter","low"
"1686","12/30/2023","3:00","20.984","open","low_north","winter","low"
"1696","12/30/2023","9:00","20.529","open","low_north","winter","low"
"1706","12/30/2023","15:00","26.881","open","low_north","winter","low"
"17110","12/30/2023","21:00","25.605","open","low_north","winter","low"
"1726","12/31/2023","3:00","22.775","open","low_north","winter","low"
"1736","12/31/2023","9:00","21.659","open","low_north","winter","low"
"1746","12/31/2023","15:00","27.302","open","low_north","winter","low"
"1756","12/31/2023","21:00","22.775","open","low_north","winter","low"
"1766","1/1/2024","3:00","19.152","open","low_north","winter","low"
"1776","1/1/2024","9:00","17.51","open","low_north","winter","low"
"1786","1/1/2024","15:00","26.245","open","low_north","winter","low"
"1796","1/1/2024","21:00","21.659","open","low_north","winter","low"
"1806","1/2/2024","3:00","17.983","open","low_north","winter","low"
"18110","1/2/2024","9:00","18.217","open","low_north","winter","low"
"1826","1/2/2024","15:00","25.819","open","low_north","winter","low"
"1836","1/2/2024","21:00","20.984","open","low_north","winter","low"
"1846","1/3/2024","3:00","17.51","open","low_north","winter","low"
"1856","1/3/2024","9:00","17.272","open","low_north","winter","low"
"1866","1/3/2024","15:00","24.96","open","low_north","winter","low"
"1876","1/3/2024","21:00","23.875","open","low_north","winter","low"
"1886","1/4/2024","3:00","24.31","open","low_north","winter","low"
"1896","1/4/2024","9:00","23.655","open","low_north","winter","low"
"1906","1/4/2024","15:00","28.139","open","low_north","winter","low"
"19110","1/4/2024","21:00","27.302","open","low_north","winter","low"
"1926","1/5/2024","3:00","26.881","open","low_north","winter","low"
"1936","1/5/2024","9:00","26.458","open","low_north","winter","low"
"1946","1/5/2024","15:00","28.555","open","low_north","winter","low"
"1956","1/5/2024","21:00","24.31","open","low_north","winter","low"
"1966","1/6/2024","3:00","20.984","open","low_north","winter","low"
"1976","1/6/2024","9:00","22.552","open","low_north","winter","low"
"1986","1/6/2024","15:00","25.174","open","low_north","winter","low"
"1996","1/6/2024","21:00","24.744","open","low_north","winter","low"
"2006","1/7/2024","3:00","25.174","open","low_north","winter","low"
"20110","1/7/2024","9:00","24.96","open","low_north","winter","low"
"2026","1/7/2024","15:00","26.031","open","low_north","winter","low"
"2036","1/7/2024","21:00","25.605","open","low_north","winter","low"
"2046","1/8/2024","3:00","24.744","open","low_north","winter","low"
"2056","1/8/2024","9:00","23.216","open","low_north","winter","low"
"2066","1/8/2024","15:00","24.31","open","low_north","winter","low"
"2076","1/8/2024","21:00","24.31","open","low_north","winter","low"
"2086","1/9/2024","3:00","24.093","open","low_north","winter","low"
"2096","1/9/2024","9:00","24.31","open","low_north","winter","low"
"21010","1/9/2024","15:00","24.96","open","low_north","winter","low"
"21110","1/9/2024","21:00","24.96","open","low_north","winter","low"
"2127","1/10/2024","3:00","24.96","open","low_north","winter","low"
"2136","1/10/2024","9:00","24.96","open","low_north","winter","low"
"2146","1/10/2024","15:00","25.39","open","low_north","winter","low"
"2156","1/10/2024","21:00","25.605","open","low_north","winter","low"
"2166","1/11/2024","3:00","25.39","open","low_north","winter","low"
"2176","1/11/2024","9:00","24.96","open","low_north","winter","low"
"2186","1/11/2024","15:00","25.605","open","low_north","winter","low"
"2196","1/11/2024","21:00","25.605","open","low_north","winter","low"
"2206","1/12/2024","3:00","25.39","open","low_north","winter","low"
"22110","1/12/2024","9:00","25.605","open","low_north","winter","low"
"2226","1/12/2024","15:00","26.031","open","low_north","winter","low"
"2236","1/12/2024","21:00","26.031","open","low_north","winter","low"
"2246","1/13/2024","3:00","25.174","open","low_north","winter","low"
"2256","1/13/2024","9:00","24.31","open","low_north","winter","low"
"2266","1/13/2024","15:00","24.526","open","low_north","winter","low"
"2276","1/13/2024","21:00","24.526","open","low_north","winter","low"
"2286","1/14/2024","3:00","24.31","open","low_north","winter","low"
"2296","1/14/2024","9:00","24.093","open","low_north","winter","low"
"2306","1/14/2024","15:00","24.31","open","low_north","winter","low"
"23110","1/14/2024","21:00","24.744","open","low_north","winter","low"
"2326","1/15/2024","3:00","24.526","open","low_north","winter","low"
"2336","1/15/2024","9:00","23.875","open","low_north","winter","low"
"2346","1/15/2024","15:00","24.31","open","low_north","winter","low"
"2356","1/15/2024","21:00","23.875","open","low_north","winter","low"
"2366","1/16/2024","3:00","22.775","open","low_north","winter","low"
"2376","1/16/2024","9:00","22.107","open","low_north","winter","low"
"2386","1/16/2024","15:00","23.216","open","low_north","winter","low"
"2396","1/16/2024","21:00","23.436","open","low_north","winter","low"
"2406","1/17/2024","3:00","23.216","open","low_north","winter","low"
"24110","1/17/2024","9:00","23.655","open","low_north","winter","low"
"2426","1/17/2024","15:00","24.526","open","low_north","winter","low"
"2436","1/17/2024","21:00","24.96","open","low_north","winter","low"
"2446","1/18/2024","3:00","24.96","open","low_north","winter","low"
"2456","1/18/2024","9:00","24.96","open","low_north","winter","low"
"2466","1/18/2024","15:00","25.39","open","low_north","winter","low"
"2476","1/18/2024","21:00","25.819","open","low_north","winter","low"
"2486","1/19/2024","3:00","26.031","open","low_north","winter","low"
"2496","1/19/2024","9:00","26.458","open","low_north","winter","low"
"2506","1/19/2024","15:00","27.302","open","low_north","winter","low"
"25110","1/19/2024","21:00","27.511","open","low_north","winter","low"
"2526","1/20/2024","3:00","27.511","open","low_north","winter","low"
"2536","1/20/2024","9:00","27.721","open","low_north","winter","low"
"2546","1/20/2024","15:00","28.346","open","low_north","winter","low"
"2556","1/20/2024","21:00","28.762","open","low_north","winter","low"
"2566","1/21/2024","3:00","28.969","open","low_north","winter","low"
"2576","1/21/2024","9:00","29.174","open","low_north","winter","low"
"2586","1/21/2024","15:00","29.586","open","low_north","winter","low"
"2596","1/21/2024","21:00","29.79","open","low_north","winter","low"
"2606","1/22/2024","3:00","29.995","open","low_north","winter","low"
"26110","1/22/2024","9:00","29.995","open","low_north","winter","low"
"2626","1/22/2024","15:00","30.198","open","low_north","winter","low"
"2636","1/22/2024","21:00","30.403","open","low_north","winter","low"
"2646","1/23/2024","3:00","30.403","open","low_north","winter","low"
"2656","1/23/2024","9:00","30.607","open","low_north","winter","low"
"2666","1/23/2024","15:00","30.808","open","low_north","winter","low"
"2676","1/23/2024","21:00","31.012","open","low_north","winter","low"
"2686","1/24/2024","3:00","31.012","open","low_north","winter","low"
"2696","1/24/2024","9:00","31.213","open","low_north","winter","low"
"2706","1/24/2024","15:00","31.213","open","low_north","winter","low"
"27110","1/24/2024","21:00","31.415","open","low_north","winter","low"
"2726","1/25/2024","3:00","31.415","open","low_north","winter","low"
"2736","1/25/2024","9:00","31.415","open","low_north","winter","low"
"2746","1/25/2024","15:00","31.617","open","low_north","winter","low"
"2756","1/25/2024","21:00","31.617","open","low_north","winter","low"
"2766","1/26/2024","3:00","31.617","open","low_north","winter","low"
"2776","1/26/2024","9:00","31.415","open","low_north","winter","low"
"2786","1/26/2024","15:00","31.415","open","low_north","winter","low"
"2796","1/26/2024","21:00","31.617","open","low_north","winter","low"
"2806","1/27/2024","3:00","31.415","open","low_north","winter","low"
"28110","1/27/2024","9:00","31.213","open","low_north","winter","low"
"2826","1/27/2024","15:00","31.617","open","low_north","winter","low"
"2836","1/27/2024","21:00","31.617","open","low_north","winter","low"
"2846","1/28/2024","3:00","31.617","open","low_north","winter","low"
"2856","1/28/2024","9:00","31.617","open","low_north","winter","low"
"2866","1/28/2024","15:00","31.816","open","low_north","winter","low"
"2876","1/28/2024","21:00","31.816","open","low_north","winter","low"
"2886","1/29/2024","3:00","31.816","open","low_north","winter","low"
"2896","1/29/2024","9:00","32.018","open","low_north","winter","low"
"2906","1/29/2024","15:00","32.018","open","low_north","winter","low"
"29110","1/29/2024","21:00","32.218","open","low_north","winter","low"
"2926","1/30/2024","3:00","32.218","open","low_north","winter","low"
"2936","1/30/2024","9:00","32.218","open","low_north","winter","low"
"2946","1/30/2024","15:00","32.218","open","low_north","winter","low"
"2956","1/30/2024","21:00","32.218","open","low_north","winter","low"
"2966","1/31/2024","3:00","32.218","open","low_north","winter","low"
"2976","1/31/2024","9:00","32.218","open","low_north","winter","low"
"2986","1/31/2024","15:00","32.218","open","low_north","winter","low"
"2996","1/31/2024","21:00","32.218","open","low_north","winter","low"
"3006","2/1/2024","3:00","32.218","open","low_north","winter","low"
"30110","2/1/2024","9:00","32.218","open","low_north","winter","low"
"3026","2/1/2024","15:00","32.218","open","low_north","winter","low"
"3036","2/1/2024","21:00","32.218","open","low_north","winter","low"
"3046","2/2/2024","3:00","32.218","open","low_north","winter","low"
"3056","2/2/2024","9:00","32.218","open","low_north","winter","low"
"3066","2/2/2024","15:00","32.218","open","low_north","winter","low"
"3076","2/2/2024","21:00","32.218","open","low_north","winter","low"
"3086","2/3/2024","3:00","32.218","open","low_north","winter","low"
"3096","2/3/2024","9:00","32.218","open","low_north","winter","low"
"31010","2/3/2024","15:00","32.218","open","low_north","winter","low"
"31110","2/3/2024","21:00","32.218","open","low_north","winter","low"
"3127","2/4/2024","3:00","32.218","open","low_north","winter","low"
"3136","2/4/2024","9:00","32.218","open","low_north","winter","low"
"3146","2/4/2024","15:00","32.218","open","low_north","winter","low"
"3156","2/4/2024","21:00","32.218","open","low_north","winter","low"
"3166","2/5/2024","3:00","32.218","open","low_north","winter","low"
"3176","2/5/2024","9:00","32.218","open","low_north","winter","low"
"3186","2/5/2024","15:00","32.218","open","low_north","winter","low"
"3196","2/5/2024","21:00","32.218","open","low_north","winter","low"
"3206","2/6/2024","3:00","32.218","open","low_north","winter","low"
"32110","2/6/2024","9:00","32.218","open","low_north","winter","low"
"3226","2/6/2024","15:00","32.218","open","low_north","winter","low"
"3236","2/6/2024","21:00","32.218","open","low_north","winter","low"
"3246","2/7/2024","3:00","32.218","open","low_north","winter","low"
"3256","2/7/2024","9:00","32.218","open","low_north","winter","low"
"3266","2/7/2024","15:00","32.218","open","low_north","winter","low"
"3276","2/7/2024","21:00","32.218","open","low_north","winter","low"
"3286","2/8/2024","3:00","32.218","open","low_north","winter","low"
"3296","2/8/2024","9:00","32.218","open","low_north","winter","low"
"3306","2/8/2024","15:00","32.218","open","low_north","winter","low"
"33110","2/8/2024","21:00","32.218","open","low_north","winter","low"
"3326","2/9/2024","3:00","32.218","open","low_north","winter","low"
"3336","2/9/2024","9:00","32.218","open","low_north","winter","low"
"3346","2/9/2024","15:00","32.218","open","low_north","winter","low"
"3356","2/9/2024","21:00","32.218","open","low_north","winter","low"
"3366","2/10/2024","3:00","32.218","open","low_north","winter","low"
"3376","2/10/2024","9:00","32.218","open","low_north","winter","low"
"3386","2/10/2024","15:00","32.218","open","low_north","winter","low"
"3396","2/10/2024","21:00","32.218","open","low_north","winter","low"
"3406","2/11/2024","3:00","32.218","open","low_north","winter","low"
"34110","2/11/2024","9:00","32.218","open","low_north","winter","low"
"3426","2/11/2024","15:00","32.218","open","low_north","winter","low"
"3436","2/11/2024","21:00","32.218","open","low_north","winter","low"
"3446","2/12/2024","3:00","32.218","open","low_north","winter","low"
"3456","2/12/2024","9:00","32.218","open","low_north","winter","low"
"3466","2/12/2024","15:00","32.218","open","low_north","winter","low"
"3476","2/12/2024","21:00","32.218","open","low_north","winter","low"
"3486","2/13/2024","3:00","32.218","open","low_north","winter","low"
"3496","2/13/2024","9:00","32.218","open","low_north","winter","low"
"3506","2/13/2024","15:00","32.218","open","low_north","winter","low"
"35110","2/13/2024","21:00","32.218","open","low_north","winter","low"
"3526","2/14/2024","3:00","32.218","open","low_north","winter","low"
"3536","2/14/2024","9:00","32.218","open","low_north","winter","low"
"3546","2/14/2024","15:00","32.218","open","low_north","winter","low"
"3556","2/14/2024","21:00","32.218","open","low_north","winter","low"
"3566","2/15/2024","3:00","32.218","open","low_north","winter","low"
"3576","2/15/2024","9:00","32.218","open","low_north","winter","low"
"3586","2/15/2024","15:00","32.218","open","low_north","winter","low"
"3596","2/15/2024","21:00","32.218","open","low_north","winter","low"
"3606","2/16/2024","3:00","32.218","open","low_north","winter","low"
"36110","2/16/2024","9:00","32.218","open","low_north","winter","low"
"3626","2/16/2024","15:00","32.218","open","low_north","winter","low"
"3636","2/16/2024","21:00","32.218","open","low_north","winter","low"
"3646","2/17/2024","3:00","32.018","open","low_north","winter","low"
"3656","2/17/2024","9:00","32.018","open","low_north","winter","low"
"3666","2/17/2024","15:00","32.018","open","low_north","winter","low"
"3676","2/17/2024","21:00","32.018","open","low_north","winter","low"
"3686","2/18/2024","3:00","31.816","open","low_north","winter","low"
"3696","2/18/2024","9:00","31.816","open","low_north","winter","low"
"3706","2/18/2024","15:00","32.018","open","low_north","winter","low"
"37110","2/18/2024","21:00","32.018","open","low_north","winter","low"
"3726","2/19/2024","3:00","32.018","open","low_north","winter","low"
"3736","2/19/2024","9:00","32.018","open","low_north","winter","low"
"3746","2/19/2024","15:00","32.018","open","low_north","winter","low"
"3756","2/19/2024","21:00","32.018","open","low_north","winter","low"
"3766","2/20/2024","3:00","32.018","open","low_north","winter","low"
"3776","2/20/2024","9:00","32.218","open","low_north","winter","low"
"3786","2/20/2024","15:00","32.218","open","low_north","winter","low"
"3796","2/20/2024","21:00","32.218","open","low_north","winter","low"
"3806","2/21/2024","3:00","32.218","open","low_north","winter","low"
"38110","2/21/2024","9:00","32.218","open","low_north","winter","low"
"3826","2/21/2024","15:00","32.218","open","low_north","winter","low"
"3836","2/21/2024","21:00","32.218","open","low_north","winter","low"
"3846","2/22/2024","3:00","32.218","open","low_north","winter","low"
"3856","2/22/2024","9:00","32.218","open","low_north","winter","low"
"3866","2/22/2024","15:00","32.218","open","low_north","winter","low"
"3876","2/22/2024","21:00","32.218","open","low_north","winter","low"
"3886","2/23/2024","3:00","32.218","open","low_north","winter","low"
"3896","2/23/2024","9:00","32.218","open","low_north","winter","low"
"3906","2/23/2024","15:00","32.218","open","low_north","winter","low"
"39110","2/23/2024","21:00","32.218","open","low_north","winter","low"
"3926","2/24/2024","3:00","32.218","open","low_north","winter","low"
"3936","2/24/2024","9:00","32.218","open","low_north","winter","low"
"3946","2/24/2024","15:00","32.218","open","low_north","winter","low"
"3956","2/24/2024","21:00","32.218","open","low_north","winter","low"
"3966","2/25/2024","3:00","32.218","open","low_north","winter","low"
"3976","2/25/2024","9:00","32.218","open","low_north","winter","low"
"3986","2/25/2024","15:00","32.218","open","low_north","winter","low"
"3996","2/25/2024","21:00","32.218","open","low_north","winter","low"
"4006","2/26/2024","3:00","32.218","open","low_north","winter","low"
"40110","2/26/2024","9:00","32.218","open","low_north","winter","low"
"4026","2/26/2024","15:00","32.218","open","low_north","winter","low"
"4036","2/26/2024","21:00","32.218","open","low_north","winter","low"
"4046","2/27/2024","3:00","32.218","open","low_north","winter","low"
"4056","2/27/2024","9:00","32.018","open","low_north","winter","low"
"4066","2/27/2024","15:00","32.218","open","low_north","winter","low"
"4076","2/27/2024","21:00","32.218","open","low_north","winter","low"
"4086","2/28/2024","3:00","31.816","open","low_north","winter","low"
"4096","2/28/2024","9:00","31.617","open","low_north","winter","low"
"41010","2/28/2024","15:00","32.018","open","low_north","winter","low"
"41110","2/28/2024","21:00","32.018","open","low_north","winter","low"
"4127","2/29/2024","3:00","31.816","open","low_north","winter","low"
"4136","2/29/2024","9:00","31.415","open","low_north","winter","low"
"4146","2/29/2024","15:00","32.018","open","low_north","winter","low"
"4156","2/29/2024","21:00","32.018","open","low_north","winter","low"
"4166","3/1/2024","3:00","32.018","open","low_north","winter","low"
"4176","3/1/2024","9:00","32.018","open","low_north","winter","low"
"4186","3/1/2024","15:00","32.218","open","low_north","winter","low"
"4196","3/1/2024","21:00","32.018","open","low_north","winter","low"
"4206","3/2/2024","3:00","32.018","open","low_north","winter","low"
"42110","3/2/2024","9:00","32.218","open","low_north","winter","low"
"4226","3/2/2024","15:00","32.218","open","low_north","winter","low"
"4236","3/2/2024","21:00","32.218","open","low_north","winter","low"
"4246","3/3/2024","3:00","32.218","open","low_north","winter","low"
"4256","3/3/2024","9:00","32.018","open","low_north","winter","low"
"4266","3/3/2024","15:00","32.018","open","low_north","winter","low"
"4276","3/3/2024","21:00","32.218","open","low_north","winter","low"
"4286","3/4/2024","3:00","32.018","open","low_north","winter","low"
"4296","3/4/2024","9:00","32.018","open","low_north","winter","low"
"4306","3/4/2024","15:00","32.018","open","low_north","winter","low"
"43110","3/4/2024","21:00","32.018","open","low_north","winter","low"
"4326","3/5/2024","3:00","32.018","open","low_north","winter","low"
"4336","3/5/2024","9:00","32.018","open","low_north","winter","low"
"4346","3/5/2024","15:00","32.018","open","low_north","winter","low"
"4356","3/5/2024","21:00","32.018","open","low_north","winter","low"
"4366","3/6/2024","3:00","32.018","open","low_north","winter","low"
"4376","3/6/2024","9:00","31.816","open","low_north","winter","low"
"4386","3/6/2024","15:00","32.018","open","low_north","winter","low"
"4396","3/6/2024","21:00","32.018","open","low_north","winter","low"
"4406","3/7/2024","3:00","32.018","open","low_north","winter","low"
"44110","3/7/2024","9:00","31.816","open","low_north","winter","low"
"4426","3/7/2024","15:00","32.018","open","low_north","winter","low"
"4436","3/7/2024","21:00","32.018","open","low_north","winter","low"
"4446","3/8/2024","3:00","31.816","open","low_north","winter","low"
"4456","3/8/2024","9:00","31.617","open","low_north","winter","low"
"4466","3/8/2024","15:00","31.816","open","low_north","winter","low"
"4476","3/8/2024","21:00","32.018","open","low_north","winter","low"
"4486","3/9/2024","3:00","31.617","open","low_north","winter","low"
"4496","3/9/2024","9:00","30.808","open","low_north","winter","low"
"4506","3/9/2024","15:00","31.617","open","low_north","winter","low"
"45110","3/9/2024","21:00","31.816","open","low_north","winter","low"
"4526","3/10/2024","3:00","31.415","open","low_north","winter","low"
"4536","3/10/2024","9:00","30.808","open","low_north","winter","low"
"4546","3/10/2024","15:00","31.816","open","low_north","winter","low"
"4556","3/10/2024","21:00","31.816","open","low_north","winter","low"
"4566","3/11/2024","3:00","32.018","open","low_north","winter","low"
"4576","3/11/2024","9:00","31.816","open","low_north","winter","low"
"4586","3/11/2024","15:00","32.018","open","low_north","winter","low"
"4596","3/11/2024","21:00","32.018","open","low_north","winter","low"
"4606","3/12/2024","3:00","32.018","open","low_north","winter","low"
"46110","3/12/2024","9:00","32.018","open","low_north","winter","low"
"4626","3/12/2024","15:00","32.018","open","low_north","winter","low"
"4636","3/12/2024","21:00","32.018","open","low_north","winter","low"
"4646","3/13/2024","3:00","32.018","open","low_north","winter","low"
"4656","3/13/2024","9:00","32.018","open","low_north","winter","low"
"4666","3/13/2024","15:00","32.018","open","low_north","winter","low"
"4676","3/13/2024","21:00","32.018","open","low_north","winter","low"
"4686","3/14/2024","3:00","31.816","open","low_north","winter","low"
"4696","3/14/2024","9:00","31.213","open","low_north","winter","low"
"4706","3/14/2024","15:00","32.218","open","low_north","winter","low"
"47110","3/14/2024","21:00","32.218","open","low_north","winter","low"
"4726","3/15/2024","3:00","32.218","open","low_north","winter","low"
"4736","3/15/2024","9:00","31.816","open","low_north","winter","low"
"4746","3/15/2024","15:00","32.418","open","low_north","winter","low"
"4756","3/15/2024","21:00","32.218","open","low_north","winter","low"
"4766","3/16/2024","3:00","32.218","open","low_north","winter","low"
"4776","3/16/2024","9:00","32.018","open","low_north","winter","low"
"4786","3/16/2024","15:00","34.981","open","low_north","winter","low"
"4796","3/16/2024","21:00","32.418","open","low_north","winter","low"
"4806","3/17/2024","3:00","32.218","open","low_north","winter","low"
"48110","3/17/2024","9:00","32.418","open","low_north","winter","low"
"4826","3/17/2024","15:00","45.828","open","low_north","winter","low"
"4836","3/17/2024","21:00","35.758","open","low_north","winter","low"
"4846","3/18/2024","3:00","32.815","open","low_north","winter","low"
"4856","3/18/2024","9:00","32.617","open","low_north","winter","low"
"4866","3/18/2024","15:00","54.147","open","low_north","winter","low"
"4876","3/18/2024","21:00","40.696","open","low_north","winter","low"
"4886","3/19/2024","3:00","34.198","open","low_north","winter","low"
"4896","3/19/2024","9:00","33.411","open","low_north","winter","low"
"4906","3/19/2024","15:00","56.923","open","low_north","winter","low"
"49110","3/19/2024","21:00","42.915","open","low_north","winter","low"
"4926","3/20/2024","3:00","35.564","open","low_north","winter","low"
"4936","3/20/2024","9:00","35.37","open","low_north","winter","low"
"4946","3/20/2024","15:00","58.131","open","low_north","winter","low"
"4956","3/20/2024","21:00","44.379","open","low_north","winter","low"
"4966","3/21/2024","3:00","36.914","open","low_north","winter","low"
"4976","3/21/2024","9:00","37.107","open","low_north","winter","low"
"4986","3/21/2024","15:00","53.798","open","low_north","winter","low"
"4996","3/21/2024","21:00","42.179","open","low_north","winter","low"
"5006","3/22/2024","3:00","35.564","open","low_north","winter","low"
"50110","3/22/2024","9:00","34.786","open","low_north","winter","low"
"5026","3/22/2024","15:00","53.798","open","low_north","winter","low"
"5036","3/22/2024","21:00","43.648","open","low_north","winter","low"
"5046","3/23/2024","3:00","36.914","open","low_north","winter","low"
"5056","3/23/2024","9:00","38.818","open","low_north","winter","low"
"5066","3/23/2024","15:00","47.624","open","low_north","winter","low"
"5076","3/23/2024","21:00","40.509","open","low_north","winter","low"
"5086","3/24/2024","3:00","37.87","open","low_north","winter","low"
"5096","3/24/2024","9:00","36.145","open","low_north","winter","low"
"51010","3/24/2024","15:00","44.195","open","low_north","winter","low"
"51110","3/24/2024","21:00","37.107","open","low_north","winter","low"
"5127","3/25/2024","3:00","34.002","open","low_north","winter","low"
"5136","3/25/2024","9:00","33.607","open","low_north","winter","low"
"5146","3/25/2024","15:00","49.404","open","low_north","winter","low"
"5156","3/25/2024","21:00","38.629","open","low_north","winter","low"
"5166","3/26/2024","3:00","34.002","open","low_north","winter","low"
"5176","3/26/2024","9:00","33.607","open","low_north","winter","low"
"5186","3/26/2024","15:00","46.369","open","low_north","winter","low"
"5196","3/26/2024","21:00","38.44","open","low_north","winter","low"
"5206","3/27/2024","3:00","34.981","open","low_north","winter","low"
"52110","3/27/2024","9:00","34.002","open","low_north","winter","low"
"5226","3/27/2024","15:00","45.466","open","low_north","winter","low"
"5236","3/27/2024","21:00","39.76","open","low_north","winter","low"
"5246","3/28/2024","3:00","37.679","open","low_north","winter","low"
"5256","3/28/2024","9:00","35.758","open","low_north","winter","low"
"5266","3/28/2024","15:00","36.145","open","low_north","winter","low"
"5276","3/28/2024","21:00","34.59","open","low_north","winter","low"
"5286","3/29/2024","3:00","33.213","open","low_north","winter","low"
"5296","3/29/2024","9:00","33.213","open","low_north","winter","low"
"5306","3/29/2024","15:00","44.56","open","low_north","winter","low"
"53110","3/29/2024","21:00","38.061","open","low_north","winter","low"
"5326","3/30/2024","3:00","34.198","open","low_north","winter","low"
"5336","3/30/2024","9:00","33.411","open","low_north","winter","low"
"5346","3/30/2024","15:00","47.624","open","low_north","winter","low"
"5356","3/30/2024","21:00","41.254","open","low_north","winter","low"
"5366","3/31/2024","3:00","37.87","open","low_north","winter","low"
"5376","3/31/2024","9:00","38.44","open","low_north","winter","low"
"5386","3/31/2024","15:00","45.104","open","low_north","winter","low"
"5396","3/31/2024","21:00","39.573","open","low_north","winter","low"
"5406","4/1/2024","3:00","35.175","open","low_north","winter","low"
"54110","4/1/2024","9:00","34.59","open","low_north","winter","low"
"5426","4/1/2024","15:00","49.228","open","low_north","winter","low"
"5436","4/1/2024","21:00","40.881","open","low_north","winter","low"
"5446","4/2/2024","3:00","35.37","open","low_north","winter","low"
"5456","4/2/2024","9:00","36.145","open","low_north","winter","low"
"5466","4/2/2024","15:00","57.614","open","low_north","winter","low"
"5476","4/2/2024","21:00","47.266","open","low_north","winter","low"
"5486","4/3/2024","3:00","39.573","open","low_north","winter","low"
"5496","4/3/2024","9:00","41.439","open","low_north","winter","low"
"5506","4/3/2024","15:00","54.495","open","low_north","winter","low"
"55110","4/3/2024","21:00","46.369","open","low_north","winter","low"
"5526","4/4/2024","3:00","41.625","open","low_north","winter","low"
"5536","4/4/2024","9:00","43.282","open","low_north","winter","low"
"5546","4/4/2024","15:00","58.131","open","low_north","winter","low"
"5556","4/4/2024","21:00","48.16","open","low_north","winter","low"
"5566","4/5/2024","3:00","41.439","open","low_north","winter","low"
"5576","4/5/2024","9:00","43.466","open","low_north","winter","low"
"5586","4/5/2024","15:00","48.871","open","low_north","winter","low"
"5596","4/5/2024","21:00","41.254","open","low_north","winter","low"
"5606","4/6/2024","3:00","38.061","open","low_north","winter","low"
"56110","4/6/2024","9:00","37.488","open","low_north","winter","low"
"5626","4/6/2024","15:00","47.624","open","low_north","winter","low"
"5636","4/6/2024","21:00","42.363","open","low_north","winter","low"
"5646","4/7/2024","3:00","36.914","open","low_north","winter","low"
"5656","4/7/2024","9:00","38.061","open","low_north","winter","low"
"5666","4/7/2024","15:00","53.623","open","low_north","winter","low"
"5676","4/7/2024","21:00","42.915","open","low_north","winter","low"
"5686","4/8/2024","3:00","37.107","open","low_north","winter","low"
"5696","4/8/2024","9:00","36.531","open","low_north","winter","low"
"5706","4/8/2024","15:00","53.798","open","low_north","winter","low"
"57110","4/8/2024","21:00","44.195","open","low_north","winter","low"
"5726","4/9/2024","3:00","37.488","open","low_north","winter","low"
"5736","4/9/2024","9:00","38.818","open","low_north","winter","low"
"5746","4/9/2024","15:00","55.537","open","low_north","winter","low"
"5756","4/9/2024","21:00","45.828","open","low_north","winter","low"
"5766","4/10/2024","3:00","38.44","open","low_north","winter","low"
"5776","4/10/2024","9:00","40.321","open","low_north","winter","low"
"5786","4/10/2024","15:00","59.851","open","low_north","winter","low"
"5796","4/10/2024","21:00","48.517","open","low_north","winter","low"
"5806","4/11/2024","3:00","40.321","open","low_north","winter","low"
"58110","4/11/2024","9:00","42.548","open","low_north","winter","low"
"5826","4/11/2024","15:00","58.476","open","low_north","winter","low"
"5836","4/11/2024","21:00","49.05","open","low_north","winter","low"
"5846","4/12/2024","3:00","41.994","open","low_north","winter","low"
"5856","4/12/2024","9:00","46.008","open","low_north","winter","low"
"5866","4/12/2024","15:00","57.441","open","low_north","winter","low"
"5876","4/12/2024","21:00","50.29","open","low_north","winter","low"
"5886","4/13/2024","3:00","43.282","open","low_north","winter","low"
"5896","4/13/2024","9:00","48.16","open","low_north","winter","low"
"5906","4/13/2024","15:00","68.592","open","low_north","winter","low"
"59110","4/13/2024","21:00","53.798","open","low_north","winter","low"
"5926","4/14/2024","3:00","44.742","open","low_north","winter","low"
"5936","4/14/2024","9:00","49.404","open","low_north","winter","low"
"5946","4/14/2024","15:00","66.708","open","low_north","winter","low"
"5956","4/14/2024","21:00","53.274","open","low_north","winter","low"
"5966","4/15/2024","3:00","47.802","open","low_north","winter","low"
"5976","4/15/2024","9:00","47.624","open","low_north","winter","low"
"5986","4/15/2024","15:00","57.268","open","low_north","winter","low"
"5996","4/15/2024","21:00","50.29","open","low_north","winter","low"
"6006","4/16/2024","3:00","43.099","open","low_north","winter","low"
"60110","4/16/2024","9:00","47.802","open","low_north","winter","low"
"6026","4/16/2024","15:00","57.958","open","low_north","winter","low"
"6036","4/16/2024","21:00","50.113","open","low_north","winter","low"
"6046","4/17/2024","3:00","44.56","open","low_north","winter","low"
"6056","4/17/2024","9:00","43.099","open","low_north","winter","low"
"6066","4/17/2024","15:00","50.643","open","low_north","winter","low"
"6076","4/17/2024","21:00","41.994","open","low_north","winter","low"
"6086","4/18/2024","3:00","34.786","open","low_north","winter","low"
"6096","4/18/2024","9:00","36.723","open","low_north","winter","low"
"6106","4/18/2024","15:00","59.851","open","low_north","winter","low"
"61110","4/18/2024","21:00","45.828","open","low_north","winter","low"
"6126","4/19/2024","3:00","37.107","open","low_north","winter","low"
"6136","4/19/2024","9:00","40.321","open","low_north","winter","low"
"6146","4/19/2024","15:00","59.851","open","low_north","winter","low"
"6156","4/19/2024","21:00","45.828","open","low_north","winter","low"
"6166","4/20/2024","3:00","37.87","open","low_north","winter","low"
"6176","4/20/2024","9:00","42.548","open","low_north","winter","low"
"6186","4/20/2024","15:00","64.481","open","low_north","winter","low"
"6196","4/20/2024","21:00","50.466","open","low_north","winter","low"
"6206","4/21/2024","3:00","41.625","open","low_north","winter","low"
"62110","4/21/2024","9:00","46.008","open","low_north","winter","low"
"6226","4/21/2024","15:00","65.68","open","low_north","winter","low"
"6236","4/21/2024","21:00","52.576","open","low_north","winter","low"
"6246","4/22/2024","3:00","44.742","open","low_north","winter","low"
"6256","4/22/2024","9:00","48.695","open","low_north","winter","low"
"6266","4/22/2024","15:00","69.278","open","low_north","winter","low"
"6276","4/22/2024","21:00","54.322","open","low_north","winter","low"
"6286","4/23/2024","3:00","44.379","open","low_north","winter","low"
"6296","4/23/2024","9:00","48.16","open","low_north","winter","low"
"6306","4/23/2024","15:00","69.449","open","low_north","winter","low"
"63110","4/23/2024","21:00","54.842","open","low_north","winter","low"
"6326","4/24/2024","3:00","46.188","open","low_north","winter","low"
"6336","4/24/2024","9:00","52.225","open","low_north","winter","low"
"6346","4/24/2024","15:00","73.58","open","low_north","winter","low"
"6353","4/24/2024","21:00","60.195","open","low_north","winter","low"
"6363","4/25/2024","3:00","52.401","open","low_north","winter","low"
"6373","4/25/2024","9:00","51.874","open","low_north","winter","low"
"6383","4/25/2024","15:00","60.712","open","low_north","winter","low"
"6391","4/25/2024","21:00","51.699","open","low_north","winter","low"
"6401","4/26/2024","3:00","46.369","open","low_north","winter","low"
"6411","4/26/2024","9:00","50.29","open","low_north","winter","low"
"6421","4/26/2024","15:00","55.884","open","low_north","winter","low"
"6431","4/26/2024","21:00","49.937","open","low_north","winter","low"
"6441","4/27/2024","3:00","45.466","open","low_north","winter","low"
"6451","4/27/2024","9:00","45.828","open","low_north","winter","low"
"6461","4/27/2024","15:00","50.643","open","low_north","winter","low"
"6471","4/27/2024","21:00","46.008","open","low_north","winter","low"
"6481","4/28/2024","3:00","44.013","open","low_north","winter","low"
"649","4/28/2024","9:00","45.286","open","low_north","winter","low"
"650","4/28/2024","15:00","56.923","open","low_north","winter","low"
"6511","4/28/2024","21:00","49.759","open","low_north","winter","low"
"6521","4/29/2024","3:00","42.915","open","low_north","winter","low"
"6531","4/29/2024","9:00","44.742","open","low_north","winter","low"
"6541","4/29/2024","15:00","58.993","open","low_north","winter","low"
"6551","4/29/2024","21:00","46.728","open","low_north","winter","low"
"656","4/30/2024","3:00","38.629","open","low_north","winter","low"
"657","4/30/2024","9:00","65.68","open","low_north","winter","low"
"658","4/30/2024","15:00","78.624","open","low_north","winter","low"
"659","4/30/2024","21:00","62.94","open","low_north","winter","low"
"660","5/1/2024","3:00","60.368","open","low_north","winter","low"
"6611","5/1/2024","9:00","54.842","open","low_north","winter","low"
"6621","5/1/2024","15:00","63.626","open","low_north","winter","low"
"6631","5/1/2024","21:00","63.626","open","low_north","winter","low"
"6641","5/2/2024","3:00","60.539","open","low_north","winter","low"
"6651","5/2/2024","9:00","57.785","open","low_north","winter","low"
"666","5/2/2024","15:00","71.856","open","low_north","winter","low"
"667","5/2/2024","21:00","69.278","open","low_north","winter","low"
"668","5/3/2024","3:00","63.797","open","low_north","winter","low"
"669","5/3/2024","9:00","68.763","open","low_north","winter","low"
"2128","11/18/2023","15:00","43.831","cage","low_gate","winter","low"
"3128","11/18/2023","21:00","34.981","cage","low_gate","winter","low"
"4128","11/19/2023","3:00","36.723","cage","low_gate","winter","low"
"5128","11/19/2023","9:00","37.679","cage","low_gate","winter","low"
"677","11/19/2023","15:00","40.509","cage","low_gate","winter","low"
"727","11/19/2023","21:00","35.951","cage","low_gate","winter","low"
"827","11/20/2023","3:00","33.213","cage","low_gate","winter","low"
"927","11/20/2023","9:00","31.213","cage","low_gate","winter","low"
"1027","11/20/2023","15:00","36.338","cage","low_gate","winter","low"
"1127","11/20/2023","21:00","32.218","cage","low_gate","winter","low"
"1227","11/21/2023","3:00","29.79","cage","low_gate","winter","low"
"1327","11/21/2023","9:00","30.403","cage","low_gate","winter","low"
"1427","11/21/2023","15:00","33.213","cage","low_gate","winter","low"
"1527","11/21/2023","21:00","31.213","cage","low_gate","winter","low"
"1627","11/22/2023","3:00","29.586","cage","low_gate","winter","low"
"1727","11/22/2023","9:00","28.139","cage","low_gate","winter","low"
"1827","11/22/2023","15:00","32.815","cage","low_gate","winter","low"
"1927","11/22/2023","21:00","32.018","cage","low_gate","winter","low"
"2027","11/23/2023","3:00","32.218","cage","low_gate","winter","low"
"2129","11/23/2023","9:00","32.218","cage","low_gate","winter","low"
"2227","11/23/2023","15:00","34.786","cage","low_gate","winter","low"
"2327","11/23/2023","21:00","32.617","cage","low_gate","winter","low"
"2427","11/24/2023","3:00","32.218","cage","low_gate","winter","low"
"2527","11/24/2023","9:00","31.415","cage","low_gate","winter","low"
"2627","11/24/2023","15:00","32.018","cage","low_gate","winter","low"
"2727","11/24/2023","21:00","29.995","cage","low_gate","winter","low"
"2827","11/25/2023","3:00","27.302","cage","low_gate","winter","low"
"2927","11/25/2023","9:00","25.174","cage","low_gate","winter","low"
"3027","11/25/2023","15:00","31.213","cage","low_gate","winter","low"
"3129","11/25/2023","21:00","26.458","cage","low_gate","winter","low"
"3227","11/26/2023","3:00","26.668","cage","low_gate","winter","low"
"3327","11/26/2023","9:00","26.245","cage","low_gate","winter","low"
"3427","11/26/2023","15:00","28.139","cage","low_gate","winter","low"
"3527","11/26/2023","21:00","26.668","cage","low_gate","winter","low"
"3627","11/27/2023","3:00","26.245","cage","low_gate","winter","low"
"3727","11/27/2023","9:00","26.031","cage","low_gate","winter","low"
"3827","11/27/2023","15:00","30.403","cage","low_gate","winter","low"
"3927","11/27/2023","21:00","24.31","cage","low_gate","winter","low"
"4027","11/28/2023","3:00","20.984","cage","low_gate","winter","low"
"4129","11/28/2023","9:00","20.073","cage","low_gate","winter","low"
"4227","11/28/2023","15:00","30.403","cage","low_gate","winter","low"
"4327","11/28/2023","21:00","24.31","cage","low_gate","winter","low"
"4427","11/29/2023","3:00","20.984","cage","low_gate","winter","low"
"4527","11/29/2023","9:00","20.984","cage","low_gate","winter","low"
"4627","11/29/2023","15:00","30.403","cage","low_gate","winter","low"
"4727","11/29/2023","21:00","23.655","cage","low_gate","winter","low"
"4827","11/30/2023","3:00","22.107","cage","low_gate","winter","low"
"4927","11/30/2023","9:00","20.302","cage","low_gate","winter","low"
"5027","11/30/2023","15:00","29.379","cage","low_gate","winter","low"
"5129","11/30/2023","21:00","25.39","cage","low_gate","winter","low"
"5227","12/1/2023","3:00","24.526","cage","low_gate","winter","low"
"5327","12/1/2023","9:00","24.093","cage","low_gate","winter","low"
"5427","12/1/2023","15:00","27.93","cage","low_gate","winter","low"
"5527","12/1/2023","21:00","27.091","cage","low_gate","winter","low"
"5627","12/2/2023","3:00","26.458","cage","low_gate","winter","low"
"5727","12/2/2023","9:00","26.458","cage","low_gate","winter","low"
"5827","12/2/2023","15:00","27.721","cage","low_gate","winter","low"
"5927","12/2/2023","21:00","27.721","cage","low_gate","winter","low"
"6027","12/3/2023","3:00","24.526","cage","low_gate","winter","low"
"6127","12/3/2023","9:00","25.39","cage","low_gate","winter","low"
"6227","12/3/2023","15:00","29.174","cage","low_gate","winter","low"
"6327","12/3/2023","21:00","29.174","cage","low_gate","winter","low"
"6412","12/4/2023","3:00","28.762","cage","low_gate","winter","low"
"6512","12/4/2023","9:00","29.379","cage","low_gate","winter","low"
"6612","12/4/2023","15:00","30.808","cage","low_gate","winter","low"
"678","12/4/2023","21:00","31.213","cage","low_gate","winter","low"
"687","12/5/2023","3:00","31.415","cage","low_gate","winter","low"
"697","12/5/2023","9:00","31.617","cage","low_gate","winter","low"
"707","12/5/2023","15:00","32.418","cage","low_gate","winter","low"
"7111","12/5/2023","21:00","32.018","cage","low_gate","winter","low"
"728","12/6/2023","3:00","32.018","cage","low_gate","winter","low"
"737","12/6/2023","9:00","31.816","cage","low_gate","winter","low"
"747","12/6/2023","15:00","34.198","cage","low_gate","winter","low"
"757","12/6/2023","21:00","32.218","cage","low_gate","winter","low"
"767","12/7/2023","3:00","32.218","cage","low_gate","winter","low"
"777","12/7/2023","9:00","32.218","cage","low_gate","winter","low"
"787","12/7/2023","15:00","35.37","cage","low_gate","winter","low"
"797","12/7/2023","21:00","32.018","cage","low_gate","winter","low"
"807","12/8/2023","3:00","31.816","cage","low_gate","winter","low"
"8111","12/8/2023","9:00","31.415","cage","low_gate","winter","low"
"828","12/8/2023","15:00","32.018","cage","low_gate","winter","low"
"837","12/8/2023","21:00","30.198","cage","low_gate","winter","low"
"847","12/9/2023","3:00","26.881","cage","low_gate","winter","low"
"857","12/9/2023","9:00","22.775","cage","low_gate","winter","low"
"867","12/9/2023","15:00","28.762","cage","low_gate","winter","low"
"877","12/9/2023","21:00","26.458","cage","low_gate","winter","low"
"887","12/10/2023","3:00","25.819","cage","low_gate","winter","low"
"897","12/10/2023","9:00","26.245","cage","low_gate","winter","low"
"907","12/10/2023","15:00","28.762","cage","low_gate","winter","low"
"9111","12/10/2023","21:00","28.762","cage","low_gate","winter","low"
"928","12/11/2023","3:00","28.969","cage","low_gate","winter","low"
"937","12/11/2023","9:00","29.174","cage","low_gate","winter","low"
"947","12/11/2023","15:00","30.607","cage","low_gate","winter","low"
"957","12/11/2023","21:00","30.198","cage","low_gate","winter","low"
"967","12/12/2023","3:00","29.174","cage","low_gate","winter","low"
"977","12/12/2023","9:00","28.555","cage","low_gate","winter","low"
"987","12/12/2023","15:00","30.808","cage","low_gate","winter","low"
"997","12/12/2023","21:00","29.174","cage","low_gate","winter","low"
"1007","12/13/2023","3:00","26.668","cage","low_gate","winter","low"
"10111","12/13/2023","9:00","24.96","cage","low_gate","winter","low"
"1028","12/13/2023","15:00","30.198","cage","low_gate","winter","low"
"1037","12/13/2023","21:00","27.511","cage","low_gate","winter","low"
"1047","12/14/2023","3:00","24.093","cage","low_gate","winter","low"
"1057","12/14/2023","9:00","21.659","cage","low_gate","winter","low"
"1067","12/14/2023","15:00","28.555","cage","low_gate","winter","low"
"1077","12/14/2023","21:00","24.093","cage","low_gate","winter","low"
"1087","12/15/2023","3:00","22.107","cage","low_gate","winter","low"
"1097","12/15/2023","9:00","21.659","cage","low_gate","winter","low"
"1107","12/15/2023","15:00","29.174","cage","low_gate","winter","low"
"11111","12/15/2023","21:00","25.819","cage","low_gate","winter","low"
"1128","12/16/2023","3:00","23.216","cage","low_gate","winter","low"
"1137","12/16/2023","9:00","22.107","cage","low_gate","winter","low"
"1147","12/16/2023","15:00","29.586","cage","low_gate","winter","low"
"1157","12/16/2023","21:00","25.39","cage","low_gate","winter","low"
"1167","12/17/2023","3:00","22.33","cage","low_gate","winter","low"
"1177","12/17/2023","9:00","20.529","cage","low_gate","winter","low"
"1187","12/17/2023","15:00","29.174","cage","low_gate","winter","low"
"1197","12/17/2023","21:00","24.526","cage","low_gate","winter","low"
"1207","12/18/2023","3:00","21.884","cage","low_gate","winter","low"
"12111","12/18/2023","9:00","22.995","cage","low_gate","winter","low"
"1228","12/18/2023","15:00","29.586","cage","low_gate","winter","low"
"1237","12/18/2023","21:00","28.555","cage","low_gate","winter","low"
"1247","12/19/2023","3:00","25.819","cage","low_gate","winter","low"
"1257","12/19/2023","9:00","28.139","cage","low_gate","winter","low"
"1267","12/19/2023","15:00","31.012","cage","low_gate","winter","low"
"1277","12/19/2023","21:00","30.403","cage","low_gate","winter","low"
"1287","12/20/2023","3:00","29.379","cage","low_gate","winter","low"
"1297","12/20/2023","9:00","30.198","cage","low_gate","winter","low"
"1307","12/20/2023","15:00","31.617","cage","low_gate","winter","low"
"13111","12/20/2023","21:00","31.816","cage","low_gate","winter","low"
"1328","12/21/2023","3:00","29.79","cage","low_gate","winter","low"
"1337","12/21/2023","9:00","29.586","cage","low_gate","winter","low"
"1347","12/21/2023","15:00","31.617","cage","low_gate","winter","low"
"1357","12/21/2023","21:00","31.816","cage","low_gate","winter","low"
"1367","12/22/2023","3:00","31.617","cage","low_gate","winter","low"
"1377","12/22/2023","9:00","31.617","cage","low_gate","winter","low"
"1387","12/22/2023","15:00","32.218","cage","low_gate","winter","low"
"1397","12/22/2023","21:00","32.018","cage","low_gate","winter","low"
"1407","12/23/2023","3:00","32.018","cage","low_gate","winter","low"
"14111","12/23/2023","9:00","32.018","cage","low_gate","winter","low"
"1428","12/23/2023","15:00","32.018","cage","low_gate","winter","low"
"1437","12/23/2023","21:00","31.415","cage","low_gate","winter","low"
"1447","12/24/2023","3:00","27.511","cage","low_gate","winter","low"
"1457","12/24/2023","9:00","22.552","cage","low_gate","winter","low"
"1467","12/24/2023","15:00","27.302","cage","low_gate","winter","low"
"1477","12/24/2023","21:00","20.529","cage","low_gate","winter","low"
"1487","12/25/2023","3:00","19.612","cage","low_gate","winter","low"
"1497","12/25/2023","9:00","21.209","cage","low_gate","winter","low"
"1507","12/25/2023","15:00","26.245","cage","low_gate","winter","low"
"15111","12/25/2023","21:00","18.217","cage","low_gate","winter","low"
"1528","12/26/2023","3:00","14.113","cage","low_gate","winter","low"
"1537","12/26/2023","9:00","15.589","cage","low_gate","winter","low"
"1547","12/26/2023","15:00","25.174","cage","low_gate","winter","low"
"1557","12/26/2023","21:00","19.843","cage","low_gate","winter","low"
"1567","12/27/2023","3:00","18.919","cage","low_gate","winter","low"
"1577","12/27/2023","9:00","21.209","cage","low_gate","winter","low"
"1587","12/27/2023","15:00","26.031","cage","low_gate","winter","low"
"1597","12/27/2023","21:00","22.107","cage","low_gate","winter","low"
"1607","12/28/2023","3:00","22.107","cage","low_gate","winter","low"
"16111","12/28/2023","9:00","20.529","cage","low_gate","winter","low"
"1628","12/28/2023","15:00","29.174","cage","low_gate","winter","low"
"1637","12/28/2023","21:00","23.875","cage","low_gate","winter","low"
"1647","12/29/2023","3:00","20.984","cage","low_gate","winter","low"
"1657","12/29/2023","9:00","21.209","cage","low_gate","winter","low"
"1667","12/29/2023","15:00","29.79","cage","low_gate","winter","low"
"1677","12/29/2023","21:00","26.031","cage","low_gate","winter","low"
"1687","12/30/2023","3:00","23.216","cage","low_gate","winter","low"
"1697","12/30/2023","9:00","22.552","cage","low_gate","winter","low"
"1707","12/30/2023","15:00","30.403","cage","low_gate","winter","low"
"17111","12/30/2023","21:00","29.995","cage","low_gate","winter","low"
"1728","12/31/2023","3:00","25.605","cage","low_gate","winter","low"
"1737","12/31/2023","9:00","24.526","cage","low_gate","winter","low"
"1747","12/31/2023","15:00","30.808","cage","low_gate","winter","low"
"1757","12/31/2023","21:00","26.458","cage","low_gate","winter","low"
"1767","1/1/2024","3:00","21.884","cage","low_gate","winter","low"
"1777","1/1/2024","9:00","20.529","cage","low_gate","winter","low"
"1787","1/1/2024","15:00","30.198","cage","low_gate","winter","low"
"1797","1/1/2024","21:00","24.96","cage","low_gate","winter","low"
"1807","1/2/2024","3:00","20.529","cage","low_gate","winter","low"
"18111","1/2/2024","9:00","21.209","cage","low_gate","winter","low"
"1828","1/2/2024","15:00","29.586","cage","low_gate","winter","low"
"1837","1/2/2024","21:00","23.436","cage","low_gate","winter","low"
"1847","1/3/2024","3:00","19.843","cage","low_gate","winter","low"
"1857","1/3/2024","9:00","19.152","cage","low_gate","winter","low"
"1867","1/3/2024","15:00","29.586","cage","low_gate","winter","low"
"1877","1/3/2024","21:00","26.458","cage","low_gate","winter","low"
"1887","1/4/2024","3:00","26.031","cage","low_gate","winter","low"
"1897","1/4/2024","9:00","25.174","cage","low_gate","winter","low"
"1907","1/4/2024","15:00","30.403","cage","low_gate","winter","low"
"19111","1/4/2024","21:00","28.969","cage","low_gate","winter","low"
"1928","1/5/2024","3:00","27.721","cage","low_gate","winter","low"
"1937","1/5/2024","9:00","27.091","cage","low_gate","winter","low"
"1947","1/5/2024","15:00","30.607","cage","low_gate","winter","low"
"1957","1/5/2024","21:00","23.875","cage","low_gate","winter","low"
"1967","1/6/2024","3:00","20.757","cage","low_gate","winter","low"
"1977","1/6/2024","9:00","22.775","cage","low_gate","winter","low"
"1987","1/6/2024","15:00","27.091","cage","low_gate","winter","low"
"1997","1/6/2024","21:00","25.174","cage","low_gate","winter","low"
"2007","1/7/2024","3:00","25.39","cage","low_gate","winter","low"
"20111","1/7/2024","9:00","25.174","cage","low_gate","winter","low"
"2028","1/7/2024","15:00","26.881","cage","low_gate","winter","low"
"2037","1/7/2024","21:00","25.819","cage","low_gate","winter","low"
"2047","1/8/2024","3:00","24.093","cage","low_gate","winter","low"
"2057","1/8/2024","9:00","22.107","cage","low_gate","winter","low"
"2067","1/8/2024","15:00","24.31","cage","low_gate","winter","low"
"2077","1/8/2024","21:00","23.875","cage","low_gate","winter","low"
"2087","1/9/2024","3:00","23.875","cage","low_gate","winter","low"
"2097","1/9/2024","9:00","24.093","cage","low_gate","winter","low"
"21011","1/9/2024","15:00","25.174","cage","low_gate","winter","low"
"21111","1/9/2024","21:00","24.744","cage","low_gate","winter","low"
"21210","1/10/2024","3:00","24.744","cage","low_gate","winter","low"
"2137","1/10/2024","9:00","24.526","cage","low_gate","winter","low"
"2147","1/10/2024","15:00","25.39","cage","low_gate","winter","low"
"2157","1/10/2024","21:00","25.174","cage","low_gate","winter","low"
"2167","1/11/2024","3:00","24.744","cage","low_gate","winter","low"
"2177","1/11/2024","9:00","24.093","cage","low_gate","winter","low"
"2187","1/11/2024","15:00","25.39","cage","low_gate","winter","low"
"2197","1/11/2024","21:00","24.744","cage","low_gate","winter","low"
"2207","1/12/2024","3:00","24.526","cage","low_gate","winter","low"
"22111","1/12/2024","9:00","24.526","cage","low_gate","winter","low"
"2228","1/12/2024","15:00","25.174","cage","low_gate","winter","low"
"2237","1/12/2024","21:00","23.436","cage","low_gate","winter","low"
"2247","1/13/2024","3:00","20.984","cage","low_gate","winter","low"
"2257","1/13/2024","9:00","18.919","cage","low_gate","winter","low"
"2267","1/13/2024","15:00","20.529","cage","low_gate","winter","low"
"2277","1/13/2024","21:00","20.757","cage","low_gate","winter","low"
"2287","1/14/2024","3:00","21.209","cage","low_gate","winter","low"
"2297","1/14/2024","9:00","20.302","cage","low_gate","winter","low"
"2307","1/14/2024","15:00","21.884","cage","low_gate","winter","low"
"23111","1/14/2024","21:00","22.33","cage","low_gate","winter","low"
"2328","1/15/2024","3:00","22.107","cage","low_gate","winter","low"
"2337","1/15/2024","9:00","20.529","cage","low_gate","winter","low"
"2347","1/15/2024","15:00","21.434","cage","low_gate","winter","low"
"2357","1/15/2024","21:00","20.302","cage","low_gate","winter","low"
"2367","1/16/2024","3:00","19.152","cage","low_gate","winter","low"
"2377","1/16/2024","9:00","18.919","cage","low_gate","winter","low"
"2387","1/16/2024","15:00","21.659","cage","low_gate","winter","low"
"2397","1/16/2024","21:00","21.434","cage","low_gate","winter","low"
"2407","1/17/2024","3:00","21.434","cage","low_gate","winter","low"
"24111","1/17/2024","9:00","22.33","cage","low_gate","winter","low"
"2428","1/17/2024","15:00","23.655","cage","low_gate","winter","low"
"2437","1/17/2024","21:00","24.093","cage","low_gate","winter","low"
"2447","1/18/2024","3:00","24.093","cage","low_gate","winter","low"
"2457","1/18/2024","9:00","23.875","cage","low_gate","winter","low"
"2467","1/18/2024","15:00","25.605","cage","low_gate","winter","low"
"2477","1/18/2024","21:00","25.819","cage","low_gate","winter","low"
"2487","1/19/2024","3:00","26.031","cage","low_gate","winter","low"
"2497","1/19/2024","9:00","26.245","cage","low_gate","winter","low"
"2507","1/19/2024","15:00","27.511","cage","low_gate","winter","low"
"25111","1/19/2024","21:00","27.511","cage","low_gate","winter","low"
"2528","1/20/2024","3:00","27.302","cage","low_gate","winter","low"
"2537","1/20/2024","9:00","27.93","cage","low_gate","winter","low"
"2547","1/20/2024","15:00","29.174","cage","low_gate","winter","low"
"2557","1/20/2024","21:00","30.198","cage","low_gate","winter","low"
"2567","1/21/2024","3:00","30.403","cage","low_gate","winter","low"
"2577","1/21/2024","9:00","30.403","cage","low_gate","winter","low"
"2587","1/21/2024","15:00","30.607","cage","low_gate","winter","low"
"2597","1/21/2024","21:00","30.808","cage","low_gate","winter","low"
"2607","1/22/2024","3:00","31.012","cage","low_gate","winter","low"
"26111","1/22/2024","9:00","31.012","cage","low_gate","winter","low"
"2628","1/22/2024","15:00","31.213","cage","low_gate","winter","low"
"2637","1/22/2024","21:00","31.415","cage","low_gate","winter","low"
"2647","1/23/2024","3:00","31.617","cage","low_gate","winter","low"
"2657","1/23/2024","9:00","31.617","cage","low_gate","winter","low"
"2667","1/23/2024","15:00","31.816","cage","low_gate","winter","low"
"2677","1/23/2024","21:00","32.018","cage","low_gate","winter","low"
"2687","1/24/2024","3:00","32.018","cage","low_gate","winter","low"
"2697","1/24/2024","9:00","32.018","cage","low_gate","winter","low"
"2707","1/24/2024","15:00","32.018","cage","low_gate","winter","low"
"27111","1/24/2024","21:00","32.018","cage","low_gate","winter","low"
"2728","1/25/2024","3:00","32.018","cage","low_gate","winter","low"
"2737","1/25/2024","9:00","32.018","cage","low_gate","winter","low"
"2747","1/25/2024","15:00","32.018","cage","low_gate","winter","low"
"2757","1/25/2024","21:00","32.218","cage","low_gate","winter","low"
"2767","1/26/2024","3:00","32.218","cage","low_gate","winter","low"
"2777","1/26/2024","9:00","32.018","cage","low_gate","winter","low"
"2787","1/26/2024","15:00","32.018","cage","low_gate","winter","low"
"2797","1/26/2024","21:00","32.218","cage","low_gate","winter","low"
"2807","1/27/2024","3:00","32.218","cage","low_gate","winter","low"
"28111","1/27/2024","9:00","32.218","cage","low_gate","winter","low"
"2828","1/27/2024","15:00","32.218","cage","low_gate","winter","low"
"2837","1/27/2024","21:00","32.018","cage","low_gate","winter","low"
"2847","1/28/2024","3:00","32.218","cage","low_gate","winter","low"
"2857","1/28/2024","9:00","32.218","cage","low_gate","winter","low"
"2867","1/28/2024","15:00","32.218","cage","low_gate","winter","low"
"2877","1/28/2024","21:00","32.218","cage","low_gate","winter","low"
"2887","1/29/2024","3:00","32.018","cage","low_gate","winter","low"
"2897","1/29/2024","9:00","32.218","cage","low_gate","winter","low"
"2907","1/29/2024","15:00","32.218","cage","low_gate","winter","low"
"29111","1/29/2024","21:00","32.218","cage","low_gate","winter","low"
"2928","1/30/2024","3:00","32.218","cage","low_gate","winter","low"
"2937","1/30/2024","9:00","32.018","cage","low_gate","winter","low"
"2947","1/30/2024","15:00","32.617","cage","low_gate","winter","low"
"2957","1/30/2024","21:00","32.218","cage","low_gate","winter","low"
"2967","1/31/2024","3:00","32.218","cage","low_gate","winter","low"
"2977","1/31/2024","9:00","32.018","cage","low_gate","winter","low"
"2987","1/31/2024","15:00","32.418","cage","low_gate","winter","low"
"2997","1/31/2024","21:00","32.218","cage","low_gate","winter","low"
"3007","2/1/2024","3:00","32.218","cage","low_gate","winter","low"
"30111","2/1/2024","9:00","32.218","cage","low_gate","winter","low"
"3028","2/1/2024","15:00","32.617","cage","low_gate","winter","low"
"3037","2/1/2024","21:00","32.218","cage","low_gate","winter","low"
"3047","2/2/2024","3:00","32.418","cage","low_gate","winter","low"
"3057","2/2/2024","9:00","32.418","cage","low_gate","winter","low"
"3067","2/2/2024","15:00","34.59","cage","low_gate","winter","low"
"3077","2/2/2024","21:00","32.617","cage","low_gate","winter","low"
"3087","2/3/2024","3:00","32.218","cage","low_gate","winter","low"
"3097","2/3/2024","9:00","32.218","cage","low_gate","winter","low"
"31011","2/3/2024","15:00","33.607","cage","low_gate","winter","low"
"31111","2/3/2024","21:00","32.418","cage","low_gate","winter","low"
"31210","2/4/2024","3:00","32.218","cage","low_gate","winter","low"
"3137","2/4/2024","9:00","32.218","cage","low_gate","winter","low"
"3147","2/4/2024","15:00","32.218","cage","low_gate","winter","low"
"3157","2/4/2024","21:00","32.218","cage","low_gate","winter","low"
"3167","2/5/2024","3:00","32.218","cage","low_gate","winter","low"
"3177","2/5/2024","9:00","32.218","cage","low_gate","winter","low"
"3187","2/5/2024","15:00","32.218","cage","low_gate","winter","low"
"3197","2/5/2024","21:00","32.218","cage","low_gate","winter","low"
"3207","2/6/2024","3:00","32.218","cage","low_gate","winter","low"
"32111","2/6/2024","9:00","32.218","cage","low_gate","winter","low"
"3228","2/6/2024","15:00","32.218","cage","low_gate","winter","low"
"3237","2/6/2024","21:00","32.218","cage","low_gate","winter","low"
"3247","2/7/2024","3:00","32.218","cage","low_gate","winter","low"
"3257","2/7/2024","9:00","32.218","cage","low_gate","winter","low"
"3267","2/7/2024","15:00","32.218","cage","low_gate","winter","low"
"3277","2/7/2024","21:00","32.218","cage","low_gate","winter","low"
"3287","2/8/2024","3:00","32.218","cage","low_gate","winter","low"
"3297","2/8/2024","9:00","32.218","cage","low_gate","winter","low"
"3307","2/8/2024","15:00","32.418","cage","low_gate","winter","low"
"33111","2/8/2024","21:00","32.218","cage","low_gate","winter","low"
"3328","2/9/2024","3:00","32.218","cage","low_gate","winter","low"
"3337","2/9/2024","9:00","32.218","cage","low_gate","winter","low"
"3347","2/9/2024","15:00","32.218","cage","low_gate","winter","low"
"3357","2/9/2024","21:00","32.218","cage","low_gate","winter","low"
"3367","2/10/2024","3:00","32.218","cage","low_gate","winter","low"
"3377","2/10/2024","9:00","32.218","cage","low_gate","winter","low"
"3387","2/10/2024","15:00","32.218","cage","low_gate","winter","low"
"3397","2/10/2024","21:00","32.218","cage","low_gate","winter","low"
"3407","2/11/2024","3:00","32.218","cage","low_gate","winter","low"
"34111","2/11/2024","9:00","32.218","cage","low_gate","winter","low"
"3428","2/11/2024","15:00","32.218","cage","low_gate","winter","low"
"3437","2/11/2024","21:00","32.218","cage","low_gate","winter","low"
"3447","2/12/2024","3:00","32.218","cage","low_gate","winter","low"
"3457","2/12/2024","9:00","32.218","cage","low_gate","winter","low"
"3467","2/12/2024","15:00","32.218","cage","low_gate","winter","low"
"3477","2/12/2024","21:00","32.218","cage","low_gate","winter","low"
"3487","2/13/2024","3:00","32.018","cage","low_gate","winter","low"
"3497","2/13/2024","9:00","32.018","cage","low_gate","winter","low"
"3507","2/13/2024","15:00","32.218","cage","low_gate","winter","low"
"35111","2/13/2024","21:00","32.018","cage","low_gate","winter","low"
"3528","2/14/2024","3:00","31.816","cage","low_gate","winter","low"
"3537","2/14/2024","9:00","31.816","cage","low_gate","winter","low"
"3547","2/14/2024","15:00","32.018","cage","low_gate","winter","low"
"3557","2/14/2024","21:00","32.018","cage","low_gate","winter","low"
"3567","2/15/2024","3:00","32.018","cage","low_gate","winter","low"
"3577","2/15/2024","9:00","32.018","cage","low_gate","winter","low"
"3587","2/15/2024","15:00","32.018","cage","low_gate","winter","low"
"3597","2/15/2024","21:00","32.018","cage","low_gate","winter","low"
"3607","2/16/2024","3:00","32.018","cage","low_gate","winter","low"
"36111","2/16/2024","9:00","32.018","cage","low_gate","winter","low"
"3628","2/16/2024","15:00","31.816","cage","low_gate","winter","low"
"3637","2/16/2024","21:00","31.012","cage","low_gate","winter","low"
"3647","2/17/2024","3:00","29.995","cage","low_gate","winter","low"
"3657","2/17/2024","9:00","29.174","cage","low_gate","winter","low"
"3667","2/17/2024","15:00","30.808","cage","low_gate","winter","low"
"3677","2/17/2024","21:00","30.403","cage","low_gate","winter","low"
"3687","2/18/2024","3:00","29.995","cage","low_gate","winter","low"
"3697","2/18/2024","9:00","30.403","cage","low_gate","winter","low"
"3707","2/18/2024","15:00","31.213","cage","low_gate","winter","low"
"37111","2/18/2024","21:00","31.415","cage","low_gate","winter","low"
"3728","2/19/2024","3:00","31.415","cage","low_gate","winter","low"
"3737","2/19/2024","9:00","31.415","cage","low_gate","winter","low"
"3747","2/19/2024","15:00","31.816","cage","low_gate","winter","low"
"3757","2/19/2024","21:00","31.816","cage","low_gate","winter","low"
"3767","2/20/2024","3:00","31.816","cage","low_gate","winter","low"
"3777","2/20/2024","9:00","31.816","cage","low_gate","winter","low"
"3787","2/20/2024","15:00","32.018","cage","low_gate","winter","low"
"3797","2/20/2024","21:00","32.018","cage","low_gate","winter","low"
"3807","2/21/2024","3:00","32.018","cage","low_gate","winter","low"
"38111","2/21/2024","9:00","32.018","cage","low_gate","winter","low"
"3828","2/21/2024","15:00","32.018","cage","low_gate","winter","low"
"3837","2/21/2024","21:00","32.018","cage","low_gate","winter","low"
"3847","2/22/2024","3:00","32.018","cage","low_gate","winter","low"
"3857","2/22/2024","9:00","32.218","cage","low_gate","winter","low"
"3867","2/22/2024","15:00","32.018","cage","low_gate","winter","low"
"3877","2/22/2024","21:00","32.018","cage","low_gate","winter","low"
"3887","2/23/2024","3:00","32.018","cage","low_gate","winter","low"
"3897","2/23/2024","9:00","32.018","cage","low_gate","winter","low"
"3907","2/23/2024","15:00","32.018","cage","low_gate","winter","low"
"39111","2/23/2024","21:00","32.218","cage","low_gate","winter","low"
"3928","2/24/2024","3:00","32.218","cage","low_gate","winter","low"
"3937","2/24/2024","9:00","32.018","cage","low_gate","winter","low"
"3947","2/24/2024","15:00","32.018","cage","low_gate","winter","low"
"3957","2/24/2024","21:00","32.018","cage","low_gate","winter","low"
"3967","2/25/2024","3:00","32.018","cage","low_gate","winter","low"
"3977","2/25/2024","9:00","32.018","cage","low_gate","winter","low"
"3987","2/25/2024","15:00","32.018","cage","low_gate","winter","low"
"3997","2/25/2024","21:00","32.018","cage","low_gate","winter","low"
"4007","2/26/2024","3:00","32.018","cage","low_gate","winter","low"
"40111","2/26/2024","9:00","32.018","cage","low_gate","winter","low"
"4028","2/26/2024","15:00","32.018","cage","low_gate","winter","low"
"4037","2/26/2024","21:00","32.018","cage","low_gate","winter","low"
"4047","2/27/2024","3:00","31.617","cage","low_gate","winter","low"
"4057","2/27/2024","9:00","28.346","cage","low_gate","winter","low"
"4067","2/27/2024","15:00","31.617","cage","low_gate","winter","low"
"4077","2/27/2024","21:00","28.139","cage","low_gate","winter","low"
"4087","2/28/2024","3:00","25.819","cage","low_gate","winter","low"
"4097","2/28/2024","9:00","27.721","cage","low_gate","winter","low"
"41011","2/28/2024","15:00","31.012","cage","low_gate","winter","low"
"41111","2/28/2024","21:00","30.607","cage","low_gate","winter","low"
"41210","2/29/2024","3:00","29.586","cage","low_gate","winter","low"
"4137","2/29/2024","9:00","28.346","cage","low_gate","winter","low"
"4147","2/29/2024","15:00","31.415","cage","low_gate","winter","low"
"4157","2/29/2024","21:00","31.816","cage","low_gate","winter","low"
"4167","3/1/2024","3:00","31.816","cage","low_gate","winter","low"
"4177","3/1/2024","9:00","31.816","cage","low_gate","winter","low"
"4187","3/1/2024","15:00","32.018","cage","low_gate","winter","low"
"4197","3/1/2024","21:00","32.018","cage","low_gate","winter","low"
"4207","3/2/2024","3:00","32.018","cage","low_gate","winter","low"
"42111","3/2/2024","9:00","32.018","cage","low_gate","winter","low"
"4228","3/2/2024","15:00","32.018","cage","low_gate","winter","low"
"4237","3/2/2024","21:00","32.018","cage","low_gate","winter","low"
"4247","3/3/2024","3:00","31.617","cage","low_gate","winter","low"
"4257","3/3/2024","9:00","31.012","cage","low_gate","winter","low"
"4267","3/3/2024","15:00","31.816","cage","low_gate","winter","low"
"4277","3/3/2024","21:00","31.617","cage","low_gate","winter","low"
"4287","3/4/2024","3:00","31.213","cage","low_gate","winter","low"
"4297","3/4/2024","9:00","30.808","cage","low_gate","winter","low"
"4307","3/4/2024","15:00","31.415","cage","low_gate","winter","low"
"43111","3/4/2024","21:00","31.415","cage","low_gate","winter","low"
"4328","3/5/2024","3:00","30.607","cage","low_gate","winter","low"
"4337","3/5/2024","9:00","30.403","cage","low_gate","winter","low"
"4347","3/5/2024","15:00","31.012","cage","low_gate","winter","low"
"4357","3/5/2024","21:00","31.012","cage","low_gate","winter","low"
"4367","3/6/2024","3:00","31.012","cage","low_gate","winter","low"
"4377","3/6/2024","9:00","29.79","cage","low_gate","winter","low"
"4387","3/6/2024","15:00","31.012","cage","low_gate","winter","low"
"4397","3/6/2024","21:00","31.213","cage","low_gate","winter","low"
"4407","3/7/2024","3:00","30.808","cage","low_gate","winter","low"
"44111","3/7/2024","9:00","29.995","cage","low_gate","winter","low"
"4428","3/7/2024","15:00","30.808","cage","low_gate","winter","low"
"4437","3/7/2024","21:00","30.607","cage","low_gate","winter","low"
"4447","3/8/2024","3:00","28.969","cage","low_gate","winter","low"
"4457","3/8/2024","9:00","28.346","cage","low_gate","winter","low"
"4467","3/8/2024","15:00","30.198","cage","low_gate","winter","low"
"4477","3/8/2024","21:00","29.79","cage","low_gate","winter","low"
"4487","3/9/2024","3:00","28.346","cage","low_gate","winter","low"
"4497","3/9/2024","9:00","27.511","cage","low_gate","winter","low"
"4507","3/9/2024","15:00","30.607","cage","low_gate","winter","low"
"45111","3/9/2024","21:00","31.415","cage","low_gate","winter","low"
"4528","3/10/2024","3:00","30.607","cage","low_gate","winter","low"
"4537","3/10/2024","9:00","28.969","cage","low_gate","winter","low"
"4547","3/10/2024","15:00","31.213","cage","low_gate","winter","low"
"4557","3/10/2024","21:00","31.816","cage","low_gate","winter","low"
"4567","3/11/2024","3:00","31.617","cage","low_gate","winter","low"
"4577","3/11/2024","9:00","30.403","cage","low_gate","winter","low"
"4587","3/11/2024","15:00","31.617","cage","low_gate","winter","low"
"4597","3/11/2024","21:00","31.816","cage","low_gate","winter","low"
"4607","3/12/2024","3:00","31.816","cage","low_gate","winter","low"
"46111","3/12/2024","9:00","32.018","cage","low_gate","winter","low"
"4628","3/12/2024","15:00","32.018","cage","low_gate","winter","low"
"4637","3/12/2024","21:00","32.018","cage","low_gate","winter","low"
"4647","3/13/2024","3:00","32.018","cage","low_gate","winter","low"
"4657","3/13/2024","9:00","32.018","cage","low_gate","winter","low"
"4667","3/13/2024","15:00","32.018","cage","low_gate","winter","low"
"4677","3/13/2024","21:00","32.018","cage","low_gate","winter","low"
"4687","3/14/2024","3:00","31.012","cage","low_gate","winter","low"
"4697","3/14/2024","9:00","30.403","cage","low_gate","winter","low"
"4707","3/14/2024","15:00","32.018","cage","low_gate","winter","low"
"47111","3/14/2024","21:00","32.018","cage","low_gate","winter","low"
"4728","3/15/2024","3:00","31.816","cage","low_gate","winter","low"
"4737","3/15/2024","9:00","29.79","cage","low_gate","winter","low"
"4747","3/15/2024","15:00","32.018","cage","low_gate","winter","low"
"4757","3/15/2024","21:00","32.018","cage","low_gate","winter","low"
"4767","3/16/2024","3:00","32.018","cage","low_gate","winter","low"
"4777","3/16/2024","9:00","31.816","cage","low_gate","winter","low"
"4787","3/16/2024","15:00","33.607","cage","low_gate","winter","low"
"4797","3/16/2024","21:00","32.218","cage","low_gate","winter","low"
"4807","3/17/2024","3:00","32.218","cage","low_gate","winter","low"
"48111","3/17/2024","9:00","32.218","cage","low_gate","winter","low"
"4828","3/17/2024","15:00","41.994","cage","low_gate","winter","low"
"4837","3/17/2024","21:00","32.617","cage","low_gate","winter","low"
"4847","3/18/2024","3:00","32.218","cage","low_gate","winter","low"
"4857","3/18/2024","9:00","32.218","cage","low_gate","winter","low"
"4867","3/18/2024","15:00","50.466","cage","low_gate","winter","low"
"4877","3/18/2024","21:00","35.758","cage","low_gate","winter","low"
"4887","3/19/2024","3:00","32.218","cage","low_gate","winter","low"
"4897","3/19/2024","9:00","32.218","cage","low_gate","winter","low"
"4907","3/19/2024","15:00","53.449","cage","low_gate","winter","low"
"49111","3/19/2024","21:00","39.007","cage","low_gate","winter","low"
"4928","3/20/2024","3:00","33.013","cage","low_gate","winter","low"
"4937","3/20/2024","9:00","32.617","cage","low_gate","winter","low"
"4947","3/20/2024","15:00","54.842","cage","low_gate","winter","low"
"4957","3/20/2024","21:00","41.254","cage","low_gate","winter","low"
"4967","3/21/2024","3:00","34.394","cage","low_gate","winter","low"
"4977","3/21/2024","9:00","34.981","cage","low_gate","winter","low"
"4987","3/21/2024","15:00","50.819","cage","low_gate","winter","low"
"4997","3/21/2024","21:00","39.573","cage","low_gate","winter","low"
"5007","3/22/2024","3:00","33.805","cage","low_gate","winter","low"
"50111","3/22/2024","9:00","33.411","cage","low_gate","winter","low"
"5028","3/22/2024","15:00","53.449","cage","low_gate","winter","low"
"5037","3/22/2024","21:00","41.439","cage","low_gate","winter","low"
"5047","3/23/2024","3:00","35.175","cage","low_gate","winter","low"
"5057","3/23/2024","9:00","37.488","cage","low_gate","winter","low"
"5067","3/23/2024","15:00","45.466","cage","low_gate","winter","low"
"5077","3/23/2024","21:00","38.629","cage","low_gate","winter","low"
"5087","3/24/2024","3:00","36.338","cage","low_gate","winter","low"
"5097","3/24/2024","9:00","35.564","cage","low_gate","winter","low"
"51011","3/24/2024","15:00","42.915","cage","low_gate","winter","low"
"51111","3/24/2024","21:00","35.758","cage","low_gate","winter","low"
"51210","3/25/2024","3:00","33.213","cage","low_gate","winter","low"
"5137","3/25/2024","9:00","33.013","cage","low_gate","winter","low"
"5147","3/25/2024","15:00","47.624","cage","low_gate","winter","low"
"5157","3/25/2024","21:00","37.107","cage","low_gate","winter","low"
"5167","3/26/2024","3:00","33.213","cage","low_gate","winter","low"
"5177","3/26/2024","9:00","33.013","cage","low_gate","winter","low"
"5187","3/26/2024","15:00","44.195","cage","low_gate","winter","low"
"5197","3/26/2024","21:00","36.723","cage","low_gate","winter","low"
"5207","3/27/2024","3:00","33.607","cage","low_gate","winter","low"
"52111","3/27/2024","9:00","33.213","cage","low_gate","winter","low"
"5228","3/27/2024","15:00","44.379","cage","low_gate","winter","low"
"5237","3/27/2024","21:00","38.061","cage","low_gate","winter","low"
"5247","3/28/2024","3:00","36.531","cage","low_gate","winter","low"
"5257","3/28/2024","9:00","35.175","cage","low_gate","winter","low"
"5267","3/28/2024","15:00","39.76","cage","low_gate","winter","low"
"5277","3/28/2024","21:00","35.37","cage","low_gate","winter","low"
"5287","3/29/2024","3:00","33.213","cage","low_gate","winter","low"
"5297","3/29/2024","9:00","33.013","cage","low_gate","winter","low"
"5307","3/29/2024","15:00","48.339","cage","low_gate","winter","low"
"53111","3/29/2024","21:00","37.679","cage","low_gate","winter","low"
"5328","3/30/2024","3:00","33.805","cage","low_gate","winter","low"
"5337","3/30/2024","9:00","33.213","cage","low_gate","winter","low"
"5347","3/30/2024","15:00","46.369","cage","low_gate","winter","low"
"5357","3/30/2024","21:00","39.573","cage","low_gate","winter","low"
"5367","3/31/2024","3:00","36.723","cage","low_gate","winter","low"
"5377","3/31/2024","9:00","37.488","cage","low_gate","winter","low"
"5387","3/31/2024","15:00","43.282","cage","low_gate","winter","low"
"5397","3/31/2024","21:00","37.87","cage","low_gate","winter","low"
"5407","4/1/2024","3:00","34.198","cage","low_gate","winter","low"
"54111","4/1/2024","9:00","33.607","cage","low_gate","winter","low"
"5428","4/1/2024","15:00","47.446","cage","low_gate","winter","low"
"5437","4/1/2024","21:00","39.196","cage","low_gate","winter","low"
"5447","4/2/2024","3:00","34.394","cage","low_gate","winter","low"
"5457","4/2/2024","9:00","33.607","cage","low_gate","winter","low"
"5467","4/2/2024","15:00","55.364","cage","low_gate","winter","low"
"5477","4/2/2024","21:00","44.742","cage","low_gate","winter","low"
"5487","4/3/2024","3:00","37.87","cage","low_gate","winter","low"
"5497","4/3/2024","9:00","37.297","cage","low_gate","winter","low"
"5507","4/3/2024","15:00","51.874","cage","low_gate","winter","low"
"55111","4/3/2024","21:00","44.013","cage","low_gate","winter","low"
"5528","4/4/2024","3:00","40.134","cage","low_gate","winter","low"
"5537","4/4/2024","9:00","41.067","cage","low_gate","winter","low"
"5547","4/4/2024","15:00","55.189","cage","low_gate","winter","low"
"5557","4/4/2024","21:00","45.466","cage","low_gate","winter","low"
"5567","4/5/2024","3:00","39.573","cage","low_gate","winter","low"
"5577","4/5/2024","9:00","40.881","cage","low_gate","winter","low"
"5587","4/5/2024","15:00","46.369","cage","low_gate","winter","low"
"5597","4/5/2024","21:00","39.573","cage","low_gate","winter","low"
"5607","4/6/2024","3:00","36.914","cage","low_gate","winter","low"
"56111","4/6/2024","9:00","36.723","cage","low_gate","winter","low"
"5628","4/6/2024","15:00","45.466","cage","low_gate","winter","low"
"5637","4/6/2024","21:00","40.134","cage","low_gate","winter","low"
"5647","4/7/2024","3:00","35.758","cage","low_gate","winter","low"
"5657","4/7/2024","9:00","37.107","cage","low_gate","winter","low"
"5667","4/7/2024","15:00","52.75","cage","low_gate","winter","low"
"5677","4/7/2024","21:00","42.179","cage","low_gate","winter","low"
"5687","4/8/2024","3:00","36.145","cage","low_gate","winter","low"
"5697","4/8/2024","9:00","34.786","cage","low_gate","winter","low"
"5707","4/8/2024","15:00","51.523","cage","low_gate","winter","low"
"57111","4/8/2024","21:00","42.363","cage","low_gate","winter","low"
"5728","4/9/2024","3:00","36.338","cage","low_gate","winter","low"
"5737","4/9/2024","9:00","38.629","cage","low_gate","winter","low"
"5747","4/9/2024","15:00","52.75","cage","low_gate","winter","low"
"5757","4/9/2024","21:00","43.831","cage","low_gate","winter","low"
"5767","4/10/2024","3:00","37.297","cage","low_gate","winter","low"
"5777","4/10/2024","9:00","37.107","cage","low_gate","winter","low"
"5787","4/10/2024","15:00","56.75","cage","low_gate","winter","low"
"5797","4/10/2024","21:00","45.648","cage","low_gate","winter","low"
"5807","4/11/2024","3:00","38.44","cage","low_gate","winter","low"
"58111","4/11/2024","9:00","38.629","cage","low_gate","winter","low"
"5828","4/11/2024","15:00","54.842","cage","low_gate","winter","low"
"5837","4/11/2024","21:00","46.188","cage","low_gate","winter","low"
"5847","4/12/2024","3:00","40.321","cage","low_gate","winter","low"
"5857","4/12/2024","9:00","41.994","cage","low_gate","winter","low"
"5867","4/12/2024","15:00","54.322","cage","low_gate","winter","low"
"5877","4/12/2024","21:00","48.339","cage","low_gate","winter","low"
"5887","4/13/2024","3:00","42.179","cage","low_gate","winter","low"
"5897","4/13/2024","9:00","43.648","cage","low_gate","winter","low"
"5907","4/13/2024","15:00","62.425","cage","low_gate","winter","low"
"59111","4/13/2024","21:00","50.995","cage","low_gate","winter","low"
"5928","4/14/2024","3:00","43.282","cage","low_gate","winter","low"
"5937","4/14/2024","9:00","44.379","cage","low_gate","winter","low"
"5947","4/14/2024","15:00","60.883","cage","low_gate","winter","low"
"5957","4/14/2024","21:00","49.582","cage","low_gate","winter","low"
"5967","4/15/2024","3:00","45.648","cage","low_gate","winter","low"
"5977","4/15/2024","9:00","45.828","cage","low_gate","winter","low"
"5987","4/15/2024","15:00","55.537","cage","low_gate","winter","low"
"5997","4/15/2024","21:00","48.16","cage","low_gate","winter","low"
"6007","4/16/2024","3:00","41.254","cage","low_gate","winter","low"
"60111","4/16/2024","9:00","42.548","cage","low_gate","winter","low"
"6028","4/16/2024","15:00","53.1","cage","low_gate","winter","low"
"6037","4/16/2024","21:00","46.908","cage","low_gate","winter","low"
"6047","4/17/2024","3:00","42.363","cage","low_gate","winter","low"
"6057","4/17/2024","9:00","41.067","cage","low_gate","winter","low"
"6067","4/17/2024","15:00","48.16","cage","low_gate","winter","low"
"6077","4/17/2024","21:00","39.384","cage","low_gate","winter","low"
"6087","4/18/2024","3:00","34.198","cage","low_gate","winter","low"
"6097","4/18/2024","9:00","33.805","cage","low_gate","winter","low"
"6107","4/18/2024","15:00","55.189","cage","low_gate","winter","low"
"61111","4/18/2024","21:00","42.179","cage","low_gate","winter","low"
"6128","4/19/2024","3:00","35.175","cage","low_gate","winter","low"
"6137","4/19/2024","9:00","35.175","cage","low_gate","winter","low"
"6147","4/19/2024","15:00","55.537","cage","low_gate","winter","low"
"6157","4/19/2024","21:00","42.732","cage","low_gate","winter","low"
"6167","4/20/2024","3:00","35.951","cage","low_gate","winter","low"
"6177","4/20/2024","9:00","37.679","cage","low_gate","winter","low"
"6187","4/20/2024","15:00","60.368","cage","low_gate","winter","low"
"6197","4/20/2024","21:00","47.266","cage","low_gate","winter","low"
"6207","4/21/2024","3:00","39.76","cage","low_gate","winter","low"
"62111","4/21/2024","9:00","43.831","cage","low_gate","winter","low"
"6228","4/21/2024","15:00","60.883","cage","low_gate","winter","low"
"6237","4/21/2024","21:00","48.695","cage","low_gate","winter","low"
"6247","4/22/2024","3:00","42.179","cage","low_gate","winter","low"
"6257","4/22/2024","9:00","42.732","cage","low_gate","winter","low"
"6267","4/22/2024","15:00","62.769","cage","low_gate","winter","low"
"6277","4/22/2024","21:00","49.937","cage","low_gate","winter","low"
"6287","4/23/2024","3:00","41.625","cage","low_gate","winter","low"
"6297","4/23/2024","9:00","44.195","cage","low_gate","winter","low"
"6307","4/23/2024","15:00","64.139","cage","low_gate","winter","low"
"63111","4/23/2024","21:00","50.643","cage","low_gate","winter","low"
"6328","4/24/2024","3:00","43.831","cage","low_gate","winter","low"
"6337","4/24/2024","9:00","47.266","cage","low_gate","winter","low"
"6347","4/24/2024","15:00","82.508","cage","low_gate","winter","low"
"2130","4/29/2024","19:00","60.712","shrub","low_gate","summer","low"
"3130","4/30/2024","1:00","57.614","shrub","low_gate","summer","low"
"4130","4/30/2024","7:00","56.923","shrub","low_gate","summer","low"
"5130","4/30/2024","13:00","57.785","shrub","low_gate","summer","low"
"679","4/30/2024","19:00","46.548","shrub","low_gate","summer","low"
"729","5/1/2024","1:00","41.254","shrub","low_gate","summer","low"
"829","5/1/2024","7:00","37.87","shrub","low_gate","summer","low"
"929","5/1/2024","13:00","46.548","shrub","low_gate","summer","low"
"1029","5/1/2024","19:00","44.56","shrub","low_gate","summer","low"
"1129","5/2/2024","1:00","38.25","shrub","low_gate","summer","low"
"1229","5/2/2024","7:00","35.758","shrub","low_gate","summer","low"
"1329","5/2/2024","13:00","49.582","shrub","low_gate","summer","low"
"1429","5/2/2024","19:00","47.446","shrub","low_gate","summer","low"
"1529","5/3/2024","1:00","42.363","shrub","low_gate","summer","low"
"1629","5/3/2024","7:00","39.196","shrub","low_gate","summer","low"
"1729","5/3/2024","13:00","50.643","shrub","low_gate","summer","low"
"1829","5/3/2024","19:00","48.517","shrub","low_gate","summer","low"
"1929","5/4/2024","1:00","43.099","shrub","low_gate","summer","low"
"2029","5/4/2024","7:00","39.384","shrub","low_gate","summer","low"
"2138","5/4/2024","13:00","52.75","shrub","low_gate","summer","low"
"2229","5/4/2024","19:00","52.576","shrub","low_gate","summer","low"
"2329","5/5/2024","1:00","48.695","shrub","low_gate","summer","low"
"2429","5/5/2024","7:00","47.088","shrub","low_gate","summer","low"
"2529","5/5/2024","13:00","47.266","shrub","low_gate","summer","low"
"2629","5/5/2024","19:00","46.728","shrub","low_gate","summer","low"
"2729","5/6/2024","1:00","42.915","shrub","low_gate","summer","low"
"2829","5/6/2024","7:00","41.625","shrub","low_gate","summer","low"
"2929","5/6/2024","13:00","49.05","shrub","low_gate","summer","low"
"3029","5/6/2024","19:00","48.695","shrub","low_gate","summer","low"
"3138","5/7/2024","1:00","42.179","shrub","low_gate","summer","low"
"3229","5/7/2024","7:00","40.509","shrub","low_gate","summer","low"
"3329","5/7/2024","13:00","49.404","shrub","low_gate","summer","low"
"3429","5/7/2024","19:00","46.728","shrub","low_gate","summer","low"
"3529","5/8/2024","1:00","42.179","shrub","low_gate","summer","low"
"3629","5/8/2024","7:00","40.696","shrub","low_gate","summer","low"
"3729","5/8/2024","13:00","48.339","shrub","low_gate","summer","low"
"3829","5/8/2024","19:00","46.728","shrub","low_gate","summer","low"
"3929","5/9/2024","1:00","42.548","shrub","low_gate","summer","low"
"4029","5/9/2024","7:00","41.625","shrub","low_gate","summer","low"
"4138","5/9/2024","13:00","53.1","shrub","low_gate","summer","low"
"4229","5/9/2024","19:00","51.699","shrub","low_gate","summer","low"
"4329","5/10/2024","1:00","45.828","shrub","low_gate","summer","low"
"4429","5/10/2024","7:00","43.466","shrub","low_gate","summer","low"
"4529","5/10/2024","13:00","57.268","shrub","low_gate","summer","low"
"4629","5/10/2024","19:00","55.537","shrub","low_gate","summer","low"
"4729","5/11/2024","1:00","48.517","shrub","low_gate","summer","low"
"4829","5/11/2024","7:00","45.104","shrub","low_gate","summer","low"
"4929","5/11/2024","13:00","60.368","shrub","low_gate","summer","low"
"5029","5/11/2024","19:00","59.337","shrub","low_gate","summer","low"
"5138","5/12/2024","1:00","50.466","shrub","low_gate","summer","low"
"5229","5/12/2024","7:00","47.624","shrub","low_gate","summer","low"
"5329","5/12/2024","13:00","62.598","shrub","low_gate","summer","low"
"5429","5/12/2024","19:00","60.024","shrub","low_gate","summer","low"
"5529","5/13/2024","1:00","52.925","shrub","low_gate","summer","low"
"5629","5/13/2024","7:00","49.582","shrub","low_gate","summer","low"
"5729","5/13/2024","13:00","64.139","shrub","low_gate","summer","low"
"5829","5/13/2024","19:00","58.993","shrub","low_gate","summer","low"
"5929","5/14/2024","1:00","51.699","shrub","low_gate","summer","low"
"6029","5/14/2024","7:00","48.16","shrub","low_gate","summer","low"
"6129","5/14/2024","13:00","54.842","shrub","low_gate","summer","low"
"6229","5/14/2024","19:00","55.537","shrub","low_gate","summer","low"
"6329","5/15/2024","1:00","49.582","shrub","low_gate","summer","low"
"6413","5/15/2024","7:00","47.802","shrub","low_gate","summer","low"
"6513","5/15/2024","13:00","62.425","shrub","low_gate","summer","low"
"6613","5/15/2024","19:00","60.368","shrub","low_gate","summer","low"
"6710","5/16/2024","1:00","52.225","shrub","low_gate","summer","low"
"688","5/16/2024","7:00","48.871","shrub","low_gate","summer","low"
"698","5/16/2024","13:00","63.797","shrub","low_gate","summer","low"
"708","5/16/2024","19:00","60.712","shrub","low_gate","summer","low"
"7112","5/17/2024","1:00","53.1","shrub","low_gate","summer","low"
"7210","5/17/2024","7:00","49.05","shrub","low_gate","summer","low"
"738","5/17/2024","13:00","64.481","shrub","low_gate","summer","low"
"748","5/17/2024","19:00","58.993","shrub","low_gate","summer","low"
"758","5/18/2024","1:00","49.937","shrub","low_gate","summer","low"
"768","5/18/2024","7:00","45.466","shrub","low_gate","summer","low"
"778","5/18/2024","13:00","60.195","shrub","low_gate","summer","low"
"788","5/18/2024","19:00","57.958","shrub","low_gate","summer","low"
"798","5/19/2024","1:00","52.576","shrub","low_gate","summer","low"
"808","5/19/2024","7:00","48.339","shrub","low_gate","summer","low"
"8112","5/19/2024","13:00","61.398","shrub","low_gate","summer","low"
"8210","5/19/2024","19:00","56.23","shrub","low_gate","summer","low"
"838","5/20/2024","1:00","49.05","shrub","low_gate","summer","low"
"848","5/20/2024","7:00","46.728","shrub","low_gate","summer","low"
"858","5/20/2024","13:00","55.364","shrub","low_gate","summer","low"
"868","5/20/2024","19:00","51.523","shrub","low_gate","summer","low"
"878","5/21/2024","1:00","46.008","shrub","low_gate","summer","low"
"888","5/21/2024","7:00","43.282","shrub","low_gate","summer","low"
"898","5/21/2024","13:00","52.401","shrub","low_gate","summer","low"
"908","5/21/2024","19:00","54.495","shrub","low_gate","summer","low"
"9112","5/22/2024","1:00","47.446","shrub","low_gate","summer","low"
"9210","5/22/2024","7:00","46.728","shrub","low_gate","summer","low"
"938","5/22/2024","13:00","47.802","shrub","low_gate","summer","low"
"948","5/22/2024","19:00","50.466","shrub","low_gate","summer","low"
"958","5/23/2024","1:00","45.466","shrub","low_gate","summer","low"
"968","5/23/2024","7:00","42.732","shrub","low_gate","summer","low"
"978","5/23/2024","13:00","45.104","shrub","low_gate","summer","low"
"988","5/23/2024","19:00","49.404","shrub","low_gate","summer","low"
"998","5/24/2024","1:00","43.648","shrub","low_gate","summer","low"
"1008","5/24/2024","7:00","40.321","shrub","low_gate","summer","low"
"10112","5/24/2024","13:00","56.404","shrub","low_gate","summer","low"
"10210","5/24/2024","19:00","53.973","shrub","low_gate","summer","low"
"1038","5/25/2024","1:00","47.088","shrub","low_gate","summer","low"
"1048","5/25/2024","7:00","43.831","shrub","low_gate","summer","low"
"1058","5/25/2024","13:00","52.05","shrub","low_gate","summer","low"
"1068","5/25/2024","19:00","54.322","shrub","low_gate","summer","low"
"1078","5/26/2024","1:00","48.871","shrub","low_gate","summer","low"
"1088","5/26/2024","7:00","44.379","shrub","low_gate","summer","low"
"1098","5/26/2024","13:00","58.476","shrub","low_gate","summer","low"
"1108","5/26/2024","19:00","57.096","shrub","low_gate","summer","low"
"11112","5/27/2024","1:00","49.937","shrub","low_gate","summer","low"
"11210","5/27/2024","7:00","46.548","shrub","low_gate","summer","low"
"1138","5/27/2024","13:00","63.282","shrub","low_gate","summer","low"
"1148","5/27/2024","19:00","60.368","shrub","low_gate","summer","low"
"1158","5/28/2024","1:00","52.225","shrub","low_gate","summer","low"
"1168","5/28/2024","7:00","48.695","shrub","low_gate","summer","low"
"1178","5/28/2024","13:00","66.193","shrub","low_gate","summer","low"
"1188","5/28/2024","19:00","63.111","shrub","low_gate","summer","low"
"1198","5/29/2024","1:00","56.057","shrub","low_gate","summer","low"
"1208","5/29/2024","7:00","52.75","shrub","low_gate","summer","low"
"12112","5/29/2024","13:00","60.195","shrub","low_gate","summer","low"
"12210","5/29/2024","19:00","49.937","shrub","low_gate","summer","low"
"1238","5/30/2024","1:00","49.05","shrub","low_gate","summer","low"
"1248","5/30/2024","7:00","45.828","shrub","low_gate","summer","low"
"1258","5/30/2024","13:00","58.303","shrub","low_gate","summer","low"
"1268","5/30/2024","19:00","58.131","shrub","low_gate","summer","low"
"1278","5/31/2024","1:00","50.113","shrub","low_gate","summer","low"
"1288","5/31/2024","7:00","46.369","shrub","low_gate","summer","low"
"1298","5/31/2024","13:00","62.254","shrub","low_gate","summer","low"
"1308","5/31/2024","19:00","59.508","shrub","low_gate","summer","low"
"13112","6/1/2024","1:00","52.05","shrub","low_gate","summer","low"
"13210","6/1/2024","7:00","48.339","shrub","low_gate","summer","low"
"1338","6/1/2024","13:00","63.282","shrub","low_gate","summer","low"
"1348","6/1/2024","19:00","61.398","shrub","low_gate","summer","low"
"1358","6/2/2024","1:00","56.404","shrub","low_gate","summer","low"
"1368","6/2/2024","7:00","53.449","shrub","low_gate","summer","low"
"1378","6/2/2024","13:00","60.712","shrub","low_gate","summer","low"
"1388","6/2/2024","19:00","62.083","shrub","low_gate","summer","low"
"1398","6/3/2024","1:00","55.884","shrub","low_gate","summer","low"
"1408","6/3/2024","7:00","54.322","shrub","low_gate","summer","low"
"14112","6/3/2024","13:00","58.476","shrub","low_gate","summer","low"
"14210","6/3/2024","19:00","59.68","shrub","low_gate","summer","low"
"1438","6/4/2024","1:00","53.973","shrub","low_gate","summer","low"
"1448","6/4/2024","7:00","49.228","shrub","low_gate","summer","low"
"1458","6/4/2024","13:00","65.851","shrub","low_gate","summer","low"
"1468","6/4/2024","19:00","63.968","shrub","low_gate","summer","low"
"1478","6/5/2024","1:00","56.923","shrub","low_gate","summer","low"
"1488","6/5/2024","7:00","52.925","shrub","low_gate","summer","low"
"1498","6/5/2024","13:00","69.449","shrub","low_gate","summer","low"
"1508","6/5/2024","19:00","67.392","shrub","low_gate","summer","low"
"15112","6/6/2024","1:00","58.993","shrub","low_gate","summer","low"
"15210","6/6/2024","7:00","54.495","shrub","low_gate","summer","low"
"1538","6/6/2024","13:00","70.48","shrub","low_gate","summer","low"
"1548","6/6/2024","19:00","68.763","shrub","low_gate","summer","low"
"1558","6/7/2024","1:00","61.054","shrub","low_gate","summer","low"
"1568","6/7/2024","7:00","56.923","shrub","low_gate","summer","low"
"1578","6/7/2024","13:00","73.926","shrub","low_gate","summer","low"
"1588","6/7/2024","19:00","69.793","shrub","low_gate","summer","low"
"1598","6/8/2024","1:00","61.398","shrub","low_gate","summer","low"
"1608","6/8/2024","7:00","56.923","shrub","low_gate","summer","low"
"16112","6/8/2024","13:00","73.58","shrub","low_gate","summer","low"
"16210","6/8/2024","19:00","69.449","shrub","low_gate","summer","low"
"1638","6/9/2024","1:00","61.398","shrub","low_gate","summer","low"
"1648","6/9/2024","7:00","58.82","shrub","low_gate","summer","low"
"1658","6/9/2024","13:00","71.339","shrub","low_gate","summer","low"
"1668","6/9/2024","19:00","63.455","shrub","low_gate","summer","low"
"1678","6/10/2024","1:00","59.68","shrub","low_gate","summer","low"
"1688","6/10/2024","7:00","57.268","shrub","low_gate","summer","low"
"1698","6/10/2024","13:00","72.199","shrub","low_gate","summer","low"
"1708","6/10/2024","19:00","66.537","shrub","low_gate","summer","low"
"17112","6/11/2024","1:00","59.164","shrub","low_gate","summer","low"
"17210","6/11/2024","7:00","55.017","shrub","low_gate","summer","low"
"1738","6/11/2024","13:00","69.964","shrub","low_gate","summer","low"
"1748","6/11/2024","19:00","67.735","shrub","low_gate","summer","low"
"1758","6/12/2024","1:00","60.024","shrub","low_gate","summer","low"
"1768","6/12/2024","7:00","55.537","shrub","low_gate","summer","low"
"1778","6/12/2024","13:00","71.856","shrub","low_gate","summer","low"
"1788","6/12/2024","19:00","68.763","shrub","low_gate","summer","low"
"1798","6/13/2024","1:00","60.712","shrub","low_gate","summer","low"
"1808","6/13/2024","7:00","56.923","shrub","low_gate","summer","low"
"18112","6/13/2024","13:00","72.891","shrub","low_gate","summer","low"
"18210","6/13/2024","19:00","70.48","shrub","low_gate","summer","low"
"1838","6/14/2024","1:00","63.797","shrub","low_gate","summer","low"
"1848","6/14/2024","7:00","61.227","shrub","low_gate","summer","low"
"1858","6/14/2024","13:00","75.832","shrub","low_gate","summer","low"
"1868","6/14/2024","19:00","71.339","shrub","low_gate","summer","low"
"1878","6/15/2024","1:00","62.94","shrub","low_gate","summer","low"
"1888","6/15/2024","7:00","60.195","shrub","low_gate","summer","low"
"1898","6/15/2024","13:00","72.199","shrub","low_gate","summer","low"
"1908","6/15/2024","19:00","67.392","shrub","low_gate","summer","low"
"19112","6/16/2024","1:00","58.993","shrub","low_gate","summer","low"
"19210","6/16/2024","7:00","53.973","shrub","low_gate","summer","low"
"1938","6/16/2024","13:00","70.308","shrub","low_gate","summer","low"
"1948","6/16/2024","19:00","66.366","shrub","low_gate","summer","low"
"1958","6/17/2024","1:00","60.368","shrub","low_gate","summer","low"
"1968","6/17/2024","7:00","57.785","shrub","low_gate","summer","low"
"1978","6/17/2024","13:00","59.337","shrub","low_gate","summer","low"
"1988","6/17/2024","19:00","58.131","shrub","low_gate","summer","low"
"1998","6/18/2024","1:00","51.523","shrub","low_gate","summer","low"
"2008","6/18/2024","7:00","48.695","shrub","low_gate","summer","low"
"20112","6/18/2024","13:00","62.598","shrub","low_gate","summer","low"
"20210","6/18/2024","19:00","60.712","shrub","low_gate","summer","low"
"2038","6/19/2024","1:00","51.874","shrub","low_gate","summer","low"
"2048","6/19/2024","7:00","48.339","shrub","low_gate","summer","low"
"2058","6/19/2024","13:00","68.763","shrub","low_gate","summer","low"
"2068","6/19/2024","19:00","64.825","shrub","low_gate","summer","low"
"2078","6/20/2024","1:00","55.017","shrub","low_gate","summer","low"
"2088","6/20/2024","7:00","52.75","shrub","low_gate","summer","low"
"2098","6/20/2024","13:00","72.372","shrub","low_gate","summer","low"
"21012","6/20/2024","19:00","71.512","shrub","low_gate","summer","low"
"21112","6/21/2024","1:00","60.712","shrub","low_gate","summer","low"
"21211","6/21/2024","7:00","57.958","shrub","low_gate","summer","low"
"2139","6/21/2024","13:00","77.05","shrub","low_gate","summer","low"
"2148","6/21/2024","19:00","74.446","shrub","low_gate","summer","low"
"2158","6/22/2024","1:00","64.31","shrub","low_gate","summer","low"
"2168","6/22/2024","7:00","58.993","shrub","low_gate","summer","low"
"2178","6/22/2024","13:00","79.151","shrub","low_gate","summer","low"
"2188","6/22/2024","19:00","75.312","shrub","low_gate","summer","low"
"2198","6/23/2024","1:00","64.139","shrub","low_gate","summer","low"
"2208","6/23/2024","7:00","60.368","shrub","low_gate","summer","low"
"22112","6/23/2024","13:00","80.735","shrub","low_gate","summer","low"
"22210","6/23/2024","19:00","76.703","shrub","low_gate","summer","low"
"2238","6/24/2024","1:00","65.509","shrub","low_gate","summer","low"
"2248","6/24/2024","7:00","61.054","shrub","low_gate","summer","low"
"2258","6/24/2024","13:00","81.442","shrub","low_gate","summer","low"
"2268","6/24/2024","19:00","76.876","shrub","low_gate","summer","low"
"2278","6/25/2024","1:00","65.851","shrub","low_gate","summer","low"
"2288","6/25/2024","7:00","61.054","shrub","low_gate","summer","low"
"2298","6/25/2024","13:00","82.152","shrub","low_gate","summer","low"
"2308","6/25/2024","19:00","80.206","shrub","low_gate","summer","low"
"23112","6/26/2024","1:00","67.564","shrub","low_gate","summer","low"
"23210","6/26/2024","7:00","64.481","shrub","low_gate","summer","low"
"2338","6/26/2024","13:00","72.545","shrub","low_gate","summer","low"
"2348","6/26/2024","19:00","73.062","shrub","low_gate","summer","low"
"2358","6/27/2024","1:00","65.68","shrub","low_gate","summer","low"
"2368","6/27/2024","7:00","62.769","shrub","low_gate","summer","low"
"2378","6/27/2024","13:00","76.703","shrub","low_gate","summer","low"
"2388","6/27/2024","19:00","73.234","shrub","low_gate","summer","low"
"2398","6/28/2024","1:00","63.455","shrub","low_gate","summer","low"
"2408","6/28/2024","7:00","58.131","shrub","low_gate","summer","low"
"24112","6/28/2024","13:00","78.449","shrub","low_gate","summer","low"
"24210","6/28/2024","19:00","73.234","shrub","low_gate","summer","low"
"2438","6/29/2024","1:00","62.769","shrub","low_gate","summer","low"
"2448","6/29/2024","7:00","58.647","shrub","low_gate","summer","low"
"2458","6/29/2024","13:00","79.502","shrub","low_gate","summer","low"
"2468","6/29/2024","19:00","76.876","shrub","low_gate","summer","low"
"2478","6/30/2024","1:00","67.735","shrub","low_gate","summer","low"
"2488","6/30/2024","7:00","65.167","shrub","low_gate","summer","low"
"2498","6/30/2024","13:00","80.206","shrub","low_gate","summer","low"
"2508","6/30/2024","19:00","76.006","shrub","low_gate","summer","low"
"25112","7/1/2024","1:00","67.906","shrub","low_gate","summer","low"
"25210","7/1/2024","7:00","63.797","shrub","low_gate","summer","low"
"2538","7/1/2024","13:00","69.964","shrub","low_gate","summer","low"
"2548","7/1/2024","19:00","64.139","shrub","low_gate","summer","low"
"2558","7/2/2024","1:00","58.131","shrub","low_gate","summer","low"
"2568","7/2/2024","7:00","53.449","shrub","low_gate","summer","low"
"2578","7/2/2024","13:00","70.308","shrub","low_gate","summer","low"
"2588","7/2/2024","19:00","67.906","shrub","low_gate","summer","low"
"2598","7/3/2024","1:00","59.508","shrub","low_gate","summer","low"
"2608","7/3/2024","7:00","55.711","shrub","low_gate","summer","low"
"26112","7/3/2024","13:00","68.248","shrub","low_gate","summer","low"
"26210","7/3/2024","19:00","67.392","shrub","low_gate","summer","low"
"2638","7/4/2024","1:00","58.82","shrub","low_gate","summer","low"
"2648","7/4/2024","7:00","54.842","shrub","low_gate","summer","low"
"2658","7/4/2024","13:00","71.512","shrub","low_gate","summer","low"
"2668","7/4/2024","19:00","68.934","shrub","low_gate","summer","low"
"2678","7/5/2024","1:00","60.195","shrub","low_gate","summer","low"
"2688","7/5/2024","7:00","56.75","shrub","low_gate","summer","low"
"2698","7/5/2024","13:00","75.139","shrub","low_gate","summer","low"
"2708","7/5/2024","19:00","72.891","shrub","low_gate","summer","low"
"27112","7/6/2024","1:00","63.626","shrub","low_gate","summer","low"
"27210","7/6/2024","7:00","59.337","shrub","low_gate","summer","low"
"2738","7/6/2024","13:00","76.876","shrub","low_gate","summer","low"
"2748","7/6/2024","19:00","75.659","shrub","low_gate","summer","low"
"2758","7/7/2024","1:00","65.509","shrub","low_gate","summer","low"
"2768","7/7/2024","7:00","61.227","shrub","low_gate","summer","low"
"2778","7/7/2024","13:00","76.528","shrub","low_gate","summer","low"
"2788","7/7/2024","19:00","74.271","shrub","low_gate","summer","low"
"2798","7/8/2024","1:00","64.652","shrub","low_gate","summer","low"
"2808","7/8/2024","7:00","60.883","shrub","low_gate","summer","low"
"28112","7/8/2024","13:00","80.559","shrub","low_gate","summer","low"
"28210","7/8/2024","19:00","78.098","shrub","low_gate","summer","low"
"2838","7/9/2024","1:00","67.564","shrub","low_gate","summer","low"
"2848","7/9/2024","7:00","63.455","shrub","low_gate","summer","low"
"2858","7/9/2024","13:00","83.221","shrub","low_gate","summer","low"
"2868","7/9/2024","19:00","103.307","shrub","low_gate","summer","low"
"2878","7/10/2024","1:00","73.753","shrub","low_gate","summer","low"
"2888","7/10/2024","7:00","61.398","shrub","low_gate","summer","low"
"2898","7/10/2024","13:00","95.783","shrub","low_gate","summer","low"
"2908","7/10/2024","19:00","76.876","shrub","low_gate","summer","low"
"29112","7/11/2024","1:00","76.181","shrub","low_gate","summer","low"
"29210","7/11/2024","7:00","73.753","shrub","low_gate","summer","low"
"2938","7/11/2024","13:00","75.139","shrub","low_gate","summer","low"
"2948","7/11/2024","19:00","76.876","shrub","low_gate","summer","low"
"2958","7/12/2024","1:00","76.528","shrub","low_gate","summer","low"
"2968","7/12/2024","7:00","74.271","shrub","low_gate","summer","low"
"2978","7/12/2024","13:00","75.659","shrub","low_gate","summer","low"
"2988","7/12/2024","19:00","77.4","shrub","low_gate","summer","low"
"2998","7/13/2024","1:00","76.876","shrub","low_gate","summer","low"
"3008","7/13/2024","7:00","74.619","shrub","low_gate","summer","low"
"30112","7/13/2024","13:00","75.659","shrub","low_gate","summer","low"
"30210","7/13/2024","19:00","77.4","shrub","low_gate","summer","low"
"3038","7/14/2024","1:00","76.876","shrub","low_gate","summer","low"
"3048","7/14/2024","7:00","76.006","shrub","low_gate","summer","low"
"3058","7/14/2024","13:00","77.4","shrub","low_gate","summer","low"
"3068","7/14/2024","19:00","78.624","shrub","low_gate","summer","low"
"3078","7/15/2024","1:00","78.098","shrub","low_gate","summer","low"
"3088","7/15/2024","7:00","76.354","shrub","low_gate","summer","low"
"3098","7/15/2024","13:00","77.4","shrub","low_gate","summer","low"
"31012","7/15/2024","19:00","78.098","shrub","low_gate","summer","low"
"31112","7/16/2024","1:00","77.749","shrub","low_gate","summer","low"
"31211","7/16/2024","7:00","75.659","shrub","low_gate","summer","low"
"3139","7/16/2024","13:00","75.832","shrub","low_gate","summer","low"
"3148","7/16/2024","19:00","77.225","shrub","low_gate","summer","low"
"3158","7/17/2024","1:00","76.876","shrub","low_gate","summer","low"
"3168","7/17/2024","7:00","74.619","shrub","low_gate","summer","low"
"3178","7/17/2024","13:00","76.006","shrub","low_gate","summer","low"
"3188","7/17/2024","19:00","77.749","shrub","low_gate","summer","low"
"3198","7/18/2024","1:00","76.703","shrub","low_gate","summer","low"
"3208","7/18/2024","7:00","74.791","shrub","low_gate","summer","low"
"32112","7/18/2024","13:00","75.659","shrub","low_gate","summer","low"
"32210","7/18/2024","19:00","77.749","shrub","low_gate","summer","low"
"3238","7/19/2024","1:00","76.876","shrub","low_gate","summer","low"
"3248","7/19/2024","7:00","75.139","shrub","low_gate","summer","low"
"3258","7/19/2024","13:00","76.703","shrub","low_gate","summer","low"
"3268","7/19/2024","19:00","77.923","shrub","low_gate","summer","low"
"3278","7/20/2024","1:00","77.05","shrub","low_gate","summer","low"
"3288","7/20/2024","7:00","74.964","shrub","low_gate","summer","low"
"3298","7/20/2024","13:00","75.832","shrub","low_gate","summer","low"
"3308","7/20/2024","19:00","77.749","shrub","low_gate","summer","low"
"33112","7/21/2024","1:00","77.4","shrub","low_gate","summer","low"
"33210","7/21/2024","7:00","75.484","shrub","low_gate","summer","low"
"3338","7/21/2024","13:00","76.181","shrub","low_gate","summer","low"
"3348","7/21/2024","19:00","78.449","shrub","low_gate","summer","low"
"3358","7/22/2024","1:00","77.923","shrub","low_gate","summer","low"
"3368","7/22/2024","7:00","76.006","shrub","low_gate","summer","low"
"3378","7/22/2024","13:00","76.876","shrub","low_gate","summer","low"
"3388","7/22/2024","19:00","78.098","shrub","low_gate","summer","low"
"3398","7/23/2024","1:00","77.225","shrub","low_gate","summer","low"
"3408","7/23/2024","7:00","74.098","shrub","low_gate","summer","low"
"34112","7/23/2024","13:00","76.006","shrub","low_gate","summer","low"
"34210","7/23/2024","19:00","77.574","shrub","low_gate","summer","low"
"3438","7/24/2024","1:00","77.05","shrub","low_gate","summer","low"
"3448","7/24/2024","7:00","75.139","shrub","low_gate","summer","low"
"3458","7/24/2024","13:00","76.006","shrub","low_gate","summer","low"
"3468","7/24/2024","19:00","77.4","shrub","low_gate","summer","low"
"3478","7/25/2024","1:00","76.876","shrub","low_gate","summer","low"
"3488","7/25/2024","7:00","75.832","shrub","low_gate","summer","low"
"3498","7/25/2024","13:00","76.528","shrub","low_gate","summer","low"
"3508","7/25/2024","19:00","77.05","shrub","low_gate","summer","low"
"35112","7/26/2024","1:00","75.832","shrub","low_gate","summer","low"
"35210","7/26/2024","7:00","74.271","shrub","low_gate","summer","low"
"3538","7/26/2024","13:00","75.139","shrub","low_gate","summer","low"
"3548","7/26/2024","19:00","76.354","shrub","low_gate","summer","low"
"3558","7/27/2024","1:00","75.484","shrub","low_gate","summer","low"
"3568","7/27/2024","7:00","73.753","shrub","low_gate","summer","low"
"3578","7/27/2024","13:00","72.718","shrub","low_gate","summer","low"
"3588","7/27/2024","19:00","73.926","shrub","low_gate","summer","low"
"3598","7/28/2024","1:00","72.372","shrub","low_gate","summer","low"
"3608","7/28/2024","7:00","71.339","shrub","low_gate","summer","low"
"36112","7/28/2024","13:00","72.545","shrub","low_gate","summer","low"
"36210","7/28/2024","19:00","74.619","shrub","low_gate","summer","low"
"3638","7/29/2024","1:00","73.58","shrub","low_gate","summer","low"
"3648","7/29/2024","7:00","71.856","shrub","low_gate","summer","low"
"3658","7/29/2024","13:00","73.58","shrub","low_gate","summer","low"
"3668","7/29/2024","19:00","74.619","shrub","low_gate","summer","low"
"3678","7/30/2024","1:00","73.58","shrub","low_gate","summer","low"
"3688","7/30/2024","7:00","71.683","shrub","low_gate","summer","low"
"3698","7/30/2024","13:00","73.407","shrub","low_gate","summer","low"
"3708","7/30/2024","19:00","75.139","shrub","low_gate","summer","low"
"37112","7/31/2024","1:00","73.58","shrub","low_gate","summer","low"
"37210","7/31/2024","7:00","72.028","shrub","low_gate","summer","low"
"3738","7/31/2024","13:00","73.234","shrub","low_gate","summer","low"
"3748","7/31/2024","19:00","74.791","shrub","low_gate","summer","low"
"3758","8/1/2024","1:00","73.753","shrub","low_gate","summer","low"
"3768","8/1/2024","7:00","71.683","shrub","low_gate","summer","low"
"3778","8/1/2024","13:00","72.891","shrub","low_gate","summer","low"
"3788","8/1/2024","19:00","74.791","shrub","low_gate","summer","low"
"3798","8/2/2024","1:00","74.619","shrub","low_gate","summer","low"
"3808","8/2/2024","7:00","72.718","shrub","low_gate","summer","low"
"38112","8/2/2024","13:00","73.926","shrub","low_gate","summer","low"
"38210","8/2/2024","19:00","75.484","shrub","low_gate","summer","low"
"3838","8/3/2024","1:00","75.312","shrub","low_gate","summer","low"
"3848","8/3/2024","7:00","73.753","shrub","low_gate","summer","low"
"3858","8/3/2024","13:00","74.964","shrub","low_gate","summer","low"
"3868","8/3/2024","19:00","77.225","shrub","low_gate","summer","low"
"3878","8/4/2024","1:00","76.876","shrub","low_gate","summer","low"
"3888","8/4/2024","7:00","75.484","shrub","low_gate","summer","low"
"3898","8/4/2024","13:00","76.006","shrub","low_gate","summer","low"
"3908","8/4/2024","19:00","77.4","shrub","low_gate","summer","low"
"39112","8/5/2024","1:00","76.876","shrub","low_gate","summer","low"
"39210","8/5/2024","7:00","75.139","shrub","low_gate","summer","low"
"3938","8/5/2024","13:00","76.181","shrub","low_gate","summer","low"
"3948","8/5/2024","19:00","77.574","shrub","low_gate","summer","low"
"3958","8/6/2024","1:00","76.703","shrub","low_gate","summer","low"
"3968","8/6/2024","7:00","75.312","shrub","low_gate","summer","low"
"3978","8/6/2024","13:00","76.181","shrub","low_gate","summer","low"
"3988","8/6/2024","19:00","77.225","shrub","low_gate","summer","low"
"3998","8/7/2024","1:00","76.181","shrub","low_gate","summer","low"
"4008","8/7/2024","7:00","74.446","shrub","low_gate","summer","low"
"40112","8/7/2024","13:00","75.139","shrub","low_gate","summer","low"
"40210","8/7/2024","19:00","76.006","shrub","low_gate","summer","low"
"4038","8/8/2024","1:00","75.139","shrub","low_gate","summer","low"
"4048","8/8/2024","7:00","72.372","shrub","low_gate","summer","low"
"4058","8/8/2024","13:00","73.407","shrub","low_gate","summer","low"
"4068","8/8/2024","19:00","75.312","shrub","low_gate","summer","low"
"4078","8/9/2024","1:00","74.619","shrub","low_gate","summer","low"
"4088","8/9/2024","7:00","72.891","shrub","low_gate","summer","low"
"4098","8/9/2024","13:00","73.407","shrub","low_gate","summer","low"
"41012","8/9/2024","19:00","73.234","shrub","low_gate","summer","low"
"41112","8/10/2024","1:00","69.964","shrub","low_gate","summer","low"
"41211","8/10/2024","7:00","69.622","shrub","low_gate","summer","low"
"4139","8/10/2024","13:00","70.995","shrub","low_gate","summer","low"
"4148","8/10/2024","19:00","73.407","shrub","low_gate","summer","low"
"4158","8/11/2024","1:00","73.407","shrub","low_gate","summer","low"
"4168","8/11/2024","7:00","71.683","shrub","low_gate","summer","low"
"4178","8/11/2024","13:00","72.372","shrub","low_gate","summer","low"
"4188","8/11/2024","19:00","74.446","shrub","low_gate","summer","low"
"4198","8/12/2024","1:00","74.271","shrub","low_gate","summer","low"
"4208","8/12/2024","7:00","73.062","shrub","low_gate","summer","low"
"42112","8/12/2024","13:00","73.926","shrub","low_gate","summer","low"
"42210","8/12/2024","19:00","74.791","shrub","low_gate","summer","low"
"4238","8/13/2024","1:00","70.824","shrub","low_gate","summer","low"
"4248","8/13/2024","7:00","69.278","shrub","low_gate","summer","low"
"4258","8/13/2024","13:00","74.446","shrub","low_gate","summer","low"
"4268","8/13/2024","19:00","73.407","shrub","low_gate","summer","low"
"4278","8/14/2024","1:00","69.278","shrub","low_gate","summer","low"
"4288","8/14/2024","7:00","68.077","shrub","low_gate","summer","low"
"4298","8/14/2024","13:00","75.659","shrub","low_gate","summer","low"
"4308","8/14/2024","19:00","74.619","shrub","low_gate","summer","low"
"43112","8/15/2024","1:00","70.48","shrub","low_gate","summer","low"
"43210","8/15/2024","7:00","68.248","shrub","low_gate","summer","low"
"4338","8/15/2024","13:00","73.407","shrub","low_gate","summer","low"
"4348","8/15/2024","19:00","74.791","shrub","low_gate","summer","low"
"4358","8/16/2024","1:00","70.48","shrub","low_gate","summer","low"
"4368","8/16/2024","7:00","68.077","shrub","low_gate","summer","low"
"4378","8/16/2024","13:00","74.098","shrub","low_gate","summer","low"
"4388","8/16/2024","19:00","74.791","shrub","low_gate","summer","low"
"4398","8/17/2024","1:00","71.512","shrub","low_gate","summer","low"
"4408","8/17/2024","7:00","68.763","shrub","low_gate","summer","low"
"44112","8/17/2024","13:00","74.791","shrub","low_gate","summer","low"
"44210","8/17/2024","19:00","72.891","shrub","low_gate","summer","low"
"4438","8/18/2024","1:00","69.964","shrub","low_gate","summer","low"
"4448","8/18/2024","7:00","68.763","shrub","low_gate","summer","low"
"4458","8/18/2024","13:00","73.926","shrub","low_gate","summer","low"
"4468","8/18/2024","19:00","76.528","shrub","low_gate","summer","low"
"4478","8/19/2024","1:00","71.856","shrub","low_gate","summer","low"
"4488","8/19/2024","7:00","70.137","shrub","low_gate","summer","low"
"4498","8/19/2024","13:00","74.271","shrub","low_gate","summer","low"
"4508","8/19/2024","19:00","75.484","shrub","low_gate","summer","low"
"45112","8/20/2024","1:00","73.234","shrub","low_gate","summer","low"
"45210","8/20/2024","7:00","70.995","shrub","low_gate","summer","low"
"4538","8/20/2024","13:00","75.139","shrub","low_gate","summer","low"
"4548","8/20/2024","19:00","75.659","shrub","low_gate","summer","low"
"4558","8/21/2024","1:00","72.718","shrub","low_gate","summer","low"
"4568","8/21/2024","7:00","69.107","shrub","low_gate","summer","low"
"4578","8/21/2024","13:00","74.098","shrub","low_gate","summer","low"
"4588","8/21/2024","19:00","74.791","shrub","low_gate","summer","low"
"4598","8/22/2024","1:00","70.308","shrub","low_gate","summer","low"
"4608","8/22/2024","7:00","68.248","shrub","low_gate","summer","low"
"46112","8/22/2024","13:00","73.234","shrub","low_gate","summer","low"
"46210","8/22/2024","19:00","75.139","shrub","low_gate","summer","low"
"4638","8/23/2024","1:00","71.683","shrub","low_gate","summer","low"
"4648","8/23/2024","7:00","69.449","shrub","low_gate","summer","low"
"4658","8/23/2024","13:00","75.139","shrub","low_gate","summer","low"
"2140","4/29/2024","19:00","59.851","shrub","low_north","summer","low"
"3140","4/30/2024","1:00","57.441","shrub","low_north","summer","low"
"4140","4/30/2024","7:00","56.75","shrub","low_north","summer","low"
"5139","4/30/2024","13:00","47.802","shrub","low_north","summer","low"
"680","4/30/2024","19:00","53.274","shrub","low_north","summer","low"
"730","5/1/2024","1:00","43.282","shrub","low_north","summer","low"
"830","5/1/2024","7:00","38.44","shrub","low_north","summer","low"
"930","5/1/2024","13:00","45.828","shrub","low_north","summer","low"
"1030","5/1/2024","19:00","45.828","shrub","low_north","summer","low"
"1130","5/2/2024","1:00","39.007","shrub","low_north","summer","low"
"1230","5/2/2024","7:00","35.758","shrub","low_north","summer","low"
"1330","5/2/2024","13:00","46.008","shrub","low_north","summer","low"
"1430","5/2/2024","19:00","51.699","shrub","low_north","summer","low"
"1530","5/3/2024","1:00","44.195","shrub","low_north","summer","low"
"1630","5/3/2024","7:00","39.947","shrub","low_north","summer","low"
"1730","5/3/2024","13:00","49.582","shrub","low_north","summer","low"
"1830","5/3/2024","19:00","53.1","shrub","low_north","summer","low"
"1930","5/4/2024","1:00","44.56","shrub","low_north","summer","low"
"2030","5/4/2024","7:00","40.134","shrub","low_north","summer","low"
"2149","5/4/2024","13:00","51.699","shrub","low_north","summer","low"
"2230","5/4/2024","19:00","57.441","shrub","low_north","summer","low"
"2330","5/5/2024","1:00","50.819","shrub","low_north","summer","low"
"2430","5/5/2024","7:00","48.517","shrub","low_north","summer","low"
"2530","5/5/2024","13:00","49.05","shrub","low_north","summer","low"
"2630","5/5/2024","19:00","49.582","shrub","low_north","summer","low"
"2730","5/6/2024","1:00","44.379","shrub","low_north","summer","low"
"2830","5/6/2024","7:00","42.363","shrub","low_north","summer","low"
"2930","5/6/2024","13:00","49.05","shrub","low_north","summer","low"
"3030","5/6/2024","19:00","54.147","shrub","low_north","summer","low"
"3149","5/7/2024","1:00","43.831","shrub","low_north","summer","low"
"3230","5/7/2024","7:00","40.696","shrub","low_north","summer","low"
"3330","5/7/2024","13:00","48.339","shrub","low_north","summer","low"
"3430","5/7/2024","19:00","49.228","shrub","low_north","summer","low"
"3530","5/8/2024","1:00","43.466","shrub","low_north","summer","low"
"3630","5/8/2024","7:00","41.254","shrub","low_north","summer","low"
"3730","5/8/2024","13:00","47.802","shrub","low_north","summer","low"
"3830","5/8/2024","19:00","49.228","shrub","low_north","summer","low"
"3930","5/9/2024","1:00","43.648","shrub","low_north","summer","low"
"4030","5/9/2024","7:00","41.994","shrub","low_north","summer","low"
"4149","5/9/2024","13:00","50.819","shrub","low_north","summer","low"
"4230","5/9/2024","19:00","54.322","shrub","low_north","summer","low"
"4330","5/10/2024","1:00","47.446","shrub","low_north","summer","low"
"4430","5/10/2024","7:00","44.013","shrub","low_north","summer","low"
"4530","5/10/2024","13:00","55.364","shrub","low_north","summer","low"
"4630","5/10/2024","19:00","61.398","shrub","low_north","summer","low"
"4730","5/11/2024","1:00","51.523","shrub","low_north","summer","low"
"4830","5/11/2024","7:00","46.369","shrub","low_north","summer","low"
"4930","5/11/2024","13:00","57.785","shrub","low_north","summer","low"
"5030","5/11/2024","19:00","64.31","shrub","low_north","summer","low"
"5140","5/12/2024","1:00","53.623","shrub","low_north","summer","low"
"5230","5/12/2024","7:00","49.05","shrub","low_north","summer","low"
"5330","5/12/2024","13:00","60.024","shrub","low_north","summer","low"
"5430","5/12/2024","19:00","65.68","shrub","low_north","summer","low"
"5530","5/13/2024","1:00","56.404","shrub","low_north","summer","low"
"5630","5/13/2024","7:00","51.699","shrub","low_north","summer","low"
"5730","5/13/2024","13:00","61.569","shrub","low_north","summer","low"
"5830","5/13/2024","19:00","61.741","shrub","low_north","summer","low"
"5930","5/14/2024","1:00","53.973","shrub","low_north","summer","low"
"6030","5/14/2024","7:00","49.582","shrub","low_north","summer","low"
"6130","5/14/2024","13:00","54.147","shrub","low_north","summer","low"
"6230","5/14/2024","19:00","58.647","shrub","low_north","summer","low"
"6330","5/15/2024","1:00","51.346","shrub","low_north","summer","low"
"6414","5/15/2024","7:00","49.05","shrub","low_north","summer","low"
"6514","5/15/2024","13:00","58.131","shrub","low_north","summer","low"
"6614","5/15/2024","19:00","64.481","shrub","low_north","summer","low"
"6711","5/16/2024","1:00","54.669","shrub","low_north","summer","low"
"689","5/16/2024","7:00","49.759","shrub","low_north","summer","low"
"699","5/16/2024","13:00","60.539","shrub","low_north","summer","low"
"709","5/16/2024","19:00","66.537","shrub","low_north","summer","low"
"7113","5/17/2024","1:00","55.711","shrub","low_north","summer","low"
"7211","5/17/2024","7:00","50.113","shrub","low_north","summer","low"
"739","5/17/2024","13:00","60.024","shrub","low_north","summer","low"
"749","5/17/2024","19:00","64.31","shrub","low_north","summer","low"
"759","5/18/2024","1:00","52.75","shrub","low_north","summer","low"
"769","5/18/2024","7:00","46.728","shrub","low_north","summer","low"
"779","5/18/2024","13:00","56.923","shrub","low_north","summer","low"
"789","5/18/2024","19:00","64.481","shrub","low_north","summer","low"
"799","5/19/2024","1:00","55.364","shrub","low_north","summer","low"
"809","5/19/2024","7:00","49.582","shrub","low_north","summer","low"
"8113","5/19/2024","13:00","58.647","shrub","low_north","summer","low"
"8211","5/19/2024","19:00","59.164","shrub","low_north","summer","low"
"839","5/20/2024","1:00","51.172","shrub","low_north","summer","low"
"849","5/20/2024","7:00","47.624","shrub","low_north","summer","low"
"859","5/20/2024","13:00","55.364","shrub","low_north","summer","low"
"869","5/20/2024","19:00","54.669","shrub","low_north","summer","low"
"879","5/21/2024","1:00","47.446","shrub","low_north","summer","low"
"889","5/21/2024","7:00","43.466","shrub","low_north","summer","low"
"899","5/21/2024","13:00","52.05","shrub","low_north","summer","low"
"909","5/21/2024","19:00","58.993","shrub","low_north","summer","low"
"9113","5/22/2024","1:00","49.05","shrub","low_north","summer","low"
"9211","5/22/2024","7:00","47.802","shrub","low_north","summer","low"
"939","5/22/2024","13:00","48.517","shrub","low_north","summer","low"
"949","5/22/2024","19:00","52.75","shrub","low_north","summer","low"
"959","5/23/2024","1:00","47.088","shrub","low_north","summer","low"
"969","5/23/2024","7:00","43.466","shrub","low_north","summer","low"
"979","5/23/2024","13:00","42.548","shrub","low_north","summer","low"
"989","5/23/2024","19:00","48.871","shrub","low_north","summer","low"
"999","5/24/2024","1:00","43.648","shrub","low_north","summer","low"
"1009","5/24/2024","7:00","40.134","shrub","low_north","summer","low"
"10113","5/24/2024","13:00","51.874","shrub","low_north","summer","low"
"10211","5/24/2024","19:00","58.993","shrub","low_north","summer","low"
"1039","5/25/2024","1:00","48.695","shrub","low_north","summer","low"
"1049","5/25/2024","7:00","44.379","shrub","low_north","summer","low"
"1059","5/25/2024","13:00","51.523","shrub","low_north","summer","low"
"1069","5/25/2024","19:00","58.993","shrub","low_north","summer","low"
"1079","5/26/2024","1:00","50.819","shrub","low_north","summer","low"
"1089","5/26/2024","7:00","45.648","shrub","low_north","summer","low"
"1099","5/26/2024","13:00","55.189","shrub","low_north","summer","low"
"1109","5/26/2024","19:00","60.368","shrub","low_north","summer","low"
"11113","5/27/2024","1:00","52.05","shrub","low_north","summer","low"
"11211","5/27/2024","7:00","47.802","shrub","low_north","summer","low"
"1139","5/27/2024","13:00","57.785","shrub","low_north","summer","low"
"1149","5/27/2024","19:00","67.05","shrub","low_north","summer","low"
"1159","5/28/2024","1:00","55.189","shrub","low_north","summer","low"
"1169","5/28/2024","7:00","50.29","shrub","low_north","summer","low"
"1179","5/28/2024","13:00","61.054","shrub","low_north","summer","low"
"1189","5/28/2024","19:00","67.735","shrub","low_north","summer","low"
"1199","5/29/2024","1:00","58.993","shrub","low_north","summer","low"
"1209","5/29/2024","7:00","54.495","shrub","low_north","summer","low"
"12113","5/29/2024","13:00","59.337","shrub","low_north","summer","low"
"12211","5/29/2024","19:00","57.268","shrub","low_north","summer","low"
"1239","5/30/2024","1:00","51.172","shrub","low_north","summer","low"
"1249","5/30/2024","7:00","46.548","shrub","low_north","summer","low"
"1259","5/30/2024","13:00","56.23","shrub","low_north","summer","low"
"1269","5/30/2024","19:00","63.455","shrub","low_north","summer","low"
"1279","5/31/2024","1:00","52.401","shrub","low_north","summer","low"
"1289","5/31/2024","7:00","47.446","shrub","low_north","summer","low"
"1299","5/31/2024","13:00","57.268","shrub","low_north","summer","low"
"1309","5/31/2024","19:00","67.564","shrub","low_north","summer","low"
"13113","6/1/2024","1:00","55.017","shrub","low_north","summer","low"
"13211","6/1/2024","7:00","49.582","shrub","low_north","summer","low"
"1339","6/1/2024","13:00","60.712","shrub","low_north","summer","low"
"1349","6/1/2024","19:00","65.68","shrub","low_north","summer","low"
"1359","6/2/2024","1:00","58.647","shrub","low_north","summer","low"
"1369","6/2/2024","7:00","54.842","shrub","low_north","summer","low"
"1379","6/2/2024","13:00","61.741","shrub","low_north","summer","low"
"1389","6/2/2024","19:00","67.221","shrub","low_north","summer","low"
"1399","6/3/2024","1:00","58.476","shrub","low_north","summer","low"
"1409","6/3/2024","7:00","55.884","shrub","low_north","summer","low"
"14113","6/3/2024","13:00","59.508","shrub","low_north","summer","low"
"14211","6/3/2024","19:00","63.626","shrub","low_north","summer","low"
"1439","6/4/2024","1:00","56.404","shrub","low_north","summer","low"
"1449","6/4/2024","7:00","50.643","shrub","low_north","summer","low"
"1459","6/4/2024","13:00","62.425","shrub","low_north","summer","low"
"1469","6/4/2024","19:00","69.622","shrub","low_north","summer","low"
"1479","6/5/2024","1:00","60.539","shrub","low_north","summer","low"
"1489","6/5/2024","7:00","54.842","shrub","low_north","summer","low"
"1499","6/5/2024","13:00","66.879","shrub","low_north","summer","low"
"1509","6/5/2024","19:00","74.098","shrub","low_north","summer","low"
"15113","6/6/2024","1:00","62.769","shrub","low_north","summer","low"
"15211","6/6/2024","7:00","57.096","shrub","low_north","summer","low"
"1539","6/6/2024","13:00","67.735","shrub","low_north","summer","low"
"1549","6/6/2024","19:00","72.891","shrub","low_north","summer","low"
"1559","6/7/2024","1:00","64.139","shrub","low_north","summer","low"
"1569","6/7/2024","7:00","59.164","shrub","low_north","summer","low"
"1579","6/7/2024","13:00","70.308","shrub","low_north","summer","low"
"1589","6/7/2024","19:00","75.139","shrub","low_north","summer","low"
"1599","6/8/2024","1:00","65.851","shrub","low_north","summer","low"
"1609","6/8/2024","7:00","60.024","shrub","low_north","summer","low"
"16113","6/8/2024","13:00","70.48","shrub","low_north","summer","low"
"16211","6/8/2024","19:00","77.749","shrub","low_north","summer","low"
"1639","6/9/2024","1:00","66.537","shrub","low_north","summer","low"
"1649","6/9/2024","7:00","62.083","shrub","low_north","summer","low"
"1659","6/9/2024","13:00","69.622","shrub","low_north","summer","low"
"1669","6/9/2024","19:00","67.221","shrub","low_north","summer","low"
"1679","6/10/2024","1:00","61.741","shrub","low_north","summer","low"
"1689","6/10/2024","7:00","58.303","shrub","low_north","summer","low"
"1699","6/10/2024","13:00","68.248","shrub","low_north","summer","low"
"1709","6/10/2024","19:00","70.824","shrub","low_north","summer","low"
"17113","6/11/2024","1:00","61.398","shrub","low_north","summer","low"
"17211","6/11/2024","7:00","55.884","shrub","low_north","summer","low"
"1739","6/11/2024","13:00","67.735","shrub","low_north","summer","low"
"1749","6/11/2024","19:00","75.139","shrub","low_north","summer","low"
"1759","6/12/2024","1:00","63.282","shrub","low_north","summer","low"
"1769","6/12/2024","7:00","56.923","shrub","low_north","summer","low"
"1779","6/12/2024","13:00","70.137","shrub","low_north","summer","low"
"1789","6/12/2024","19:00","78.624","shrub","low_north","summer","low"
"1799","6/13/2024","1:00","64.481","shrub","low_north","summer","low"
"1809","6/13/2024","7:00","58.993","shrub","low_north","summer","low"
"18113","6/13/2024","13:00","71.168","shrub","low_north","summer","low"
"18211","6/13/2024","19:00","80.911","shrub","low_north","summer","low"
"1839","6/14/2024","1:00","68.248","shrub","low_north","summer","low"
"1849","6/14/2024","7:00","63.968","shrub","low_north","summer","low"
"1859","6/14/2024","13:00","75.312","shrub","low_north","summer","low"
"1869","6/14/2024","19:00","81.442","shrub","low_north","summer","low"
"1879","6/15/2024","1:00","67.735","shrub","low_north","summer","low"
"1889","6/15/2024","7:00","63.282","shrub","low_north","summer","low"
"1899","6/15/2024","13:00","72.891","shrub","low_north","summer","low"
"1909","6/15/2024","19:00","73.926","shrub","low_north","summer","low"
"19113","6/16/2024","1:00","63.455","shrub","low_north","summer","low"
"19211","6/16/2024","7:00","56.923","shrub","low_north","summer","low"
"1939","6/16/2024","13:00","68.592","shrub","low_north","summer","low"
"1949","6/16/2024","19:00","76.006","shrub","low_north","summer","low"
"1959","6/17/2024","1:00","64.825","shrub","low_north","summer","low"
"1969","6/17/2024","7:00","60.712","shrub","low_north","summer","low"
"1979","6/17/2024","13:00","60.883","shrub","low_north","summer","low"
"1989","6/17/2024","19:00","62.598","shrub","low_north","summer","low"
"1999","6/18/2024","1:00","53.623","shrub","low_north","summer","low"
"2009","6/18/2024","7:00","49.05","shrub","low_north","summer","low"
"20113","6/18/2024","13:00","61.741","shrub","low_north","summer","low"
"20211","6/18/2024","19:00","67.735","shrub","low_north","summer","low"
"2039","6/19/2024","1:00","54.842","shrub","low_north","summer","low"
"2049","6/19/2024","7:00","49.937","shrub","low_north","summer","low"
"2059","6/19/2024","13:00","65.338","shrub","low_north","summer","low"
"2069","6/19/2024","19:00","75.139","shrub","low_north","summer","low"
"2079","6/20/2024","1:00","59.337","shrub","low_north","summer","low"
"2089","6/20/2024","7:00","54.842","shrub","low_north","summer","low"
"2099","6/20/2024","13:00","69.107","shrub","low_north","summer","low"
"21013","6/20/2024","19:00","80.206","shrub","low_north","summer","low"
"21113","6/21/2024","1:00","65.509","shrub","low_north","summer","low"
"21212","6/21/2024","7:00","60.539","shrub","low_north","summer","low"
"21310","6/21/2024","13:00","74.098","shrub","low_north","summer","low"
"21410","6/21/2024","19:00","82.508","shrub","low_north","summer","low"
"2159","6/22/2024","1:00","68.763","shrub","low_north","summer","low"
"2169","6/22/2024","7:00","61.741","shrub","low_north","summer","low"
"2179","6/22/2024","13:00","77.4","shrub","low_north","summer","low"
"2189","6/22/2024","19:00","85.735","shrub","low_north","summer","low"
"2199","6/23/2024","1:00","68.592","shrub","low_north","summer","low"
"2209","6/23/2024","7:00","63.111","shrub","low_north","summer","low"
"22113","6/23/2024","13:00","79.853","shrub","low_north","summer","low"
"22211","6/23/2024","19:00","87.368","shrub","low_north","summer","low"
"2239","6/24/2024","1:00","70.137","shrub","low_north","summer","low"
"2249","6/24/2024","7:00","63.626","shrub","low_north","summer","low"
"2259","6/24/2024","13:00","80.206","shrub","low_north","summer","low"
"2269","6/24/2024","19:00","88.099","shrub","low_north","summer","low"
"2279","6/25/2024","1:00","70.137","shrub","low_north","summer","low"
"2289","6/25/2024","7:00","63.455","shrub","low_north","summer","low"
"2299","6/25/2024","13:00","80.911","shrub","low_north","summer","low"
"2309","6/25/2024","19:00","91.8","shrub","low_north","summer","low"
"23113","6/26/2024","1:00","72.891","shrub","low_north","summer","low"
"23211","6/26/2024","7:00","67.564","shrub","low_north","summer","low"
"2339","6/26/2024","13:00","74.964","shrub","low_north","summer","low"
"2349","6/26/2024","19:00","82.152","shrub","low_north","summer","low"
"2359","6/27/2024","1:00","69.964","shrub","low_north","summer","low"
"2369","6/27/2024","7:00","64.996","shrub","low_north","summer","low"
"2379","6/27/2024","13:00","77.4","shrub","low_north","summer","low"
"2389","6/27/2024","19:00","86.823","shrub","low_north","summer","low"
"2399","6/28/2024","1:00","68.763","shrub","low_north","summer","low"
"2409","6/28/2024","7:00","61.054","shrub","low_north","summer","low"
"24113","6/28/2024","13:00","74.619","shrub","low_north","summer","low"
"24211","6/28/2024","19:00","81.975","shrub","low_north","summer","low"
"2439","6/29/2024","1:00","66.879","shrub","low_north","summer","low"
"2449","6/29/2024","7:00","60.883","shrub","low_north","summer","low"
"2459","6/29/2024","13:00","77.574","shrub","low_north","summer","low"
"2469","6/29/2024","19:00","91.612","shrub","low_north","summer","low"
"2479","6/30/2024","1:00","73.753","shrub","low_north","summer","low"
"2489","6/30/2024","7:00","68.421","shrub","low_north","summer","low"
"2499","6/30/2024","13:00","80.206","shrub","low_north","summer","low"
"2509","6/30/2024","19:00","86.641","shrub","low_north","summer","low"
"25113","7/1/2024","1:00","72.545","shrub","low_north","summer","low"
"25211","7/1/2024","7:00","66.879","shrub","low_north","summer","low"
"2539","7/1/2024","13:00","73.407","shrub","low_north","summer","low"
"2549","7/1/2024","19:00","68.934","shrub","low_north","summer","low"
"2559","7/2/2024","1:00","59.508","shrub","low_north","summer","low"
"2569","7/2/2024","7:00","52.576","shrub","low_north","summer","low"
"2579","7/2/2024","13:00","69.793","shrub","low_north","summer","low"
"2589","7/2/2024","19:00","78.975","shrub","low_north","summer","low"
"2599","7/3/2024","1:00","62.769","shrub","low_north","summer","low"
"2609","7/3/2024","7:00","56.404","shrub","low_north","summer","low"
"26113","7/3/2024","13:00","66.193","shrub","low_north","summer","low"
"26211","7/3/2024","19:00","75.484","shrub","low_north","summer","low"
"2639","7/4/2024","1:00","61.054","shrub","low_north","summer","low"
"2649","7/4/2024","7:00","55.017","shrub","low_north","summer","low"
"2659","7/4/2024","13:00","70.308","shrub","low_north","summer","low"
"2669","7/4/2024","19:00","79.853","shrub","low_north","summer","low"
"2679","7/5/2024","1:00","63.797","shrub","low_north","summer","low"
"2689","7/5/2024","7:00","57.785","shrub","low_north","summer","low"
"2699","7/5/2024","13:00","74.791","shrub","low_north","summer","low"
"2709","7/5/2024","19:00","87.186","shrub","low_north","summer","low"
"27113","7/6/2024","1:00","68.421","shrub","low_north","summer","low"
"27211","7/6/2024","7:00","61.054","shrub","low_north","summer","low"
"2739","7/6/2024","13:00","77.574","shrub","low_north","summer","low"
"2749","7/6/2024","19:00","89.2","shrub","low_north","summer","low"
"2759","7/7/2024","1:00","70.651","shrub","low_north","summer","low"
"2769","7/7/2024","7:00","63.455","shrub","low_north","summer","low"
"2779","7/7/2024","13:00","78.975","shrub","low_north","summer","low"
"2789","7/7/2024","19:00","88.282","shrub","low_north","summer","low"
"2799","7/8/2024","1:00","70.137","shrub","low_north","summer","low"
"2809","7/8/2024","7:00","63.111","shrub","low_north","summer","low"
"28113","7/8/2024","13:00","81.09","shrub","low_north","summer","low"
"28211","7/8/2024","19:00","92.926","shrub","low_north","summer","low"
"2839","7/9/2024","1:00","73.234","shrub","low_north","summer","low"
"2849","7/9/2024","7:00","66.193","shrub","low_north","summer","low"
"2859","7/9/2024","13:00","83.935","shrub","low_north","summer","low"
"2869","7/9/2024","19:00","102.697","shrub","low_north","summer","low"
"2879","7/10/2024","1:00","74.964","shrub","low_north","summer","low"
"2889","7/10/2024","7:00","62.254","shrub","low_north","summer","low"
"2899","7/10/2024","13:00","93.873","shrub","low_north","summer","low"
"2909","7/10/2024","19:00","77.225","shrub","low_north","summer","low"
"29113","7/11/2024","1:00","76.703","shrub","low_north","summer","low"
"29211","7/11/2024","7:00","74.271","shrub","low_north","summer","low"
"2939","7/11/2024","13:00","75.312","shrub","low_north","summer","low"
"2949","7/11/2024","19:00","77.4","shrub","low_north","summer","low"
"2959","7/12/2024","1:00","77.225","shrub","low_north","summer","low"
"2969","7/12/2024","7:00","74.791","shrub","low_north","summer","low"
"2979","7/12/2024","13:00","75.659","shrub","low_north","summer","low"
"2989","7/12/2024","19:00","77.749","shrub","low_north","summer","low"
"2999","7/13/2024","1:00","77.4","shrub","low_north","summer","low"
"3009","7/13/2024","7:00","75.139","shrub","low_north","summer","low"
"30113","7/13/2024","13:00","76.006","shrub","low_north","summer","low"
"30211","7/13/2024","19:00","77.923","shrub","low_north","summer","low"
"3039","7/14/2024","1:00","77.4","shrub","low_north","summer","low"
"3049","7/14/2024","7:00","76.528","shrub","low_north","summer","low"
"3059","7/14/2024","13:00","77.574","shrub","low_north","summer","low"
"3069","7/14/2024","19:00","79.151","shrub","low_north","summer","low"
"3079","7/15/2024","1:00","78.8","shrub","low_north","summer","low"
"3089","7/15/2024","7:00","76.876","shrub","low_north","summer","low"
"3099","7/15/2024","13:00","77.574","shrub","low_north","summer","low"
"31013","7/15/2024","19:00","78.624","shrub","low_north","summer","low"
"31113","7/16/2024","1:00","78.098","shrub","low_north","summer","low"
"31212","7/16/2024","7:00","76.181","shrub","low_north","summer","low"
"31310","7/16/2024","13:00","76.006","shrub","low_north","summer","low"
"31410","7/16/2024","19:00","77.574","shrub","low_north","summer","low"
"3159","7/17/2024","1:00","77.225","shrub","low_north","summer","low"
"3169","7/17/2024","7:00","75.139","shrub","low_north","summer","low"
"3179","7/17/2024","13:00","76.006","shrub","low_north","summer","low"
"3189","7/17/2024","19:00","78.098","shrub","low_north","summer","low"
"3199","7/18/2024","1:00","77.05","shrub","low_north","summer","low"
"3209","7/18/2024","7:00","75.139","shrub","low_north","summer","low"
"32113","7/18/2024","13:00","75.659","shrub","low_north","summer","low"
"32211","7/18/2024","19:00","77.923","shrub","low_north","summer","low"
"3239","7/19/2024","1:00","77.4","shrub","low_north","summer","low"
"3249","7/19/2024","7:00","75.659","shrub","low_north","summer","low"
"3259","7/19/2024","13:00","76.876","shrub","low_north","summer","low"
"3269","7/19/2024","19:00","78.274","shrub","low_north","summer","low"
"3279","7/20/2024","1:00","77.574","shrub","low_north","summer","low"
"3289","7/20/2024","7:00","75.484","shrub","low_north","summer","low"
"3299","7/20/2024","13:00","76.006","shrub","low_north","summer","low"
"3309","7/20/2024","19:00","78.098","shrub","low_north","summer","low"
"33113","7/21/2024","1:00","77.923","shrub","low_north","summer","low"
"33211","7/21/2024","7:00","76.006","shrub","low_north","summer","low"
"3339","7/21/2024","13:00","76.181","shrub","low_north","summer","low"
"3349","7/21/2024","19:00","78.624","shrub","low_north","summer","low"
"3359","7/22/2024","1:00","78.449","shrub","low_north","summer","low"
"3369","7/22/2024","7:00","76.528","shrub","low_north","summer","low"
"3379","7/22/2024","13:00","77.225","shrub","low_north","summer","low"
"3389","7/22/2024","19:00","78.8","shrub","low_north","summer","low"
"3399","7/23/2024","1:00","77.749","shrub","low_north","summer","low"
"3409","7/23/2024","7:00","74.791","shrub","low_north","summer","low"
"34113","7/23/2024","13:00","76.006","shrub","low_north","summer","low"
"34211","7/23/2024","19:00","77.923","shrub","low_north","summer","low"
"3439","7/24/2024","1:00","77.574","shrub","low_north","summer","low"
"3449","7/24/2024","7:00","75.659","shrub","low_north","summer","low"
"3459","7/24/2024","13:00","76.006","shrub","low_north","summer","low"
"3469","7/24/2024","19:00","77.749","shrub","low_north","summer","low"
"3479","7/25/2024","1:00","77.4","shrub","low_north","summer","low"
"3489","7/25/2024","7:00","76.181","shrub","low_north","summer","low"
"3499","7/25/2024","13:00","76.876","shrub","low_north","summer","low"
"3509","7/25/2024","19:00","77.574","shrub","low_north","summer","low"
"35113","7/26/2024","1:00","76.528","shrub","low_north","summer","low"
"35211","7/26/2024","7:00","74.791","shrub","low_north","summer","low"
"3539","7/26/2024","13:00","75.312","shrub","low_north","summer","low"
"3549","7/26/2024","19:00","76.703","shrub","low_north","summer","low"
"3559","7/27/2024","1:00","76.006","shrub","low_north","summer","low"
"3569","7/27/2024","7:00","74.271","shrub","low_north","summer","low"
"3579","7/27/2024","13:00","73.062","shrub","low_north","summer","low"
"3589","7/27/2024","19:00","74.098","shrub","low_north","summer","low"
"3599","7/28/2024","1:00","72.891","shrub","low_north","summer","low"
"3609","7/28/2024","7:00","71.683","shrub","low_north","summer","low"
"36113","7/28/2024","13:00","72.372","shrub","low_north","summer","low"
"36211","7/28/2024","19:00","74.791","shrub","low_north","summer","low"
"3639","7/29/2024","1:00","74.098","shrub","low_north","summer","low"
"3649","7/29/2024","7:00","72.372","shrub","low_north","summer","low"
"3659","7/29/2024","13:00","73.58","shrub","low_north","summer","low"
"3669","7/29/2024","19:00","74.964","shrub","low_north","summer","low"
"3679","7/30/2024","1:00","74.098","shrub","low_north","summer","low"
"3689","7/30/2024","7:00","72.199","shrub","low_north","summer","low"
"3699","7/30/2024","13:00","73.407","shrub","low_north","summer","low"
"3709","7/30/2024","19:00","75.312","shrub","low_north","summer","low"
"37113","7/31/2024","1:00","74.098","shrub","low_north","summer","low"
"37211","7/31/2024","7:00","72.372","shrub","low_north","summer","low"
"3739","7/31/2024","13:00","73.234","shrub","low_north","summer","low"
"3749","7/31/2024","19:00","75.139","shrub","low_north","summer","low"
"3759","8/1/2024","1:00","74.271","shrub","low_north","summer","low"
"3769","8/1/2024","7:00","72.199","shrub","low_north","summer","low"
"3779","8/1/2024","13:00","73.062","shrub","low_north","summer","low"
"3789","8/1/2024","19:00","75.139","shrub","low_north","summer","low"
"3799","8/2/2024","1:00","74.964","shrub","low_north","summer","low"
"3809","8/2/2024","7:00","73.062","shrub","low_north","summer","low"
"38113","8/2/2024","13:00","73.926","shrub","low_north","summer","low"
"38211","8/2/2024","19:00","75.832","shrub","low_north","summer","low"
"3839","8/3/2024","1:00","75.659","shrub","low_north","summer","low"
"3849","8/3/2024","7:00","74.098","shrub","low_north","summer","low"
"3859","8/3/2024","13:00","74.964","shrub","low_north","summer","low"
"3869","8/3/2024","19:00","77.574","shrub","low_north","summer","low"
"3879","8/4/2024","1:00","77.4","shrub","low_north","summer","low"
"3889","8/4/2024","7:00","75.832","shrub","low_north","summer","low"
"3899","8/4/2024","13:00","76.181","shrub","low_north","summer","low"
"3909","8/4/2024","19:00","77.749","shrub","low_north","summer","low"
"39113","8/5/2024","1:00","77.4","shrub","low_north","summer","low"
"39211","8/5/2024","7:00","75.659","shrub","low_north","summer","low"
"3939","8/5/2024","13:00","76.354","shrub","low_north","summer","low"
"3949","8/5/2024","19:00","77.923","shrub","low_north","summer","low"
"3959","8/6/2024","1:00","77.05","shrub","low_north","summer","low"
"3969","8/6/2024","7:00","75.659","shrub","low_north","summer","low"
"3979","8/6/2024","13:00","76.354","shrub","low_north","summer","low"
"3989","8/6/2024","19:00","77.574","shrub","low_north","summer","low"
"3999","8/7/2024","1:00","76.703","shrub","low_north","summer","low"
"4009","8/7/2024","7:00","74.964","shrub","low_north","summer","low"
"40113","8/7/2024","13:00","75.484","shrub","low_north","summer","low"
"40211","8/7/2024","19:00","76.528","shrub","low_north","summer","low"
"4039","8/8/2024","1:00","75.659","shrub","low_north","summer","low"
"4049","8/8/2024","7:00","73.062","shrub","low_north","summer","low"
"4059","8/8/2024","13:00","73.407","shrub","low_north","summer","low"
"4069","8/8/2024","19:00","75.659","shrub","low_north","summer","low"
"4079","8/9/2024","1:00","75.139","shrub","low_north","summer","low"
"4089","8/9/2024","7:00","73.234","shrub","low_north","summer","low"
"4099","8/9/2024","13:00","73.58","shrub","low_north","summer","low"
"41013","8/9/2024","19:00","74.098","shrub","low_north","summer","low"
"41113","8/10/2024","1:00","70.824","shrub","low_north","summer","low"
"41212","8/10/2024","7:00","69.793","shrub","low_north","summer","low"
"41310","8/10/2024","13:00","71.168","shrub","low_north","summer","low"
"41410","8/10/2024","19:00","73.753","shrub","low_north","summer","low"
"4159","8/11/2024","1:00","73.753","shrub","low_north","summer","low"
"4169","8/11/2024","7:00","72.199","shrub","low_north","summer","low"
"4179","8/11/2024","13:00","72.545","shrub","low_north","summer","low"
"4189","8/11/2024","19:00","74.619","shrub","low_north","summer","low"
"4199","8/12/2024","1:00","74.446","shrub","low_north","summer","low"
"4209","8/12/2024","7:00","73.407","shrub","low_north","summer","low"
"42113","8/12/2024","13:00","73.926","shrub","low_north","summer","low"
"42211","8/12/2024","19:00","74.964","shrub","low_north","summer","low"
"4239","8/13/2024","1:00","70.995","shrub","low_north","summer","low"
"4249","8/13/2024","7:00","69.449","shrub","low_north","summer","low"
"4259","8/13/2024","13:00","74.446","shrub","low_north","summer","low"
"4269","8/13/2024","19:00","73.753","shrub","low_north","summer","low"
"4279","8/14/2024","1:00","69.449","shrub","low_north","summer","low"
"4289","8/14/2024","7:00","68.077","shrub","low_north","summer","low"
"4299","8/14/2024","13:00","75.484","shrub","low_north","summer","low"
"4309","8/14/2024","19:00","74.964","shrub","low_north","summer","low"
"43113","8/15/2024","1:00","70.651","shrub","low_north","summer","low"
"43211","8/15/2024","7:00","68.248","shrub","low_north","summer","low"
"4339","8/15/2024","13:00","73.407","shrub","low_north","summer","low"
"4349","8/15/2024","19:00","74.964","shrub","low_north","summer","low"
"4359","8/16/2024","1:00","70.651","shrub","low_north","summer","low"
"4369","8/16/2024","7:00","68.077","shrub","low_north","summer","low"
"4379","8/16/2024","13:00","73.926","shrub","low_north","summer","low"
"4389","8/16/2024","19:00","75.139","shrub","low_north","summer","low"
"4399","8/17/2024","1:00","71.683","shrub","low_north","summer","low"
"4409","8/17/2024","7:00","68.934","shrub","low_north","summer","low"
"44113","8/17/2024","13:00","74.791","shrub","low_north","summer","low"
"44211","8/17/2024","19:00","73.062","shrub","low_north","summer","low"
"4439","8/18/2024","1:00","69.964","shrub","low_north","summer","low"
"4449","8/18/2024","7:00","68.763","shrub","low_north","summer","low"
"4459","8/18/2024","13:00","73.926","shrub","low_north","summer","low"
"4469","8/18/2024","19:00","76.876","shrub","low_north","summer","low"
"4479","8/19/2024","1:00","71.856","shrub","low_north","summer","low"
"4489","8/19/2024","7:00","70.137","shrub","low_north","summer","low"
"4499","8/19/2024","13:00","74.271","shrub","low_north","summer","low"
"4509","8/19/2024","19:00","76.006","shrub","low_north","summer","low"
"45113","8/20/2024","1:00","73.234","shrub","low_north","summer","low"
"45211","8/20/2024","7:00","70.995","shrub","low_north","summer","low"
"4539","8/20/2024","13:00","75.139","shrub","low_north","summer","low"
"4549","8/20/2024","19:00","76.006","shrub","low_north","summer","low"
"4559","8/21/2024","1:00","72.718","shrub","low_north","summer","low"
"4569","8/21/2024","7:00","69.278","shrub","low_north","summer","low"
"4579","8/21/2024","13:00","73.926","shrub","low_north","summer","low"
"4589","8/21/2024","19:00","75.139","shrub","low_north","summer","low"
"4599","8/22/2024","1:00","70.48","shrub","low_north","summer","low"
"4609","8/22/2024","7:00","68.248","shrub","low_north","summer","low"
"46113","8/22/2024","13:00","73.062","shrub","low_north","summer","low"
"46211","8/22/2024","19:00","75.312","shrub","low_north","summer","low"
"4639","8/23/2024","1:00","71.683","shrub","low_north","summer","low"
"4649","8/23/2024","7:00","69.622","shrub","low_north","summer","low"
"4659","8/23/2024","13:00","74.964","shrub","low_north","summer","low"
"2150","4/29/2024","19:00","61.227","shrub","high_gate","summer","high"
"3150","4/30/2024","1:00","58.131","shrub","high_gate","summer","high"
"4150","4/30/2024","7:00","57.268","shrub","high_gate","summer","high"
"5148","4/30/2024","13:00","58.131","shrub","high_gate","summer","high"
"690","4/30/2024","19:00","59.851","shrub","high_gate","summer","high"
"740","5/1/2024","1:00","44.922","shrub","high_gate","summer","high"
"840","5/1/2024","7:00","33.607","shrub","high_gate","summer","high"
"940","5/1/2024","13:00","44.013","shrub","high_gate","summer","high"
"1040","5/1/2024","19:00","43.099","shrub","high_gate","summer","high"
"1140","5/2/2024","1:00","35.951","shrub","high_gate","summer","high"
"1240","5/2/2024","7:00","33.607","shrub","high_gate","summer","high"
"1340","5/2/2024","13:00","55.711","shrub","high_gate","summer","high"
"1440","5/2/2024","19:00","48.871","shrub","high_gate","summer","high"
"1540","5/3/2024","1:00","41.439","shrub","high_gate","summer","high"
"1640","5/3/2024","7:00","37.107","shrub","high_gate","summer","high"
"1740","5/3/2024","13:00","50.113","shrub","high_gate","summer","high"
"1840","5/3/2024","19:00","50.29","shrub","high_gate","summer","high"
"1940","5/4/2024","1:00","41.439","shrub","high_gate","summer","high"
"2040","5/4/2024","7:00","37.87","shrub","high_gate","summer","high"
"2160","5/4/2024","13:00","60.024","shrub","high_gate","summer","high"
"2240","5/4/2024","19:00","53.274","shrub","high_gate","summer","high"
"2340","5/5/2024","1:00","47.982","shrub","high_gate","summer","high"
"2440","5/5/2024","7:00","45.828","shrub","high_gate","summer","high"
"2540","5/5/2024","13:00","46.548","shrub","high_gate","summer","high"
"2640","5/5/2024","19:00","45.828","shrub","high_gate","summer","high"
"2740","5/6/2024","1:00","41.439","shrub","high_gate","summer","high"
"2840","5/6/2024","7:00","40.509","shrub","high_gate","summer","high"
"2940","5/6/2024","13:00","47.266","shrub","high_gate","summer","high"
"3040","5/6/2024","19:00","46.008","shrub","high_gate","summer","high"
"3160","5/7/2024","1:00","39.007","shrub","high_gate","summer","high"
"3240","5/7/2024","7:00","37.679","shrub","high_gate","summer","high"
"3340","5/7/2024","13:00","47.446","shrub","high_gate","summer","high"
"3440","5/7/2024","19:00","45.648","shrub","high_gate","summer","high"
"3540","5/8/2024","1:00","39.573","shrub","high_gate","summer","high"
"3640","5/8/2024","7:00","38.44","shrub","high_gate","summer","high"
"3740","5/8/2024","13:00","46.548","shrub","high_gate","summer","high"
"3840","5/8/2024","19:00","47.982","shrub","high_gate","summer","high"
"3940","5/9/2024","1:00","40.696","shrub","high_gate","summer","high"
"4040","5/9/2024","7:00","39.384","shrub","high_gate","summer","high"
"4160","5/9/2024","13:00","56.23","shrub","high_gate","summer","high"
"4240","5/9/2024","19:00","52.925","shrub","high_gate","summer","high"
"4340","5/10/2024","1:00","43.831","shrub","high_gate","summer","high"
"4440","5/10/2024","7:00","40.509","shrub","high_gate","summer","high"
"4540","5/10/2024","13:00","63.626","shrub","high_gate","summer","high"
"4640","5/10/2024","19:00","60.883","shrub","high_gate","summer","high"
"4738","5/11/2024","1:00","47.266","shrub","high_gate","summer","high"
"4838","5/11/2024","7:00","43.466","shrub","high_gate","summer","high"
"4938","5/11/2024","13:00","67.735","shrub","high_gate","summer","high"
"5038","5/11/2024","19:00","60.712","shrub","high_gate","summer","high"
"5149","5/12/2024","1:00","49.582","shrub","high_gate","summer","high"
"5238","5/12/2024","7:00","45.828","shrub","high_gate","summer","high"
"5338","5/12/2024","13:00","69.964","shrub","high_gate","summer","high"
"5438","5/12/2024","19:00","63.626","shrub","high_gate","summer","high"
"5538","5/13/2024","1:00","52.401","shrub","high_gate","summer","high"
"5638","5/13/2024","7:00","48.16","shrub","high_gate","summer","high"
"5738","5/13/2024","13:00","72.718","shrub","high_gate","summer","high"
"5838","5/13/2024","19:00","58.82","shrub","high_gate","summer","high"
"5938","5/14/2024","1:00","50.995","shrub","high_gate","summer","high"
"6038","5/14/2024","7:00","47.266","shrub","high_gate","summer","high"
"6138","5/14/2024","13:00","59.68","shrub","high_gate","summer","high"
"6238","5/14/2024","19:00","56.057","shrub","high_gate","summer","high"
"6338","5/15/2024","1:00","47.802","shrub","high_gate","summer","high"
"6415","5/15/2024","7:00","46.548","shrub","high_gate","summer","high"
"6515","5/15/2024","13:00","60.883","shrub","high_gate","summer","high"
"6615","5/15/2024","19:00","58.993","shrub","high_gate","summer","high"
"6712","5/16/2024","1:00","49.404","shrub","high_gate","summer","high"
"6810","5/16/2024","7:00","46.728","shrub","high_gate","summer","high"
"6910","5/16/2024","13:00","70.824","shrub","high_gate","summer","high"
"7010","5/16/2024","19:00","64.825","shrub","high_gate","summer","high"
"7114","5/17/2024","1:00","50.466","shrub","high_gate","summer","high"
"7212","5/17/2024","7:00","46.548","shrub","high_gate","summer","high"
"7310","5/17/2024","13:00","68.248","shrub","high_gate","summer","high"
"7410","5/17/2024","19:00","60.368","shrub","high_gate","summer","high"
"7510","5/18/2024","1:00","46.908","shrub","high_gate","summer","high"
"7610","5/18/2024","7:00","42.179","shrub","high_gate","summer","high"
"7710","5/18/2024","13:00","67.564","shrub","high_gate","summer","high"
"7810","5/18/2024","19:00","58.993","shrub","high_gate","summer","high"
"7910","5/19/2024","1:00","50.819","shrub","high_gate","summer","high"
"8010","5/19/2024","7:00","44.922","shrub","high_gate","summer","high"
"8114","5/19/2024","13:00","61.912","shrub","high_gate","summer","high"
"8212","5/19/2024","19:00","55.537","shrub","high_gate","summer","high"
"8310","5/20/2024","1:00","45.104","shrub","high_gate","summer","high"
"8410","5/20/2024","7:00","42.548","shrub","high_gate","summer","high"
"8510","5/20/2024","13:00","57.958","shrub","high_gate","summer","high"
"8610","5/20/2024","19:00","52.05","shrub","high_gate","summer","high"
"8710","5/21/2024","1:00","43.831","shrub","high_gate","summer","high"
"8810","5/21/2024","7:00","41.067","shrub","high_gate","summer","high"
"8910","5/21/2024","13:00","53.274","shrub","high_gate","summer","high"
"9010","5/21/2024","19:00","54.669","shrub","high_gate","summer","high"
"9114","5/22/2024","1:00","44.742","shrub","high_gate","summer","high"
"9212","5/22/2024","7:00","44.922","shrub","high_gate","summer","high"
"9310","5/22/2024","13:00","46.008","shrub","high_gate","summer","high"
"9410","5/22/2024","19:00","49.582","shrub","high_gate","summer","high"
"9510","5/23/2024","1:00","43.099","shrub","high_gate","summer","high"
"9610","5/23/2024","7:00","40.881","shrub","high_gate","summer","high"
"9710","5/23/2024","13:00","43.099","shrub","high_gate","summer","high"
"9810","5/23/2024","19:00","49.404","shrub","high_gate","summer","high"
"9910","5/24/2024","1:00","41.067","shrub","high_gate","summer","high"
"10010","5/24/2024","7:00","38.629","shrub","high_gate","summer","high"
"10114","5/24/2024","13:00","59.164","shrub","high_gate","summer","high"
"10212","5/24/2024","19:00","54.495","shrub","high_gate","summer","high"
"10310","5/25/2024","1:00","44.56","shrub","high_gate","summer","high"
"10410","5/25/2024","7:00","42.363","shrub","high_gate","summer","high"
"10510","5/25/2024","13:00","50.643","shrub","high_gate","summer","high"
"10610","5/25/2024","19:00","46.008","shrub","high_gate","summer","high"
"10710","5/26/2024","1:00","45.648","shrub","high_gate","summer","high"
"10810","5/26/2024","7:00","41.625","shrub","high_gate","summer","high"
"10910","5/26/2024","13:00","64.31","shrub","high_gate","summer","high"
"11010","5/26/2024","19:00","62.254","shrub","high_gate","summer","high"
"11114","5/27/2024","1:00","49.582","shrub","high_gate","summer","high"
"11212","5/27/2024","7:00","44.195","shrub","high_gate","summer","high"
"11310","5/27/2024","13:00","67.221","shrub","high_gate","summer","high"
"11410","5/27/2024","19:00","64.139","shrub","high_gate","summer","high"
"11510","5/28/2024","1:00","50.643","shrub","high_gate","summer","high"
"11610","5/28/2024","7:00","47.266","shrub","high_gate","summer","high"
"11710","5/28/2024","13:00","71.856","shrub","high_gate","summer","high"
"11810","5/28/2024","19:00","63.797","shrub","high_gate","summer","high"
"11910","5/29/2024","1:00","54.842","shrub","high_gate","summer","high"
"12010","5/29/2024","7:00","51.172","shrub","high_gate","summer","high"
"12114","5/29/2024","13:00","56.923","shrub","high_gate","summer","high"
"12212","5/29/2024","19:00","53.1","shrub","high_gate","summer","high"
"12310","5/30/2024","1:00","46.728","shrub","high_gate","summer","high"
"12410","5/30/2024","7:00","43.282","shrub","high_gate","summer","high"
"12510","5/30/2024","13:00","56.404","shrub","high_gate","summer","high"
"12610","5/30/2024","19:00","56.577","shrub","high_gate","summer","high"
"12710","5/31/2024","1:00","47.446","shrub","high_gate","summer","high"
"12810","5/31/2024","7:00","42.915","shrub","high_gate","summer","high"
"12910","5/31/2024","13:00","68.248","shrub","high_gate","summer","high"
"13010","5/31/2024","19:00","64.31","shrub","high_gate","summer","high"
"13114","6/1/2024","1:00","49.759","shrub","high_gate","summer","high"
"13212","6/1/2024","7:00","46.369","shrub","high_gate","summer","high"
"13310","6/1/2024","13:00","71.339","shrub","high_gate","summer","high"
"13410","6/1/2024","19:00","62.769","shrub","high_gate","summer","high"
"13510","6/2/2024","1:00","54.669","shrub","high_gate","summer","high"
"13610","6/2/2024","7:00","51.699","shrub","high_gate","summer","high"
"13710","6/2/2024","13:00","64.481","shrub","high_gate","summer","high"
"13810","6/2/2024","19:00","61.741","shrub","high_gate","summer","high"
"13910","6/3/2024","1:00","52.75","shrub","high_gate","summer","high"
"14010","6/3/2024","7:00","52.05","shrub","high_gate","summer","high"
"14114","6/3/2024","13:00","57.096","shrub","high_gate","summer","high"
"14212","6/3/2024","19:00","60.712","shrub","high_gate","summer","high"
"14310","6/4/2024","1:00","51.523","shrub","high_gate","summer","high"
"14410","6/4/2024","7:00","45.828","shrub","high_gate","summer","high"
"14510","6/4/2024","13:00","71.339","shrub","high_gate","summer","high"
"14610","6/4/2024","19:00","64.481","shrub","high_gate","summer","high"
"14710","6/5/2024","1:00","53.798","shrub","high_gate","summer","high"
"14810","6/5/2024","7:00","49.582","shrub","high_gate","summer","high"
"14910","6/5/2024","13:00","78.274","shrub","high_gate","summer","high"
"15010","6/5/2024","19:00","71.683","shrub","high_gate","summer","high"
"15114","6/6/2024","1:00","55.537","shrub","high_gate","summer","high"
"15212","6/6/2024","7:00","51.172","shrub","high_gate","summer","high"
"15310","6/6/2024","13:00","79.678","shrub","high_gate","summer","high"
"15410","6/6/2024","19:00","68.763","shrub","high_gate","summer","high"
"15510","6/7/2024","1:00","57.268","shrub","high_gate","summer","high"
"15610","6/7/2024","7:00","53.623","shrub","high_gate","summer","high"
"15710","6/7/2024","13:00","82.686","shrub","high_gate","summer","high"
"15810","6/7/2024","19:00","72.891","shrub","high_gate","summer","high"
"15910","6/8/2024","1:00","59.337","shrub","high_gate","summer","high"
"16010","6/8/2024","7:00","54.495","shrub","high_gate","summer","high"
"16114","6/8/2024","13:00","83.043","shrub","high_gate","summer","high"
"16212","6/8/2024","19:00","75.312","shrub","high_gate","summer","high"
"16310","6/9/2024","1:00","58.993","shrub","high_gate","summer","high"
"16410","6/9/2024","7:00","56.404","shrub","high_gate","summer","high"
"16510","6/9/2024","13:00","78.8","shrub","high_gate","summer","high"
"16610","6/9/2024","19:00","63.797","shrub","high_gate","summer","high"
"16710","6/10/2024","1:00","57.958","shrub","high_gate","summer","high"
"16810","6/10/2024","7:00","54.842","shrub","high_gate","summer","high"
"16910","6/10/2024","13:00","69.449","shrub","high_gate","summer","high"
"17010","6/10/2024","19:00","69.449","shrub","high_gate","summer","high"
"17114","6/11/2024","1:00","57.958","shrub","high_gate","summer","high"
"17212","6/11/2024","7:00","53.449","shrub","high_gate","summer","high"
"17310","6/11/2024","13:00","77.574","shrub","high_gate","summer","high"
"17410","6/11/2024","19:00","70.48","shrub","high_gate","summer","high"
"17510","6/12/2024","1:00","57.958","shrub","high_gate","summer","high"
"17610","6/12/2024","7:00","53.274","shrub","high_gate","summer","high"
"17710","6/12/2024","13:00","80.382","shrub","high_gate","summer","high"
"17810","6/12/2024","19:00","73.234","shrub","high_gate","summer","high"
"17910","6/13/2024","1:00","56.577","shrub","high_gate","summer","high"
"18010","6/13/2024","7:00","52.05","shrub","high_gate","summer","high"
"18114","6/13/2024","13:00","81.797","shrub","high_gate","summer","high"
"18212","6/13/2024","19:00","75.139","shrub","high_gate","summer","high"
"18310","6/14/2024","1:00","61.569","shrub","high_gate","summer","high"
"18410","6/14/2024","7:00","58.647","shrub","high_gate","summer","high"
"18510","6/14/2024","13:00","83.399","shrub","high_gate","summer","high"
"18610","6/14/2024","19:00","74.964","shrub","high_gate","summer","high"
"18710","6/15/2024","1:00","59.851","shrub","high_gate","summer","high"
"18810","6/15/2024","7:00","56.577","shrub","high_gate","summer","high"
"18910","6/15/2024","13:00","77.225","shrub","high_gate","summer","high"
"19010","6/15/2024","19:00","66.537","shrub","high_gate","summer","high"
"19114","6/16/2024","1:00","54.495","shrub","high_gate","summer","high"
"19212","6/16/2024","7:00","49.05","shrub","high_gate","summer","high"
"19310","6/16/2024","13:00","77.923","shrub","high_gate","summer","high"
"19410","6/16/2024","19:00","69.622","shrub","high_gate","summer","high"
"19510","6/17/2024","1:00","57.096","shrub","high_gate","summer","high"
"19610","6/17/2024","7:00","54.495","shrub","high_gate","summer","high"
"19710","6/17/2024","13:00","55.189","shrub","high_gate","summer","high"
"19810","6/17/2024","19:00","54.147","shrub","high_gate","summer","high"
"19910","6/18/2024","1:00","46.908","shrub","high_gate","summer","high"
"20010","6/18/2024","7:00","43.831","shrub","high_gate","summer","high"
"20114","6/18/2024","13:00","63.968","shrub","high_gate","summer","high"
"20212","6/18/2024","19:00","61.227","shrub","high_gate","summer","high"
"20310","6/19/2024","1:00","46.369","shrub","high_gate","summer","high"
"20410","6/19/2024","7:00","43.466","shrub","high_gate","summer","high"
"20510","6/19/2024","13:00","74.446","shrub","high_gate","summer","high"
"20610","6/19/2024","19:00","68.592","shrub","high_gate","summer","high"
"20710","6/20/2024","1:00","49.937","shrub","high_gate","summer","high"
"20810","6/20/2024","7:00","46.548","shrub","high_gate","summer","high"
"20910","6/20/2024","13:00","80.911","shrub","high_gate","summer","high"
"21014","6/20/2024","19:00","76.703","shrub","high_gate","summer","high"
"21114","6/21/2024","1:00","55.884","shrub","high_gate","summer","high"
"21213","6/21/2024","7:00","51.874","shrub","high_gate","summer","high"
"21311","6/21/2024","13:00","83.399","shrub","high_gate","summer","high"
"21411","6/21/2024","19:00","73.926","shrub","high_gate","summer","high"
"21510","6/22/2024","1:00","57.785","shrub","high_gate","summer","high"
"21610","6/22/2024","7:00","53.973","shrub","high_gate","summer","high"
"21710","6/22/2024","13:00","87.004","shrub","high_gate","summer","high"
"21810","6/22/2024","19:00","78.8","shrub","high_gate","summer","high"
"21910","6/23/2024","1:00","59.851","shrub","high_gate","summer","high"
"22010","6/23/2024","7:00","56.577","shrub","high_gate","summer","high"
"22114","6/23/2024","13:00","89.755","shrub","high_gate","summer","high"
"22212","6/23/2024","19:00","80.911","shrub","high_gate","summer","high"
"22310","6/24/2024","1:00","60.195","shrub","high_gate","summer","high"
"22410","6/24/2024","7:00","57.096","shrub","high_gate","summer","high"
"22510","6/24/2024","13:00","90.867","shrub","high_gate","summer","high"
"22610","6/24/2024","19:00","79.326","shrub","high_gate","summer","high"
"22710","6/25/2024","1:00","60.883","shrub","high_gate","summer","high"
"22810","6/25/2024","7:00","56.75","shrub","high_gate","summer","high"
"22910","6/25/2024","13:00","92.363","shrub","high_gate","summer","high"
"23010","6/25/2024","19:00","82.686","shrub","high_gate","summer","high"
"23114","6/26/2024","1:00","62.254","shrub","high_gate","summer","high"
"23212","6/26/2024","7:00","58.303","shrub","high_gate","summer","high"
"23310","6/26/2024","13:00","70.48","shrub","high_gate","summer","high"
"23410","6/26/2024","19:00","73.58","shrub","high_gate","summer","high"
"23510","6/27/2024","1:00","60.368","shrub","high_gate","summer","high"
"23610","6/27/2024","7:00","58.131","shrub","high_gate","summer","high"
"23710","6/27/2024","13:00","77.574","shrub","high_gate","summer","high"
"23810","6/27/2024","19:00","73.58","shrub","high_gate","summer","high"
"23910","6/28/2024","1:00","56.057","shrub","high_gate","summer","high"
"24010","6/28/2024","7:00","50.819","shrub","high_gate","summer","high"
"24114","6/28/2024","13:00","77.574","shrub","high_gate","summer","high"
"24212","6/28/2024","19:00","71.339","shrub","high_gate","summer","high"
"24310","6/29/2024","1:00","56.23","shrub","high_gate","summer","high"
"24410","6/29/2024","7:00","53.1","shrub","high_gate","summer","high"
"24510","6/29/2024","13:00","86.277","shrub","high_gate","summer","high"
"24610","6/29/2024","19:00","80.911","shrub","high_gate","summer","high"
"24710","6/30/2024","1:00","63.455","shrub","high_gate","summer","high"
"24810","6/30/2024","7:00","59.337","shrub","high_gate","summer","high"
"24910","6/30/2024","13:00","90.124","shrub","high_gate","summer","high"
"25010","6/30/2024","19:00","79.326","shrub","high_gate","summer","high"
"25114","7/1/2024","1:00","64.139","shrub","high_gate","summer","high"
"25212","7/1/2024","7:00","59.68","shrub","high_gate","summer","high"
"25310","7/1/2024","13:00","72.199","shrub","high_gate","summer","high"
"25410","7/1/2024","19:00","59.68","shrub","high_gate","summer","high"
"25510","7/2/2024","1:00","55.711","shrub","high_gate","summer","high"
"25610","7/2/2024","7:00","50.643","shrub","high_gate","summer","high"
"25710","7/2/2024","13:00","75.139","shrub","high_gate","summer","high"
"25810","7/2/2024","19:00","71.683","shrub","high_gate","summer","high"
"25910","7/3/2024","1:00","57.958","shrub","high_gate","summer","high"
"26010","7/3/2024","7:00","53.449","shrub","high_gate","summer","high"
"26114","7/3/2024","13:00","74.446","shrub","high_gate","summer","high"
"26212","7/3/2024","19:00","68.592","shrub","high_gate","summer","high"
"26310","7/4/2024","1:00","55.364","shrub","high_gate","summer","high"
"26410","7/4/2024","7:00","51.523","shrub","high_gate","summer","high"
"26510","7/4/2024","13:00","75.484","shrub","high_gate","summer","high"
"26610","7/4/2024","19:00","73.062","shrub","high_gate","summer","high"
"26710","7/5/2024","1:00","56.923","shrub","high_gate","summer","high"
"26810","7/5/2024","7:00","52.401","shrub","high_gate","summer","high"
"26910","7/5/2024","13:00","82.864","shrub","high_gate","summer","high"
"27010","7/5/2024","19:00","78.098","shrub","high_gate","summer","high"
"27114","7/6/2024","1:00","59.68","shrub","high_gate","summer","high"
"27212","7/6/2024","7:00","54.322","shrub","high_gate","summer","high"
"27310","7/6/2024","13:00","87.733","shrub","high_gate","summer","high"
"27410","7/6/2024","19:00","76.006","shrub","high_gate","summer","high"
"27510","7/7/2024","1:00","56.923","shrub","high_gate","summer","high"
"27610","7/7/2024","7:00","54.495","shrub","high_gate","summer","high"
"27710","7/7/2024","13:00","85.014","shrub","high_gate","summer","high"
"27810","7/7/2024","19:00","78.098","shrub","high_gate","summer","high"
"27910","7/8/2024","1:00","59.337","shrub","high_gate","summer","high"
"28010","7/8/2024","7:00","55.884","shrub","high_gate","summer","high"
"28114","7/8/2024","13:00","92.55","shrub","high_gate","summer","high"
"28212","7/8/2024","19:00","83.221","shrub","high_gate","summer","high"
"28310","7/9/2024","1:00","62.769","shrub","high_gate","summer","high"
"28410","7/9/2024","7:00","58.647","shrub","high_gate","summer","high"
"28510","7/9/2024","13:00","109.18","shrub","high_gate","summer","high"
"28610","7/9/2024","19:00","103.307","shrub","high_gate","summer","high"
"28710","7/10/2024","1:00","73.407","shrub","high_gate","summer","high"
"28810","7/10/2024","7:00","61.227","shrub","high_gate","summer","high"
"28910","7/10/2024","13:00","98.699","shrub","high_gate","summer","high"
"29010","7/10/2024","19:00","77.4","shrub","high_gate","summer","high"
"29114","7/11/2024","1:00","76.876","shrub","high_gate","summer","high"
"29212","7/11/2024","7:00","74.271","shrub","high_gate","summer","high"
"29310","7/11/2024","13:00","75.484","shrub","high_gate","summer","high"
"29410","7/11/2024","19:00","77.574","shrub","high_gate","summer","high"
"29510","7/12/2024","1:00","77.225","shrub","high_gate","summer","high"
"29610","7/12/2024","7:00","74.791","shrub","high_gate","summer","high"
"29710","7/12/2024","13:00","75.832","shrub","high_gate","summer","high"
"29810","7/12/2024","19:00","78.098","shrub","high_gate","summer","high"
"29910","7/13/2024","1:00","77.749","shrub","high_gate","summer","high"
"30010","7/13/2024","7:00","75.484","shrub","high_gate","summer","high"
"30114","7/13/2024","13:00","76.181","shrub","high_gate","summer","high"
"30212","7/13/2024","19:00","78.274","shrub","high_gate","summer","high"
"30310","7/14/2024","1:00","77.749","shrub","high_gate","summer","high"
"30410","7/14/2024","7:00","76.876","shrub","high_gate","summer","high"
"30510","7/14/2024","13:00","77.749","shrub","high_gate","summer","high"
"30610","7/14/2024","19:00","79.326","shrub","high_gate","summer","high"
"30710","7/15/2024","1:00","78.975","shrub","high_gate","summer","high"
"30810","7/15/2024","7:00","77.05","shrub","high_gate","summer","high"
"30910","7/15/2024","13:00","77.749","shrub","high_gate","summer","high"
"31014","7/15/2024","19:00","78.624","shrub","high_gate","summer","high"
"31114","7/16/2024","1:00","78.098","shrub","high_gate","summer","high"
"31213","7/16/2024","7:00","75.832","shrub","high_gate","summer","high"
"31311","7/16/2024","13:00","76.181","shrub","high_gate","summer","high"
"31411","7/16/2024","19:00","77.574","shrub","high_gate","summer","high"
"31510","7/17/2024","1:00","77.05","shrub","high_gate","summer","high"
"31610","7/17/2024","7:00","74.964","shrub","high_gate","summer","high"
"31710","7/17/2024","13:00","76.181","shrub","high_gate","summer","high"
"31810","7/17/2024","19:00","78.098","shrub","high_gate","summer","high"
"31910","7/18/2024","1:00","76.876","shrub","high_gate","summer","high"
"32010","7/18/2024","7:00","74.964","shrub","high_gate","summer","high"
"32114","7/18/2024","13:00","75.659","shrub","high_gate","summer","high"
"32212","7/18/2024","19:00","77.923","shrub","high_gate","summer","high"
"32310","7/19/2024","1:00","77.05","shrub","high_gate","summer","high"
"32410","7/19/2024","7:00","75.312","shrub","high_gate","summer","high"
"32510","7/19/2024","13:00","76.876","shrub","high_gate","summer","high"
"32610","7/19/2024","19:00","78.274","shrub","high_gate","summer","high"
"32710","7/20/2024","1:00","77.4","shrub","high_gate","summer","high"
"32810","7/20/2024","7:00","75.139","shrub","high_gate","summer","high"
"32910","7/20/2024","13:00","76.006","shrub","high_gate","summer","high"
"33010","7/20/2024","19:00","78.098","shrub","high_gate","summer","high"
"33114","7/21/2024","1:00","77.749","shrub","high_gate","summer","high"
"33212","7/21/2024","7:00","75.659","shrub","high_gate","summer","high"
"33310","7/21/2024","13:00","76.354","shrub","high_gate","summer","high"
"33410","7/21/2024","19:00","78.624","shrub","high_gate","summer","high"
"33510","7/22/2024","1:00","78.274","shrub","high_gate","summer","high"
"33610","7/22/2024","7:00","76.354","shrub","high_gate","summer","high"
"33710","7/22/2024","13:00","77.225","shrub","high_gate","summer","high"
"33810","7/22/2024","19:00","78.8","shrub","high_gate","summer","high"
"33910","7/23/2024","1:00","77.574","shrub","high_gate","summer","high"
"34010","7/23/2024","7:00","74.619","shrub","high_gate","summer","high"
"34114","7/23/2024","13:00","76.006","shrub","high_gate","summer","high"
"34212","7/23/2024","19:00","77.923","shrub","high_gate","summer","high"
"34310","7/24/2024","1:00","77.225","shrub","high_gate","summer","high"
"34410","7/24/2024","7:00","75.312","shrub","high_gate","summer","high"
"34510","7/24/2024","13:00","76.181","shrub","high_gate","summer","high"
"34610","7/24/2024","19:00","77.923","shrub","high_gate","summer","high"
"34710","7/25/2024","1:00","77.4","shrub","high_gate","summer","high"
"34810","7/25/2024","7:00","76.181","shrub","high_gate","summer","high"
"34910","7/25/2024","13:00","76.876","shrub","high_gate","summer","high"
"35010","7/25/2024","19:00","77.574","shrub","high_gate","summer","high"
"35114","7/26/2024","1:00","76.354","shrub","high_gate","summer","high"
"35212","7/26/2024","7:00","74.619","shrub","high_gate","summer","high"
"35310","7/26/2024","13:00","75.312","shrub","high_gate","summer","high"
"35410","7/26/2024","19:00","76.876","shrub","high_gate","summer","high"
"35510","7/27/2024","1:00","75.832","shrub","high_gate","summer","high"
"35610","7/27/2024","7:00","74.098","shrub","high_gate","summer","high"
"35710","7/27/2024","13:00","72.891","shrub","high_gate","summer","high"
"35810","7/27/2024","19:00","74.098","shrub","high_gate","summer","high"
"35910","7/28/2024","1:00","72.718","shrub","high_gate","summer","high"
"36010","7/28/2024","7:00","71.512","shrub","high_gate","summer","high"
"36114","7/28/2024","13:00","72.545","shrub","high_gate","summer","high"
"36212","7/28/2024","19:00","74.791","shrub","high_gate","summer","high"
"36310","7/29/2024","1:00","74.098","shrub","high_gate","summer","high"
"36410","7/29/2024","7:00","72.199","shrub","high_gate","summer","high"
"36510","7/29/2024","13:00","73.753","shrub","high_gate","summer","high"
"36610","7/29/2024","19:00","75.139","shrub","high_gate","summer","high"
"36710","7/30/2024","1:00","74.098","shrub","high_gate","summer","high"
"36810","7/30/2024","7:00","72.028","shrub","high_gate","summer","high"
"36910","7/30/2024","13:00","73.407","shrub","high_gate","summer","high"
"37010","7/30/2024","19:00","75.312","shrub","high_gate","summer","high"
"37114","7/31/2024","1:00","73.926","shrub","high_gate","summer","high"
"37212","7/31/2024","7:00","72.372","shrub","high_gate","summer","high"
"37310","7/31/2024","13:00","73.234","shrub","high_gate","summer","high"
"37410","7/31/2024","19:00","75.139","shrub","high_gate","summer","high"
"37510","8/1/2024","1:00","74.098","shrub","high_gate","summer","high"
"37610","8/1/2024","7:00","72.028","shrub","high_gate","summer","high"
"37710","8/1/2024","13:00","73.062","shrub","high_gate","summer","high"
"37810","8/1/2024","19:00","75.139","shrub","high_gate","summer","high"
"37910","8/2/2024","1:00","74.964","shrub","high_gate","summer","high"
"38010","8/2/2024","7:00","73.062","shrub","high_gate","summer","high"
"38114","8/2/2024","13:00","74.098","shrub","high_gate","summer","high"
"38212","8/2/2024","19:00","76.006","shrub","high_gate","summer","high"
"38310","8/3/2024","1:00","75.832","shrub","high_gate","summer","high"
"38410","8/3/2024","7:00","74.098","shrub","high_gate","summer","high"
"38510","8/3/2024","13:00","75.139","shrub","high_gate","summer","high"
"38610","8/3/2024","19:00","77.574","shrub","high_gate","summer","high"
"38710","8/4/2024","1:00","77.574","shrub","high_gate","summer","high"
"38810","8/4/2024","7:00","75.832","shrub","high_gate","summer","high"
"38910","8/4/2024","13:00","76.181","shrub","high_gate","summer","high"
"39010","8/4/2024","19:00","77.749","shrub","high_gate","summer","high"
"39114","8/5/2024","1:00","77.4","shrub","high_gate","summer","high"
"39212","8/5/2024","7:00","75.659","shrub","high_gate","summer","high"
"39310","8/5/2024","13:00","76.354","shrub","high_gate","summer","high"
"39410","8/5/2024","19:00","78.098","shrub","high_gate","summer","high"
"39510","8/6/2024","1:00","77.05","shrub","high_gate","summer","high"
"39610","8/6/2024","7:00","75.659","shrub","high_gate","summer","high"
"39710","8/6/2024","13:00","76.354","shrub","high_gate","summer","high"
"39810","8/6/2024","19:00","77.749","shrub","high_gate","summer","high"
"39910","8/7/2024","1:00","76.876","shrub","high_gate","summer","high"
"40010","8/7/2024","7:00","74.791","shrub","high_gate","summer","high"
"40114","8/7/2024","13:00","75.484","shrub","high_gate","summer","high"
"40212","8/7/2024","19:00","76.703","shrub","high_gate","summer","high"
"40310","8/8/2024","1:00","75.832","shrub","high_gate","summer","high"
"40410","8/8/2024","7:00","72.891","shrub","high_gate","summer","high"
"40510","8/8/2024","13:00","73.58","shrub","high_gate","summer","high"
"40610","8/8/2024","19:00","75.832","shrub","high_gate","summer","high"
"40710","8/9/2024","1:00","75.139","shrub","high_gate","summer","high"
"40810","8/9/2024","7:00","73.234","shrub","high_gate","summer","high"
"40910","8/9/2024","13:00","73.753","shrub","high_gate","summer","high"
"41014","8/9/2024","19:00","74.098","shrub","high_gate","summer","high"
"41114","8/10/2024","1:00","70.824","shrub","high_gate","summer","high"
"41213","8/10/2024","7:00","69.964","shrub","high_gate","summer","high"
"41311","8/10/2024","13:00","71.168","shrub","high_gate","summer","high"
"41411","8/10/2024","19:00","73.926","shrub","high_gate","summer","high"
"41510","8/11/2024","1:00","73.926","shrub","high_gate","summer","high"
"41610","8/11/2024","7:00","72.199","shrub","high_gate","summer","high"
"41710","8/11/2024","13:00","72.545","shrub","high_gate","summer","high"
"41810","8/11/2024","19:00","74.791","shrub","high_gate","summer","high"
"41910","8/12/2024","1:00","74.619","shrub","high_gate","summer","high"
"42010","8/12/2024","7:00","73.407","shrub","high_gate","summer","high"
"42114","8/12/2024","13:00","74.098","shrub","high_gate","summer","high"
"42212","8/12/2024","19:00","75.484","shrub","high_gate","summer","high"
"42310","8/13/2024","1:00","70.824","shrub","high_gate","summer","high"
"42410","8/13/2024","7:00","69.107","shrub","high_gate","summer","high"
"42510","8/13/2024","13:00","74.964","shrub","high_gate","summer","high"
"42610","8/13/2024","19:00","74.098","shrub","high_gate","summer","high"
"42710","8/14/2024","1:00","69.107","shrub","high_gate","summer","high"
"42810","8/14/2024","7:00","67.392","shrub","high_gate","summer","high"
"42910","8/14/2024","13:00","76.181","shrub","high_gate","summer","high"
"43010","8/14/2024","19:00","75.484","shrub","high_gate","summer","high"
"43114","8/15/2024","1:00","70.48","shrub","high_gate","summer","high"
"43212","8/15/2024","7:00","67.735","shrub","high_gate","summer","high"
"43310","8/15/2024","13:00","74.098","shrub","high_gate","summer","high"
"43410","8/15/2024","19:00","75.832","shrub","high_gate","summer","high"
"43510","8/16/2024","1:00","70.48","shrub","high_gate","summer","high"
"43610","8/16/2024","7:00","67.735","shrub","high_gate","summer","high"
"43710","8/16/2024","13:00","74.446","shrub","high_gate","summer","high"
"43810","8/16/2024","19:00","76.006","shrub","high_gate","summer","high"
"43910","8/17/2024","1:00","71.683","shrub","high_gate","summer","high"
"44010","8/17/2024","7:00","68.421","shrub","high_gate","summer","high"
"44114","8/17/2024","13:00","75.832","shrub","high_gate","summer","high"
"44212","8/17/2024","19:00","73.062","shrub","high_gate","summer","high"
"44310","8/18/2024","1:00","69.793","shrub","high_gate","summer","high"
"44410","8/18/2024","7:00","68.421","shrub","high_gate","summer","high"
"44510","8/18/2024","13:00","74.619","shrub","high_gate","summer","high"
"44610","8/18/2024","19:00","77.749","shrub","high_gate","summer","high"
"44710","8/19/2024","1:00","71.683","shrub","high_gate","summer","high"
"44810","8/19/2024","7:00","69.793","shrub","high_gate","summer","high"
"44910","8/19/2024","13:00","74.791","shrub","high_gate","summer","high"
"45010","8/19/2024","19:00","76.876","shrub","high_gate","summer","high"
"45114","8/20/2024","1:00","73.407","shrub","high_gate","summer","high"
"45212","8/20/2024","7:00","70.824","shrub","high_gate","summer","high"
"45310","8/20/2024","13:00","76.006","shrub","high_gate","summer","high"
"45410","8/20/2024","19:00","77.05","shrub","high_gate","summer","high"
"45510","8/21/2024","1:00","72.891","shrub","high_gate","summer","high"
"45610","8/21/2024","7:00","68.934","shrub","high_gate","summer","high"
"45710","8/21/2024","13:00","74.619","shrub","high_gate","summer","high"
"45810","8/21/2024","19:00","75.832","shrub","high_gate","summer","high"
"45910","8/22/2024","1:00","70.137","shrub","high_gate","summer","high"
"46010","8/22/2024","7:00","67.564","shrub","high_gate","summer","high"
"46114","8/22/2024","13:00","73.58","shrub","high_gate","summer","high"
"46212","8/22/2024","19:00","76.181","shrub","high_gate","summer","high"
"46310","8/23/2024","1:00","71.512","shrub","high_gate","summer","high"
"46410","8/23/2024","7:00","69.107","shrub","high_gate","summer","high"
"46510","8/23/2024","13:00","75.312","shrub","high_gate","summer","high"
"2170","4/29/2024","19:00","60.368","open","low_gate","summer","low"
"3170","4/30/2024","1:00","57.785","open","low_gate","summer","low"
"4170","4/30/2024","7:00","56.923","open","low_gate","summer","low"
"5150","4/30/2024","13:00","58.131","open","low_gate","summer","low"
"6100","4/30/2024","19:00","53.798","open","low_gate","summer","low"
"750","5/1/2024","1:00","41.254","open","low_gate","summer","low"
"850","5/1/2024","7:00","35.758","open","low_gate","summer","low"
"950","5/1/2024","13:00","48.16","open","low_gate","summer","low"
"1050","5/1/2024","19:00","47.624","open","low_gate","summer","low"
"1150","5/2/2024","1:00","37.297","open","low_gate","summer","low"
"1250","5/2/2024","7:00","34.59","open","low_gate","summer","low"
"1350","5/2/2024","13:00","56.057","open","low_gate","summer","low"
"1450","5/2/2024","19:00","53.973","open","low_gate","summer","low"
"1550","5/3/2024","1:00","43.466","open","low_gate","summer","low"
"1650","5/3/2024","7:00","37.87","open","low_gate","summer","low"
"1750","5/3/2024","13:00","58.993","open","low_gate","summer","low"
"1850","5/3/2024","19:00","58.82","open","low_gate","summer","low"
"1950","5/4/2024","1:00","44.922","open","low_gate","summer","low"
"2050","5/4/2024","7:00","38.44","open","low_gate","summer","low"
"2180","5/4/2024","13:00","60.712","open","low_gate","summer","low"
"2250","5/4/2024","19:00","60.883","open","low_gate","summer","low"
"2350","5/5/2024","1:00","50.995","open","low_gate","summer","low"
"2450","5/5/2024","7:00","47.982","open","low_gate","summer","low"
"2550","5/5/2024","13:00","48.871","open","low_gate","summer","low"
"2650","5/5/2024","19:00","48.16","open","low_gate","summer","low"
"2750","5/6/2024","1:00","41.81","open","low_gate","summer","low"
"2850","5/6/2024","7:00","40.509","open","low_gate","summer","low"
"2950","5/6/2024","13:00","51.874","open","low_gate","summer","low"
"3050","5/6/2024","19:00","58.303","open","low_gate","summer","low"
"3180","5/7/2024","1:00","41.81","open","low_gate","summer","low"
"3250","5/7/2024","7:00","39.196","open","low_gate","summer","low"
"3350","5/7/2024","13:00","53.798","open","low_gate","summer","low"
"3450","5/7/2024","19:00","51.346","open","low_gate","summer","low"
"3550","5/8/2024","1:00","41.254","open","low_gate","summer","low"
"3650","5/8/2024","7:00","39.196","open","low_gate","summer","low"
"3750","5/8/2024","13:00","52.925","open","low_gate","summer","low"
"3850","5/8/2024","19:00","56.923","open","low_gate","summer","low"
"3950","5/9/2024","1:00","42.732","open","low_gate","summer","low"
"4050","5/9/2024","7:00","39.947","open","low_gate","summer","low"
"4180","5/9/2024","13:00","63.797","open","low_gate","summer","low"
"4250","5/9/2024","19:00","65.509","open","low_gate","summer","low"
"4350","5/10/2024","1:00","47.266","open","low_gate","summer","low"
"4450","5/10/2024","7:00","41.81","open","low_gate","summer","low"
"4550","5/10/2024","13:00","68.421","open","low_gate","summer","low"
"4650","5/10/2024","19:00","72.028","open","low_gate","summer","low"
"4739","5/11/2024","1:00","51.346","open","low_gate","summer","low"
"4839","5/11/2024","7:00","44.013","open","low_gate","summer","low"
"4939","5/11/2024","13:00","70.308","open","low_gate","summer","low"
"5039","5/11/2024","19:00","74.964","open","low_gate","summer","low"
"5158","5/12/2024","1:00","53.623","open","low_gate","summer","low"
"5239","5/12/2024","7:00","47.088","open","low_gate","summer","low"
"5339","5/12/2024","13:00","73.753","open","low_gate","summer","low"
"5439","5/12/2024","19:00","74.619","open","low_gate","summer","low"
"5539","5/13/2024","1:00","56.577","open","low_gate","summer","low"
"5639","5/13/2024","7:00","49.759","open","low_gate","summer","low"
"5739","5/13/2024","13:00","74.964","open","low_gate","summer","low"
"5839","5/13/2024","19:00","68.763","open","low_gate","summer","low"
"5939","5/14/2024","1:00","54.322","open","low_gate","summer","low"
"6039","5/14/2024","7:00","47.802","open","low_gate","summer","low"
"6139","5/14/2024","13:00","61.569","open","low_gate","summer","low"
"6239","5/14/2024","19:00","66.708","open","low_gate","summer","low"
"6339","5/15/2024","1:00","51.699","open","low_gate","summer","low"
"6416","5/15/2024","7:00","47.802","open","low_gate","summer","low"
"6516","5/15/2024","13:00","74.446","open","low_gate","summer","low"
"6616","5/15/2024","19:00","73.753","open","low_gate","summer","low"
"6713","5/16/2024","1:00","56.057","open","low_gate","summer","low"
"6811","5/16/2024","7:00","49.404","open","low_gate","summer","low"
"6911","5/16/2024","13:00","75.659","open","low_gate","summer","low"
"7011","5/16/2024","19:00","75.312","open","low_gate","summer","low"
"7115","5/17/2024","1:00","56.75","open","low_gate","summer","low"
"7213","5/17/2024","7:00","49.05","open","low_gate","summer","low"
"7311","5/17/2024","13:00","74.446","open","low_gate","summer","low"
"7411","5/17/2024","19:00","74.271","open","low_gate","summer","low"
"7511","5/18/2024","1:00","52.925","open","low_gate","summer","low"
"7611","5/18/2024","7:00","44.742","open","low_gate","summer","low"
"7711","5/18/2024","13:00","70.308","open","low_gate","summer","low"
"7811","5/18/2024","19:00","71.683","open","low_gate","summer","low"
"7911","5/19/2024","1:00","57.441","open","low_gate","summer","low"
"8011","5/19/2024","7:00","49.228","open","low_gate","summer","low"
"8115","5/19/2024","13:00","74.964","open","low_gate","summer","low"
"8213","5/19/2024","19:00","67.906","open","low_gate","summer","low"
"8311","5/20/2024","1:00","51.523","open","low_gate","summer","low"
"8411","5/20/2024","7:00","46.548","open","low_gate","summer","low"
"8511","5/20/2024","13:00","65.338","open","low_gate","summer","low"
"8611","5/20/2024","19:00","59.68","open","low_gate","summer","low"
"8711","5/21/2024","1:00","47.266","open","low_gate","summer","low"
"8811","5/21/2024","7:00","41.439","open","low_gate","summer","low"
"8911","5/21/2024","13:00","57.096","open","low_gate","summer","low"
"9011","5/21/2024","19:00","67.05","open","low_gate","summer","low"
"9115","5/22/2024","1:00","50.113","open","low_gate","summer","low"
"9213","5/22/2024","7:00","48.16","open","low_gate","summer","low"
"9311","5/22/2024","13:00","48.871","open","low_gate","summer","low"
"9411","5/22/2024","19:00","54.842","open","low_gate","summer","low"
"9511","5/23/2024","1:00","45.104","open","low_gate","summer","low"
"9611","5/23/2024","7:00","41.067","open","low_gate","summer","low"
"9711","5/23/2024","13:00","46.548","open","low_gate","summer","low"
"9811","5/23/2024","19:00","58.993","open","low_gate","summer","low"
"9911","5/24/2024","1:00","44.195","open","low_gate","summer","low"
"10011","5/24/2024","7:00","37.87","open","low_gate","summer","low"
"10115","5/24/2024","13:00","63.111","open","low_gate","summer","low"
"10213","5/24/2024","19:00","63.797","open","low_gate","summer","low"
"10311","5/25/2024","1:00","48.695","open","low_gate","summer","low"
"10411","5/25/2024","7:00","42.548","open","low_gate","summer","low"
"10511","5/25/2024","13:00","55.537","open","low_gate","summer","low"
"10611","5/25/2024","19:00","65.509","open","low_gate","summer","low"
"10711","5/26/2024","1:00","51.346","open","low_gate","summer","low"
"10811","5/26/2024","7:00","43.466","open","low_gate","summer","low"
"10911","5/26/2024","13:00","65.68","open","low_gate","summer","low"
"11011","5/26/2024","19:00","68.421","open","low_gate","summer","low"
"11115","5/27/2024","1:00","51.346","open","low_gate","summer","low"
"11213","5/27/2024","7:00","44.922","open","low_gate","summer","low"
"11311","5/27/2024","13:00","74.271","open","low_gate","summer","low"
"11411","5/27/2024","19:00","78.975","open","low_gate","summer","low"
"11511","5/28/2024","1:00","56.75","open","low_gate","summer","low"
"11611","5/28/2024","7:00","49.228","open","low_gate","summer","low"
"11711","5/28/2024","13:00","78.098","open","low_gate","summer","low"
"11811","5/28/2024","19:00","76.876","open","low_gate","summer","low"
"11911","5/29/2024","1:00","61.054","open","low_gate","summer","low"
"12011","5/29/2024","7:00","54.495","open","low_gate","summer","low"
"12115","5/29/2024","13:00","65.338","open","low_gate","summer","low"
"12213","5/29/2024","19:00","59.851","open","low_gate","summer","low"
"12311","5/30/2024","1:00","49.05","open","low_gate","summer","low"
"12411","5/30/2024","7:00","42.732","open","low_gate","summer","low"
"12511","5/30/2024","13:00","64.652","open","low_gate","summer","low"
"12611","5/30/2024","19:00","70.824","open","low_gate","summer","low"
"12711","5/31/2024","1:00","51.346","open","low_gate","summer","low"
"12811","5/31/2024","7:00","43.648","open","low_gate","summer","low"
"12911","5/31/2024","13:00","74.098","open","low_gate","summer","low"
"13011","5/31/2024","19:00","78.449","open","low_gate","summer","low"
"13115","6/1/2024","1:00","55.884","open","low_gate","summer","low"
"13213","6/1/2024","7:00","47.982","open","low_gate","summer","low"
"13311","6/1/2024","13:00","74.271","open","low_gate","summer","low"
"13411","6/1/2024","19:00","74.446","open","low_gate","summer","low"
"13511","6/2/2024","1:00","60.368","open","low_gate","summer","low"
"13611","6/2/2024","7:00","55.017","open","low_gate","summer","low"
"13711","6/2/2024","13:00","69.107","open","low_gate","summer","low"
"13811","6/2/2024","19:00","75.832","open","low_gate","summer","low"
"13911","6/3/2024","1:00","59.68","open","low_gate","summer","low"
"14011","6/3/2024","7:00","56.23","open","low_gate","summer","low"
"14115","6/3/2024","13:00","63.797","open","low_gate","summer","low"
"14213","6/3/2024","19:00","68.763","open","low_gate","summer","low"
"14311","6/4/2024","1:00","56.23","open","low_gate","summer","low"
"14411","6/4/2024","7:00","48.339","open","low_gate","summer","low"
"14511","6/4/2024","13:00","78.449","open","low_gate","summer","low"
"14611","6/4/2024","19:00","77.923","open","low_gate","summer","low"
"14711","6/5/2024","1:00","61.054","open","low_gate","summer","low"
"14811","6/5/2024","7:00","53.274","open","low_gate","summer","low"
"14911","6/5/2024","13:00","82.33","open","low_gate","summer","low"
"15011","6/5/2024","19:00","85.194","open","low_gate","summer","low"
"15115","6/6/2024","1:00","63.111","open","low_gate","summer","low"
"15213","6/6/2024","7:00","54.669","open","low_gate","summer","low"
"15311","6/6/2024","13:00","85.014","open","low_gate","summer","low"
"15411","6/6/2024","19:00","82.864","open","low_gate","summer","low"
"15511","6/7/2024","1:00","65.167","open","low_gate","summer","low"
"15611","6/7/2024","7:00","57.268","open","low_gate","summer","low"
"15711","6/7/2024","13:00","86.641","open","low_gate","summer","low"
"15811","6/7/2024","19:00","85.014","open","low_gate","summer","low"
"15911","6/8/2024","1:00","64.996","open","low_gate","summer","low"
"16011","6/8/2024","7:00","56.404","open","low_gate","summer","low"
"16115","6/8/2024","13:00","85.194","open","low_gate","summer","low"
"16213","6/8/2024","19:00","88.833","open","low_gate","summer","low"
"16311","6/9/2024","1:00","65.68","open","low_gate","summer","low"
"16411","6/9/2024","7:00","60.368","open","low_gate","summer","low"
"16511","6/9/2024","13:00","82.152","open","low_gate","summer","low"
"16611","6/9/2024","19:00","69.964","open","low_gate","summer","low"
"16711","6/10/2024","1:00","60.195","open","low_gate","summer","low"
"16811","6/10/2024","7:00","55.537","open","low_gate","summer","low"
"16911","6/10/2024","13:00","80.735","open","low_gate","summer","low"
"17011","6/10/2024","19:00","76.354","open","low_gate","summer","low"
"17115","6/11/2024","1:00","58.993","open","low_gate","summer","low"
"17213","6/11/2024","7:00","52.05","open","low_gate","summer","low"
"17311","6/11/2024","13:00","82.864","open","low_gate","summer","low"
"17411","6/11/2024","19:00","86.641","open","low_gate","summer","low"
"17511","6/12/2024","1:00","63.968","open","low_gate","summer","low"
"17611","6/12/2024","7:00","54.842","open","low_gate","summer","low"
"17711","6/12/2024","13:00","84.834","open","low_gate","summer","low"
"17811","6/12/2024","19:00","87.368","open","low_gate","summer","low"
"17911","6/13/2024","1:00","64.139","open","low_gate","summer","low"
"18011","6/13/2024","7:00","56.404","open","low_gate","summer","low"
"18115","6/13/2024","13:00","86.823","open","low_gate","summer","low"
"18213","6/13/2024","19:00","92.55","open","low_gate","summer","low"
"18311","6/14/2024","1:00","69.793","open","low_gate","summer","low"
"18411","6/14/2024","7:00","63.111","open","low_gate","summer","low"
"18511","6/14/2024","13:00","89.938","open","low_gate","summer","low"
"18611","6/14/2024","19:00","90.68","open","low_gate","summer","low"
"18711","6/15/2024","1:00","68.077","open","low_gate","summer","low"
"18811","6/15/2024","7:00","61.569","open","low_gate","summer","low"
"18911","6/15/2024","13:00","83.935","open","low_gate","summer","low"
"19011","6/15/2024","19:00","78.624","open","low_gate","summer","low"
"19115","6/16/2024","1:00","61.054","open","low_gate","summer","low"
"19213","6/16/2024","7:00","52.225","open","low_gate","summer","low"
"19311","6/16/2024","13:00","85.915","open","low_gate","summer","low"
"19411","6/16/2024","19:00","84.834","open","low_gate","summer","low"
"19511","6/17/2024","1:00","65.68","open","low_gate","summer","low"
"19611","6/17/2024","7:00","59.851","open","low_gate","summer","low"
"19711","6/17/2024","13:00","63.111","open","low_gate","summer","low"
"19811","6/17/2024","19:00","64.825","open","low_gate","summer","low"
"19911","6/18/2024","1:00","51.346","open","low_gate","summer","low"
"20011","6/18/2024","7:00","47.088","open","low_gate","summer","low"
"20115","6/18/2024","13:00","71.339","open","low_gate","summer","low"
"20213","6/18/2024","19:00","75.659","open","low_gate","summer","low"
"20311","6/19/2024","1:00","53.623","open","low_gate","summer","low"
"20411","6/19/2024","7:00","46.728","open","low_gate","summer","low"
"20511","6/19/2024","13:00","81.975","open","low_gate","summer","low"
"20611","6/19/2024","19:00","88.65","open","low_gate","summer","low"
"20711","6/20/2024","1:00","59.164","open","low_gate","summer","low"
"20811","6/20/2024","7:00","52.925","open","low_gate","summer","low"
"20911","6/20/2024","13:00","87.915","open","low_gate","summer","low"
"21015","6/20/2024","19:00","96.361","open","low_gate","summer","low"
"21115","6/21/2024","1:00","66.193","open","low_gate","summer","low"
"21214","6/21/2024","7:00","59.164","open","low_gate","summer","low"
"21312","6/21/2024","13:00","92.363","open","low_gate","summer","low"
"21412","6/21/2024","19:00","96.361","open","low_gate","summer","low"
"21511","6/22/2024","1:00","69.278","open","low_gate","summer","low"
"21611","6/22/2024","7:00","59.508","open","low_gate","summer","low"
"21711","6/22/2024","13:00","93.115","open","low_gate","summer","low"
"21811","6/22/2024","19:00","96.555","open","low_gate","summer","low"
"21911","6/23/2024","1:00","68.763","open","low_gate","summer","low"
"22011","6/23/2024","7:00","61.054","open","low_gate","summer","low"
"22115","6/23/2024","13:00","94.062","open","low_gate","summer","low"
"22213","6/23/2024","19:00","96.555","open","low_gate","summer","low"
"22311","6/24/2024","1:00","69.964","open","low_gate","summer","low"
"22411","6/24/2024","7:00","61.569","open","low_gate","summer","low"
"22511","6/24/2024","13:00","94.253","open","low_gate","summer","low"
"22611","6/24/2024","19:00","97.137","open","low_gate","summer","low"
"22711","6/25/2024","1:00","69.793","open","low_gate","summer","low"
"22811","6/25/2024","7:00","61.227","open","low_gate","summer","low"
"22911","6/25/2024","13:00","95.4","open","low_gate","summer","low"
"23011","6/25/2024","19:00","97.916","open","low_gate","summer","low"
"23115","6/26/2024","1:00","72.545","open","low_gate","summer","low"
"23213","6/26/2024","7:00","66.193","open","low_gate","summer","low"
"23311","6/26/2024","13:00","77.225","open","low_gate","summer","low"
"23411","6/26/2024","19:00","85.374","open","low_gate","summer","low"
"23511","6/27/2024","1:00","68.934","open","low_gate","summer","low"
"23611","6/27/2024","7:00","63.797","open","low_gate","summer","low"
"23711","6/27/2024","13:00","85.554","open","low_gate","summer","low"
"23811","6/27/2024","19:00","89.755","open","low_gate","summer","low"
"23911","6/28/2024","1:00","66.366","open","low_gate","summer","low"
"24011","6/28/2024","7:00","57.958","open","low_gate","summer","low"
"24115","6/28/2024","13:00","87.733","open","low_gate","summer","low"
"24213","6/28/2024","19:00","86.097","open","low_gate","summer","low"
"24311","6/29/2024","1:00","64.996","open","low_gate","summer","low"
"24411","6/29/2024","7:00","58.303","open","low_gate","summer","low"
"24511","6/29/2024","13:00","89.017","open","low_gate","summer","low"
"24611","6/29/2024","19:00","95.59","open","low_gate","summer","low"
"24711","6/30/2024","1:00","72.545","open","low_gate","summer","low"
"24811","6/30/2024","7:00","66.537","open","low_gate","summer","low"
"24911","6/30/2024","13:00","88.466","open","low_gate","summer","low"
"25011","6/30/2024","19:00","90.124","open","low_gate","summer","low"
"25115","7/1/2024","1:00","71.512","open","low_gate","summer","low"
"25213","7/1/2024","7:00","64.481","open","low_gate","summer","low"
"25311","7/1/2024","13:00","74.098","open","low_gate","summer","low"
"25411","7/1/2024","19:00","66.193","open","low_gate","summer","low"
"25511","7/2/2024","1:00","56.923","open","low_gate","summer","low"
"25611","7/2/2024","7:00","50.29","open","low_gate","summer","low"
"25711","7/2/2024","13:00","77.749","open","low_gate","summer","low"
"25811","7/2/2024","19:00","80.911","open","low_gate","summer","low"
"25911","7/3/2024","1:00","60.539","open","low_gate","summer","low"
"26011","7/3/2024","7:00","54.322","open","low_gate","summer","low"
"26115","7/3/2024","13:00","75.484","open","low_gate","summer","low"
"26213","7/3/2024","19:00","82.152","open","low_gate","summer","low"
"26311","7/4/2024","1:00","60.712","open","low_gate","summer","low"
"26411","7/4/2024","7:00","53.798","open","low_gate","summer","low"
"26511","7/4/2024","13:00","83.221","open","low_gate","summer","low"
"26611","7/4/2024","19:00","83.399","open","low_gate","summer","low"
"26711","7/5/2024","1:00","63.111","open","low_gate","summer","low"
"26811","7/5/2024","7:00","56.577","open","low_gate","summer","low"
"26911","7/5/2024","13:00","85.915","open","low_gate","summer","low"
"27011","7/5/2024","19:00","92.363","open","low_gate","summer","low"
"27115","7/6/2024","1:00","68.077","open","low_gate","summer","low"
"27213","7/6/2024","7:00","59.851","open","low_gate","summer","low"
"27311","7/6/2024","13:00","87.004","open","low_gate","summer","low"
"27411","7/6/2024","19:00","93.682","open","low_gate","summer","low"
"27511","7/7/2024","1:00","69.449","open","low_gate","summer","low"
"27611","7/7/2024","7:00","61.912","open","low_gate","summer","low"
"27711","7/7/2024","13:00","87.004","open","low_gate","summer","low"
"27811","7/7/2024","19:00","94.633","open","low_gate","summer","low"
"27911","7/8/2024","1:00","69.964","open","low_gate","summer","low"
"28011","7/8/2024","7:00","62.254","open","low_gate","summer","low"
"28115","7/8/2024","13:00","91.053","open","low_gate","summer","low"
"28213","7/8/2024","19:00","97.916","open","low_gate","summer","low"
"28311","7/9/2024","1:00","72.545","open","low_gate","summer","low"
"28411","7/9/2024","7:00","64.825","open","low_gate","summer","low"
"28511","7/9/2024","13:00","93.682","open","low_gate","summer","low"
"28611","7/9/2024","19:00","102.9","open","low_gate","summer","low"
"28711","7/10/2024","1:00","73.58","open","low_gate","summer","low"
"28811","7/10/2024","7:00","61.569","open","low_gate","summer","low"
"28911","7/10/2024","13:00","94.633","open","low_gate","summer","low"
"29011","7/10/2024","19:00","77.4","open","low_gate","summer","low"
"29115","7/11/2024","1:00","76.876","open","low_gate","summer","low"
"29213","7/11/2024","7:00","74.446","open","low_gate","summer","low"
"29311","7/11/2024","13:00","75.312","open","low_gate","summer","low"
"29411","7/11/2024","19:00","77.574","open","low_gate","summer","low"
"29511","7/12/2024","1:00","77.225","open","low_gate","summer","low"
"29611","7/12/2024","7:00","74.964","open","low_gate","summer","low"
"29711","7/12/2024","13:00","75.832","open","low_gate","summer","low"
"29811","7/12/2024","19:00","77.923","open","low_gate","summer","low"
"29911","7/13/2024","1:00","77.574","open","low_gate","summer","low"
"30011","7/13/2024","7:00","75.312","open","low_gate","summer","low"
"30115","7/13/2024","13:00","76.006","open","low_gate","summer","low"
"30213","7/13/2024","19:00","78.098","open","low_gate","summer","low"
"30311","7/14/2024","1:00","77.574","open","low_gate","summer","low"
"30411","7/14/2024","7:00","76.528","open","low_gate","summer","low"
"30511","7/14/2024","13:00","77.574","open","low_gate","summer","low"
"30611","7/14/2024","19:00","79.151","open","low_gate","summer","low"
"30711","7/15/2024","1:00","78.8","open","low_gate","summer","low"
"30811","7/15/2024","7:00","76.876","open","low_gate","summer","low"
"30911","7/15/2024","13:00","77.574","open","low_gate","summer","low"
"31015","7/15/2024","19:00","78.449","open","low_gate","summer","low"
"31115","7/16/2024","1:00","78.098","open","low_gate","summer","low"
"31214","7/16/2024","7:00","76.006","open","low_gate","summer","low"
"31312","7/16/2024","13:00","76.006","open","low_gate","summer","low"
"31412","7/16/2024","19:00","77.4","open","low_gate","summer","low"
"31511","7/17/2024","1:00","77.225","open","low_gate","summer","low"
"31611","7/17/2024","7:00","75.139","open","low_gate","summer","low"
"31711","7/17/2024","13:00","76.181","open","low_gate","summer","low"
"31811","7/17/2024","19:00","78.098","open","low_gate","summer","low"
"31911","7/18/2024","1:00","77.05","open","low_gate","summer","low"
"32011","7/18/2024","7:00","75.139","open","low_gate","summer","low"
"32115","7/18/2024","13:00","75.659","open","low_gate","summer","low"
"32213","7/18/2024","19:00","78.098","open","low_gate","summer","low"
"32311","7/19/2024","1:00","77.4","open","low_gate","summer","low"
"32411","7/19/2024","7:00","75.484","open","low_gate","summer","low"
"32511","7/19/2024","13:00","76.876","open","low_gate","summer","low"
"32611","7/19/2024","19:00","78.449","open","low_gate","summer","low"
"32711","7/20/2024","1:00","77.574","open","low_gate","summer","low"
"32811","7/20/2024","7:00","75.484","open","low_gate","summer","low"
"32911","7/20/2024","13:00","76.006","open","low_gate","summer","low"
"33011","7/20/2024","19:00","78.098","open","low_gate","summer","low"
"33115","7/21/2024","1:00","77.923","open","low_gate","summer","low"
"33213","7/21/2024","7:00","76.006","open","low_gate","summer","low"
"33311","7/21/2024","13:00","76.354","open","low_gate","summer","low"
"33411","7/21/2024","19:00","78.8","open","low_gate","summer","low"
"33511","7/22/2024","1:00","78.449","open","low_gate","summer","low"
"33611","7/22/2024","7:00","76.528","open","low_gate","summer","low"
"33711","7/22/2024","13:00","77.225","open","low_gate","summer","low"
"33811","7/22/2024","19:00","78.8","open","low_gate","summer","low"
"33911","7/23/2024","1:00","77.749","open","low_gate","summer","low"
"34011","7/23/2024","7:00","74.791","open","low_gate","summer","low"
"34115","7/23/2024","13:00","76.006","open","low_gate","summer","low"
"34213","7/23/2024","19:00","77.923","open","low_gate","summer","low"
"34311","7/24/2024","1:00","77.4","open","low_gate","summer","low"
"34411","7/24/2024","7:00","75.659","open","low_gate","summer","low"
"34511","7/24/2024","13:00","76.181","open","low_gate","summer","low"
"34611","7/24/2024","19:00","77.923","open","low_gate","summer","low"
"34711","7/25/2024","1:00","77.574","open","low_gate","summer","low"
"34811","7/25/2024","7:00","76.181","open","low_gate","summer","low"
"34911","7/25/2024","13:00","76.876","open","low_gate","summer","low"
"35011","7/25/2024","19:00","77.574","open","low_gate","summer","low"
"35115","7/26/2024","1:00","76.528","open","low_gate","summer","low"
"35213","7/26/2024","7:00","74.791","open","low_gate","summer","low"
"35311","7/26/2024","13:00","75.312","open","low_gate","summer","low"
"35411","7/26/2024","19:00","76.876","open","low_gate","summer","low"
"35511","7/27/2024","1:00","76.006","open","low_gate","summer","low"
"35611","7/27/2024","7:00","74.271","open","low_gate","summer","low"
"35711","7/27/2024","13:00","73.062","open","low_gate","summer","low"
"35811","7/27/2024","19:00","74.098","open","low_gate","summer","low"
"35911","7/28/2024","1:00","72.891","open","low_gate","summer","low"
"36011","7/28/2024","7:00","71.683","open","low_gate","summer","low"
"36115","7/28/2024","13:00","72.372","open","low_gate","summer","low"
"36213","7/28/2024","19:00","74.791","open","low_gate","summer","low"
"36311","7/29/2024","1:00","74.098","open","low_gate","summer","low"
"36411","7/29/2024","7:00","72.372","open","low_gate","summer","low"
"36511","7/29/2024","13:00","73.58","open","low_gate","summer","low"
"36611","7/29/2024","19:00","75.139","open","low_gate","summer","low"
"36711","7/30/2024","1:00","74.098","open","low_gate","summer","low"
"36811","7/30/2024","7:00","72.199","open","low_gate","summer","low"
"36911","7/30/2024","13:00","73.407","open","low_gate","summer","low"
"37011","7/30/2024","19:00","75.484","open","low_gate","summer","low"
"37115","7/31/2024","1:00","74.098","open","low_gate","summer","low"
"37213","7/31/2024","7:00","72.545","open","low_gate","summer","low"
"37311","7/31/2024","13:00","73.234","open","low_gate","summer","low"
"37411","7/31/2024","19:00","75.139","open","low_gate","summer","low"
"37511","8/1/2024","1:00","74.271","open","low_gate","summer","low"
"37611","8/1/2024","7:00","72.199","open","low_gate","summer","low"
"37711","8/1/2024","13:00","73.062","open","low_gate","summer","low"
"37811","8/1/2024","19:00","75.139","open","low_gate","summer","low"
"37911","8/2/2024","1:00","74.964","open","low_gate","summer","low"
"38011","8/2/2024","7:00","73.234","open","low_gate","summer","low"
"38115","8/2/2024","13:00","74.098","open","low_gate","summer","low"
"38213","8/2/2024","19:00","75.832","open","low_gate","summer","low"
"38311","8/3/2024","1:00","75.659","open","low_gate","summer","low"
"38411","8/3/2024","7:00","74.098","open","low_gate","summer","low"
"38511","8/3/2024","13:00","75.139","open","low_gate","summer","low"
"38611","8/3/2024","19:00","77.574","open","low_gate","summer","low"
"38711","8/4/2024","1:00","77.574","open","low_gate","summer","low"
"38811","8/4/2024","7:00","76.006","open","low_gate","summer","low"
"38911","8/4/2024","13:00","76.181","open","low_gate","summer","low"
"39011","8/4/2024","19:00","77.749","open","low_gate","summer","low"
"39115","8/5/2024","1:00","77.4","open","low_gate","summer","low"
"39213","8/5/2024","7:00","75.659","open","low_gate","summer","low"
"39311","8/5/2024","13:00","76.354","open","low_gate","summer","low"
"39411","8/5/2024","19:00","78.098","open","low_gate","summer","low"
"39511","8/6/2024","1:00","77.225","open","low_gate","summer","low"
"39611","8/6/2024","7:00","75.659","open","low_gate","summer","low"
"39711","8/6/2024","13:00","76.354","open","low_gate","summer","low"
"39811","8/6/2024","19:00","77.749","open","low_gate","summer","low"
"39911","8/7/2024","1:00","76.876","open","low_gate","summer","low"
"40011","8/7/2024","7:00","74.964","open","low_gate","summer","low"
"40115","8/7/2024","13:00","75.484","open","low_gate","summer","low"
"40213","8/7/2024","19:00","76.528","open","low_gate","summer","low"
"40311","8/8/2024","1:00","75.832","open","low_gate","summer","low"
"40411","8/8/2024","7:00","73.062","open","low_gate","summer","low"
"40511","8/8/2024","13:00","73.407","open","low_gate","summer","low"
"40611","8/8/2024","19:00","75.659","open","low_gate","summer","low"
"40711","8/9/2024","1:00","75.139","open","low_gate","summer","low"
"40811","8/9/2024","7:00","73.407","open","low_gate","summer","low"
"40911","8/9/2024","13:00","73.753","open","low_gate","summer","low"
"41015","8/9/2024","19:00","74.098","open","low_gate","summer","low"
"41115","8/10/2024","1:00","70.995","open","low_gate","summer","low"
"41214","8/10/2024","7:00","69.964","open","low_gate","summer","low"
"41312","8/10/2024","13:00","71.168","open","low_gate","summer","low"
"41412","8/10/2024","19:00","73.926","open","low_gate","summer","low"
"41511","8/11/2024","1:00","73.926","open","low_gate","summer","low"
"41611","8/11/2024","7:00","72.199","open","low_gate","summer","low"
"41711","8/11/2024","13:00","72.545","open","low_gate","summer","low"
"41811","8/11/2024","19:00","74.791","open","low_gate","summer","low"
"41911","8/12/2024","1:00","74.619","open","low_gate","summer","low"
"42011","8/12/2024","7:00","73.407","open","low_gate","summer","low"
"42115","8/12/2024","13:00","73.926","open","low_gate","summer","low"
"42213","8/12/2024","19:00","75.312","open","low_gate","summer","low"
"42311","8/13/2024","1:00","70.824","open","low_gate","summer","low"
"42411","8/13/2024","7:00","69.278","open","low_gate","summer","low"
"42511","8/13/2024","13:00","74.619","open","low_gate","summer","low"
"42611","8/13/2024","19:00","73.926","open","low_gate","summer","low"
"42711","8/14/2024","1:00","69.107","open","low_gate","summer","low"
"42811","8/14/2024","7:00","67.735","open","low_gate","summer","low"
"42911","8/14/2024","13:00","75.832","open","low_gate","summer","low"
"43011","8/14/2024","19:00","75.139","open","low_gate","summer","low"
"43115","8/15/2024","1:00","70.48","open","low_gate","summer","low"
"43213","8/15/2024","7:00","67.906","open","low_gate","summer","low"
"43311","8/15/2024","13:00","73.753","open","low_gate","summer","low"
"43411","8/15/2024","19:00","75.484","open","low_gate","summer","low"
"43511","8/16/2024","1:00","70.48","open","low_gate","summer","low"
"43611","8/16/2024","7:00","67.906","open","low_gate","summer","low"
"43711","8/16/2024","13:00","74.271","open","low_gate","summer","low"
"43811","8/16/2024","19:00","75.484","open","low_gate","summer","low"
"43911","8/17/2024","1:00","71.683","open","low_gate","summer","low"
"44011","8/17/2024","7:00","68.592","open","low_gate","summer","low"
"44115","8/17/2024","13:00","75.484","open","low_gate","summer","low"
"44213","8/17/2024","19:00","73.062","open","low_gate","summer","low"
"44311","8/18/2024","1:00","69.793","open","low_gate","summer","low"
"44411","8/18/2024","7:00","68.592","open","low_gate","summer","low"
"44511","8/18/2024","13:00","74.271","open","low_gate","summer","low"
"44611","8/18/2024","19:00","77.4","open","low_gate","summer","low"
"44711","8/19/2024","1:00","71.683","open","low_gate","summer","low"
"44811","8/19/2024","7:00","69.793","open","low_gate","summer","low"
"44911","8/19/2024","13:00","74.446","open","low_gate","summer","low"
"45011","8/19/2024","19:00","76.354","open","low_gate","summer","low"
"45115","8/20/2024","1:00","73.407","open","low_gate","summer","low"
"45213","8/20/2024","7:00","70.824","open","low_gate","summer","low"
"45311","8/20/2024","13:00","75.659","open","low_gate","summer","low"
"45411","8/20/2024","19:00","76.703","open","low_gate","summer","low"
"45511","8/21/2024","1:00","72.718","open","low_gate","summer","low"
"45611","8/21/2024","7:00","68.934","open","low_gate","summer","low"
"45711","8/21/2024","13:00","74.271","open","low_gate","summer","low"
"45811","8/21/2024","19:00","75.484","open","low_gate","summer","low"
"45911","8/22/2024","1:00","70.308","open","low_gate","summer","low"
"46011","8/22/2024","7:00","67.735","open","low_gate","summer","low"
"46115","8/22/2024","13:00","73.407","open","low_gate","summer","low"
"46213","8/22/2024","19:00","75.832","open","low_gate","summer","low"
"46311","8/23/2024","1:00","71.512","open","low_gate","summer","low"
"46411","8/23/2024","7:00","69.278","open","low_gate","summer","low"
"46511","8/23/2024","13:00","75.139","open","low_gate","summer","low"
"4668","8/23/2024","13:04","","open","low_gate","summer","low"
"4678","8/23/2024","13:04","","open","low_gate","summer","low"
"4688","8/23/2024","13:04","","open","low_gate","summer","low"
"2190","4/29/2024","19:00","60.024","open","high_north","summer","high"
"3190","4/30/2024","1:00","57.441","open","high_north","summer","high"
"4190","4/30/2024","7:00","56.75","open","high_north","summer","high"
"5159","4/30/2024","13:00","56.23","open","high_north","summer","high"
"6108","4/30/2024","19:00","59.508","open","high_north","summer","high"
"760","5/1/2024","1:00","43.831","open","high_north","summer","high"
"860","5/1/2024","7:00","32.815","open","high_north","summer","high"
"960","5/1/2024","13:00","46.188","open","high_north","summer","high"
"1060","5/1/2024","19:00","43.099","open","high_north","summer","high"
"1160","5/2/2024","1:00","36.145","open","high_north","summer","high"
"1260","5/2/2024","7:00","34.198","open","high_north","summer","high"
"1360","5/2/2024","13:00","50.29","open","high_north","summer","high"
"1460","5/2/2024","19:00","51.346","open","high_north","summer","high"
"1560","5/3/2024","1:00","42.179","open","high_north","summer","high"
"1660","5/3/2024","7:00","36.723","open","high_north","summer","high"
"1760","5/3/2024","13:00","48.871","open","high_north","summer","high"
"1860","5/3/2024","19:00","54.495","open","high_north","summer","high"
"1960","5/4/2024","1:00","43.099","open","high_north","summer","high"
"2060","5/4/2024","7:00","38.061","open","high_north","summer","high"
"21100","5/4/2024","13:00","55.364","open","high_north","summer","high"
"2260","5/4/2024","19:00","56.404","open","high_north","summer","high"
"2360","5/5/2024","1:00","48.695","open","high_north","summer","high"
"2460","5/5/2024","7:00","46.188","open","high_north","summer","high"
"2560","5/5/2024","13:00","45.286","open","high_north","summer","high"
"2660","5/5/2024","19:00","44.922","open","high_north","summer","high"
"2760","5/6/2024","1:00","40.696","open","high_north","summer","high"
"2860","5/6/2024","7:00","39.384","open","high_north","summer","high"
"2960","5/6/2024","13:00","46.369","open","high_north","summer","high"
"3060","5/6/2024","19:00","49.228","open","high_north","summer","high"
"31100","5/7/2024","1:00","39.384","open","high_north","summer","high"
"3260","5/7/2024","7:00","36.531","open","high_north","summer","high"
"3360","5/7/2024","13:00","46.728","open","high_north","summer","high"
"3460","5/7/2024","19:00","49.759","open","high_north","summer","high"
"3560","5/8/2024","1:00","39.76","open","high_north","summer","high"
"3660","5/8/2024","7:00","37.107","open","high_north","summer","high"
"3760","5/8/2024","13:00","47.266","open","high_north","summer","high"
"3860","5/8/2024","19:00","50.29","open","high_north","summer","high"
"3960","5/9/2024","1:00","40.509","open","high_north","summer","high"
"4060","5/9/2024","7:00","37.87","open","high_north","summer","high"
"41100","5/9/2024","13:00","55.711","open","high_north","summer","high"
"4260","5/9/2024","19:00","56.577","open","high_north","summer","high"
"4360","5/10/2024","1:00","44.742","open","high_north","summer","high"
"4460","5/10/2024","7:00","39.384","open","high_north","summer","high"
"4560","5/10/2024","13:00","62.425","open","high_north","summer","high"
"4660","5/10/2024","19:00","66.366","open","high_north","summer","high"
"4740","5/11/2024","1:00","50.113","open","high_north","summer","high"
"4840","5/11/2024","7:00","43.466","open","high_north","summer","high"
"4940","5/11/2024","13:00","64.652","open","high_north","summer","high"
"5040","5/11/2024","19:00","66.708","open","high_north","summer","high"
"5160","5/12/2024","1:00","52.05","open","high_north","summer","high"
"5240","5/12/2024","7:00","45.286","open","high_north","summer","high"
"5340","5/12/2024","13:00","67.221","open","high_north","summer","high"
"5440","5/12/2024","19:00","67.735","open","high_north","summer","high"
"5540","5/13/2024","1:00","54.842","open","high_north","summer","high"
"5640","5/13/2024","7:00","48.16","open","high_north","summer","high"
"5740","5/13/2024","13:00","68.248","open","high_north","summer","high"
"5840","5/13/2024","19:00","62.94","open","high_north","summer","high"
"5940","5/14/2024","1:00","52.576","open","high_north","summer","high"
"6040","5/14/2024","7:00","47.446","open","high_north","summer","high"
"6140","5/14/2024","13:00","59.337","open","high_north","summer","high"
"6240","5/14/2024","19:00","61.912","open","high_north","summer","high"
"6340","5/15/2024","1:00","50.819","open","high_north","summer","high"
"6417","5/15/2024","7:00","47.446","open","high_north","summer","high"
"6517","5/15/2024","13:00","63.455","open","high_north","summer","high"
"6617","5/15/2024","19:00","64.996","open","high_north","summer","high"
"6714","5/16/2024","1:00","52.75","open","high_north","summer","high"
"6812","5/16/2024","7:00","46.908","open","high_north","summer","high"
"6912","5/16/2024","13:00","68.077","open","high_north","summer","high"
"7012","5/16/2024","19:00","66.708","open","high_north","summer","high"
"7116","5/17/2024","1:00","52.576","open","high_north","summer","high"
"7214","5/17/2024","7:00","46.369","open","high_north","summer","high"
"7312","5/17/2024","13:00","65.338","open","high_north","summer","high"
"7412","5/17/2024","19:00","63.968","open","high_north","summer","high"
"7512","5/18/2024","1:00","48.695","open","high_north","summer","high"
"7612","5/18/2024","7:00","41.625","open","high_north","summer","high"
"7712","5/18/2024","13:00","63.455","open","high_north","summer","high"
"7812","5/18/2024","19:00","64.139","open","high_north","summer","high"
"7912","5/19/2024","1:00","53.449","open","high_north","summer","high"
"8012","5/19/2024","7:00","46.728","open","high_north","summer","high"
"8116","5/19/2024","13:00","63.455","open","high_north","summer","high"
"8214","5/19/2024","19:00","61.741","open","high_north","summer","high"
"8312","5/20/2024","1:00","49.05","open","high_north","summer","high"
"8412","5/20/2024","7:00","43.648","open","high_north","summer","high"
"8512","5/20/2024","13:00","61.054","open","high_north","summer","high"
"8612","5/20/2024","19:00","58.476","open","high_north","summer","high"
"8712","5/21/2024","1:00","47.802","open","high_north","summer","high"
"8812","5/21/2024","7:00","41.81","open","high_north","summer","high"
"8912","5/21/2024","13:00","56.75","open","high_north","summer","high"
"9012","5/21/2024","19:00","60.195","open","high_north","summer","high"
"9116","5/22/2024","1:00","48.517","open","high_north","summer","high"
"9214","5/22/2024","7:00","46.369","open","high_north","summer","high"
"9312","5/22/2024","13:00","46.188","open","high_north","summer","high"
"9412","5/22/2024","19:00","50.29","open","high_north","summer","high"
"9512","5/23/2024","1:00","43.099","open","high_north","summer","high"
"9612","5/23/2024","7:00","40.696","open","high_north","summer","high"
"9712","5/23/2024","13:00","41.254","open","high_north","summer","high"
"9812","5/23/2024","19:00","50.466","open","high_north","summer","high"
"9912","5/24/2024","1:00","42.179","open","high_north","summer","high"
"10012","5/24/2024","7:00","37.679","open","high_north","summer","high"
"10116","5/24/2024","13:00","55.711","open","high_north","summer","high"
"10214","5/24/2024","19:00","57.096","open","high_north","summer","high"
"10312","5/25/2024","1:00","46.008","open","high_north","summer","high"
"10412","5/25/2024","7:00","40.881","open","high_north","summer","high"
"10512","5/25/2024","13:00","50.29","open","high_north","summer","high"
"10612","5/25/2024","19:00","55.189","open","high_north","summer","high"
"10712","5/26/2024","1:00","47.802","open","high_north","summer","high"
"10812","5/26/2024","7:00","41.625","open","high_north","summer","high"
"10912","5/26/2024","13:00","62.083","open","high_north","summer","high"
"11012","5/26/2024","19:00","64.825","open","high_north","summer","high"
"11116","5/27/2024","1:00","51.523","open","high_north","summer","high"
"11214","5/27/2024","7:00","44.195","open","high_north","summer","high"
"11312","5/27/2024","13:00","67.735","open","high_north","summer","high"
"11412","5/27/2024","19:00","70.824","open","high_north","summer","high"
"11512","5/28/2024","1:00","53.798","open","high_north","summer","high"
"11612","5/28/2024","7:00","47.266","open","high_north","summer","high"
"11712","5/28/2024","13:00","72.199","open","high_north","summer","high"
"11812","5/28/2024","19:00","72.718","open","high_north","summer","high"
"11912","5/29/2024","1:00","58.82","open","high_north","summer","high"
"12012","5/29/2024","7:00","52.576","open","high_north","summer","high"
"12116","5/29/2024","13:00","58.131","open","high_north","summer","high"
"12214","5/29/2024","19:00","58.82","open","high_north","summer","high"
"12312","5/30/2024","1:00","48.517","open","high_north","summer","high"
"12412","5/30/2024","7:00","42.179","open","high_north","summer","high"
"12512","5/30/2024","13:00","58.82","open","high_north","summer","high"
"12612","5/30/2024","19:00","62.254","open","high_north","summer","high"
"12712","5/31/2024","1:00","50.466","open","high_north","summer","high"
"12812","5/31/2024","7:00","42.548","open","high_north","summer","high"
"12912","5/31/2024","13:00","68.592","open","high_north","summer","high"
"13012","5/31/2024","19:00","71.683","open","high_north","summer","high"
"13116","6/1/2024","1:00","54.495","open","high_north","summer","high"
"13214","6/1/2024","7:00","47.624","open","high_north","summer","high"
"13312","6/1/2024","13:00","71.339","open","high_north","summer","high"
"13412","6/1/2024","19:00","69.964","open","high_north","summer","high"
"13512","6/2/2024","1:00","58.647","open","high_north","summer","high"
"13612","6/2/2024","7:00","53.798","open","high_north","summer","high"
"13712","6/2/2024","13:00","67.392","open","high_north","summer","high"
"13812","6/2/2024","19:00","67.392","open","high_north","summer","high"
"13912","6/3/2024","1:00","56.577","open","high_north","summer","high"
"14012","6/3/2024","7:00","53.973","open","high_north","summer","high"
"14116","6/3/2024","13:00","57.441","open","high_north","summer","high"
"14214","6/3/2024","19:00","61.227","open","high_north","summer","high"
"14312","6/4/2024","1:00","53.449","open","high_north","summer","high"
"14412","6/4/2024","7:00","46.548","open","high_north","summer","high"
"14512","6/4/2024","13:00","70.48","open","high_north","summer","high"
"14612","6/4/2024","19:00","70.995","open","high_north","summer","high"
"14712","6/5/2024","1:00","57.785","open","high_north","summer","high"
"14812","6/5/2024","7:00","51.523","open","high_north","summer","high"
"14912","6/5/2024","13:00","76.703","open","high_north","summer","high"
"15012","6/5/2024","19:00","79.502","open","high_north","summer","high"
"15116","6/6/2024","1:00","62.083","open","high_north","summer","high"
"15214","6/6/2024","7:00","54.322","open","high_north","summer","high"
"15312","6/6/2024","13:00","79.502","open","high_north","summer","high"
"15412","6/6/2024","19:00","77.749","open","high_north","summer","high"
"15512","6/7/2024","1:00","63.797","open","high_north","summer","high"
"15612","6/7/2024","7:00","56.923","open","high_north","summer","high"
"15712","6/7/2024","13:00","82.33","open","high_north","summer","high"
"15812","6/7/2024","19:00","81.442","open","high_north","summer","high"
"15912","6/8/2024","1:00","65.338","open","high_north","summer","high"
"16012","6/8/2024","7:00","57.441","open","high_north","summer","high"
"16116","6/8/2024","13:00","81.621","open","high_north","summer","high"
"16214","6/8/2024","19:00","83.757","open","high_north","summer","high"
"16312","6/9/2024","1:00","65.851","open","high_north","summer","high"
"16412","6/9/2024","7:00","60.024","open","high_north","summer","high"
"16512","6/9/2024","13:00","78.8","open","high_north","summer","high"
"16612","6/9/2024","19:00","69.793","open","high_north","summer","high"
"16712","6/10/2024","1:00","59.851","open","high_north","summer","high"
"16812","6/10/2024","7:00","54.842","open","high_north","summer","high"
"16912","6/10/2024","13:00","74.271","open","high_north","summer","high"
"17012","6/10/2024","19:00","79.853","open","high_north","summer","high"
"17116","6/11/2024","1:00","62.083","open","high_north","summer","high"
"17214","6/11/2024","7:00","54.495","open","high_north","summer","high"
"17312","6/11/2024","13:00","80.382","open","high_north","summer","high"
"17412","6/11/2024","19:00","80.735","open","high_north","summer","high"
"17512","6/12/2024","1:00","63.797","open","high_north","summer","high"
"17612","6/12/2024","7:00","55.189","open","high_north","summer","high"
"17712","6/12/2024","13:00","81.442","open","high_north","summer","high"
"17812","6/12/2024","19:00","83.221","open","high_north","summer","high"
"17912","6/13/2024","1:00","63.626","open","high_north","summer","high"
"18012","6/13/2024","7:00","55.364","open","high_north","summer","high"
"18116","6/13/2024","13:00","83.221","open","high_north","summer","high"
"18214","6/13/2024","19:00","86.459","open","high_north","summer","high"
"18312","6/14/2024","1:00","69.107","open","high_north","summer","high"
"18412","6/14/2024","7:00","62.769","open","high_north","summer","high"
"18512","6/14/2024","13:00","86.459","open","high_north","summer","high"
"18612","6/14/2024","19:00","85.014","open","high_north","summer","high"
"18712","6/15/2024","1:00","67.564","open","high_north","summer","high"
"18812","6/15/2024","7:00","60.883","open","high_north","summer","high"
"18912","6/15/2024","13:00","80.029","open","high_north","summer","high"
"19012","6/15/2024","19:00","76.181","open","high_north","summer","high"
"19116","6/16/2024","1:00","61.398","open","high_north","summer","high"
"19214","6/16/2024","7:00","52.401","open","high_north","summer","high"
"19312","6/16/2024","13:00","79.853","open","high_north","summer","high"
"19412","6/16/2024","19:00","79.678","open","high_north","summer","high"
"19512","6/17/2024","1:00","64.652","open","high_north","summer","high"
"19612","6/17/2024","7:00","59.508","open","high_north","summer","high"
"19712","6/17/2024","13:00","58.476","open","high_north","summer","high"
"19812","6/17/2024","19:00","58.647","open","high_north","summer","high"
"19912","6/18/2024","1:00","49.582","open","high_north","summer","high"
"20012","6/18/2024","7:00","43.831","open","high_north","summer","high"
"20116","6/18/2024","13:00","61.741","open","high_north","summer","high"
"20214","6/18/2024","19:00","67.05","open","high_north","summer","high"
"20312","6/19/2024","1:00","50.466","open","high_north","summer","high"
"20412","6/19/2024","7:00","44.56","open","high_north","summer","high"
"20512","6/19/2024","13:00","75.832","open","high_north","summer","high"
"20612","6/19/2024","19:00","79.678","open","high_north","summer","high"
"20712","6/20/2024","1:00","57.441","open","high_north","summer","high"
"20812","6/20/2024","7:00","50.113","open","high_north","summer","high"
"20912","6/20/2024","13:00","82.152","open","high_north","summer","high"
"21016","6/20/2024","19:00","87.004","open","high_north","summer","high"
"21116","6/21/2024","1:00","65.167","open","high_north","summer","high"
"21215","6/21/2024","7:00","56.75","open","high_north","summer","high"
"21313","6/21/2024","13:00","86.097","open","high_north","summer","high"
"21413","6/21/2024","19:00","86.823","open","high_north","summer","high"
"21512","6/22/2024","1:00","66.879","open","high_north","summer","high"
"21612","6/22/2024","7:00","58.476","open","high_north","summer","high"
"21712","6/22/2024","13:00","88.099","open","high_north","summer","high"
"21812","6/22/2024","19:00","89.384","open","high_north","summer","high"
"21912","6/23/2024","1:00","68.421","open","high_north","summer","high"
"22012","6/23/2024","7:00","61.398","open","high_north","summer","high"
"22116","6/23/2024","13:00","90.124","open","high_north","summer","high"
"22214","6/23/2024","19:00","89.569","open","high_north","summer","high"
"22312","6/24/2024","1:00","69.107","open","high_north","summer","high"
"22412","6/24/2024","7:00","61.912","open","high_north","summer","high"
"22512","6/24/2024","13:00","90.495","open","high_north","summer","high"
"22612","6/24/2024","19:00","88.65","open","high_north","summer","high"
"22712","6/25/2024","1:00","68.763","open","high_north","summer","high"
"22812","6/25/2024","7:00","61.398","open","high_north","summer","high"
"22912","6/25/2024","13:00","92.174","open","high_north","summer","high"
"23012","6/25/2024","19:00","90.867","open","high_north","summer","high"
"23116","6/26/2024","1:00","70.824","open","high_north","summer","high"
"23214","6/26/2024","7:00","63.455","open","high_north","summer","high"
"23312","6/26/2024","13:00","75.832","open","high_north","summer","high"
"23412","6/26/2024","19:00","79.326","open","high_north","summer","high"
"23512","6/27/2024","1:00","64.996","open","high_north","summer","high"
"23612","6/27/2024","7:00","60.024","open","high_north","summer","high"
"23712","6/27/2024","13:00","78.449","open","high_north","summer","high"
"23812","6/27/2024","19:00","79.853","open","high_north","summer","high"
"23912","6/28/2024","1:00","61.912","open","high_north","summer","high"
"24012","6/28/2024","7:00","53.623","open","high_north","summer","high"
"24116","6/28/2024","13:00","84.474","open","high_north","summer","high"
"24214","6/28/2024","19:00","85.014","open","high_north","summer","high"
"24312","6/29/2024","1:00","63.968","open","high_north","summer","high"
"24412","6/29/2024","7:00","57.096","open","high_north","summer","high"
"24512","6/29/2024","13:00","88.466","open","high_north","summer","high"
"24612","6/29/2024","19:00","91.053","open","high_north","summer","high"
"24712","6/30/2024","1:00","72.028","open","high_north","summer","high"
"24812","6/30/2024","7:00","64.139","open","high_north","summer","high"
"24912","6/30/2024","13:00","90.309","open","high_north","summer","high"
"25012","6/30/2024","19:00","88.65","open","high_north","summer","high"
"25116","7/1/2024","1:00","71.856","open","high_north","summer","high"
"25214","7/1/2024","7:00","64.481","open","high_north","summer","high"
"25312","7/1/2024","13:00","82.33","open","high_north","summer","high"
"25412","7/1/2024","19:00","67.221","open","high_north","summer","high"
"25512","7/2/2024","1:00","56.923","open","high_north","summer","high"
"25612","7/2/2024","7:00","48.339","open","high_north","summer","high"
"25712","7/2/2024","13:00","77.923","open","high_north","summer","high"
"25812","7/2/2024","19:00","79.502","open","high_north","summer","high"
"25912","7/3/2024","1:00","60.368","open","high_north","summer","high"
"26012","7/3/2024","7:00","52.576","open","high_north","summer","high"
"26116","7/3/2024","13:00","81.621","open","high_north","summer","high"
"26214","7/3/2024","19:00","80.559","open","high_north","summer","high"
"26312","7/4/2024","1:00","60.368","open","high_north","summer","high"
"26412","7/4/2024","7:00","51.874","open","high_north","summer","high"
"26512","7/4/2024","13:00","80.382","open","high_north","summer","high"
"26612","7/4/2024","19:00","82.152","open","high_north","summer","high"
"26712","7/5/2024","1:00","62.254","open","high_north","summer","high"
"26812","7/5/2024","7:00","53.798","open","high_north","summer","high"
"26912","7/5/2024","13:00","85.374","open","high_north","summer","high"
"27012","7/5/2024","19:00","89.017","open","high_north","summer","high"
"27116","7/6/2024","1:00","67.05","open","high_north","summer","high"
"27214","7/6/2024","7:00","57.441","open","high_north","summer","high"
"27312","7/6/2024","13:00","88.282","open","high_north","summer","high"
"27412","7/6/2024","19:00","82.33","open","high_north","summer","high"
"27512","7/7/2024","1:00","64.652","open","high_north","summer","high"
"27612","7/7/2024","7:00","57.441","open","high_north","summer","high"
"27712","7/7/2024","13:00","87.552","open","high_north","summer","high"
"27812","7/7/2024","19:00","88.282","open","high_north","summer","high"
"27912","7/8/2024","1:00","67.392","open","high_north","summer","high"
"28012","7/8/2024","7:00","59.851","open","high_north","summer","high"
"28116","7/8/2024","13:00","90.867","open","high_north","summer","high"
"28214","7/8/2024","19:00","94.062","open","high_north","summer","high"
"28312","7/9/2024","1:00","71.683","open","high_north","summer","high"
"28412","7/9/2024","7:00","63.626","open","high_north","summer","high"
"28512","7/9/2024","13:00","108.964","open","high_north","summer","high"
"2200","5/6/2024","19:00","66.708","open","low_north","summer","low"
"3200","5/7/2024","1:00","67.221","open","low_north","summer","low"
"4200","5/7/2024","7:00","67.221","open","low_north","summer","low"
"5168","5/7/2024","13:00","56.057","open","low_north","summer","low"
"6109","5/7/2024","19:00","52.75","open","low_north","summer","low"
"770","5/8/2024","1:00","42.915","open","low_north","summer","low"
"870","5/8/2024","7:00","40.134","open","low_north","summer","low"
"970","5/8/2024","13:00","53.274","open","low_north","summer","low"
"1070","5/8/2024","19:00","51.874","open","low_north","summer","low"
"1170","5/9/2024","1:00","42.732","open","low_north","summer","low"
"1270","5/9/2024","7:00","40.696","open","low_north","summer","low"
"1370","5/9/2024","13:00","64.31","open","low_north","summer","low"
"1470","5/9/2024","19:00","62.769","open","low_north","summer","low"
"1570","5/10/2024","1:00","48.339","open","low_north","summer","low"
"1670","5/10/2024","7:00","42.915","open","low_north","summer","low"
"1770","5/10/2024","13:00","71.856","open","low_north","summer","low"
"1870","5/10/2024","19:00","69.449","open","low_north","summer","low"
"1970","5/11/2024","1:00","52.225","open","low_north","summer","low"
"2070","5/11/2024","7:00","44.922","open","low_north","summer","low"
"21101","5/11/2024","13:00","75.484","open","low_north","summer","low"
"2270","5/11/2024","19:00","73.062","open","low_north","summer","low"
"2370","5/12/2024","1:00","54.669","open","low_north","summer","low"
"2470","5/12/2024","7:00","47.982","open","low_north","summer","low"
"2570","5/12/2024","13:00","78.624","open","low_north","summer","low"
"2670","5/12/2024","19:00","73.407","open","low_north","summer","low"
"2770","5/13/2024","1:00","57.614","open","low_north","summer","low"
"2870","5/13/2024","7:00","50.995","open","low_north","summer","low"
"2970","5/13/2024","13:00","79.678","open","low_north","summer","low"
"3070","5/13/2024","19:00","68.592","open","low_north","summer","low"
"31101","5/14/2024","1:00","54.842","open","low_north","summer","low"
"3270","5/14/2024","7:00","48.16","open","low_north","summer","low"
"3370","5/14/2024","13:00","62.769","open","low_north","summer","low"
"3470","5/14/2024","19:00","64.481","open","low_north","summer","low"
"3570","5/15/2024","1:00","51.346","open","low_north","summer","low"
"3670","5/15/2024","7:00","47.802","open","low_north","summer","low"
"3770","5/15/2024","13:00","74.446","open","low_north","summer","low"
"3870","5/15/2024","19:00","70.995","open","low_north","summer","low"
"3970","5/16/2024","1:00","55.537","open","low_north","summer","low"
"4070","5/16/2024","7:00","49.228","open","low_north","summer","low"
"41101","5/16/2024","13:00","79.326","open","low_north","summer","low"
"4270","5/16/2024","19:00","71.856","open","low_north","summer","low"
"4370","5/17/2024","1:00","56.057","open","low_north","summer","low"
"4470","5/17/2024","7:00","48.695","open","low_north","summer","low"
"4570","5/17/2024","13:00","78.449","open","low_north","summer","low"
"4669","5/17/2024","19:00","70.651","open","low_north","summer","low"
"4748","5/18/2024","1:00","52.576","open","low_north","summer","low"
"4848","5/18/2024","7:00","44.56","open","low_north","summer","low"
"4948","5/18/2024","13:00","75.484","open","low_north","summer","low"
"5048","5/18/2024","19:00","69.449","open","low_north","summer","low"
"5169","5/19/2024","1:00","57.268","open","low_north","summer","low"
"5248","5/19/2024","7:00","48.517","open","low_north","summer","low"
"5348","5/19/2024","13:00","76.528","open","low_north","summer","low"
"5448","5/19/2024","19:00","64.996","open","low_north","summer","low"
"5548","5/20/2024","1:00","50.995","open","low_north","summer","low"
"5648","5/20/2024","7:00","46.728","open","low_north","summer","low"
"5748","5/20/2024","13:00","65.338","open","low_north","summer","low"
"5848","5/20/2024","19:00","57.096","open","low_north","summer","low"
"5948","5/21/2024","1:00","45.648","open","low_north","summer","low"
"6048","5/21/2024","7:00","40.881","open","low_north","summer","low"
"6148","5/21/2024","13:00","59.164","open","low_north","summer","low"
"6248","5/21/2024","19:00","63.626","open","low_north","summer","low"
"6348","5/22/2024","1:00","48.695","open","low_north","summer","low"
"6418","5/22/2024","7:00","47.624","open","low_north","summer","low"
"6518","5/22/2024","13:00","48.517","open","low_north","summer","low"
"6618","5/22/2024","19:00","53.449","open","low_north","summer","low"
"6715","5/23/2024","1:00","44.379","open","low_north","summer","low"
"6813","5/23/2024","7:00","40.696","open","low_north","summer","low"
"6913","5/23/2024","13:00","42.915","open","low_north","summer","low"
"7013","5/23/2024","19:00","51.523","open","low_north","summer","low"
"7117","5/24/2024","1:00","41.81","open","low_north","summer","low"
"7215","5/24/2024","7:00","36.723","open","low_north","summer","low"
"7313","5/24/2024","13:00","67.05","open","low_north","summer","low"
"7413","5/24/2024","19:00","62.598","open","low_north","summer","low"
"7513","5/25/2024","1:00","47.802","open","low_north","summer","low"
"7613","5/25/2024","7:00","42.179","open","low_north","summer","low"
"7713","5/25/2024","13:00","57.268","open","low_north","summer","low"
"7813","5/25/2024","19:00","62.425","open","low_north","summer","low"
"7913","5/26/2024","1:00","50.995","open","low_north","summer","low"
"8013","5/26/2024","7:00","43.282","open","low_north","summer","low"
"8117","5/26/2024","13:00","68.934","open","low_north","summer","low"
"8215","5/26/2024","19:00","65.851","open","low_north","summer","low"
"8313","5/27/2024","1:00","52.05","open","low_north","summer","low"
"8413","5/27/2024","7:00","45.648","open","low_north","summer","low"
"8513","5/27/2024","13:00","77.923","open","low_north","summer","low"
"8613","5/27/2024","19:00","74.271","open","low_north","summer","low"
"8713","5/28/2024","1:00","56.057","open","low_north","summer","low"
"8813","5/28/2024","7:00","49.228","open","low_north","summer","low"
"8913","5/28/2024","13:00","82.508","open","low_north","summer","low"
"9013","5/28/2024","19:00","76.181","open","low_north","summer","low"
"9117","5/29/2024","1:00","61.569","open","low_north","summer","low"
"9215","5/29/2024","7:00","55.017","open","low_north","summer","low"
"9313","5/29/2024","13:00","66.879","open","low_north","summer","low"
"9413","5/29/2024","19:00","58.82","open","low_north","summer","low"
"9513","5/30/2024","1:00","48.517","open","low_north","summer","low"
"9613","5/30/2024","7:00","42.363","open","low_north","summer","low"
"9713","5/30/2024","13:00","67.564","open","low_north","summer","low"
"9813","5/30/2024","19:00","68.077","open","low_north","summer","low"
"9913","5/31/2024","1:00","51.172","open","low_north","summer","low"
"10013","5/31/2024","7:00","44.195","open","low_north","summer","low"
"10117","5/31/2024","13:00","70.824","open","low_north","summer","low"
"10215","5/31/2024","19:00","74.619","open","low_north","summer","low"
"10313","6/1/2024","1:00","54.842","open","low_north","summer","low"
"10413","6/1/2024","7:00","47.624","open","low_north","summer","low"
"10513","6/1/2024","13:00","73.062","open","low_north","summer","low"
"10613","6/1/2024","19:00","72.372","open","low_north","summer","low"
"10713","6/2/2024","1:00","60.712","open","low_north","summer","low"
"10813","6/2/2024","7:00","55.189","open","low_north","summer","low"
"10913","6/2/2024","13:00","68.248","open","low_north","summer","low"
"11013","6/2/2024","19:00","72.718","open","low_north","summer","low"
"11117","6/3/2024","1:00","59.164","open","low_north","summer","low"
"11215","6/3/2024","7:00","56.057","open","low_north","summer","low"
"11313","6/3/2024","13:00","62.598","open","low_north","summer","low"
"11413","6/3/2024","19:00","67.221","open","low_north","summer","low"
"11513","6/4/2024","1:00","56.057","open","low_north","summer","low"
"11613","6/4/2024","7:00","47.802","open","low_north","summer","low"
"11713","6/4/2024","13:00","81.975","open","low_north","summer","low"
"11813","6/4/2024","19:00","76.703","open","low_north","summer","low"
"11913","6/5/2024","1:00","61.227","open","low_north","summer","low"
"12013","6/5/2024","7:00","53.623","open","low_north","summer","low"
"12117","6/5/2024","13:00","87.004","open","low_north","summer","low"
"12215","6/5/2024","19:00","83.757","open","low_north","summer","low"
"12313","6/6/2024","1:00","63.455","open","low_north","summer","low"
"12413","6/6/2024","7:00","55.537","open","low_north","summer","low"
"12513","6/6/2024","13:00","90.124","open","low_north","summer","low"
"12613","6/6/2024","19:00","83.043","open","low_north","summer","low"
"12713","6/7/2024","1:00","66.193","open","low_north","summer","low"
"12813","6/7/2024","7:00","58.476","open","low_north","summer","low"
"12913","6/7/2024","13:00","92.55","open","low_north","summer","low"
"13013","6/7/2024","19:00","84.474","open","low_north","summer","low"
"13117","6/8/2024","1:00","67.221","open","low_north","summer","low"
"13215","6/8/2024","7:00","58.647","open","low_north","summer","low"
"13313","6/8/2024","13:00","92.737","open","low_north","summer","low"
"13413","6/8/2024","19:00","87.915","open","low_north","summer","low"
"13513","6/9/2024","1:00","67.564","open","low_north","summer","low"
"13613","6/9/2024","7:00","61.912","open","low_north","summer","low"
"13713","6/9/2024","13:00","86.277","open","low_north","summer","low"
"13813","6/9/2024","19:00","71.339","open","low_north","summer","low"
"13913","6/10/2024","1:00","60.539","open","low_north","summer","low"
"14013","6/10/2024","7:00","56.057","open","low_north","summer","low"
"14117","6/10/2024","13:00","85.915","open","low_north","summer","low"
"14215","6/10/2024","19:00","77.225","open","low_north","summer","low"
"14313","6/11/2024","1:00","60.368","open","low_north","summer","low"
"14413","6/11/2024","7:00","53.1","open","low_north","summer","low"
"14513","6/11/2024","13:00","87.004","open","low_north","summer","low"
"14613","6/11/2024","19:00","83.935","open","low_north","summer","low"
"14713","6/12/2024","1:00","63.626","open","low_north","summer","low"
"14813","6/12/2024","7:00","54.842","open","low_north","summer","low"
"14913","6/12/2024","13:00","83.757","open","low_north","summer","low"
"15013","6/12/2024","19:00","85.554","open","low_north","summer","low"
"15117","6/13/2024","1:00","64.139","open","low_north","summer","low"
"15215","6/13/2024","7:00","56.923","open","low_north","summer","low"
"15313","6/13/2024","13:00","92.174","open","low_north","summer","low"
"15413","6/13/2024","19:00","90.68","open","low_north","summer","low"
"15513","6/14/2024","1:00","70.308","open","low_north","summer","low"
"15613","6/14/2024","7:00","64.139","open","low_north","summer","low"
"15713","6/14/2024","13:00","95.59","open","low_north","summer","low"
"15813","6/14/2024","19:00","88.466","open","low_north","summer","low"
"15913","6/15/2024","1:00","68.248","open","low_north","summer","low"
"16013","6/15/2024","7:00","62.425","open","low_north","summer","low"
"16117","6/15/2024","13:00","88.466","open","low_north","summer","low"
"16215","6/15/2024","19:00","77.923","open","low_north","summer","low"
"16313","6/16/2024","1:00","61.741","open","low_north","summer","low"
"16413","6/16/2024","7:00","53.1","open","low_north","summer","low"
"16513","6/16/2024","13:00","89.384","open","low_north","summer","low"
"16613","6/16/2024","19:00","82.864","open","low_north","summer","low"
"16713","6/17/2024","1:00","65.851","open","low_north","summer","low"
"16813","6/17/2024","7:00","60.024","open","low_north","summer","low"
"16913","6/17/2024","13:00","64.31","open","low_north","summer","low"
"17013","6/17/2024","19:00","63.797","open","low_north","summer","low"
"17117","6/18/2024","1:00","50.29","open","low_north","summer","low"
"17215","6/18/2024","7:00","45.286","open","low_north","summer","low"
"17313","6/18/2024","13:00","74.791","open","low_north","summer","low"
"17413","6/18/2024","19:00","74.098","open","low_north","summer","low"
"17513","6/19/2024","1:00","53.1","open","low_north","summer","low"
"17613","6/19/2024","7:00","46.369","open","low_north","summer","low"
"17713","6/19/2024","13:00","87.552","open","low_north","summer","low"
"17813","6/19/2024","19:00","85.194","open","low_north","summer","low"
"17913","6/20/2024","1:00","58.82","open","low_north","summer","low"
"18013","6/20/2024","7:00","52.925","open","low_north","summer","low"
"18117","6/20/2024","13:00","91.8","open","low_north","summer","low"
"18215","6/20/2024","19:00","92.174","open","low_north","summer","low"
"18313","6/21/2024","1:00","66.537","open","low_north","summer","low"
"18413","6/21/2024","7:00","59.68","open","low_north","summer","low"
"18513","6/21/2024","13:00","95.59","open","low_north","summer","low"
"18613","6/21/2024","19:00","92.737","open","low_north","summer","low"
"18713","6/22/2024","1:00","69.964","open","low_north","summer","low"
"18813","6/22/2024","7:00","60.024","open","low_north","summer","low"
"18913","6/22/2024","13:00","99.687","open","low_north","summer","low"
"19013","6/22/2024","19:00","95.4","open","low_north","summer","low"
"19117","6/23/2024","1:00","68.763","open","low_north","summer","low"
"19215","6/23/2024","7:00","61.741","open","low_north","summer","low"
"19313","6/23/2024","13:00","101.082","open","low_north","summer","low"
"19413","6/23/2024","19:00","94.633","open","low_north","summer","low"
"19513","6/24/2024","1:00","69.793","open","low_north","summer","low"
"19613","6/24/2024","7:00","61.569","open","low_north","summer","low"
"19713","6/24/2024","13:00","101.282","open","low_north","summer","low"
"19813","6/24/2024","19:00","95.207","open","low_north","summer","low"
"19913","6/25/2024","1:00","69.107","open","low_north","summer","low"
"20013","6/25/2024","7:00","61.227","open","low_north","summer","low"
"20117","6/25/2024","13:00","100.283","open","low_north","summer","low"
"20215","6/25/2024","19:00","95.783","open","low_north","summer","low"
"20313","6/26/2024","1:00","72.545","open","low_north","summer","low"
"20413","6/26/2024","7:00","66.708","open","low_north","summer","low"
"20513","6/26/2024","13:00","78.274","open","low_north","summer","low"
"20613","6/26/2024","19:00","83.221","open","low_north","summer","low"
"20713","6/27/2024","1:00","69.449","open","low_north","summer","low"
"20813","6/27/2024","7:00","63.797","open","low_north","summer","low"
"20913","6/27/2024","13:00","84.654","open","low_north","summer","low"
"21017","6/27/2024","19:00","87.915","open","low_north","summer","low"
"21117","6/28/2024","1:00","66.537","open","low_north","summer","low"
"21216","6/28/2024","7:00","57.614","open","low_north","summer","low"
"21314","6/28/2024","13:00","83.935","open","low_north","summer","low"
"21414","6/28/2024","19:00","85.374","open","low_north","summer","low"
"21513","6/29/2024","1:00","65.338","open","low_north","summer","low"
"21613","6/29/2024","7:00","58.303","open","low_north","summer","low"
"21713","6/29/2024","13:00","87.733","open","low_north","summer","low"
"21813","6/29/2024","19:00","95.976","open","low_north","summer","low"
"21913","6/30/2024","1:00","73.407","open","low_north","summer","low"
"22013","6/30/2024","7:00","67.221","open","low_north","summer","low"
"22117","6/30/2024","13:00","88.282","open","low_north","summer","low"
"22215","6/30/2024","19:00","89.017","open","low_north","summer","low"
"22313","7/1/2024","1:00","72.199","open","low_north","summer","low"
"22413","7/1/2024","7:00","65.167","open","low_north","summer","low"
"22513","7/1/2024","13:00","75.832","open","low_north","summer","low"
"22613","7/1/2024","19:00","67.05","open","low_north","summer","low"
"22713","7/2/2024","1:00","56.923","open","low_north","summer","low"
"22813","7/2/2024","7:00","48.871","open","low_north","summer","low"
"22913","7/2/2024","13:00","76.876","open","low_north","summer","low"
"23013","7/2/2024","19:00","80.735","open","low_north","summer","low"
"23117","7/3/2024","1:00","60.368","open","low_north","summer","low"
"23215","7/3/2024","7:00","53.274","open","low_north","summer","low"
"23313","7/3/2024","13:00","70.48","open","low_north","summer","low"
"23413","7/3/2024","19:00","78.449","open","low_north","summer","low"
"23513","7/4/2024","1:00","59.851","open","low_north","summer","low"
"23613","7/4/2024","7:00","52.576","open","low_north","summer","low"
"23713","7/4/2024","13:00","79.151","open","low_north","summer","low"
"23813","7/4/2024","19:00","84.474","open","low_north","summer","low"
"23913","7/5/2024","1:00","63.455","open","low_north","summer","low"
"24013","7/5/2024","7:00","56.23","open","low_north","summer","low"
"24117","7/5/2024","13:00","84.115","open","low_north","summer","low"
"24215","7/5/2024","19:00","92.363","open","low_north","summer","low"
"24313","7/6/2024","1:00","67.906","open","low_north","summer","low"
"24413","7/6/2024","7:00","59.164","open","low_north","summer","low"
"24513","7/6/2024","13:00","87.186","open","low_north","summer","low"
"24613","7/6/2024","19:00","94.444","open","low_north","summer","low"
"24713","7/7/2024","1:00","70.137","open","low_north","summer","low"
"24813","7/7/2024","7:00","61.912","open","low_north","summer","low"
"24913","7/7/2024","13:00","89.017","open","low_north","summer","low"
"25013","7/7/2024","19:00","94.062","open","low_north","summer","low"
"25117","7/8/2024","1:00","69.622","open","low_north","summer","low"
"25215","7/8/2024","7:00","61.398","open","low_north","summer","low"
"25313","7/8/2024","13:00","90.68","open","low_north","summer","low"
"25413","7/8/2024","19:00","98.307","open","low_north","summer","low"
"25513","7/9/2024","1:00","72.545","open","low_north","summer","low"
"25613","7/9/2024","7:00","64.481","open","low_north","summer","low"
"25713","7/9/2024","13:00","94.253","open","low_north","summer","low"
"25813","7/9/2024","19:00","103.104","open","low_north","summer","low"
"25913","7/10/2024","1:00","75.659","open","low_north","summer","low"
"26013","7/10/2024","7:00","62.425","open","low_north","summer","low"
"26117","7/10/2024","13:00","93.873","open","low_north","summer","low"
"26215","7/10/2024","19:00","76.876","open","low_north","summer","low"
"26313","7/11/2024","1:00","76.181","open","low_north","summer","low"
"26413","7/11/2024","7:00","73.753","open","low_north","summer","low"
"26513","7/11/2024","13:00","75.139","open","low_north","summer","low"
"26613","7/11/2024","19:00","77.05","open","low_north","summer","low"
"26713","7/12/2024","1:00","76.528","open","low_north","summer","low"
"26813","7/12/2024","7:00","74.271","open","low_north","summer","low"
"26913","7/12/2024","13:00","75.659","open","low_north","summer","low"
"27013","7/12/2024","19:00","77.4","open","low_north","summer","low"
"27117","7/13/2024","1:00","76.876","open","low_north","summer","low"
"27215","7/13/2024","7:00","74.619","open","low_north","summer","low"
"27313","7/13/2024","13:00","75.659","open","low_north","summer","low"
"27413","7/13/2024","19:00","77.4","open","low_north","summer","low"
"27513","7/14/2024","1:00","76.876","open","low_north","summer","low"
"27613","7/14/2024","7:00","76.181","open","low_north","summer","low"
"27713","7/14/2024","13:00","77.4","open","low_north","summer","low"
"27813","7/14/2024","19:00","78.624","open","low_north","summer","low"
"27913","7/15/2024","1:00","78.274","open","low_north","summer","low"
"28013","7/15/2024","7:00","76.354","open","low_north","summer","low"
"28117","7/15/2024","13:00","77.574","open","low_north","summer","low"
"28215","7/15/2024","19:00","78.449","open","low_north","summer","low"
"28313","7/16/2024","1:00","77.923","open","low_north","summer","low"
"28413","7/16/2024","7:00","75.832","open","low_north","summer","low"
"28513","7/16/2024","13:00","76.006","open","low_north","summer","low"
"28612","7/16/2024","19:00","77.225","open","low_north","summer","low"
"28712","7/17/2024","1:00","76.876","open","low_north","summer","low"
"28812","7/17/2024","7:00","74.619","open","low_north","summer","low"
"28912","7/17/2024","13:00","76.006","open","low_north","summer","low"
"29012","7/17/2024","19:00","77.923","open","low_north","summer","low"
"29116","7/18/2024","1:00","76.528","open","low_north","summer","low"
"29214","7/18/2024","7:00","74.619","open","low_north","summer","low"
"29312","7/18/2024","13:00","75.659","open","low_north","summer","low"
"29412","7/18/2024","19:00","77.574","open","low_north","summer","low"
"29512","7/19/2024","1:00","76.703","open","low_north","summer","low"
"29612","7/19/2024","7:00","74.964","open","low_north","summer","low"
"29712","7/19/2024","13:00","76.703","open","low_north","summer","low"
"29812","7/19/2024","19:00","77.749","open","low_north","summer","low"
"29912","7/20/2024","1:00","76.876","open","low_north","summer","low"
"30012","7/20/2024","7:00","74.791","open","low_north","summer","low"
"30116","7/20/2024","13:00","75.659","open","low_north","summer","low"
"30214","7/20/2024","19:00","77.574","open","low_north","summer","low"
"30312","7/21/2024","1:00","77.4","open","low_north","summer","low"
"30412","7/21/2024","7:00","75.312","open","low_north","summer","low"
"30512","7/21/2024","13:00","76.006","open","low_north","summer","low"
"30612","7/21/2024","19:00","78.274","open","low_north","summer","low"
"30712","7/22/2024","1:00","77.749","open","low_north","summer","low"
"30812","7/22/2024","7:00","76.006","open","low_north","summer","low"
"30912","7/22/2024","13:00","77.05","open","low_north","summer","low"
"31016","7/22/2024","19:00","78.274","open","low_north","summer","low"
"31116","7/23/2024","1:00","77.225","open","low_north","summer","low"
"31215","7/23/2024","7:00","74.098","open","low_north","summer","low"
"31313","7/23/2024","13:00","76.006","open","low_north","summer","low"
"31413","7/23/2024","19:00","77.4","open","low_north","summer","low"
"31512","7/24/2024","1:00","76.703","open","low_north","summer","low"
"31612","7/24/2024","7:00","74.964","open","low_north","summer","low"
"31712","7/24/2024","13:00","76.006","open","low_north","summer","low"
"31812","7/24/2024","19:00","77.225","open","low_north","summer","low"
"31912","7/25/2024","1:00","76.876","open","low_north","summer","low"
"32012","7/25/2024","7:00","75.659","open","low_north","summer","low"
"32116","7/25/2024","13:00","76.528","open","low_north","summer","low"
"32214","7/25/2024","19:00","77.05","open","low_north","summer","low"
"32312","7/26/2024","1:00","75.832","open","low_north","summer","low"
"32412","7/26/2024","7:00","74.271","open","low_north","summer","low"
"32512","7/26/2024","13:00","75.139","open","low_north","summer","low"
"32612","7/26/2024","19:00","76.354","open","low_north","summer","low"
"32712","7/27/2024","1:00","75.312","open","low_north","summer","low"
"32812","7/27/2024","7:00","73.753","open","low_north","summer","low"
"32912","7/27/2024","13:00","72.718","open","low_north","summer","low"
"33012","7/27/2024","19:00","73.753","open","low_north","summer","low"
"33116","7/28/2024","1:00","72.372","open","low_north","summer","low"
"33214","7/28/2024","7:00","71.339","open","low_north","summer","low"
"33312","7/28/2024","13:00","72.545","open","low_north","summer","low"
"33412","7/28/2024","19:00","74.446","open","low_north","summer","low"
"33512","7/29/2024","1:00","73.58","open","low_north","summer","low"
"33612","7/29/2024","7:00","71.856","open","low_north","summer","low"
"33712","7/29/2024","13:00","73.753","open","low_north","summer","low"
"33812","7/29/2024","19:00","74.619","open","low_north","summer","low"
"33912","7/30/2024","1:00","73.58","open","low_north","summer","low"
"34012","7/30/2024","7:00","71.512","open","low_north","summer","low"
"34116","7/30/2024","13:00","73.58","open","low_north","summer","low"
"34214","7/30/2024","19:00","74.964","open","low_north","summer","low"
"34312","7/31/2024","1:00","73.407","open","low_north","summer","low"
"34412","7/31/2024","7:00","71.856","open","low_north","summer","low"
"34512","7/31/2024","13:00","73.234","open","low_north","summer","low"
"34612","7/31/2024","19:00","74.791","open","low_north","summer","low"
"34712","8/1/2024","1:00","73.58","open","low_north","summer","low"
"34812","8/1/2024","7:00","71.512","open","low_north","summer","low"
"34912","8/1/2024","13:00","72.891","open","low_north","summer","low"
"35012","8/1/2024","19:00","74.791","open","low_north","summer","low"
"35116","8/2/2024","1:00","74.446","open","low_north","summer","low"
"35214","8/2/2024","7:00","72.545","open","low_north","summer","low"
"35312","8/2/2024","13:00","73.926","open","low_north","summer","low"
"35412","8/2/2024","19:00","75.484","open","low_north","summer","low"
"35512","8/3/2024","1:00","75.139","open","low_north","summer","low"
"35612","8/3/2024","7:00","73.58","open","low_north","summer","low"
"35712","8/3/2024","13:00","74.791","open","low_north","summer","low"
"35812","8/3/2024","19:00","77.05","open","low_north","summer","low"
"35912","8/4/2024","1:00","76.876","open","low_north","summer","low"
"36012","8/4/2024","7:00","75.484","open","low_north","summer","low"
"36116","8/4/2024","13:00","76.006","open","low_north","summer","low"
"36214","8/4/2024","19:00","77.225","open","low_north","summer","low"
"36312","8/5/2024","1:00","76.876","open","low_north","summer","low"
"36412","8/5/2024","7:00","75.139","open","low_north","summer","low"
"36512","8/5/2024","13:00","76.181","open","low_north","summer","low"
"36612","8/5/2024","19:00","77.574","open","low_north","summer","low"
"36712","8/6/2024","1:00","76.528","open","low_north","summer","low"
"36812","8/6/2024","7:00","75.139","open","low_north","summer","low"
"36912","8/6/2024","13:00","76.181","open","low_north","summer","low"
"37012","8/6/2024","19:00","77.05","open","low_north","summer","low"
"37116","8/7/2024","1:00","76.181","open","low_north","summer","low"
"37214","8/7/2024","7:00","74.446","open","low_north","summer","low"
"37312","8/7/2024","13:00","75.139","open","low_north","summer","low"
"37412","8/7/2024","19:00","76.006","open","low_north","summer","low"
"37512","8/8/2024","1:00","75.139","open","low_north","summer","low"
"37612","8/8/2024","7:00","72.372","open","low_north","summer","low"
"37712","8/8/2024","13:00","73.407","open","low_north","summer","low"
"37812","8/8/2024","19:00","75.312","open","low_north","summer","low"
"37912","8/9/2024","1:00","74.619","open","low_north","summer","low"
"38012","8/9/2024","7:00","72.718","open","low_north","summer","low"
"38116","8/9/2024","13:00","73.407","open","low_north","summer","low"
"38214","8/9/2024","19:00","73.234","open","low_north","summer","low"
"38312","8/10/2024","1:00","69.793","open","low_north","summer","low"
"38412","8/10/2024","7:00","69.622","open","low_north","summer","low"
"38512","8/10/2024","13:00","70.995","open","low_north","summer","low"
"38612","8/10/2024","19:00","73.407","open","low_north","summer","low"
"38712","8/11/2024","1:00","73.407","open","low_north","summer","low"
"38812","8/11/2024","7:00","71.683","open","low_north","summer","low"
"38912","8/11/2024","13:00","72.545","open","low_north","summer","low"
"39012","8/11/2024","19:00","74.446","open","low_north","summer","low"
"39116","8/12/2024","1:00","74.271","open","low_north","summer","low"
"39214","8/12/2024","7:00","73.062","open","low_north","summer","low"
"39312","8/12/2024","13:00","74.271","open","low_north","summer","low"
"39412","8/12/2024","19:00","74.791","open","low_north","summer","low"
"39512","8/13/2024","1:00","71.168","open","low_north","summer","low"
"39612","8/13/2024","7:00","69.793","open","low_north","summer","low"
"39712","8/13/2024","13:00","74.271","open","low_north","summer","low"
"39812","8/13/2024","19:00","73.58","open","low_north","summer","low"
"39912","8/14/2024","1:00","69.622","open","low_north","summer","low"
"40012","8/14/2024","7:00","68.248","open","low_north","summer","low"
"40116","8/14/2024","13:00","75.312","open","low_north","summer","low"
"40214","8/14/2024","19:00","74.619","open","low_north","summer","low"
"40312","8/15/2024","1:00","70.824","open","low_north","summer","low"
"40412","8/15/2024","7:00","68.592","open","low_north","summer","low"
"40512","8/15/2024","13:00","73.234","open","low_north","summer","low"
"40612","8/15/2024","19:00","74.619","open","low_north","summer","low"
"40712","8/16/2024","1:00","70.651","open","low_north","summer","low"
"40812","8/16/2024","7:00","68.421","open","low_north","summer","low"
"40912","8/16/2024","13:00","73.753","open","low_north","summer","low"
"41016","8/16/2024","19:00","74.619","open","low_north","summer","low"
"41116","8/17/2024","1:00","71.683","open","low_north","summer","low"
"41215","8/17/2024","7:00","69.107","open","low_north","summer","low"
"41313","8/17/2024","13:00","74.446","open","low_north","summer","low"
"41413","8/17/2024","19:00","73.062","open","low_north","summer","low"
"41512","8/18/2024","1:00","70.308","open","low_north","summer","low"
"41612","8/18/2024","7:00","69.107","open","low_north","summer","low"
"41712","8/18/2024","13:00","73.753","open","low_north","summer","low"
"41812","8/18/2024","19:00","76.354","open","low_north","summer","low"
"41912","8/19/2024","1:00","72.028","open","low_north","summer","low"
"42012","8/19/2024","7:00","70.48","open","low_north","summer","low"
"42116","8/19/2024","13:00","74.098","open","low_north","summer","low"
"42214","8/19/2024","19:00","75.484","open","low_north","summer","low"
"42312","8/20/2024","1:00","73.234","open","low_north","summer","low"
"42412","8/20/2024","7:00","71.168","open","low_north","summer","low"
"42512","8/20/2024","13:00","74.791","open","low_north","summer","low"
"42612","8/20/2024","19:00","75.484","open","low_north","summer","low"
"42712","8/21/2024","1:00","72.718","open","low_north","summer","low"
"42812","8/21/2024","7:00","69.622","open","low_north","summer","low"
"42912","8/21/2024","13:00","73.753","open","low_north","summer","low"
"43012","8/21/2024","19:00","74.619","open","low_north","summer","low"
"43116","8/22/2024","1:00","70.651","open","low_north","summer","low"
"43214","8/22/2024","7:00","68.421","open","low_north","summer","low"
"43312","8/22/2024","13:00","72.891","open","low_north","summer","low"
"43412","8/22/2024","19:00","74.791","open","low_north","summer","low"
"43512","8/23/2024","1:00","71.856","open","low_north","summer","low"
"43612","8/23/2024","7:00","69.793","open","low_north","summer","low"
"43712","8/23/2024","13:00","74.791","open","low_north","summer","low"
"2280","4/29/2024","19:00","60.539","cage","low_gate","summer","low"
"3280","4/30/2024","1:00","57.785","cage","low_gate","summer","low"
"4280","4/30/2024","7:00","56.923","cage","low_gate","summer","low"
"5170","4/30/2024","13:00","57.096","cage","low_gate","summer","low"
"6149","4/30/2024","19:00","49.582","cage","low_gate","summer","low"
"780","5/1/2024","1:00","39.947","cage","low_gate","summer","low"
"880","5/1/2024","7:00","35.175","cage","low_gate","summer","low"
"980","5/1/2024","13:00","46.548","cage","low_gate","summer","low"
"1080","5/1/2024","19:00","45.286","cage","low_gate","summer","low"
"1180","5/2/2024","1:00","36.145","cage","low_gate","summer","low"
"1280","5/2/2024","7:00","33.805","cage","low_gate","summer","low"
"1380","5/2/2024","13:00","51.874","cage","low_gate","summer","low"
"1480","5/2/2024","19:00","50.29","cage","low_gate","summer","low"
"1580","5/3/2024","1:00","41.81","cage","low_gate","summer","low"
"1680","5/3/2024","7:00","36.914","cage","low_gate","summer","low"
"1780","5/3/2024","13:00","53.798","cage","low_gate","summer","low"
"1880","5/3/2024","19:00","53.274","cage","low_gate","summer","low"
"1980","5/4/2024","1:00","43.099","cage","low_gate","summer","low"
"2080","5/4/2024","7:00","37.488","cage","low_gate","summer","low"
"21102","5/4/2024","13:00","56.923","cage","low_gate","summer","low"
"2290","5/4/2024","19:00","57.958","cage","low_gate","summer","low"
"2380","5/5/2024","1:00","49.759","cage","low_gate","summer","low"
"2480","5/5/2024","7:00","47.266","cage","low_gate","summer","low"
"2580","5/5/2024","13:00","48.339","cage","low_gate","summer","low"
"2680","5/5/2024","19:00","47.802","cage","low_gate","summer","low"
"2780","5/6/2024","1:00","41.81","cage","low_gate","summer","low"
"2880","5/6/2024","7:00","40.134","cage","low_gate","summer","low"
"2980","5/6/2024","13:00","50.29","cage","low_gate","summer","low"
"3080","5/6/2024","19:00","53.623","cage","low_gate","summer","low"
"31102","5/7/2024","1:00","41.439","cage","low_gate","summer","low"
"3290","5/7/2024","7:00","38.818","cage","low_gate","summer","low"
"3380","5/7/2024","13:00","51.699","cage","low_gate","summer","low"
"3480","5/7/2024","19:00","48.517","cage","low_gate","summer","low"
"3580","5/8/2024","1:00","40.696","cage","low_gate","summer","low"
"3680","5/8/2024","7:00","38.629","cage","low_gate","summer","low"
"3780","5/8/2024","13:00","50.113","cage","low_gate","summer","low"
"3880","5/8/2024","19:00","50.643","cage","low_gate","summer","low"
"3980","5/9/2024","1:00","41.81","cage","low_gate","summer","low"
"4080","5/9/2024","7:00","39.947","cage","low_gate","summer","low"
"41102","5/9/2024","13:00","58.131","cage","low_gate","summer","low"
"4290","5/9/2024","19:00","58.303","cage","low_gate","summer","low"
"4380","5/10/2024","1:00","46.008","cage","low_gate","summer","low"
"4480","5/10/2024","7:00","41.625","cage","low_gate","summer","low"
"4580","5/10/2024","13:00","63.111","cage","low_gate","summer","low"
"4670","5/10/2024","19:00","64.825","cage","low_gate","summer","low"
"4749","5/11/2024","1:00","49.759","cage","low_gate","summer","low"
"4849","5/11/2024","7:00","43.466","cage","low_gate","summer","low"
"4949","5/11/2024","13:00","66.022","cage","low_gate","summer","low"
"5049","5/11/2024","19:00","67.906","cage","low_gate","summer","low"
"5178","5/12/2024","1:00","51.346","cage","low_gate","summer","low"
"5249","5/12/2024","7:00","46.188","cage","low_gate","summer","low"
"5349","5/12/2024","13:00","68.421","cage","low_gate","summer","low"
"5449","5/12/2024","19:00","67.392","cage","low_gate","summer","low"
"5549","5/13/2024","1:00","53.973","cage","low_gate","summer","low"
"5649","5/13/2024","7:00","48.517","cage","low_gate","summer","low"
"5749","5/13/2024","13:00","69.107","cage","low_gate","summer","low"
"5849","5/13/2024","19:00","63.282","cage","low_gate","summer","low"
"5949","5/14/2024","1:00","52.05","cage","low_gate","summer","low"
"6049","5/14/2024","7:00","46.548","cage","low_gate","summer","low"
"6150","5/14/2024","13:00","58.993","cage","low_gate","summer","low"
"6249","5/14/2024","19:00","60.539","cage","low_gate","summer","low"
"6349","5/15/2024","1:00","49.582","cage","low_gate","summer","low"
"6419","5/15/2024","7:00","46.728","cage","low_gate","summer","low"
"6519","5/15/2024","13:00","67.906","cage","low_gate","summer","low"
"6619","5/15/2024","19:00","67.735","cage","low_gate","summer","low"
"6716","5/16/2024","1:00","53.274","cage","low_gate","summer","low"
"6814","5/16/2024","7:00","48.16","cage","low_gate","summer","low"
"6914","5/16/2024","13:00","69.622","cage","low_gate","summer","low"
"7014","5/16/2024","19:00","67.564","cage","low_gate","summer","low"
"7118","5/17/2024","1:00","54.322","cage","low_gate","summer","low"
"7216","5/17/2024","7:00","47.982","cage","low_gate","summer","low"
"7314","5/17/2024","13:00","68.077","cage","low_gate","summer","low"
"7414","5/17/2024","19:00","65.167","cage","low_gate","summer","low"
"7514","5/18/2024","1:00","49.759","cage","low_gate","summer","low"
"7614","5/18/2024","7:00","43.099","cage","low_gate","summer","low"
"7714","5/18/2024","13:00","64.825","cage","low_gate","summer","low"
"7814","5/18/2024","19:00","64.652","cage","low_gate","summer","low"
"7914","5/19/2024","1:00","54.147","cage","low_gate","summer","low"
"8014","5/19/2024","7:00","47.266","cage","low_gate","summer","low"
"8118","5/19/2024","13:00","66.879","cage","low_gate","summer","low"
"8216","5/19/2024","19:00","60.539","cage","low_gate","summer","low"
"8314","5/20/2024","1:00","48.517","cage","low_gate","summer","low"
"8414","5/20/2024","7:00","45.104","cage","low_gate","summer","low"
"8514","5/20/2024","13:00","59.337","cage","low_gate","summer","low"
"8614","5/20/2024","19:00","54.322","cage","low_gate","summer","low"
"8714","5/21/2024","1:00","44.56","cage","low_gate","summer","low"
"8814","5/21/2024","7:00","40.321","cage","low_gate","summer","low"
"8914","5/21/2024","13:00","54.495","cage","low_gate","summer","low"
"9014","5/21/2024","19:00","60.712","cage","low_gate","summer","low"
"9118","5/22/2024","1:00","47.446","cage","low_gate","summer","low"
"9216","5/22/2024","7:00","46.369","cage","low_gate","summer","low"
"9314","5/22/2024","13:00","47.802","cage","low_gate","summer","low"
"9414","5/22/2024","19:00","52.576","cage","low_gate","summer","low"
"9514","5/23/2024","1:00","44.379","cage","low_gate","summer","low"
"9614","5/23/2024","7:00","40.509","cage","low_gate","summer","low"
"9714","5/23/2024","13:00","45.286","cage","low_gate","summer","low"
"9814","5/23/2024","19:00","52.925","cage","low_gate","summer","low"
"9914","5/24/2024","1:00","42.363","cage","low_gate","summer","low"
"10014","5/24/2024","7:00","37.679","cage","low_gate","summer","low"
"10118","5/24/2024","13:00","59.508","cage","low_gate","summer","low"
"10216","5/24/2024","19:00","59.508","cage","low_gate","summer","low"
"10314","5/25/2024","1:00","47.266","cage","low_gate","summer","low"
"10414","5/25/2024","7:00","42.179","cage","low_gate","summer","low"
"10514","5/25/2024","13:00","54.669","cage","low_gate","summer","low"
"10614","5/25/2024","19:00","60.712","cage","low_gate","summer","low"
"10714","5/26/2024","1:00","49.759","cage","low_gate","summer","low"
"10814","5/26/2024","7:00","42.915","cage","low_gate","summer","low"
"10914","5/26/2024","13:00","62.598","cage","low_gate","summer","low"
"11014","5/26/2024","19:00","63.111","cage","low_gate","summer","low"
"11118","5/27/2024","1:00","50.113","cage","low_gate","summer","low"
"11216","5/27/2024","7:00","44.742","cage","low_gate","summer","low"
"11314","5/27/2024","13:00","67.735","cage","low_gate","summer","low"
"11414","5/27/2024","19:00","69.793","cage","low_gate","summer","low"
"11514","5/28/2024","1:00","53.623","cage","low_gate","summer","low"
"11614","5/28/2024","7:00","47.802","cage","low_gate","summer","low"
"11714","5/28/2024","13:00","71.683","cage","low_gate","summer","low"
"11814","5/28/2024","19:00","69.964","cage","low_gate","summer","low"
"11914","5/29/2024","1:00","57.958","cage","low_gate","summer","low"
"12014","5/29/2024","7:00","52.75","cage","low_gate","summer","low"
"12118","5/29/2024","13:00","63.455","cage","low_gate","summer","low"
"12216","5/29/2024","19:00","56.923","cage","low_gate","summer","low"
"12314","5/30/2024","1:00","47.446","cage","low_gate","summer","low"
"12414","5/30/2024","7:00","42.179","cage","low_gate","summer","low"
"12514","5/30/2024","13:00","62.425","cage","low_gate","summer","low"
"12614","5/30/2024","19:00","65.509","cage","low_gate","summer","low"
"12714","5/31/2024","1:00","49.582","cage","low_gate","summer","low"
"12814","5/31/2024","7:00","43.282","cage","low_gate","summer","low"
"12914","5/31/2024","13:00","67.564","cage","low_gate","summer","low"
"13014","5/31/2024","19:00","68.592","cage","low_gate","summer","low"
"13118","6/1/2024","1:00","52.576","cage","low_gate","summer","low"
"13216","6/1/2024","7:00","46.369","cage","low_gate","summer","low"
"13314","6/1/2024","13:00","69.449","cage","low_gate","summer","low"
"13414","6/1/2024","19:00","68.421","cage","low_gate","summer","low"
"13514","6/2/2024","1:00","57.958","cage","low_gate","summer","low"
"13614","6/2/2024","7:00","53.449","cage","low_gate","summer","low"
"13714","6/2/2024","13:00","65.851","cage","low_gate","summer","low"
"13814","6/2/2024","19:00","69.449","cage","low_gate","summer","low"
"13914","6/3/2024","1:00","57.441","cage","low_gate","summer","low"
"14014","6/3/2024","7:00","54.669","cage","low_gate","summer","low"
"14118","6/3/2024","13:00","61.398","cage","low_gate","summer","low"
"14216","6/3/2024","19:00","64.139","cage","low_gate","summer","low"
"14314","6/4/2024","1:00","54.495","cage","low_gate","summer","low"
"14414","6/4/2024","7:00","47.624","cage","low_gate","summer","low"
"14514","6/4/2024","13:00","70.995","cage","low_gate","summer","low"
"14614","6/4/2024","19:00","71.168","cage","low_gate","summer","low"
"14714","6/5/2024","1:00","58.82","cage","low_gate","summer","low"
"14814","6/5/2024","7:00","52.401","cage","low_gate","summer","low"
"14914","6/5/2024","13:00","75.312","cage","low_gate","summer","low"
"15014","6/5/2024","19:00","77.225","cage","low_gate","summer","low"
"15118","6/6/2024","1:00","60.883","cage","low_gate","summer","low"
"15216","6/6/2024","7:00","53.973","cage","low_gate","summer","low"
"15314","6/6/2024","13:00","77.4","cage","low_gate","summer","low"
"15414","6/6/2024","19:00","77.225","cage","low_gate","summer","low"
"15514","6/7/2024","1:00","62.94","cage","low_gate","summer","low"
"15614","6/7/2024","7:00","56.577","cage","low_gate","summer","low"
"15714","6/7/2024","13:00","79.853","cage","low_gate","summer","low"
"15814","6/7/2024","19:00","78.274","cage","low_gate","summer","low"
"15914","6/8/2024","1:00","63.111","cage","low_gate","summer","low"
"16014","6/8/2024","7:00","56.057","cage","low_gate","summer","low"
"16118","6/8/2024","13:00","78.274","cage","low_gate","summer","low"
"16216","6/8/2024","19:00","80.206","cage","low_gate","summer","low"
"16314","6/9/2024","1:00","63.797","cage","low_gate","summer","low"
"16414","6/9/2024","7:00","59.508","cage","low_gate","summer","low"
"16514","6/9/2024","13:00","77.225","cage","low_gate","summer","low"
"16614","6/9/2024","19:00","66.879","cage","low_gate","summer","low"
"16714","6/10/2024","1:00","59.337","cage","low_gate","summer","low"
"16814","6/10/2024","7:00","55.537","cage","low_gate","summer","low"
"16914","6/10/2024","13:00","76.006","cage","low_gate","summer","low"
"17014","6/10/2024","19:00","70.824","cage","low_gate","summer","low"
"17118","6/11/2024","1:00","58.131","cage","low_gate","summer","low"
"17216","6/11/2024","7:00","52.05","cage","low_gate","summer","low"
"17314","6/11/2024","13:00","74.619","cage","low_gate","summer","low"
"17414","6/11/2024","19:00","77.05","cage","low_gate","summer","low"
"17514","6/12/2024","1:00","60.883","cage","low_gate","summer","low"
"17614","6/12/2024","7:00","53.623","cage","low_gate","summer","low"
"17714","6/12/2024","13:00","77.749","cage","low_gate","summer","low"
"17814","6/12/2024","19:00","79.853","cage","low_gate","summer","low"
"17914","6/13/2024","1:00","62.598","cage","low_gate","summer","low"
"18014","6/13/2024","7:00","56.057","cage","low_gate","summer","low"
"18118","6/13/2024","13:00","78.274","cage","low_gate","summer","low"
"18216","6/13/2024","19:00","81.621","cage","low_gate","summer","low"
"18314","6/14/2024","1:00","66.879","cage","low_gate","summer","low"
"18414","6/14/2024","7:00","61.912","cage","low_gate","summer","low"
"18514","6/14/2024","13:00","81.975","cage","low_gate","summer","low"
"18614","6/14/2024","19:00","81.09","cage","low_gate","summer","low"
"18714","6/15/2024","1:00","65.167","cage","low_gate","summer","low"
"18814","6/15/2024","7:00","60.368","cage","low_gate","summer","low"
"18914","6/15/2024","13:00","77.05","cage","low_gate","summer","low"
"19014","6/15/2024","19:00","72.545","cage","low_gate","summer","low"
"19118","6/16/2024","1:00","58.303","cage","low_gate","summer","low"
"19216","6/16/2024","7:00","50.466","cage","low_gate","summer","low"
"19314","6/16/2024","13:00","84.115","cage","low_gate","summer","low"
"19414","6/16/2024","19:00","78.624","cage","low_gate","summer","low"
"19514","6/17/2024","1:00","63.455","cage","low_gate","summer","low"
"19614","6/17/2024","7:00","58.303","cage","low_gate","summer","low"
"19714","6/17/2024","13:00","62.425","cage","low_gate","summer","low"
"19814","6/17/2024","19:00","60.712","cage","low_gate","summer","low"
"19914","6/18/2024","1:00","49.759","cage","low_gate","summer","low"
"20014","6/18/2024","7:00","46.188","cage","low_gate","summer","low"
"20118","6/18/2024","13:00","66.537","cage","low_gate","summer","low"
"20216","6/18/2024","19:00","68.248","cage","low_gate","summer","low"
"20314","6/19/2024","1:00","51.523","cage","low_gate","summer","low"
"20414","6/19/2024","7:00","45.828","cage","low_gate","summer","low"
"20514","6/19/2024","13:00","74.446","cage","low_gate","summer","low"
"20614","6/19/2024","19:00","76.528","cage","low_gate","summer","low"
"20714","6/20/2024","1:00","56.23","cage","low_gate","summer","low"
"20814","6/20/2024","7:00","51.874","cage","low_gate","summer","low"
"20914","6/20/2024","13:00","79.853","cage","low_gate","summer","low"
"21018","6/20/2024","19:00","84.654","cage","low_gate","summer","low"
"21118","6/21/2024","1:00","62.94","cage","low_gate","summer","low"
"21217","6/21/2024","7:00","57.958","cage","low_gate","summer","low"
"21315","6/21/2024","13:00","84.654","cage","low_gate","summer","low"
"21415","6/21/2024","19:00","86.097","cage","low_gate","summer","low"
"21514","6/22/2024","1:00","66.537","cage","low_gate","summer","low"
"21614","6/22/2024","7:00","58.476","cage","low_gate","summer","low"
"21714","6/22/2024","13:00","86.277","cage","low_gate","summer","low"
"21814","6/22/2024","19:00","87.004","cage","low_gate","summer","low"
"21914","6/23/2024","1:00","66.193","cage","low_gate","summer","low"
"22014","6/23/2024","7:00","60.195","cage","low_gate","summer","low"
"22118","6/23/2024","13:00","88.099","cage","low_gate","summer","low"
"22216","6/23/2024","19:00","86.277","cage","low_gate","summer","low"
"22314","6/24/2024","1:00","67.05","cage","low_gate","summer","low"
"22414","6/24/2024","7:00","60.368","cage","low_gate","summer","low"
"22514","6/24/2024","13:00","89.017","cage","low_gate","summer","low"
"22614","6/24/2024","19:00","88.282","cage","low_gate","summer","low"
"22714","6/25/2024","1:00","67.735","cage","low_gate","summer","low"
"22814","6/25/2024","7:00","60.195","cage","low_gate","summer","low"
"22914","6/25/2024","13:00","90.495","cage","low_gate","summer","low"
"23014","6/25/2024","19:00","93.115","cage","low_gate","summer","low"
"23118","6/26/2024","1:00","69.278","cage","low_gate","summer","low"
"23216","6/26/2024","7:00","64.139","cage","low_gate","summer","low"
"23314","6/26/2024","13:00","79.151","cage","low_gate","summer","low"
"23414","6/26/2024","19:00","83.221","cage","low_gate","summer","low"
"23514","6/27/2024","1:00","67.221","cage","low_gate","summer","low"
"23614","6/27/2024","7:00","62.254","cage","low_gate","summer","low"
"23714","6/27/2024","13:00","91.24","cage","low_gate","summer","low"
"23814","6/27/2024","19:00","84.834","cage","low_gate","summer","low"
"23914","6/28/2024","1:00","64.31","cage","low_gate","summer","low"
"24014","6/28/2024","7:00","55.711","cage","low_gate","summer","low"
"24118","6/28/2024","13:00","95.783","cage","low_gate","summer","low"
"24216","6/28/2024","19:00","85.194","cage","low_gate","summer","low"
"24314","6/29/2024","1:00","63.455","cage","low_gate","summer","low"
"24414","6/29/2024","7:00","56.577","cage","low_gate","summer","low"
"24514","6/29/2024","13:00","98.11","cage","low_gate","summer","low"
"24614","6/29/2024","19:00","92.174","cage","low_gate","summer","low"
"24714","6/30/2024","1:00","70.995","cage","low_gate","summer","low"
"24814","6/30/2024","7:00","65.851","cage","low_gate","summer","low"
"24914","6/30/2024","13:00","97.916","cage","low_gate","summer","low"
"25014","6/30/2024","19:00","87.368","cage","low_gate","summer","low"
"25118","7/1/2024","1:00","70.48","cage","low_gate","summer","low"
"25216","7/1/2024","7:00","63.455","cage","low_gate","summer","low"
"25314","7/1/2024","13:00","75.139","cage","low_gate","summer","low"
"25414","7/1/2024","19:00","64.825","cage","low_gate","summer","low"
"25514","7/2/2024","1:00","54.842","cage","low_gate","summer","low"
"25614","7/2/2024","7:00","47.266","cage","low_gate","summer","low"
"25714","7/2/2024","13:00","84.654","cage","low_gate","summer","low"
"25814","7/2/2024","19:00","77.749","cage","low_gate","summer","low"
"25914","7/3/2024","1:00","58.993","cage","low_gate","summer","low"
"26014","7/3/2024","7:00","52.576","cage","low_gate","summer","low"
"26118","7/3/2024","13:00","77.749","cage","low_gate","summer","low"
"26216","7/3/2024","19:00","77.574","cage","low_gate","summer","low"
"26314","7/4/2024","1:00","58.647","cage","low_gate","summer","low"
"26414","7/4/2024","7:00","52.05","cage","low_gate","summer","low"
"26514","7/4/2024","13:00","89.017","cage","low_gate","summer","low"
"26614","7/4/2024","19:00","81.621","cage","low_gate","summer","low"
"26714","7/5/2024","1:00","61.398","cage","low_gate","summer","low"
"26814","7/5/2024","7:00","55.189","cage","low_gate","summer","low"
"26914","7/5/2024","13:00","93.493","cage","low_gate","summer","low"
"27014","7/5/2024","19:00","88.65","cage","low_gate","summer","low"
"27118","7/6/2024","1:00","66.193","cage","low_gate","summer","low"
"27216","7/6/2024","7:00","58.303","cage","low_gate","summer","low"
"27314","7/6/2024","13:00","95.207","cage","low_gate","summer","low"
"27414","7/6/2024","19:00","90.867","cage","low_gate","summer","low"
"27514","7/7/2024","1:00","67.906","cage","low_gate","summer","low"
"27614","7/7/2024","7:00","60.539","cage","low_gate","summer","low"
"27714","7/7/2024","13:00","93.493","cage","low_gate","summer","low"
"27814","7/7/2024","19:00","89.938","cage","low_gate","summer","low"
"27914","7/8/2024","1:00","67.05","cage","low_gate","summer","low"
"28014","7/8/2024","7:00","60.024","cage","low_gate","summer","low"
"28118","7/8/2024","13:00","100.483","cage","low_gate","summer","low"
"28216","7/8/2024","19:00","94.633","cage","low_gate","summer","low"
"28314","7/9/2024","1:00","70.48","cage","low_gate","summer","low"
"28414","7/9/2024","7:00","63.111","cage","low_gate","summer","low"
"28514","7/9/2024","13:00","103.512","cage","low_gate","summer","low"
"28613","7/9/2024","19:00","102.9","cage","low_gate","summer","low"
"28713","7/10/2024","1:00","72.372","cage","low_gate","summer","low"
"28813","7/10/2024","7:00","60.883","cage","low_gate","summer","low"
"28913","7/10/2024","13:00","97.137","cage","low_gate","summer","low"
"29013","7/10/2024","19:00","76.876","cage","low_gate","summer","low"
"29117","7/11/2024","1:00","76.181","cage","low_gate","summer","low"
"29215","7/11/2024","7:00","73.753","cage","low_gate","summer","low"
"29313","7/11/2024","13:00","75.139","cage","low_gate","summer","low"
"29413","7/11/2024","19:00","77.05","cage","low_gate","summer","low"
"29513","7/12/2024","1:00","76.528","cage","low_gate","summer","low"
"29613","7/12/2024","7:00","74.271","cage","low_gate","summer","low"
"29713","7/12/2024","13:00","75.484","cage","low_gate","summer","low"
"29813","7/12/2024","19:00","77.4","cage","low_gate","summer","low"
"29913","7/13/2024","1:00","76.703","cage","low_gate","summer","low"
"30013","7/13/2024","7:00","74.446","cage","low_gate","summer","low"
"30117","7/13/2024","13:00","75.659","cage","low_gate","summer","low"
"30215","7/13/2024","19:00","77.4","cage","low_gate","summer","low"
"30313","7/14/2024","1:00","76.876","cage","low_gate","summer","low"
"30413","7/14/2024","7:00","76.006","cage","low_gate","summer","low"
"30513","7/14/2024","13:00","77.225","cage","low_gate","summer","low"
"30613","7/14/2024","19:00","78.624","cage","low_gate","summer","low"
"30713","7/15/2024","1:00","78.098","cage","low_gate","summer","low"
"30813","7/15/2024","7:00","76.354","cage","low_gate","summer","low"
"30913","7/15/2024","13:00","77.4","cage","low_gate","summer","low"
"31017","7/15/2024","19:00","78.274","cage","low_gate","summer","low"
"31117","7/16/2024","1:00","77.749","cage","low_gate","summer","low"
"31216","7/16/2024","7:00","75.659","cage","low_gate","summer","low"
"31314","7/16/2024","13:00","75.832","cage","low_gate","summer","low"
"31414","7/16/2024","19:00","77.225","cage","low_gate","summer","low"
"31513","7/17/2024","1:00","76.703","cage","low_gate","summer","low"
"31613","7/17/2024","7:00","74.619","cage","low_gate","summer","low"
"31713","7/17/2024","13:00","76.006","cage","low_gate","summer","low"
"31813","7/17/2024","19:00","77.749","cage","low_gate","summer","low"
"31913","7/18/2024","1:00","76.528","cage","low_gate","summer","low"
"32013","7/18/2024","7:00","74.619","cage","low_gate","summer","low"
"32117","7/18/2024","13:00","75.659","cage","low_gate","summer","low"
"32215","7/18/2024","19:00","77.574","cage","low_gate","summer","low"
"32313","7/19/2024","1:00","76.876","cage","low_gate","summer","low"
"32413","7/19/2024","7:00","74.964","cage","low_gate","summer","low"
"32513","7/19/2024","13:00","76.703","cage","low_gate","summer","low"
"32613","7/19/2024","19:00","77.923","cage","low_gate","summer","low"
"32713","7/20/2024","1:00","76.876","cage","low_gate","summer","low"
"32813","7/20/2024","7:00","74.791","cage","low_gate","summer","low"
"32913","7/20/2024","13:00","75.659","cage","low_gate","summer","low"
"33013","7/20/2024","19:00","77.749","cage","low_gate","summer","low"
"33117","7/21/2024","1:00","77.4","cage","low_gate","summer","low"
"33215","7/21/2024","7:00","75.312","cage","low_gate","summer","low"
"33313","7/21/2024","13:00","76.181","cage","low_gate","summer","low"
"33413","7/21/2024","19:00","78.274","cage","low_gate","summer","low"
"33513","7/22/2024","1:00","77.749","cage","low_gate","summer","low"
"33613","7/22/2024","7:00","76.006","cage","low_gate","summer","low"
"33713","7/22/2024","13:00","77.05","cage","low_gate","summer","low"
"33813","7/22/2024","19:00","78.098","cage","low_gate","summer","low"
"33913","7/23/2024","1:00","77.05","cage","low_gate","summer","low"
"34013","7/23/2024","7:00","73.926","cage","low_gate","summer","low"
"34117","7/23/2024","13:00","76.006","cage","low_gate","summer","low"
"34215","7/23/2024","19:00","77.574","cage","low_gate","summer","low"
"34313","7/24/2024","1:00","76.876","cage","low_gate","summer","low"
"34413","7/24/2024","7:00","75.139","cage","low_gate","summer","low"
"34513","7/24/2024","13:00","76.006","cage","low_gate","summer","low"
"34613","7/24/2024","19:00","77.225","cage","low_gate","summer","low"
"34713","7/25/2024","1:00","76.876","cage","low_gate","summer","low"
"34813","7/25/2024","7:00","75.659","cage","low_gate","summer","low"
"34913","7/25/2024","13:00","76.528","cage","low_gate","summer","low"
"35013","7/25/2024","19:00","77.05","cage","low_gate","summer","low"
"35117","7/26/2024","1:00","75.832","cage","low_gate","summer","low"
"35215","7/26/2024","7:00","74.271","cage","low_gate","summer","low"
"35313","7/26/2024","13:00","75.139","cage","low_gate","summer","low"
"35413","7/26/2024","19:00","76.354","cage","low_gate","summer","low"
"35513","7/27/2024","1:00","75.312","cage","low_gate","summer","low"
"35613","7/27/2024","7:00","73.753","cage","low_gate","summer","low"
"35713","7/27/2024","13:00","72.718","cage","low_gate","summer","low"
"35813","7/27/2024","19:00","73.753","cage","low_gate","summer","low"
"35913","7/28/2024","1:00","72.372","cage","low_gate","summer","low"
"36013","7/28/2024","7:00","71.339","cage","low_gate","summer","low"
"36117","7/28/2024","13:00","72.545","cage","low_gate","summer","low"
"36215","7/28/2024","19:00","74.619","cage","low_gate","summer","low"
"36313","7/29/2024","1:00","73.58","cage","low_gate","summer","low"
"36413","7/29/2024","7:00","71.856","cage","low_gate","summer","low"
"36513","7/29/2024","13:00","73.753","cage","low_gate","summer","low"
"36613","7/29/2024","19:00","74.619","cage","low_gate","summer","low"
"36713","7/30/2024","1:00","73.58","cage","low_gate","summer","low"
"36813","7/30/2024","7:00","71.683","cage","low_gate","summer","low"
"36913","7/30/2024","13:00","73.407","cage","low_gate","summer","low"
"37013","7/30/2024","19:00","74.964","cage","low_gate","summer","low"
"37117","7/31/2024","1:00","73.407","cage","low_gate","summer","low"
"37215","7/31/2024","7:00","72.028","cage","low_gate","summer","low"
"37313","7/31/2024","13:00","73.234","cage","low_gate","summer","low"
"37413","7/31/2024","19:00","74.791","cage","low_gate","summer","low"
"37513","8/1/2024","1:00","73.58","cage","low_gate","summer","low"
"37613","8/1/2024","7:00","71.512","cage","low_gate","summer","low"
"37713","8/1/2024","13:00","72.891","cage","low_gate","summer","low"
"37813","8/1/2024","19:00","74.791","cage","low_gate","summer","low"
"37913","8/2/2024","1:00","74.446","cage","low_gate","summer","low"
"38013","8/2/2024","7:00","72.718","cage","low_gate","summer","low"
"38117","8/2/2024","13:00","73.926","cage","low_gate","summer","low"
"38215","8/2/2024","19:00","75.484","cage","low_gate","summer","low"
"38313","8/3/2024","1:00","75.139","cage","low_gate","summer","low"
"38413","8/3/2024","7:00","73.753","cage","low_gate","summer","low"
"38513","8/3/2024","13:00","74.964","cage","low_gate","summer","low"
"38613","8/3/2024","19:00","77.225","cage","low_gate","summer","low"
"38713","8/4/2024","1:00","76.876","cage","low_gate","summer","low"
"38813","8/4/2024","7:00","75.484","cage","low_gate","summer","low"
"38913","8/4/2024","13:00","76.006","cage","low_gate","summer","low"
"39013","8/4/2024","19:00","77.4","cage","low_gate","summer","low"
"39117","8/5/2024","1:00","76.876","cage","low_gate","summer","low"
"39215","8/5/2024","7:00","75.139","cage","low_gate","summer","low"
"39313","8/5/2024","13:00","76.181","cage","low_gate","summer","low"
"39413","8/5/2024","19:00","77.574","cage","low_gate","summer","low"
"39513","8/6/2024","1:00","76.528","cage","low_gate","summer","low"
"39613","8/6/2024","7:00","75.312","cage","low_gate","summer","low"
"39713","8/6/2024","13:00","76.181","cage","low_gate","summer","low"
"39813","8/6/2024","19:00","77.05","cage","low_gate","summer","low"
"39913","8/7/2024","1:00","76.181","cage","low_gate","summer","low"
"40013","8/7/2024","7:00","74.446","cage","low_gate","summer","low"
"40117","8/7/2024","13:00","75.139","cage","low_gate","summer","low"
"40215","8/7/2024","19:00","76.006","cage","low_gate","summer","low"
"40313","8/8/2024","1:00","75.139","cage","low_gate","summer","low"
"40413","8/8/2024","7:00","72.372","cage","low_gate","summer","low"
"40513","8/8/2024","13:00","73.407","cage","low_gate","summer","low"
"40613","8/8/2024","19:00","75.312","cage","low_gate","summer","low"
"40713","8/9/2024","1:00","74.619","cage","low_gate","summer","low"
"40813","8/9/2024","7:00","72.891","cage","low_gate","summer","low"
"40913","8/9/2024","13:00","73.407","cage","low_gate","summer","low"
"41017","8/9/2024","19:00","73.234","cage","low_gate","summer","low"
"41117","8/10/2024","1:00","69.964","cage","low_gate","summer","low"
"41216","8/10/2024","7:00","69.622","cage","low_gate","summer","low"
"41314","8/10/2024","13:00","71.168","cage","low_gate","summer","low"
"41414","8/10/2024","19:00","73.407","cage","low_gate","summer","low"
"41513","8/11/2024","1:00","73.407","cage","low_gate","summer","low"
"41613","8/11/2024","7:00","71.683","cage","low_gate","summer","low"
"41713","8/11/2024","13:00","72.545","cage","low_gate","summer","low"
"41813","8/11/2024","19:00","74.446","cage","low_gate","summer","low"
"41913","8/12/2024","1:00","74.271","cage","low_gate","summer","low"
"42013","8/12/2024","7:00","73.062","cage","low_gate","summer","low"
"42117","8/12/2024","13:00","74.098","cage","low_gate","summer","low"
"42215","8/12/2024","19:00","74.791","cage","low_gate","summer","low"
"42313","8/13/2024","1:00","71.168","cage","low_gate","summer","low"
"42413","8/13/2024","7:00","69.622","cage","low_gate","summer","low"
"42513","8/13/2024","13:00","74.271","cage","low_gate","summer","low"
"42613","8/13/2024","19:00","73.407","cage","low_gate","summer","low"
"42713","8/14/2024","1:00","69.622","cage","low_gate","summer","low"
"42813","8/14/2024","7:00","68.592","cage","low_gate","summer","low"
"42913","8/14/2024","13:00","75.312","cage","low_gate","summer","low"
"43013","8/14/2024","19:00","74.446","cage","low_gate","summer","low"
"43117","8/15/2024","1:00","70.824","cage","low_gate","summer","low"
"43215","8/15/2024","7:00","68.592","cage","low_gate","summer","low"
"43313","8/15/2024","13:00","73.407","cage","low_gate","summer","low"
"43413","8/15/2024","19:00","74.446","cage","low_gate","summer","low"
"43513","8/16/2024","1:00","70.651","cage","low_gate","summer","low"
"43613","8/16/2024","7:00","68.592","cage","low_gate","summer","low"
"43713","8/16/2024","13:00","73.926","cage","low_gate","summer","low"
"43812","8/16/2024","19:00","74.619","cage","low_gate","summer","low"
"43912","8/17/2024","1:00","71.683","cage","low_gate","summer","low"
"44012","8/17/2024","7:00","69.107","cage","low_gate","summer","low"
"44116","8/17/2024","13:00","74.446","cage","low_gate","summer","low"
"44214","8/17/2024","19:00","72.891","cage","low_gate","summer","low"
"44312","8/18/2024","1:00","70.308","cage","low_gate","summer","low"
"44412","8/18/2024","7:00","69.107","cage","low_gate","summer","low"
"44512","8/18/2024","13:00","73.753","cage","low_gate","summer","low"
"44612","8/18/2024","19:00","76.181","cage","low_gate","summer","low"
"44712","8/19/2024","1:00","72.028","cage","low_gate","summer","low"
"44812","8/19/2024","7:00","70.48","cage","low_gate","summer","low"
"44912","8/19/2024","13:00","74.098","cage","low_gate","summer","low"
"45012","8/19/2024","19:00","75.312","cage","low_gate","summer","low"
"45116","8/20/2024","1:00","73.062","cage","low_gate","summer","low"
"45214","8/20/2024","7:00","71.168","cage","low_gate","summer","low"
"45312","8/20/2024","13:00","74.791","cage","low_gate","summer","low"
"45412","8/20/2024","19:00","75.312","cage","low_gate","summer","low"
"45512","8/21/2024","1:00","72.718","cage","low_gate","summer","low"
"45612","8/21/2024","7:00","69.449","cage","low_gate","summer","low"
"45712","8/21/2024","13:00","73.926","cage","low_gate","summer","low"
"45812","8/21/2024","19:00","74.446","cage","low_gate","summer","low"
"45912","8/22/2024","1:00","70.48","cage","low_gate","summer","low"
"46012","8/22/2024","7:00","68.592","cage","low_gate","summer","low"
"46116","8/22/2024","13:00","73.062","cage","low_gate","summer","low"
"46214","8/22/2024","19:00","74.791","cage","low_gate","summer","low"
"46312","8/23/2024","1:00","71.683","cage","low_gate","summer","low"
"46412","8/23/2024","7:00","69.793","cage","low_gate","summer","low"
"46512","8/23/2024","13:00","74.791","cage","low_gate","summer","low"
"2300","9/27/2024","13:00","58.993","shrub","low_gate","winter","low"
"3300","9/27/2024","19:00","60.883","shrub","low_gate","winter","low"
"4300","9/28/2024","1:00","56.057","shrub","low_gate","winter","low"
"5179","9/28/2024","7:00","53.973","shrub","low_gate","winter","low"
"6158","9/28/2024","13:00","60.195","shrub","low_gate","winter","low"
"790","9/28/2024","19:00","62.083","shrub","low_gate","winter","low"
"890","9/29/2024","1:00","56.923","shrub","low_gate","winter","low"
"990","9/29/2024","7:00","55.537","shrub","low_gate","winter","low"
"1090","9/29/2024","13:00","60.368","shrub","low_gate","winter","low"
"1190","9/29/2024","19:00","61.741","shrub","low_gate","winter","low"
"1290","9/30/2024","1:00","55.711","shrub","low_gate","winter","low"
"1390","9/30/2024","7:00","52.925","shrub","low_gate","winter","low"
"1490","9/30/2024","13:00","55.364","shrub","low_gate","winter","low"
"1590","9/30/2024","19:00","56.404","shrub","low_gate","winter","low"
"1690","10/1/2024","1:00","50.995","shrub","low_gate","winter","low"
"1790","10/1/2024","7:00","48.517","shrub","low_gate","winter","low"
"1890","10/1/2024","13:00","54.842","shrub","low_gate","winter","low"
"1990","10/1/2024","19:00","56.577","shrub","low_gate","winter","low"
"2090","10/2/2024","1:00","51.346","shrub","low_gate","winter","low"
"21103","10/2/2024","7:00","48.871","shrub","low_gate","winter","low"
"22100","10/2/2024","13:00","55.017","shrub","low_gate","winter","low"
"2390","10/2/2024","19:00","57.096","shrub","low_gate","winter","low"
"2490","10/3/2024","1:00","52.925","shrub","low_gate","winter","low"
"2590","10/3/2024","7:00","50.29","shrub","low_gate","winter","low"
"2690","10/3/2024","13:00","55.017","shrub","low_gate","winter","low"
"2790","10/3/2024","19:00","56.057","shrub","low_gate","winter","low"
"2890","10/4/2024","1:00","50.643","shrub","low_gate","winter","low"
"2990","10/4/2024","7:00","48.695","shrub","low_gate","winter","low"
"3090","10/4/2024","13:00","56.057","shrub","low_gate","winter","low"
"31103","10/4/2024","19:00","58.476","shrub","low_gate","winter","low"
"32100","10/5/2024","1:00","54.495","shrub","low_gate","winter","low"
"3390","10/5/2024","7:00","52.401","shrub","low_gate","winter","low"
"3490","10/5/2024","13:00","56.404","shrub","low_gate","winter","low"
"3590","10/5/2024","19:00","57.096","shrub","low_gate","winter","low"
"3690","10/6/2024","1:00","51.346","shrub","low_gate","winter","low"
"3790","10/6/2024","7:00","49.228","shrub","low_gate","winter","low"
"3890","10/6/2024","13:00","55.189","shrub","low_gate","winter","low"
"3990","10/6/2024","19:00","56.404","shrub","low_gate","winter","low"
"4090","10/7/2024","1:00","52.05","shrub","low_gate","winter","low"
"41103","10/7/2024","7:00","49.937","shrub","low_gate","winter","low"
"42100","10/7/2024","13:00","55.884","shrub","low_gate","winter","low"
"4390","10/7/2024","19:00","56.75","shrub","low_gate","winter","low"
"4490","10/8/2024","1:00","51.699","shrub","low_gate","winter","low"
"4590","10/8/2024","7:00","49.759","shrub","low_gate","winter","low"
"4679","10/8/2024","13:00","56.057","shrub","low_gate","winter","low"
"4750","10/8/2024","19:00","57.096","shrub","low_gate","winter","low"
"4850","10/9/2024","1:00","52.576","shrub","low_gate","winter","low"
"4950","10/9/2024","7:00","50.113","shrub","low_gate","winter","low"
"5050","10/9/2024","13:00","57.096","shrub","low_gate","winter","low"
"5180","10/9/2024","19:00","58.131","shrub","low_gate","winter","low"
"5250","10/10/2024","1:00","53.798","shrub","low_gate","winter","low"
"5350","10/10/2024","7:00","52.576","shrub","low_gate","winter","low"
"5450","10/10/2024","13:00","58.993","shrub","low_gate","winter","low"
"5550","10/10/2024","19:00","58.647","shrub","low_gate","winter","low"
"5650","10/11/2024","1:00","54.322","shrub","low_gate","winter","low"
"5750","10/11/2024","7:00","51.172","shrub","low_gate","winter","low"
"5850","10/11/2024","13:00","57.268","shrub","low_gate","winter","low"
"5950","10/11/2024","19:00","57.614","shrub","low_gate","winter","low"
"6050","10/12/2024","1:00","53.1","shrub","low_gate","winter","low"
"6159","10/12/2024","7:00","50.995","shrub","low_gate","winter","low"
"6250","10/12/2024","13:00","57.785","shrub","low_gate","winter","low"
"6350","10/12/2024","19:00","57.441","shrub","low_gate","winter","low"
"6420","10/13/2024","1:00","53.1","shrub","low_gate","winter","low"
"6520","10/13/2024","7:00","52.05","shrub","low_gate","winter","low"
"6620","10/13/2024","13:00","57.785","shrub","low_gate","winter","low"
"6717","10/13/2024","19:00","58.303","shrub","low_gate","winter","low"
"6815","10/14/2024","1:00","53.274","shrub","low_gate","winter","low"
"6915","10/14/2024","7:00","51.346","shrub","low_gate","winter","low"
"7015","10/14/2024","13:00","57.441","shrub","low_gate","winter","low"
"7119","10/14/2024","19:00","58.131","shrub","low_gate","winter","low"
"7217","10/15/2024","1:00","52.75","shrub","low_gate","winter","low"
"7315","10/15/2024","7:00","50.113","shrub","low_gate","winter","low"
"7415","10/15/2024","13:00","56.923","shrub","low_gate","winter","low"
"7515","10/15/2024","19:00","57.268","shrub","low_gate","winter","low"
"7615","10/16/2024","1:00","52.576","shrub","low_gate","winter","low"
"7715","10/16/2024","7:00","50.113","shrub","low_gate","winter","low"
"7815","10/16/2024","13:00","56.577","shrub","low_gate","winter","low"
"7915","10/16/2024","19:00","56.577","shrub","low_gate","winter","low"
"8015","10/17/2024","1:00","54.495","shrub","low_gate","winter","low"
"8119","10/17/2024","7:00","51.699","shrub","low_gate","winter","low"
"8217","10/17/2024","13:00","54.842","shrub","low_gate","winter","low"
"8315","10/17/2024","19:00","51.172","shrub","low_gate","winter","low"
"8415","10/18/2024","1:00","47.982","shrub","low_gate","winter","low"
"8515","10/18/2024","7:00","46.369","shrub","low_gate","winter","low"
"8615","10/18/2024","13:00","48.339","shrub","low_gate","winter","low"
"8715","10/18/2024","19:00","48.339","shrub","low_gate","winter","low"
"8815","10/19/2024","1:00","44.013","shrub","low_gate","winter","low"
"8915","10/19/2024","7:00","42.548","shrub","low_gate","winter","low"
"9015","10/19/2024","13:00","48.695","shrub","low_gate","winter","low"
"9119","10/19/2024","19:00","48.871","shrub","low_gate","winter","low"
"9217","10/20/2024","1:00","45.104","shrub","low_gate","winter","low"
"9315","10/20/2024","7:00","42.915","shrub","low_gate","winter","low"
"9415","10/20/2024","13:00","49.937","shrub","low_gate","winter","low"
"9515","10/20/2024","19:00","50.819","shrub","low_gate","winter","low"
"9615","10/21/2024","1:00","47.446","shrub","low_gate","winter","low"
"9715","10/21/2024","7:00","45.648","shrub","low_gate","winter","low"
"9815","10/21/2024","13:00","52.225","shrub","low_gate","winter","low"
"9915","10/21/2024","19:00","52.401","shrub","low_gate","winter","low"
"10015","10/22/2024","1:00","49.05","shrub","low_gate","winter","low"
"10119","10/22/2024","7:00","46.008","shrub","low_gate","winter","low"
"10217","10/22/2024","13:00","49.228","shrub","low_gate","winter","low"
"10315","10/22/2024","19:00","50.29","shrub","low_gate","winter","low"
"10415","10/23/2024","1:00","44.742","shrub","low_gate","winter","low"
"10515","10/23/2024","7:00","43.648","shrub","low_gate","winter","low"
"10615","10/23/2024","13:00","51.172","shrub","low_gate","winter","low"
"10715","10/23/2024","19:00","50.466","shrub","low_gate","winter","low"
"10815","10/24/2024","1:00","48.339","shrub","low_gate","winter","low"
"10915","10/24/2024","7:00","45.466","shrub","low_gate","winter","low"
"11015","10/24/2024","13:00","48.339","shrub","low_gate","winter","low"
"11119","10/24/2024","19:00","46.008","shrub","low_gate","winter","low"
"11217","10/25/2024","1:00","44.922","shrub","low_gate","winter","low"
"11315","10/25/2024","7:00","43.099","shrub","low_gate","winter","low"
"11415","10/25/2024","13:00","45.286","shrub","low_gate","winter","low"
"11515","10/25/2024","19:00","45.828","shrub","low_gate","winter","low"
"11615","10/26/2024","1:00","44.742","shrub","low_gate","winter","low"
"11715","10/26/2024","7:00","41.994","shrub","low_gate","winter","low"
"11815","10/26/2024","13:00","46.548","shrub","low_gate","winter","low"
"11915","10/26/2024","19:00","46.908","shrub","low_gate","winter","low"
"12015","10/27/2024","1:00","43.099","shrub","low_gate","winter","low"
"12119","10/27/2024","7:00","43.099","shrub","low_gate","winter","low"
"12217","10/27/2024","13:00","47.624","shrub","low_gate","winter","low"
"12315","10/27/2024","19:00","47.982","shrub","low_gate","winter","low"
"12415","10/28/2024","1:00","43.648","shrub","low_gate","winter","low"
"12515","10/28/2024","7:00","41.994","shrub","low_gate","winter","low"
"12615","10/28/2024","13:00","44.742","shrub","low_gate","winter","low"
"12715","10/28/2024","19:00","45.286","shrub","low_gate","winter","low"
"12815","10/29/2024","1:00","43.099","shrub","low_gate","winter","low"
"12915","10/29/2024","7:00","41.625","shrub","low_gate","winter","low"
"13015","10/29/2024","13:00","42.732","shrub","low_gate","winter","low"
"13119","10/29/2024","19:00","41.994","shrub","low_gate","winter","low"
"13217","10/30/2024","1:00","40.696","shrub","low_gate","winter","low"
"13315","10/30/2024","7:00","38.818","shrub","low_gate","winter","low"
"13415","10/30/2024","13:00","41.625","shrub","low_gate","winter","low"
"13515","10/30/2024","19:00","41.067","shrub","low_gate","winter","low"
"13615","10/31/2024","1:00","36.723","shrub","low_gate","winter","low"
"13715","10/31/2024","7:00","37.107","shrub","low_gate","winter","low"
"13815","10/31/2024","13:00","38.44","shrub","low_gate","winter","low"
"13915","10/31/2024","19:00","39.007","shrub","low_gate","winter","low"
"14015","11/1/2024","1:00","38.818","shrub","low_gate","winter","low"
"14119","11/1/2024","7:00","38.629","shrub","low_gate","winter","low"
"14217","11/1/2024","13:00","38.818","shrub","low_gate","winter","low"
"14315","11/1/2024","19:00","38.629","shrub","low_gate","winter","low"
"14415","11/2/2024","1:00","37.87","shrub","low_gate","winter","low"
"14515","11/2/2024","7:00","37.297","shrub","low_gate","winter","low"
"14615","11/2/2024","13:00","37.679","shrub","low_gate","winter","low"
"14715","11/2/2024","19:00","37.488","shrub","low_gate","winter","low"
"14815","11/3/2024","1:00","38.061","shrub","low_gate","winter","low"
"14915","11/3/2024","7:00","37.488","shrub","low_gate","winter","low"
"15015","11/3/2024","13:00","38.061","shrub","low_gate","winter","low"
"15119","11/3/2024","19:00","37.87","shrub","low_gate","winter","low"
"15217","11/4/2024","1:00","36.723","shrub","low_gate","winter","low"
"15315","11/4/2024","7:00","35.37","shrub","low_gate","winter","low"
"15415","11/4/2024","13:00","35.758","shrub","low_gate","winter","low"
"15515","11/4/2024","19:00","36.531","shrub","low_gate","winter","low"
"15615","11/5/2024","1:00","36.338","shrub","low_gate","winter","low"
"15715","11/5/2024","7:00","35.564","shrub","low_gate","winter","low"
"15815","11/5/2024","13:00","35.564","shrub","low_gate","winter","low"
"15915","11/5/2024","19:00","35.758","shrub","low_gate","winter","low"
"16015","11/6/2024","1:00","33.607","shrub","low_gate","winter","low"
"16119","11/6/2024","7:00","31.816","shrub","low_gate","winter","low"
"16217","11/6/2024","13:00","32.815","shrub","low_gate","winter","low"
"16315","11/6/2024","19:00","34.394","shrub","low_gate","winter","low"
"16415","11/7/2024","1:00","31.415","shrub","low_gate","winter","low"
"16515","11/7/2024","7:00","29.79","shrub","low_gate","winter","low"
"16615","11/7/2024","13:00","31.816","shrub","low_gate","winter","low"
"16715","11/7/2024","19:00","33.013","shrub","low_gate","winter","low"
"16815","11/8/2024","1:00","31.415","shrub","low_gate","winter","low"
"16915","11/8/2024","7:00","30.198","shrub","low_gate","winter","low"
"17015","11/8/2024","13:00","32.018","shrub","low_gate","winter","low"
"17119","11/8/2024","19:00","33.213","shrub","low_gate","winter","low"
"17217","11/9/2024","1:00","32.218","shrub","low_gate","winter","low"
"17315","11/9/2024","7:00","30.808","shrub","low_gate","winter","low"
"17415","11/9/2024","13:00","32.418","shrub","low_gate","winter","low"
"17515","11/9/2024","19:00","34.002","shrub","low_gate","winter","low"
"17615","11/10/2024","1:00","33.411","shrub","low_gate","winter","low"
"17715","11/10/2024","7:00","32.815","shrub","low_gate","winter","low"
"17815","11/10/2024","13:00","34.59","shrub","low_gate","winter","low"
"17915","11/10/2024","19:00","37.297","shrub","low_gate","winter","low"
"18015","11/11/2024","1:00","35.37","shrub","low_gate","winter","low"
"18119","11/11/2024","7:00","34.981","shrub","low_gate","winter","low"
"18217","11/11/2024","13:00","37.488","shrub","low_gate","winter","low"
"18315","11/11/2024","19:00","37.87","shrub","low_gate","winter","low"
"18415","11/12/2024","1:00","36.914","shrub","low_gate","winter","low"
"18515","11/12/2024","7:00","36.914","shrub","low_gate","winter","low"
"18615","11/12/2024","13:00","36.338","shrub","low_gate","winter","low"
"18715","11/12/2024","19:00","36.145","shrub","low_gate","winter","low"
"18815","11/13/2024","1:00","35.175","shrub","low_gate","winter","low"
"18915","11/13/2024","7:00","32.815","shrub","low_gate","winter","low"
"19015","11/13/2024","13:00","33.607","shrub","low_gate","winter","low"
"19119","11/13/2024","19:00","34.394","shrub","low_gate","winter","low"
"19217","11/14/2024","1:00","34.198","shrub","low_gate","winter","low"
"19315","11/14/2024","7:00","31.816","shrub","low_gate","winter","low"
"19415","11/14/2024","13:00","32.617","shrub","low_gate","winter","low"
"19515","11/14/2024","19:00","33.805","shrub","low_gate","winter","low"
"19615","11/15/2024","1:00","33.607","shrub","low_gate","winter","low"
"19715","11/15/2024","7:00","32.218","shrub","low_gate","winter","low"
"19815","11/15/2024","13:00","33.013","shrub","low_gate","winter","low"
"19915","11/15/2024","19:00","33.607","shrub","low_gate","winter","low"
"20015","11/16/2024","1:00","33.805","shrub","low_gate","winter","low"
"20119","11/16/2024","7:00","34.002","shrub","low_gate","winter","low"
"20217","11/16/2024","13:00","34.198","shrub","low_gate","winter","low"
"20315","11/16/2024","19:00","34.002","shrub","low_gate","winter","low"
"20415","11/17/2024","1:00","34.002","shrub","low_gate","winter","low"
"20515","11/17/2024","7:00","33.607","shrub","low_gate","winter","low"
"20615","11/17/2024","13:00","33.607","shrub","low_gate","winter","low"
"20715","11/17/2024","19:00","33.805","shrub","low_gate","winter","low"
"20815","11/18/2024","1:00","34.002","shrub","low_gate","winter","low"
"20915","11/18/2024","7:00","34.002","shrub","low_gate","winter","low"
"21019","11/18/2024","13:00","34.002","shrub","low_gate","winter","low"
"21119","11/18/2024","19:00","34.198","shrub","low_gate","winter","low"
"21218","11/19/2024","1:00","34.002","shrub","low_gate","winter","low"
"21316","11/19/2024","7:00","34.002","shrub","low_gate","winter","low"
"21416","11/19/2024","13:00","33.805","shrub","low_gate","winter","low"
"21515","11/19/2024","19:00","33.805","shrub","low_gate","winter","low"
"21615","11/20/2024","1:00","33.411","shrub","low_gate","winter","low"
"21715","11/20/2024","7:00","32.617","shrub","low_gate","winter","low"
"21815","11/20/2024","13:00","32.218","shrub","low_gate","winter","low"
"21915","11/20/2024","19:00","32.815","shrub","low_gate","winter","low"
"22015","11/21/2024","1:00","32.815","shrub","low_gate","winter","low"
"22119","11/21/2024","7:00","32.815","shrub","low_gate","winter","low"
"22217","11/21/2024","13:00","33.013","shrub","low_gate","winter","low"
"22315","11/21/2024","19:00","33.411","shrub","low_gate","winter","low"
"22415","11/22/2024","1:00","33.607","shrub","low_gate","winter","low"
"22515","11/22/2024","7:00","33.805","shrub","low_gate","winter","low"
"22615","11/22/2024","13:00","34.002","shrub","low_gate","winter","low"
"22715","11/22/2024","19:00","33.805","shrub","low_gate","winter","low"
"22815","11/23/2024","1:00","34.002","shrub","low_gate","winter","low"
"22915","11/23/2024","7:00","34.002","shrub","low_gate","winter","low"
"23015","11/23/2024","13:00","34.198","shrub","low_gate","winter","low"
"23119","11/23/2024","19:00","34.198","shrub","low_gate","winter","low"
"23217","11/24/2024","1:00","34.198","shrub","low_gate","winter","low"
"23315","11/24/2024","7:00","34.198","shrub","low_gate","winter","low"
"23415","11/24/2024","13:00","34.394","shrub","low_gate","winter","low"
"23515","11/24/2024","19:00","34.198","shrub","low_gate","winter","low"
"23615","11/25/2024","1:00","34.002","shrub","low_gate","winter","low"
"23715","11/25/2024","7:00","33.411","shrub","low_gate","winter","low"
"23815","11/25/2024","13:00","32.617","shrub","low_gate","winter","low"
"23915","11/25/2024","19:00","33.013","shrub","low_gate","winter","low"
"24015","11/26/2024","1:00","32.815","shrub","low_gate","winter","low"
"24119","11/26/2024","7:00","32.218","shrub","low_gate","winter","low"
"24217","11/26/2024","13:00","32.418","shrub","low_gate","winter","low"
"24315","11/26/2024","19:00","32.815","shrub","low_gate","winter","low"
"24415","11/27/2024","1:00","31.816","shrub","low_gate","winter","low"
"24515","11/27/2024","7:00","29.995","shrub","low_gate","winter","low"
"24615","11/27/2024","13:00","31.012","shrub","low_gate","winter","low"
"24715","11/27/2024","19:00","31.617","shrub","low_gate","winter","low"
"24815","11/28/2024","1:00","31.012","shrub","low_gate","winter","low"
"24915","11/28/2024","7:00","30.808","shrub","low_gate","winter","low"
"25015","11/28/2024","13:00","31.012","shrub","low_gate","winter","low"
"25119","11/28/2024","19:00","30.808","shrub","low_gate","winter","low"
"25217","11/29/2024","1:00","30.607","shrub","low_gate","winter","low"
"25315","11/29/2024","7:00","30.403","shrub","low_gate","winter","low"
"25415","11/29/2024","13:00","31.012","shrub","low_gate","winter","low"
"25515","11/29/2024","19:00","31.415","shrub","low_gate","winter","low"
"25615","11/30/2024","1:00","30.808","shrub","low_gate","winter","low"
"25715","11/30/2024","7:00","30.198","shrub","low_gate","winter","low"
"25815","11/30/2024","13:00","31.213","shrub","low_gate","winter","low"
"25915","11/30/2024","19:00","31.617","shrub","low_gate","winter","low"
"26015","12/1/2024","1:00","29.379","shrub","low_gate","winter","low"
"26119","12/1/2024","7:00","28.555","shrub","low_gate","winter","low"
"26217","12/1/2024","13:00","30.403","shrub","low_gate","winter","low"
"26315","12/1/2024","19:00","31.213","shrub","low_gate","winter","low"
"26415","12/2/2024","1:00","29.174","shrub","low_gate","winter","low"
"26515","12/2/2024","7:00","28.555","shrub","low_gate","winter","low"
"26615","12/2/2024","13:00","30.403","shrub","low_gate","winter","low"
"26715","12/2/2024","19:00","31.415","shrub","low_gate","winter","low"
"26815","12/3/2024","1:00","29.379","shrub","low_gate","winter","low"
"26915","12/3/2024","7:00","28.346","shrub","low_gate","winter","low"
"27015","12/3/2024","13:00","30.607","shrub","low_gate","winter","low"
"27119","12/3/2024","19:00","31.415","shrub","low_gate","winter","low"
"27217","12/4/2024","1:00","29.79","shrub","low_gate","winter","low"
"27315","12/4/2024","7:00","28.139","shrub","low_gate","winter","low"
"27415","12/4/2024","13:00","30.198","shrub","low_gate","winter","low"
"27515","12/4/2024","19:00","31.213","shrub","low_gate","winter","low"
"27615","12/5/2024","1:00","28.555","shrub","low_gate","winter","low"
"27715","12/5/2024","7:00","27.302","shrub","low_gate","winter","low"
"27815","12/5/2024","13:00","29.79","shrub","low_gate","winter","low"
"27915","12/5/2024","19:00","30.808","shrub","low_gate","winter","low"
"28015","12/6/2024","1:00","27.93","shrub","low_gate","winter","low"
"28119","12/6/2024","7:00","26.668","shrub","low_gate","winter","low"
"28217","12/6/2024","13:00","29.174","shrub","low_gate","winter","low"
"28315","12/6/2024","19:00","30.198","shrub","low_gate","winter","low"
"28415","12/7/2024","1:00","27.511","shrub","low_gate","winter","low"
"28515","12/7/2024","7:00","27.302","shrub","low_gate","winter","low"
"28614","12/7/2024","13:00","29.586","shrub","low_gate","winter","low"
"28714","12/7/2024","19:00","30.808","shrub","low_gate","winter","low"
"28814","12/8/2024","1:00","29.79","shrub","low_gate","winter","low"
"28914","12/8/2024","7:00","27.721","shrub","low_gate","winter","low"
"29014","12/8/2024","13:00","29.379","shrub","low_gate","winter","low"
"29118","12/8/2024","19:00","28.762","shrub","low_gate","winter","low"
"29216","12/9/2024","1:00","26.668","shrub","low_gate","winter","low"
"29314","12/9/2024","7:00","25.819","shrub","low_gate","winter","low"
"29414","12/9/2024","13:00","28.555","shrub","low_gate","winter","low"
"29514","12/9/2024","19:00","28.969","shrub","low_gate","winter","low"
"29614","12/10/2024","1:00","24.31","shrub","low_gate","winter","low"
"29714","12/10/2024","7:00","22.552","shrub","low_gate","winter","low"
"29814","12/10/2024","13:00","25.39","shrub","low_gate","winter","low"
"29914","12/10/2024","19:00","24.31","shrub","low_gate","winter","low"
"30014","12/11/2024","1:00","24.31","shrub","low_gate","winter","low"
"30118","12/11/2024","7:00","24.526","shrub","low_gate","winter","low"
"30216","12/11/2024","13:00","26.245","shrub","low_gate","winter","low"
"30314","12/11/2024","19:00","26.031","shrub","low_gate","winter","low"
"30414","12/12/2024","1:00","25.39","shrub","low_gate","winter","low"
"30514","12/12/2024","7:00","26.031","shrub","low_gate","winter","low"
"30614","12/12/2024","13:00","28.139","shrub","low_gate","winter","low"
"30714","12/12/2024","19:00","28.762","shrub","low_gate","winter","low"
"30814","12/13/2024","1:00","26.458","shrub","low_gate","winter","low"
"30914","12/13/2024","7:00","24.093","shrub","low_gate","winter","low"
"31018","12/13/2024","13:00","27.091","shrub","low_gate","winter","low"
"31118","12/13/2024","19:00","27.93","shrub","low_gate","winter","low"
"31217","12/14/2024","1:00","27.93","shrub","low_gate","winter","low"
"31315","12/14/2024","7:00","27.93","shrub","low_gate","winter","low"
"31415","12/14/2024","13:00","28.969","shrub","low_gate","winter","low"
"31514","12/14/2024","19:00","29.586","shrub","low_gate","winter","low"
"31614","12/15/2024","1:00","29.79","shrub","low_gate","winter","low"
"31714","12/15/2024","7:00","29.79","shrub","low_gate","winter","low"
"31814","12/15/2024","13:00","29.79","shrub","low_gate","winter","low"
"31914","12/15/2024","19:00","29.586","shrub","low_gate","winter","low"
"32014","12/16/2024","1:00","27.721","shrub","low_gate","winter","low"
"32118","12/16/2024","7:00","27.511","shrub","low_gate","winter","low"
"32216","12/16/2024","13:00","28.139","shrub","low_gate","winter","low"
"32314","12/16/2024","19:00","28.555","shrub","low_gate","winter","low"
"32414","12/17/2024","1:00","28.762","shrub","low_gate","winter","low"
"32514","12/17/2024","7:00","28.969","shrub","low_gate","winter","low"
"32614","12/17/2024","13:00","29.174","shrub","low_gate","winter","low"
"32714","12/17/2024","19:00","29.379","shrub","low_gate","winter","low"
"32814","12/18/2024","1:00","29.379","shrub","low_gate","winter","low"
"32914","12/18/2024","7:00","29.379","shrub","low_gate","winter","low"
"33014","12/18/2024","13:00","29.79","shrub","low_gate","winter","low"
"33118","12/18/2024","19:00","30.198","shrub","low_gate","winter","low"
"33216","12/19/2024","1:00","29.379","shrub","low_gate","winter","low"
"33314","12/19/2024","7:00","28.555","shrub","low_gate","winter","low"
"33414","12/19/2024","13:00","28.762","shrub","low_gate","winter","low"
"33514","12/19/2024","19:00","29.586","shrub","low_gate","winter","low"
"33614","12/20/2024","1:00","29.379","shrub","low_gate","winter","low"
"33714","12/20/2024","7:00","29.174","shrub","low_gate","winter","low"
"33814","12/20/2024","13:00","29.586","shrub","low_gate","winter","low"
"33914","12/20/2024","19:00","30.607","shrub","low_gate","winter","low"
"34014","12/21/2024","1:00","30.403","shrub","low_gate","winter","low"
"34118","12/21/2024","7:00","29.995","shrub","low_gate","winter","low"
"34216","12/21/2024","13:00","30.403","shrub","low_gate","winter","low"
"34314","12/21/2024","19:00","31.012","shrub","low_gate","winter","low"
"34414","12/22/2024","1:00","31.213","shrub","low_gate","winter","low"
"34514","12/22/2024","7:00","30.607","shrub","low_gate","winter","low"
"34614","12/22/2024","13:00","30.607","shrub","low_gate","winter","low"
"34714","12/22/2024","19:00","31.012","shrub","low_gate","winter","low"
"34814","12/23/2024","1:00","30.403","shrub","low_gate","winter","low"
"34914","12/23/2024","7:00","30.403","shrub","low_gate","winter","low"
"35014","12/23/2024","13:00","30.808","shrub","low_gate","winter","low"
"35118","12/23/2024","19:00","31.213","shrub","low_gate","winter","low"
"35216","12/24/2024","1:00","31.213","shrub","low_gate","winter","low"
"35314","12/24/2024","7:00","31.213","shrub","low_gate","winter","low"
"35414","12/24/2024","13:00","31.213","shrub","low_gate","winter","low"
"35514","12/24/2024","19:00","31.617","shrub","low_gate","winter","low"
"35614","12/25/2024","1:00","31.415","shrub","low_gate","winter","low"
"35714","12/25/2024","7:00","31.617","shrub","low_gate","winter","low"
"35814","12/25/2024","13:00","31.617","shrub","low_gate","winter","low"
"35914","12/25/2024","19:00","31.617","shrub","low_gate","winter","low"
"36014","12/26/2024","1:00","31.617","shrub","low_gate","winter","low"
"36118","12/26/2024","7:00","31.213","shrub","low_gate","winter","low"
"36216","12/26/2024","13:00","31.213","shrub","low_gate","winter","low"
"36314","12/26/2024","19:00","31.213","shrub","low_gate","winter","low"
"36414","12/27/2024","1:00","31.415","shrub","low_gate","winter","low"
"36514","12/27/2024","7:00","31.012","shrub","low_gate","winter","low"
"36614","12/27/2024","13:00","30.808","shrub","low_gate","winter","low"
"36714","12/27/2024","19:00","31.213","shrub","low_gate","winter","low"
"36814","12/28/2024","1:00","31.012","shrub","low_gate","winter","low"
"36914","12/28/2024","7:00","31.213","shrub","low_gate","winter","low"
"37014","12/28/2024","13:00","31.213","shrub","low_gate","winter","low"
"37118","12/28/2024","19:00","31.415","shrub","low_gate","winter","low"
"37216","12/29/2024","1:00","31.415","shrub","low_gate","winter","low"
"37314","12/29/2024","7:00","31.415","shrub","low_gate","winter","low"
"37414","12/29/2024","13:00","31.415","shrub","low_gate","winter","low"
"37514","12/29/2024","19:00","32.018","shrub","low_gate","winter","low"
"37614","12/30/2024","1:00","32.218","shrub","low_gate","winter","low"
"37714","12/30/2024","7:00","32.018","shrub","low_gate","winter","low"
"37814","12/30/2024","13:00","32.018","shrub","low_gate","winter","low"
"37914","12/30/2024","19:00","32.018","shrub","low_gate","winter","low"
"38014","12/31/2024","1:00","31.816","shrub","low_gate","winter","low"
"38118","12/31/2024","7:00","31.415","shrub","low_gate","winter","low"
"38216","12/31/2024","13:00","31.012","shrub","low_gate","winter","low"
"38314","12/31/2024","19:00","30.607","shrub","low_gate","winter","low"
"38414","1/1/2025","1:00","29.995","shrub","low_gate","winter","low"
"38514","1/1/2025","7:00","29.79","shrub","low_gate","winter","low"
"38614","1/1/2025","13:00","29.79","shrub","low_gate","winter","low"
"38714","1/1/2025","19:00","29.79","shrub","low_gate","winter","low"
"38814","1/2/2025","1:00","29.79","shrub","low_gate","winter","low"
"38914","1/2/2025","7:00","29.586","shrub","low_gate","winter","low"
"39014","1/2/2025","13:00","29.586","shrub","low_gate","winter","low"
"39118","1/2/2025","19:00","29.79","shrub","low_gate","winter","low"
"39216","1/3/2025","1:00","29.995","shrub","low_gate","winter","low"
"39314","1/3/2025","7:00","30.198","shrub","low_gate","winter","low"
"39414","1/3/2025","13:00","30.403","shrub","low_gate","winter","low"
"39514","1/3/2025","19:00","32.218","shrub","low_gate","winter","low"
"39614","1/4/2025","1:00","32.218","shrub","low_gate","winter","low"
"39714","1/4/2025","7:00","32.218","shrub","low_gate","winter","low"
"39814","1/4/2025","13:00","32.218","shrub","low_gate","winter","low"
"39914","1/4/2025","19:00","32.218","shrub","low_gate","winter","low"
"40014","1/5/2025","1:00","32.218","shrub","low_gate","winter","low"
"40118","1/5/2025","7:00","32.218","shrub","low_gate","winter","low"
"40216","1/5/2025","13:00","32.218","shrub","low_gate","winter","low"
"40314","1/5/2025","19:00","32.218","shrub","low_gate","winter","low"
"40414","1/6/2025","1:00","32.018","shrub","low_gate","winter","low"
"40514","1/6/2025","7:00","32.018","shrub","low_gate","winter","low"
"40614","1/6/2025","13:00","31.617","shrub","low_gate","winter","low"
"40714","1/6/2025","19:00","31.213","shrub","low_gate","winter","low"
"40814","1/7/2025","1:00","31.012","shrub","low_gate","winter","low"
"40914","1/7/2025","7:00","30.808","shrub","low_gate","winter","low"
"41018","1/7/2025","13:00","30.403","shrub","low_gate","winter","low"
"41118","1/7/2025","19:00","30.403","shrub","low_gate","winter","low"
"41217","1/8/2025","1:00","29.79","shrub","low_gate","winter","low"
"41315","1/8/2025","7:00","28.762","shrub","low_gate","winter","low"
"41415","1/8/2025","13:00","28.346","shrub","low_gate","winter","low"
"41514","1/8/2025","19:00","28.346","shrub","low_gate","winter","low"
"41614","1/9/2025","1:00","28.139","shrub","low_gate","winter","low"
"41714","1/9/2025","7:00","27.93","shrub","low_gate","winter","low"
"41814","1/9/2025","13:00","27.302","shrub","low_gate","winter","low"
"41914","1/9/2025","19:00","27.302","shrub","low_gate","winter","low"
"42014","1/10/2025","1:00","26.881","shrub","low_gate","winter","low"
"42118","1/10/2025","7:00","26.668","shrub","low_gate","winter","low"
"42216","1/10/2025","13:00","26.245","shrub","low_gate","winter","low"
"42314","1/10/2025","19:00","26.245","shrub","low_gate","winter","low"
"42414","1/11/2025","1:00","26.458","shrub","low_gate","winter","low"
"42514","1/11/2025","7:00","26.245","shrub","low_gate","winter","low"
"42614","1/11/2025","13:00","25.605","shrub","low_gate","winter","low"
"42714","1/11/2025","19:00","26.031","shrub","low_gate","winter","low"
"42814","1/12/2025","1:00","25.819","shrub","low_gate","winter","low"
"42914","1/12/2025","7:00","25.39","shrub","low_gate","winter","low"
"43014","1/12/2025","13:00","25.39","shrub","low_gate","winter","low"
"43118","1/12/2025","19:00","26.031","shrub","low_gate","winter","low"
"43216","1/13/2025","1:00","26.031","shrub","low_gate","winter","low"
"43314","1/13/2025","7:00","26.031","shrub","low_gate","winter","low"
"43414","1/13/2025","13:00","25.819","shrub","low_gate","winter","low"
"43514","1/13/2025","19:00","26.031","shrub","low_gate","winter","low"
"43614","1/14/2025","1:00","25.819","shrub","low_gate","winter","low"
"43714","1/14/2025","7:00","25.819","shrub","low_gate","winter","low"
"43813","1/14/2025","13:00","25.819","shrub","low_gate","winter","low"
"43913","1/14/2025","19:00","26.031","shrub","low_gate","winter","low"
"44013","1/15/2025","1:00","26.031","shrub","low_gate","winter","low"
"44117","1/15/2025","7:00","26.245","shrub","low_gate","winter","low"
"44215","1/15/2025","13:00","26.245","shrub","low_gate","winter","low"
"44313","1/15/2025","19:00","26.668","shrub","low_gate","winter","low"
"44413","1/16/2025","1:00","26.245","shrub","low_gate","winter","low"
"44513","1/16/2025","7:00","25.605","shrub","low_gate","winter","low"
"44613","1/16/2025","13:00","25.174","shrub","low_gate","winter","low"
"44713","1/16/2025","19:00","25.819","shrub","low_gate","winter","low"
"44813","1/17/2025","1:00","25.819","shrub","low_gate","winter","low"
"44913","1/17/2025","7:00","26.031","shrub","low_gate","winter","low"
"45013","1/17/2025","13:00","26.245","shrub","low_gate","winter","low"
"45117","1/17/2025","19:00","26.245","shrub","low_gate","winter","low"
"45215","1/18/2025","1:00","25.39","shrub","low_gate","winter","low"
"45313","1/18/2025","7:00","24.31","shrub","low_gate","winter","low"
"45413","1/18/2025","13:00","23.436","shrub","low_gate","winter","low"
"45513","1/18/2025","19:00","23.436","shrub","low_gate","winter","low"
"45613","1/19/2025","1:00","22.33","shrub","low_gate","winter","low"
"45713","1/19/2025","7:00","21.659","shrub","low_gate","winter","low"
"45813","1/19/2025","13:00","21.434","shrub","low_gate","winter","low"
"45913","1/19/2025","19:00","21.884","shrub","low_gate","winter","low"
"46013","1/20/2025","1:00","21.209","shrub","low_gate","winter","low"
"46117","1/20/2025","7:00","20.073","shrub","low_gate","winter","low"
"46215","1/20/2025","13:00","18.919","shrub","low_gate","winter","low"
"46313","1/20/2025","19:00","18.685","shrub","low_gate","winter","low"
"46413","1/21/2025","1:00","17.748","shrub","low_gate","winter","low"
"46513","1/21/2025","7:00","17.272","shrub","low_gate","winter","low"
"46610","1/21/2025","13:00","17.272","shrub","low_gate","winter","low"
"46710","1/21/2025","19:00","18.217","shrub","low_gate","winter","low"
"4689","1/22/2025","1:00","17.748","shrub","low_gate","winter","low"
"4698","1/22/2025","7:00","17.272","shrub","low_gate","winter","low"
"4708","1/22/2025","13:00","17.035","shrub","low_gate","winter","low"
"47112","1/22/2025","19:00","17.983","shrub","low_gate","winter","low"
"47210","1/23/2025","1:00","17.272","shrub","low_gate","winter","low"
"47310","1/23/2025","7:00","16.795","shrub","low_gate","winter","low"
"47410","1/23/2025","13:00","16.317","shrub","low_gate","winter","low"
"4758","1/23/2025","19:00","17.51","shrub","low_gate","winter","low"
"4768","1/24/2025","1:00","17.272","shrub","low_gate","winter","low"
"4778","1/24/2025","7:00","17.272","shrub","low_gate","winter","low"
"4788","1/24/2025","13:00","17.983","shrub","low_gate","winter","low"
"4798","1/24/2025","19:00","18.919","shrub","low_gate","winter","low"
"4808","1/25/2025","1:00","19.152","shrub","low_gate","winter","low"
"48112","1/25/2025","7:00","19.152","shrub","low_gate","winter","low"
"48210","1/25/2025","13:00","18.685","shrub","low_gate","winter","low"
"48310","1/25/2025","19:00","19.152","shrub","low_gate","winter","low"
"48410","1/26/2025","1:00","18.685","shrub","low_gate","winter","low"
"4858","1/26/2025","7:00","17.983","shrub","low_gate","winter","low"
"4868","1/26/2025","13:00","17.272","shrub","low_gate","winter","low"
"4878","1/26/2025","19:00","17.983","shrub","low_gate","winter","low"
"4888","1/27/2025","1:00","17.748","shrub","low_gate","winter","low"
"4898","1/27/2025","7:00","17.035","shrub","low_gate","winter","low"
"4908","1/27/2025","13:00","17.035","shrub","low_gate","winter","low"
"49112","1/27/2025","19:00","18.217","shrub","low_gate","winter","low"
"49210","1/28/2025","1:00","17.748","shrub","low_gate","winter","low"
"49310","1/28/2025","7:00","17.272","shrub","low_gate","winter","low"
"49410","1/28/2025","13:00","17.272","shrub","low_gate","winter","low"
"4958","1/28/2025","19:00","18.685","shrub","low_gate","winter","low"
"4968","1/29/2025","1:00","18.217","shrub","low_gate","winter","low"
"4978","1/29/2025","7:00","17.51","shrub","low_gate","winter","low"
"4988","1/29/2025","13:00","17.748","shrub","low_gate","winter","low"
"4998","1/29/2025","19:00","18.919","shrub","low_gate","winter","low"
"5008","1/30/2025","1:00","18.217","shrub","low_gate","winter","low"
"50112","1/30/2025","7:00","17.51","shrub","low_gate","winter","low"
"50210","1/30/2025","13:00","17.035","shrub","low_gate","winter","low"
"50310","1/30/2025","19:00","18.451","shrub","low_gate","winter","low"
"50410","1/31/2025","1:00","17.983","shrub","low_gate","winter","low"
"5058","1/31/2025","7:00","18.217","shrub","low_gate","winter","low"
"5068","1/31/2025","13:00","18.685","shrub","low_gate","winter","low"
"5078","1/31/2025","19:00","20.302","shrub","low_gate","winter","low"
"5088","2/1/2025","1:00","21.209","shrub","low_gate","winter","low"
"5098","2/1/2025","7:00","22.107","shrub","low_gate","winter","low"
"51012","2/1/2025","13:00","22.775","shrub","low_gate","winter","low"
"51112","2/1/2025","19:00","23.655","shrub","low_gate","winter","low"
"51211","2/2/2025","1:00","24.093","shrub","low_gate","winter","low"
"51310","2/2/2025","7:00","24.526","shrub","low_gate","winter","low"
"51410","2/2/2025","13:00","25.174","shrub","low_gate","winter","low"
"51510","2/2/2025","19:00","27.93","shrub","low_gate","winter","low"
"51610","2/3/2025","1:00","27.93","shrub","low_gate","winter","low"
"51710","2/3/2025","7:00","27.721","shrub","low_gate","winter","low"
"5188","2/3/2025","13:00","27.721","shrub","low_gate","winter","low"
"5198","2/3/2025","19:00","27.93","shrub","low_gate","winter","low"
"5208","2/4/2025","1:00","27.93","shrub","low_gate","winter","low"
"52112","2/4/2025","7:00","28.139","shrub","low_gate","winter","low"
"52210","2/4/2025","13:00","28.139","shrub","low_gate","winter","low"
"52310","2/4/2025","19:00","29.995","shrub","low_gate","winter","low"
"52410","2/5/2025","1:00","30.198","shrub","low_gate","winter","low"
"5258","2/5/2025","7:00","30.403","shrub","low_gate","winter","low"
"5268","2/5/2025","13:00","30.607","shrub","low_gate","winter","low"
"5278","2/5/2025","19:00","30.808","shrub","low_gate","winter","low"
"5288","2/6/2025","1:00","30.403","shrub","low_gate","winter","low"
"5298","2/6/2025","7:00","28.762","shrub","low_gate","winter","low"
"5308","2/6/2025","13:00","27.091","shrub","low_gate","winter","low"
"53112","2/6/2025","19:00","27.091","shrub","low_gate","winter","low"
"53210","2/7/2025","1:00","26.245","shrub","low_gate","winter","low"
"53310","2/7/2025","7:00","26.458","shrub","low_gate","winter","low"
"53410","2/7/2025","13:00","26.668","shrub","low_gate","winter","low"
"5358","2/7/2025","19:00","27.091","shrub","low_gate","winter","low"
"5368","2/8/2025","1:00","26.245","shrub","low_gate","winter","low"
"5378","2/8/2025","7:00","25.39","shrub","low_gate","winter","low"
"5388","2/8/2025","13:00","24.96","shrub","low_gate","winter","low"
"5398","2/8/2025","19:00","25.174","shrub","low_gate","winter","low"
"5408","2/9/2025","1:00","24.093","shrub","low_gate","winter","low"
"54112","2/9/2025","7:00","22.995","shrub","low_gate","winter","low"
"54210","2/9/2025","13:00","22.33","shrub","low_gate","winter","low"
"54310","2/9/2025","19:00","22.552","shrub","low_gate","winter","low"
"54410","2/10/2025","1:00","21.884","shrub","low_gate","winter","low"
"5458","2/10/2025","7:00","21.659","shrub","low_gate","winter","low"
"5468","2/10/2025","13:00","21.434","shrub","low_gate","winter","low"
"5478","2/10/2025","19:00","22.107","shrub","low_gate","winter","low"
"5488","2/11/2025","1:00","21.659","shrub","low_gate","winter","low"
"5498","2/11/2025","7:00","20.757","shrub","low_gate","winter","low"
"5508","2/11/2025","13:00","20.757","shrub","low_gate","winter","low"
"55112","2/11/2025","19:00","20.984","shrub","low_gate","winter","low"
"55210","2/12/2025","1:00","21.209","shrub","low_gate","winter","low"
"55310","2/12/2025","7:00","21.434","shrub","low_gate","winter","low"
"55410","2/12/2025","13:00","21.659","shrub","low_gate","winter","low"
"5558","2/12/2025","19:00","21.884","shrub","low_gate","winter","low"
"5568","2/13/2025","1:00","21.884","shrub","low_gate","winter","low"
"5578","2/13/2025","7:00","22.107","shrub","low_gate","winter","low"
"5588","2/13/2025","13:00","22.107","shrub","low_gate","winter","low"
"5598","2/13/2025","19:00","22.107","shrub","low_gate","winter","low"
"5608","2/14/2025","1:00","22.107","shrub","low_gate","winter","low"
"56112","2/14/2025","7:00","22.107","shrub","low_gate","winter","low"
"56210","2/14/2025","13:00","22.33","shrub","low_gate","winter","low"
"56310","2/14/2025","19:00","22.552","shrub","low_gate","winter","low"
"56410","2/15/2025","1:00","22.775","shrub","low_gate","winter","low"
"5658","2/15/2025","7:00","22.995","shrub","low_gate","winter","low"
"5668","2/15/2025","13:00","23.436","shrub","low_gate","winter","low"
"2400","9/27/2024","13:00","60.195","shrub","low_north","winter","low"
"3400","9/27/2024","19:00","62.254","shrub","low_north","winter","low"
"4400","9/28/2024","1:00","56.23","shrub","low_north","winter","low"
"5189","9/28/2024","7:00","53.449","shrub","low_north","winter","low"
"6160","9/28/2024","13:00","61.569","shrub","low_north","winter","low"
"7100","9/28/2024","19:00","63.455","shrub","low_north","winter","low"
"8100","9/29/2024","1:00","57.268","shrub","low_north","winter","low"
"9100","9/29/2024","7:00","55.189","shrub","low_north","winter","low"
"10100","9/29/2024","13:00","61.398","shrub","low_north","winter","low"
"11100","9/29/2024","19:00","62.598","shrub","low_north","winter","low"
"12100","9/30/2024","1:00","55.537","shrub","low_north","winter","low"
"13100","9/30/2024","7:00","52.401","shrub","low_north","winter","low"
"14100","9/30/2024","13:00","56.057","shrub","low_north","winter","low"
"15100","9/30/2024","19:00","57.096","shrub","low_north","winter","low"
"16100","10/1/2024","1:00","50.643","shrub","low_north","winter","low"
"17100","10/1/2024","7:00","47.446","shrub","low_north","winter","low"
"18100","10/1/2024","13:00","55.189","shrub","low_north","winter","low"
"19100","10/1/2024","19:00","57.268","shrub","low_north","winter","low"
"20100","10/2/2024","1:00","50.466","shrub","low_north","winter","low"
"21104","10/2/2024","7:00","47.802","shrub","low_north","winter","low"
"22101","10/2/2024","13:00","55.189","shrub","low_north","winter","low"
"23100","10/2/2024","19:00","57.958","shrub","low_north","winter","low"
"24100","10/3/2024","1:00","52.75","shrub","low_north","winter","low"
"25100","10/3/2024","7:00","49.404","shrub","low_north","winter","low"
"26100","10/3/2024","13:00","56.057","shrub","low_north","winter","low"
"27100","10/3/2024","19:00","57.096","shrub","low_north","winter","low"
"28100","10/4/2024","1:00","49.937","shrub","low_north","winter","low"
"29100","10/4/2024","7:00","47.446","shrub","low_north","winter","low"
"30100","10/4/2024","13:00","57.096","shrub","low_north","winter","low"
"31104","10/4/2024","19:00","59.508","shrub","low_north","winter","low"
"32101","10/5/2024","1:00","54.842","shrub","low_north","winter","low"
"33100","10/5/2024","7:00","51.699","shrub","low_north","winter","low"
"34100","10/5/2024","13:00","58.131","shrub","low_north","winter","low"
"35100","10/5/2024","19:00","58.476","shrub","low_north","winter","low"
"36100","10/6/2024","1:00","50.819","shrub","low_north","winter","low"
"37100","10/6/2024","7:00","47.624","shrub","low_north","winter","low"
"38100","10/6/2024","13:00","56.404","shrub","low_north","winter","low"
"39100","10/6/2024","19:00","57.785","shrub","low_north","winter","low"
"40100","10/7/2024","1:00","51.346","shrub","low_north","winter","low"
"41104","10/7/2024","7:00","48.695","shrub","low_north","winter","low"
"42101","10/7/2024","13:00","57.614","shrub","low_north","winter","low"
"43100","10/7/2024","19:00","58.131","shrub","low_north","winter","low"
"44100","10/8/2024","1:00","50.29","shrub","low_north","winter","low"
"45100","10/8/2024","7:00","47.802","shrub","low_north","winter","low"
"4680","10/8/2024","13:00","57.441","shrub","low_north","winter","low"
"4759","10/8/2024","19:00","58.131","shrub","low_north","winter","low"
"4859","10/9/2024","1:00","51.523","shrub","low_north","winter","low"
"4959","10/9/2024","7:00","48.517","shrub","low_north","winter","low"
"5059","10/9/2024","13:00","58.131","shrub","low_north","winter","low"
"5190","10/9/2024","19:00","59.337","shrub","low_north","winter","low"
"5259","10/10/2024","1:00","52.925","shrub","low_north","winter","low"
"5359","10/10/2024","7:00","51.346","shrub","low_north","winter","low"
"5459","10/10/2024","13:00","58.993","shrub","low_north","winter","low"
"5559","10/10/2024","19:00","59.164","shrub","low_north","winter","low"
"5659","10/11/2024","1:00","53.623","shrub","low_north","winter","low"
"5758","10/11/2024","7:00","49.404","shrub","low_north","winter","low"
"5858","10/11/2024","13:00","57.096","shrub","low_north","winter","low"
"5958","10/11/2024","19:00","58.476","shrub","low_north","winter","low"
"6058","10/12/2024","1:00","52.401","shrub","low_north","winter","low"
"6168","10/12/2024","7:00","49.582","shrub","low_north","winter","low"
"6258","10/12/2024","13:00","58.82","shrub","low_north","winter","low"
"6354","10/12/2024","19:00","58.82","shrub","low_north","winter","low"
"6422","10/13/2024","1:00","52.401","shrub","low_north","winter","low"
"6522","10/13/2024","7:00","50.819","shrub","low_north","winter","low"
"6622","10/13/2024","13:00","58.82","shrub","low_north","winter","low"
"6718","10/13/2024","19:00","59.68","shrub","low_north","winter","low"
"6816","10/14/2024","1:00","52.75","shrub","low_north","winter","low"
"6916","10/14/2024","7:00","50.113","shrub","low_north","winter","low"
"7016","10/14/2024","13:00","58.647","shrub","low_north","winter","low"
"7120","10/14/2024","19:00","59.164","shrub","low_north","winter","low"
"7218","10/15/2024","1:00","51.699","shrub","low_north","winter","low"
"7316","10/15/2024","7:00","48.339","shrub","low_north","winter","low"
"7416","10/15/2024","13:00","57.958","shrub","low_north","winter","low"
"7516","10/15/2024","19:00","58.131","shrub","low_north","winter","low"
"7616","10/16/2024","1:00","51.523","shrub","low_north","winter","low"
"7716","10/16/2024","7:00","47.802","shrub","low_north","winter","low"
"7816","10/16/2024","13:00","56.923","shrub","low_north","winter","low"
"7916","10/16/2024","19:00","57.268","shrub","low_north","winter","low"
"8016","10/17/2024","1:00","54.147","shrub","low_north","winter","low"
"8120","10/17/2024","7:00","51.346","shrub","low_north","winter","low"
"8218","10/17/2024","13:00","54.322","shrub","low_north","winter","low"
"8316","10/17/2024","19:00","50.29","shrub","low_north","winter","low"
"8416","10/18/2024","1:00","46.548","shrub","low_north","winter","low"
"8516","10/18/2024","7:00","44.56","shrub","low_north","winter","low"
"8616","10/18/2024","13:00","47.624","shrub","low_north","winter","low"
"8716","10/18/2024","19:00","47.802","shrub","low_north","winter","low"
"8816","10/19/2024","1:00","42.179","shrub","low_north","winter","low"
"8916","10/19/2024","7:00","40.134","shrub","low_north","winter","low"
"9016","10/19/2024","13:00","48.871","shrub","low_north","winter","low"
"9120","10/19/2024","19:00","49.05","shrub","low_north","winter","low"
"9218","10/20/2024","1:00","43.831","shrub","low_north","winter","low"
"9316","10/20/2024","7:00","41.067","shrub","low_north","winter","low"
"9416","10/20/2024","13:00","49.937","shrub","low_north","winter","low"
"9516","10/20/2024","19:00","51.523","shrub","low_north","winter","low"
"9616","10/21/2024","1:00","46.369","shrub","low_north","winter","low"
"9716","10/21/2024","7:00","44.013","shrub","low_north","winter","low"
"9816","10/21/2024","13:00","51.699","shrub","low_north","winter","low"
"9916","10/21/2024","19:00","52.925","shrub","low_north","winter","low"
"10016","10/22/2024","1:00","48.695","shrub","low_north","winter","low"
"10120","10/22/2024","7:00","44.922","shrub","low_north","winter","low"
"10218","10/22/2024","13:00","49.05","shrub","low_north","winter","low"
"10316","10/22/2024","19:00","50.113","shrub","low_north","winter","low"
"10416","10/23/2024","1:00","43.648","shrub","low_north","winter","low"
"10516","10/23/2024","7:00","42.179","shrub","low_north","winter","low"
"10616","10/23/2024","13:00","50.29","shrub","low_north","winter","low"
"10716","10/23/2024","19:00","49.759","shrub","low_north","winter","low"
"10816","10/24/2024","1:00","47.802","shrub","low_north","winter","low"
"10916","10/24/2024","7:00","43.648","shrub","low_north","winter","low"
"11016","10/24/2024","13:00","47.266","shrub","low_north","winter","low"
"11120","10/24/2024","19:00","44.922","shrub","low_north","winter","low"
"11218","10/25/2024","1:00","43.282","shrub","low_north","winter","low"
"11316","10/25/2024","7:00","40.509","shrub","low_north","winter","low"
"11416","10/25/2024","13:00","45.104","shrub","low_north","winter","low"
"11516","10/25/2024","19:00","46.188","shrub","low_north","winter","low"
"11616","10/26/2024","1:00","43.831","shrub","low_north","winter","low"
"11716","10/26/2024","7:00","39.76","shrub","low_north","winter","low"
"11816","10/26/2024","13:00","46.728","shrub","low_north","winter","low"
"11916","10/26/2024","19:00","47.446","shrub","low_north","winter","low"
"12016","10/27/2024","1:00","41.625","shrub","low_north","winter","low"
"12120","10/27/2024","7:00","41.254","shrub","low_north","winter","low"
"12218","10/27/2024","13:00","47.982","shrub","low_north","winter","low"
"12316","10/27/2024","19:00","48.517","shrub","low_north","winter","low"
"12416","10/28/2024","1:00","41.625","shrub","low_north","winter","low"
"12516","10/28/2024","7:00","39.76","shrub","low_north","winter","low"
"12616","10/28/2024","13:00","43.831","shrub","low_north","winter","low"
"12716","10/28/2024","19:00","44.56","shrub","low_north","winter","low"
"12816","10/29/2024","1:00","41.994","shrub","low_north","winter","low"
"12916","10/29/2024","7:00","40.134","shrub","low_north","winter","low"
"13016","10/29/2024","13:00","41.81","shrub","low_north","winter","low"
"13120","10/29/2024","19:00","40.881","shrub","low_north","winter","low"
"13218","10/30/2024","1:00","39.007","shrub","low_north","winter","low"
"13316","10/30/2024","7:00","37.107","shrub","low_north","winter","low"
"13416","10/30/2024","13:00","40.881","shrub","low_north","winter","low"
"13516","10/30/2024","19:00","40.321","shrub","low_north","winter","low"
"13616","10/31/2024","1:00","33.213","shrub","low_north","winter","low"
"13716","10/31/2024","7:00","34.394","shrub","low_north","winter","low"
"13816","10/31/2024","13:00","36.723","shrub","low_north","winter","low"
"13916","10/31/2024","19:00","37.297","shrub","low_north","winter","low"
"14016","11/1/2024","1:00","37.107","shrub","low_north","winter","low"
"14120","11/1/2024","7:00","36.723","shrub","low_north","winter","low"
"14218","11/1/2024","13:00","37.87","shrub","low_north","winter","low"
"14316","11/1/2024","19:00","37.87","shrub","low_north","winter","low"
"14416","11/2/2024","1:00","35.951","shrub","low_north","winter","low"
"14516","11/2/2024","7:00","35.175","shrub","low_north","winter","low"
"14616","11/2/2024","13:00","36.145","shrub","low_north","winter","low"
"14716","11/2/2024","19:00","36.914","shrub","low_north","winter","low"
"14816","11/3/2024","1:00","37.107","shrub","low_north","winter","low"
"14916","11/3/2024","7:00","35.758","shrub","low_north","winter","low"
"15016","11/3/2024","13:00","37.679","shrub","low_north","winter","low"
"15120","11/3/2024","19:00","37.679","shrub","low_north","winter","low"
"15218","11/4/2024","1:00","35.37","shrub","low_north","winter","low"
"15316","11/4/2024","7:00","34.198","shrub","low_north","winter","low"
"15416","11/4/2024","13:00","34.198","shrub","low_north","winter","low"
"15516","11/4/2024","19:00","36.723","shrub","low_north","winter","low"
"15616","11/5/2024","1:00","35.37","shrub","low_north","winter","low"
"15716","11/5/2024","7:00","34.198","shrub","low_north","winter","low"
"15816","11/5/2024","13:00","34.198","shrub","low_north","winter","low"
"15916","11/5/2024","19:00","34.981","shrub","low_north","winter","low"
"16016","11/6/2024","1:00","33.607","shrub","low_north","winter","low"
"16120","11/6/2024","7:00","32.218","shrub","low_north","winter","low"
"16218","11/6/2024","13:00","32.617","shrub","low_north","winter","low"
"16316","11/6/2024","19:00","32.815","shrub","low_north","winter","low"
"16416","11/7/2024","1:00","32.018","shrub","low_north","winter","low"
"16516","11/7/2024","7:00","31.012","shrub","low_north","winter","low"
"16616","11/7/2024","13:00","32.018","shrub","low_north","winter","low"
"16716","11/7/2024","19:00","32.418","shrub","low_north","winter","low"
"16816","11/8/2024","1:00","31.617","shrub","low_north","winter","low"
"16916","11/8/2024","7:00","30.808","shrub","low_north","winter","low"
"17016","11/8/2024","13:00","31.816","shrub","low_north","winter","low"
"17120","11/8/2024","19:00","32.218","shrub","low_north","winter","low"
"17218","11/9/2024","1:00","31.816","shrub","low_north","winter","low"
"17316","11/9/2024","7:00","31.012","shrub","low_north","winter","low"
"17416","11/9/2024","13:00","32.018","shrub","low_north","winter","low"
"17516","11/9/2024","19:00","32.218","shrub","low_north","winter","low"
"17616","11/10/2024","1:00","32.018","shrub","low_north","winter","low"
"17716","11/10/2024","7:00","32.218","shrub","low_north","winter","low"
"17816","11/10/2024","13:00","32.815","shrub","low_north","winter","low"
"17916","11/10/2024","19:00","35.564","shrub","low_north","winter","low"
"18016","11/11/2024","1:00","33.805","shrub","low_north","winter","low"
"18120","11/11/2024","7:00","33.411","shrub","low_north","winter","low"
"18218","11/11/2024","13:00","37.87","shrub","low_north","winter","low"
"18316","11/11/2024","19:00","37.488","shrub","low_north","winter","low"
"18416","11/12/2024","1:00","36.531","shrub","low_north","winter","low"
"18516","11/12/2024","7:00","36.723","shrub","low_north","winter","low"
"18616","11/12/2024","13:00","37.297","shrub","low_north","winter","low"
"18716","11/12/2024","19:00","36.531","shrub","low_north","winter","low"
"18816","11/13/2024","1:00","34.002","shrub","low_north","winter","low"
"18916","11/13/2024","7:00","32.815","shrub","low_north","winter","low"
"19016","11/13/2024","13:00","33.013","shrub","low_north","winter","low"
"19120","11/13/2024","19:00","34.198","shrub","low_north","winter","low"
"19218","11/14/2024","1:00","33.213","shrub","low_north","winter","low"
"19316","11/14/2024","7:00","32.018","shrub","low_north","winter","low"
"19416","11/14/2024","13:00","32.418","shrub","low_north","winter","low"
"19516","11/14/2024","19:00","32.815","shrub","low_north","winter","low"
"19616","11/15/2024","1:00","32.617","shrub","low_north","winter","low"
"19716","11/15/2024","7:00","32.218","shrub","low_north","winter","low"
"19816","11/15/2024","13:00","32.617","shrub","low_north","winter","low"
"19916","11/15/2024","19:00","32.617","shrub","low_north","winter","low"
"20016","11/16/2024","1:00","32.815","shrub","low_north","winter","low"
"20120","11/16/2024","7:00","32.815","shrub","low_north","winter","low"
"20218","11/16/2024","13:00","33.013","shrub","low_north","winter","low"
"20316","11/16/2024","19:00","33.411","shrub","low_north","winter","low"
"20416","11/17/2024","1:00","33.213","shrub","low_north","winter","low"
"20516","11/17/2024","7:00","32.815","shrub","low_north","winter","low"
"20616","11/17/2024","13:00","33.013","shrub","low_north","winter","low"
"20716","11/17/2024","19:00","33.607","shrub","low_north","winter","low"
"20816","11/18/2024","1:00","33.607","shrub","low_north","winter","low"
"20916","11/18/2024","7:00","33.607","shrub","low_north","winter","low"
"21020","11/18/2024","13:00","33.805","shrub","low_north","winter","low"
"21120","11/18/2024","19:00","34.002","shrub","low_north","winter","low"
"21219","11/19/2024","1:00","33.805","shrub","low_north","winter","low"
"21317","11/19/2024","7:00","33.607","shrub","low_north","winter","low"
"21417","11/19/2024","13:00","33.607","shrub","low_north","winter","low"
"21516","11/19/2024","19:00","33.607","shrub","low_north","winter","low"
"21616","11/20/2024","1:00","33.411","shrub","low_north","winter","low"
"21716","11/20/2024","7:00","33.013","shrub","low_north","winter","low"
"21816","11/20/2024","13:00","33.013","shrub","low_north","winter","low"
"21916","11/20/2024","19:00","33.213","shrub","low_north","winter","low"
"22016","11/21/2024","1:00","33.213","shrub","low_north","winter","low"
"22120","11/21/2024","7:00","33.213","shrub","low_north","winter","low"
"22218","11/21/2024","13:00","33.411","shrub","low_north","winter","low"
"22316","11/21/2024","19:00","33.411","shrub","low_north","winter","low"
"22416","11/22/2024","1:00","33.607","shrub","low_north","winter","low"
"22516","11/22/2024","7:00","33.805","shrub","low_north","winter","low"
"22616","11/22/2024","13:00","34.394","shrub","low_north","winter","low"
"22716","11/22/2024","19:00","34.394","shrub","low_north","winter","low"
"22816","11/23/2024","1:00","34.198","shrub","low_north","winter","low"
"22916","11/23/2024","7:00","34.198","shrub","low_north","winter","low"
"23016","11/23/2024","13:00","34.786","shrub","low_north","winter","low"
"23120","11/23/2024","19:00","35.37","shrub","low_north","winter","low"
"23218","11/24/2024","1:00","34.786","shrub","low_north","winter","low"
"23316","11/24/2024","7:00","34.198","shrub","low_north","winter","low"
"23416","11/24/2024","13:00","34.59","shrub","low_north","winter","low"
"23516","11/24/2024","19:00","34.786","shrub","low_north","winter","low"
"23616","11/25/2024","1:00","33.607","shrub","low_north","winter","low"
"23716","11/25/2024","7:00","32.617","shrub","low_north","winter","low"
"23816","11/25/2024","13:00","32.617","shrub","low_north","winter","low"
"23916","11/25/2024","19:00","32.617","shrub","low_north","winter","low"
"24016","11/26/2024","1:00","32.617","shrub","low_north","winter","low"
"24120","11/26/2024","7:00","32.617","shrub","low_north","winter","low"
"24218","11/26/2024","13:00","32.617","shrub","low_north","winter","low"
"24316","11/26/2024","19:00","32.617","shrub","low_north","winter","low"
"24416","11/27/2024","1:00","32.418","shrub","low_north","winter","low"
"24516","11/27/2024","7:00","31.816","shrub","low_north","winter","low"
"24616","11/27/2024","13:00","32.018","shrub","low_north","winter","low"
"24716","11/27/2024","19:00","32.218","shrub","low_north","winter","low"
"24816","11/28/2024","1:00","32.018","shrub","low_north","winter","low"
"24916","11/28/2024","7:00","31.816","shrub","low_north","winter","low"
"25016","11/28/2024","13:00","32.018","shrub","low_north","winter","low"
"25120","11/28/2024","19:00","31.816","shrub","low_north","winter","low"
"25218","11/29/2024","1:00","31.617","shrub","low_north","winter","low"
"25316","11/29/2024","7:00","31.617","shrub","low_north","winter","low"
"25416","11/29/2024","13:00","31.816","shrub","low_north","winter","low"
"25516","11/29/2024","19:00","32.018","shrub","low_north","winter","low"
"25616","11/30/2024","1:00","31.617","shrub","low_north","winter","low"
"25716","11/30/2024","7:00","31.213","shrub","low_north","winter","low"
"25816","11/30/2024","13:00","31.816","shrub","low_north","winter","low"
"25916","11/30/2024","19:00","32.018","shrub","low_north","winter","low"
"26016","12/1/2024","1:00","30.607","shrub","low_north","winter","low"
"26120","12/1/2024","7:00","29.586","shrub","low_north","winter","low"
"26218","12/1/2024","13:00","31.012","shrub","low_north","winter","low"
"26316","12/1/2024","19:00","31.816","shrub","low_north","winter","low"
"26416","12/2/2024","1:00","29.79","shrub","low_north","winter","low"
"26516","12/2/2024","7:00","28.762","shrub","low_north","winter","low"
"26616","12/2/2024","13:00","30.808","shrub","low_north","winter","low"
"26716","12/2/2024","19:00","31.617","shrub","low_north","winter","low"
"26816","12/3/2024","1:00","29.79","shrub","low_north","winter","low"
"26916","12/3/2024","7:00","28.555","shrub","low_north","winter","low"
"27016","12/3/2024","13:00","30.607","shrub","low_north","winter","low"
"27120","12/3/2024","19:00","31.617","shrub","low_north","winter","low"
"27218","12/4/2024","1:00","29.995","shrub","low_north","winter","low"
"27316","12/4/2024","7:00","28.346","shrub","low_north","winter","low"
"27416","12/4/2024","13:00","30.198","shrub","low_north","winter","low"
"27516","12/4/2024","19:00","31.213","shrub","low_north","winter","low"
"27616","12/5/2024","1:00","28.762","shrub","low_north","winter","low"
"27716","12/5/2024","7:00","27.511","shrub","low_north","winter","low"
"27816","12/5/2024","13:00","29.586","shrub","low_north","winter","low"
"27916","12/5/2024","19:00","30.808","shrub","low_north","winter","low"
"28016","12/6/2024","1:00","28.139","shrub","low_north","winter","low"
"28120","12/6/2024","7:00","26.668","shrub","low_north","winter","low"
"28218","12/6/2024","13:00","28.969","shrub","low_north","winter","low"
"28316","12/6/2024","19:00","29.995","shrub","low_north","winter","low"
"28416","12/7/2024","1:00","27.721","shrub","low_north","winter","low"
"28516","12/7/2024","7:00","27.302","shrub","low_north","winter","low"
"28615","12/7/2024","13:00","29.586","shrub","low_north","winter","low"
"28715","12/7/2024","19:00","30.808","shrub","low_north","winter","low"
"28815","12/8/2024","1:00","29.79","shrub","low_north","winter","low"
"28915","12/8/2024","7:00","27.93","shrub","low_north","winter","low"
"29015","12/8/2024","13:00","29.379","shrub","low_north","winter","low"
"29119","12/8/2024","19:00","28.762","shrub","low_north","winter","low"
"29217","12/9/2024","1:00","26.881","shrub","low_north","winter","low"
"29315","12/9/2024","7:00","26.031","shrub","low_north","winter","low"
"29415","12/9/2024","13:00","28.555","shrub","low_north","winter","low"
"29515","12/9/2024","19:00","28.555","shrub","low_north","winter","low"
"29615","12/10/2024","1:00","24.744","shrub","low_north","winter","low"
"29715","12/10/2024","7:00","22.995","shrub","low_north","winter","low"
"29815","12/10/2024","13:00","25.39","shrub","low_north","winter","low"
"29915","12/10/2024","19:00","24.526","shrub","low_north","winter","low"
"30015","12/11/2024","1:00","24.093","shrub","low_north","winter","low"
"30119","12/11/2024","7:00","24.31","shrub","low_north","winter","low"
"30217","12/11/2024","13:00","26.458","shrub","low_north","winter","low"
"30315","12/11/2024","19:00","26.458","shrub","low_north","winter","low"
"30415","12/12/2024","1:00","25.819","shrub","low_north","winter","low"
"30515","12/12/2024","7:00","26.245","shrub","low_north","winter","low"
"30615","12/12/2024","13:00","28.555","shrub","low_north","winter","low"
"30715","12/12/2024","19:00","28.969","shrub","low_north","winter","low"
"30815","12/13/2024","1:00","26.881","shrub","low_north","winter","low"
"30915","12/13/2024","7:00","24.526","shrub","low_north","winter","low"
"31019","12/13/2024","13:00","27.302","shrub","low_north","winter","low"
"31119","12/13/2024","19:00","27.93","shrub","low_north","winter","low"
"31218","12/14/2024","1:00","28.139","shrub","low_north","winter","low"
"31316","12/14/2024","7:00","28.139","shrub","low_north","winter","low"
"31416","12/14/2024","13:00","29.174","shrub","low_north","winter","low"
"31515","12/14/2024","19:00","29.79","shrub","low_north","winter","low"
"31615","12/15/2024","1:00","29.995","shrub","low_north","winter","low"
"31715","12/15/2024","7:00","29.995","shrub","low_north","winter","low"
"31815","12/15/2024","13:00","29.995","shrub","low_north","winter","low"
"31915","12/15/2024","19:00","29.586","shrub","low_north","winter","low"
"32015","12/16/2024","1:00","27.93","shrub","low_north","winter","low"
"32119","12/16/2024","7:00","28.139","shrub","low_north","winter","low"
"32217","12/16/2024","13:00","28.762","shrub","low_north","winter","low"
"32315","12/16/2024","19:00","29.174","shrub","low_north","winter","low"
"32415","12/17/2024","1:00","29.379","shrub","low_north","winter","low"
"32515","12/17/2024","7:00","29.379","shrub","low_north","winter","low"
"32615","12/17/2024","13:00","29.79","shrub","low_north","winter","low"
"32715","12/17/2024","19:00","29.995","shrub","low_north","winter","low"
"32815","12/18/2024","1:00","29.995","shrub","low_north","winter","low"
"32915","12/18/2024","7:00","29.995","shrub","low_north","winter","low"
"33015","12/18/2024","13:00","30.403","shrub","low_north","winter","low"
"33119","12/18/2024","19:00","30.607","shrub","low_north","winter","low"
"33217","12/19/2024","1:00","29.79","shrub","low_north","winter","low"
"33315","12/19/2024","7:00","29.174","shrub","low_north","winter","low"
"33415","12/19/2024","13:00","29.379","shrub","low_north","winter","low"
"33515","12/19/2024","19:00","30.808","shrub","low_north","winter","low"
"33615","12/20/2024","1:00","30.403","shrub","low_north","winter","low"
"33715","12/20/2024","7:00","30.198","shrub","low_north","winter","low"
"33815","12/20/2024","13:00","30.403","shrub","low_north","winter","low"
"33915","12/20/2024","19:00","31.816","shrub","low_north","winter","low"
"34015","12/21/2024","1:00","31.816","shrub","low_north","winter","low"
"34119","12/21/2024","7:00","31.012","shrub","low_north","winter","low"
"34217","12/21/2024","13:00","31.012","shrub","low_north","winter","low"
"34315","12/21/2024","19:00","31.816","shrub","low_north","winter","low"
"34415","12/22/2024","1:00","32.018","shrub","low_north","winter","low"
"34515","12/22/2024","7:00","31.617","shrub","low_north","winter","low"
"34615","12/22/2024","13:00","31.213","shrub","low_north","winter","low"
"34715","12/22/2024","19:00","31.617","shrub","low_north","winter","low"
"34815","12/23/2024","1:00","31.213","shrub","low_north","winter","low"
"34915","12/23/2024","7:00","31.012","shrub","low_north","winter","low"
"35015","12/23/2024","13:00","31.415","shrub","low_north","winter","low"
"35119","12/23/2024","19:00","31.816","shrub","low_north","winter","low"
"35217","12/24/2024","1:00","31.816","shrub","low_north","winter","low"
"35315","12/24/2024","7:00","31.816","shrub","low_north","winter","low"
"35415","12/24/2024","13:00","31.816","shrub","low_north","winter","low"
"35515","12/24/2024","19:00","32.018","shrub","low_north","winter","low"
"35615","12/25/2024","1:00","32.018","shrub","low_north","winter","low"
"35715","12/25/2024","7:00","32.018","shrub","low_north","winter","low"
"35815","12/25/2024","13:00","32.018","shrub","low_north","winter","low"
"35915","12/25/2024","19:00","32.018","shrub","low_north","winter","low"
"36015","12/26/2024","1:00","32.018","shrub","low_north","winter","low"
"36119","12/26/2024","7:00","32.018","shrub","low_north","winter","low"
"36217","12/26/2024","13:00","32.018","shrub","low_north","winter","low"
"36315","12/26/2024","19:00","32.018","shrub","low_north","winter","low"
"36415","12/27/2024","1:00","32.018","shrub","low_north","winter","low"
"36515","12/27/2024","7:00","31.816","shrub","low_north","winter","low"
"36615","12/27/2024","13:00","31.816","shrub","low_north","winter","low"
"36715","12/27/2024","19:00","32.018","shrub","low_north","winter","low"
"36815","12/28/2024","1:00","32.018","shrub","low_north","winter","low"
"36915","12/28/2024","7:00","32.018","shrub","low_north","winter","low"
"37015","12/28/2024","13:00","32.018","shrub","low_north","winter","low"
"37119","12/28/2024","19:00","32.018","shrub","low_north","winter","low"
"37217","12/29/2024","1:00","32.018","shrub","low_north","winter","low"
"37315","12/29/2024","7:00","32.018","shrub","low_north","winter","low"
"37415","12/29/2024","13:00","32.018","shrub","low_north","winter","low"
"37515","12/29/2024","19:00","32.018","shrub","low_north","winter","low"
"37615","12/30/2024","1:00","32.018","shrub","low_north","winter","low"
"37715","12/30/2024","7:00","32.018","shrub","low_north","winter","low"
"37815","12/30/2024","13:00","32.018","shrub","low_north","winter","low"
"37915","12/30/2024","19:00","32.018","shrub","low_north","winter","low"
"38015","12/31/2024","1:00","32.018","shrub","low_north","winter","low"
"38119","12/31/2024","7:00","31.816","shrub","low_north","winter","low"
"38217","12/31/2024","13:00","31.816","shrub","low_north","winter","low"
"38315","12/31/2024","19:00","31.816","shrub","low_north","winter","low"
"38415","1/1/2025","1:00","31.617","shrub","low_north","winter","low"
"38515","1/1/2025","7:00","31.617","shrub","low_north","winter","low"
"38615","1/1/2025","13:00","31.617","shrub","low_north","winter","low"
"38715","1/1/2025","19:00","31.816","shrub","low_north","winter","low"
"38815","1/2/2025","1:00","31.617","shrub","low_north","winter","low"
"38915","1/2/2025","7:00","31.617","shrub","low_north","winter","low"
"39015","1/2/2025","13:00","31.617","shrub","low_north","winter","low"
"39119","1/2/2025","19:00","31.816","shrub","low_north","winter","low"
"39217","1/3/2025","1:00","31.816","shrub","low_north","winter","low"
"39315","1/3/2025","7:00","31.816","shrub","low_north","winter","low"
"39415","1/3/2025","13:00","31.816","shrub","low_north","winter","low"
"39515","1/3/2025","19:00","32.018","shrub","low_north","winter","low"
"39615","1/4/2025","1:00","32.218","shrub","low_north","winter","low"
"39715","1/4/2025","7:00","32.218","shrub","low_north","winter","low"
"39815","1/4/2025","13:00","32.218","shrub","low_north","winter","low"
"39915","1/4/2025","19:00","32.218","shrub","low_north","winter","low"
"40015","1/5/2025","1:00","32.218","shrub","low_north","winter","low"
"40119","1/5/2025","7:00","32.218","shrub","low_north","winter","low"
"40217","1/5/2025","13:00","32.218","shrub","low_north","winter","low"
"40315","1/5/2025","19:00","32.218","shrub","low_north","winter","low"
"40415","1/6/2025","1:00","32.218","shrub","low_north","winter","low"
"40515","1/6/2025","7:00","32.218","shrub","low_north","winter","low"
"40615","1/6/2025","13:00","32.018","shrub","low_north","winter","low"
"40715","1/6/2025","19:00","32.018","shrub","low_north","winter","low"
"40815","1/7/2025","1:00","32.018","shrub","low_north","winter","low"
"40915","1/7/2025","7:00","32.018","shrub","low_north","winter","low"
"41019","1/7/2025","13:00","32.018","shrub","low_north","winter","low"
"41119","1/7/2025","19:00","32.018","shrub","low_north","winter","low"
"41218","1/8/2025","1:00","32.018","shrub","low_north","winter","low"
"41316","1/8/2025","7:00","31.816","shrub","low_north","winter","low"
"41416","1/8/2025","13:00","31.617","shrub","low_north","winter","low"
"41515","1/8/2025","19:00","31.617","shrub","low_north","winter","low"
"41615","1/9/2025","1:00","31.617","shrub","low_north","winter","low"
"41715","1/9/2025","7:00","31.415","shrub","low_north","winter","low"
"41815","1/9/2025","13:00","31.213","shrub","low_north","winter","low"
"41915","1/9/2025","19:00","31.213","shrub","low_north","winter","low"
"42015","1/10/2025","1:00","31.012","shrub","low_north","winter","low"
"42119","1/10/2025","7:00","30.808","shrub","low_north","winter","low"
"42217","1/10/2025","13:00","30.808","shrub","low_north","winter","low"
"42315","1/10/2025","19:00","30.808","shrub","low_north","winter","low"
"42415","1/11/2025","1:00","30.808","shrub","low_north","winter","low"
"42515","1/11/2025","7:00","30.607","shrub","low_north","winter","low"
"42615","1/11/2025","13:00","30.403","shrub","low_north","winter","low"
"42715","1/11/2025","19:00","30.607","shrub","low_north","winter","low"
"42815","1/12/2025","1:00","30.403","shrub","low_north","winter","low"
"42915","1/12/2025","7:00","29.995","shrub","low_north","winter","low"
"43015","1/12/2025","13:00","29.79","shrub","low_north","winter","low"
"43119","1/12/2025","19:00","30.198","shrub","low_north","winter","low"
"43217","1/13/2025","1:00","29.995","shrub","low_north","winter","low"
"43315","1/13/2025","7:00","29.995","shrub","low_north","winter","low"
"43415","1/13/2025","13:00","29.995","shrub","low_north","winter","low"
"43515","1/13/2025","19:00","30.198","shrub","low_north","winter","low"
"43615","1/14/2025","1:00","29.995","shrub","low_north","winter","low"
"43715","1/14/2025","7:00","29.79","shrub","low_north","winter","low"
"43814","1/14/2025","13:00","29.79","shrub","low_north","winter","low"
"43914","1/14/2025","19:00","29.995","shrub","low_north","winter","low"
"44014","1/15/2025","1:00","29.995","shrub","low_north","winter","low"
"44118","1/15/2025","7:00","29.79","shrub","low_north","winter","low"
"44216","1/15/2025","13:00","29.995","shrub","low_north","winter","low"
"44314","1/15/2025","19:00","30.403","shrub","low_north","winter","low"
"44414","1/16/2025","1:00","29.995","shrub","low_north","winter","low"
"44514","1/16/2025","7:00","29.586","shrub","low_north","winter","low"
"44614","1/16/2025","13:00","29.174","shrub","low_north","winter","low"
"44714","1/16/2025","19:00","29.586","shrub","low_north","winter","low"
"44814","1/17/2025","1:00","29.586","shrub","low_north","winter","low"
"44914","1/17/2025","7:00","29.586","shrub","low_north","winter","low"
"45014","1/17/2025","13:00","29.586","shrub","low_north","winter","low"
"45118","1/17/2025","19:00","29.586","shrub","low_north","winter","low"
"45216","1/18/2025","1:00","28.969","shrub","low_north","winter","low"
"45314","1/18/2025","7:00","28.555","shrub","low_north","winter","low"
"45414","1/18/2025","13:00","27.93","shrub","low_north","winter","low"
"45514","1/18/2025","19:00","27.721","shrub","low_north","winter","low"
"45614","1/19/2025","1:00","27.091","shrub","low_north","winter","low"
"45714","1/19/2025","7:00","26.245","shrub","low_north","winter","low"
"45814","1/19/2025","13:00","26.031","shrub","low_north","winter","low"
"45914","1/19/2025","19:00","26.458","shrub","low_north","winter","low"
"46014","1/20/2025","1:00","26.031","shrub","low_north","winter","low"
"46118","1/20/2025","7:00","24.744","shrub","low_north","winter","low"
"46216","1/20/2025","13:00","23.875","shrub","low_north","winter","low"
"46314","1/20/2025","19:00","23.655","shrub","low_north","winter","low"
"46414","1/21/2025","1:00","22.995","shrub","low_north","winter","low"
"46514","1/21/2025","7:00","22.33","shrub","low_north","winter","low"
"46611","1/21/2025","13:00","22.33","shrub","low_north","winter","low"
"46711","1/21/2025","19:00","23.655","shrub","low_north","winter","low"
"46810","1/22/2025","1:00","23.216","shrub","low_north","winter","low"
"4699","1/22/2025","7:00","22.33","shrub","low_north","winter","low"
"4709","1/22/2025","13:00","22.33","shrub","low_north","winter","low"
"47113","1/22/2025","19:00","23.436","shrub","low_north","winter","low"
"47211","1/23/2025","1:00","22.775","shrub","low_north","winter","low"
"47311","1/23/2025","7:00","22.107","shrub","low_north","winter","low"
"47411","1/23/2025","13:00","21.434","shrub","low_north","winter","low"
"47510","1/23/2025","19:00","22.775","shrub","low_north","winter","low"
"4769","1/24/2025","1:00","22.775","shrub","low_north","winter","low"
"4779","1/24/2025","7:00","22.33","shrub","low_north","winter","low"
"4789","1/24/2025","13:00","22.775","shrub","low_north","winter","low"
"4799","1/24/2025","19:00","23.875","shrub","low_north","winter","low"
"4809","1/25/2025","1:00","23.875","shrub","low_north","winter","low"
"48113","1/25/2025","7:00","23.436","shrub","low_north","winter","low"
"48211","1/25/2025","13:00","22.995","shrub","low_north","winter","low"
"48311","1/25/2025","19:00","23.216","shrub","low_north","winter","low"
"48411","1/26/2025","1:00","22.552","shrub","low_north","winter","low"
"48510","1/26/2025","7:00","21.659","shrub","low_north","winter","low"
"4869","1/26/2025","13:00","21.209","shrub","low_north","winter","low"
"4879","1/26/2025","19:00","22.107","shrub","low_north","winter","low"
"4889","1/27/2025","1:00","21.659","shrub","low_north","winter","low"
"4899","1/27/2025","7:00","20.984","shrub","low_north","winter","low"
"4909","1/27/2025","13:00","20.984","shrub","low_north","winter","low"
"49113","1/27/2025","19:00","22.33","shrub","low_north","winter","low"
"49211","1/28/2025","1:00","21.884","shrub","low_north","winter","low"
"49311","1/28/2025","7:00","20.984","shrub","low_north","winter","low"
"49411","1/28/2025","13:00","20.757","shrub","low_north","winter","low"
"49510","1/28/2025","19:00","22.552","shrub","low_north","winter","low"
"4969","1/29/2025","1:00","22.107","shrub","low_north","winter","low"
"4979","1/29/2025","7:00","21.209","shrub","low_north","winter","low"
"4989","1/29/2025","13:00","20.984","shrub","low_north","winter","low"
"4999","1/29/2025","19:00","22.552","shrub","low_north","winter","low"
"5009","1/30/2025","1:00","21.884","shrub","low_north","winter","low"
"50113","1/30/2025","7:00","20.984","shrub","low_north","winter","low"
"50211","1/30/2025","13:00","20.302","shrub","low_north","winter","low"
"50311","1/30/2025","19:00","22.107","shrub","low_north","winter","low"
"50411","1/31/2025","1:00","21.659","shrub","low_north","winter","low"
"50510","1/31/2025","7:00","21.659","shrub","low_north","winter","low"
"5069","1/31/2025","13:00","22.107","shrub","low_north","winter","low"
"5079","1/31/2025","19:00","23.655","shrub","low_north","winter","low"
"5089","2/1/2025","1:00","24.093","shrub","low_north","winter","low"
"5099","2/1/2025","7:00","24.744","shrub","low_north","winter","low"
"51013","2/1/2025","13:00","25.174","shrub","low_north","winter","low"
"51113","2/1/2025","19:00","26.031","shrub","low_north","winter","low"
"51212","2/2/2025","1:00","26.458","shrub","low_north","winter","low"
"51311","2/2/2025","7:00","26.881","shrub","low_north","winter","low"
"51411","2/2/2025","13:00","27.091","shrub","low_north","winter","low"
"51511","2/2/2025","19:00","28.346","shrub","low_north","winter","low"
"51611","2/3/2025","1:00","29.174","shrub","low_north","winter","low"
"51711","2/3/2025","7:00","29.379","shrub","low_north","winter","low"
"51810","2/3/2025","13:00","29.586","shrub","low_north","winter","low"
"5199","2/3/2025","19:00","30.198","shrub","low_north","winter","low"
"5209","2/4/2025","1:00","30.403","shrub","low_north","winter","low"
"52113","2/4/2025","7:00","30.403","shrub","low_north","winter","low"
"52211","2/4/2025","13:00","30.403","shrub","low_north","winter","low"
"52311","2/4/2025","19:00","32.218","shrub","low_north","winter","low"
"52411","2/5/2025","1:00","32.218","shrub","low_north","winter","low"
"52510","2/5/2025","7:00","32.218","shrub","low_north","winter","low"
"5269","2/5/2025","13:00","32.218","shrub","low_north","winter","low"
"5279","2/5/2025","19:00","32.218","shrub","low_north","winter","low"
"5289","2/6/2025","1:00","32.218","shrub","low_north","winter","low"
"5299","2/6/2025","7:00","32.018","shrub","low_north","winter","low"
"5309","2/6/2025","13:00","31.415","shrub","low_north","winter","low"
"53113","2/6/2025","19:00","30.808","shrub","low_north","winter","low"
"53211","2/7/2025","1:00","30.198","shrub","low_north","winter","low"
"53311","2/7/2025","7:00","29.995","shrub","low_north","winter","low"
"53411","2/7/2025","13:00","29.995","shrub","low_north","winter","low"
"53510","2/7/2025","19:00","30.403","shrub","low_north","winter","low"
"5369","2/8/2025","1:00","30.403","shrub","low_north","winter","low"
"5379","2/8/2025","7:00","30.198","shrub","low_north","winter","low"
"5389","2/8/2025","13:00","29.995","shrub","low_north","winter","low"
"5399","2/8/2025","19:00","29.995","shrub","low_north","winter","low"
"5409","2/9/2025","1:00","29.586","shrub","low_north","winter","low"
"54113","2/9/2025","7:00","28.969","shrub","low_north","winter","low"
"54211","2/9/2025","13:00","28.555","shrub","low_north","winter","low"
"54311","2/9/2025","19:00","28.555","shrub","low_north","winter","low"
"54411","2/10/2025","1:00","28.346","shrub","low_north","winter","low"
"54510","2/10/2025","7:00","27.93","shrub","low_north","winter","low"
"5469","2/10/2025","13:00","27.721","shrub","low_north","winter","low"
"5479","2/10/2025","19:00","28.139","shrub","low_north","winter","low"
"5489","2/11/2025","1:00","27.93","shrub","low_north","winter","low"
"5499","2/11/2025","7:00","27.091","shrub","low_north","winter","low"
"5509","2/11/2025","13:00","26.031","shrub","low_north","winter","low"
"55113","2/11/2025","19:00","25.605","shrub","low_north","winter","low"
"55211","2/12/2025","1:00","25.174","shrub","low_north","winter","low"
"55311","2/12/2025","7:00","24.093","shrub","low_north","winter","low"
"55411","2/12/2025","13:00","23.436","shrub","low_north","winter","low"
"55510","2/12/2025","19:00","23.655","shrub","low_north","winter","low"
"5569","2/13/2025","1:00","23.216","shrub","low_north","winter","low"
"5579","2/13/2025","7:00","22.552","shrub","low_north","winter","low"
"5589","2/13/2025","13:00","21.884","shrub","low_north","winter","low"
"5599","2/13/2025","19:00","22.552","shrub","low_north","winter","low"
"5609","2/14/2025","1:00","23.216","shrub","low_north","winter","low"
"56113","2/14/2025","7:00","23.875","shrub","low_north","winter","low"
"56211","2/14/2025","13:00","24.526","shrub","low_north","winter","low"
"56311","2/14/2025","19:00","25.39","shrub","low_north","winter","low"
"2500","9/27/2024","13:00","64.652","shrub","high_gate","winter","high"
"3500","9/27/2024","19:00","64.31","shrub","high_gate","winter","high"
"4500","9/28/2024","1:00","54.842","shrub","high_gate","winter","high"
"5200","9/28/2024","7:00","51.346","shrub","high_gate","winter","high"
"6169","9/28/2024","13:00","65.851","shrub","high_gate","winter","high"
"7101","9/28/2024","19:00","65.68","shrub","high_gate","winter","high"
"8101","9/29/2024","1:00","56.23","shrub","high_gate","winter","high"
"9101","9/29/2024","7:00","53.623","shrub","high_gate","winter","high"
"10101","9/29/2024","13:00","65.68","shrub","high_gate","winter","high"
"11101","9/29/2024","19:00","64.139","shrub","high_gate","winter","high"
"12101","9/30/2024","1:00","53.973","shrub","high_gate","winter","high"
"13101","9/30/2024","7:00","48.871","shrub","high_gate","winter","high"
"14101","9/30/2024","13:00","58.476","shrub","high_gate","winter","high"
"15101","9/30/2024","19:00","57.268","shrub","high_gate","winter","high"
"16101","10/1/2024","1:00","46.908","shrub","high_gate","winter","high"
"17101","10/1/2024","7:00","44.195","shrub","high_gate","winter","high"
"18101","10/1/2024","13:00","58.993","shrub","high_gate","winter","high"
"19101","10/1/2024","19:00","58.647","shrub","high_gate","winter","high"
"20101","10/2/2024","1:00","49.05","shrub","high_gate","winter","high"
"21105","10/2/2024","7:00","45.466","shrub","high_gate","winter","high"
"22102","10/2/2024","13:00","60.195","shrub","high_gate","winter","high"
"23101","10/2/2024","19:00","57.958","shrub","high_gate","winter","high"
"24101","10/3/2024","1:00","50.113","shrub","high_gate","winter","high"
"25101","10/3/2024","7:00","43.831","shrub","high_gate","winter","high"
"26101","10/3/2024","13:00","59.508","shrub","high_gate","winter","high"
"27101","10/3/2024","19:00","57.785","shrub","high_gate","winter","high"
"28101","10/4/2024","1:00","47.624","shrub","high_gate","winter","high"
"29101","10/4/2024","7:00","44.742","shrub","high_gate","winter","high"
"30101","10/4/2024","13:00","62.083","shrub","high_gate","winter","high"
"31105","10/4/2024","19:00","61.398","shrub","high_gate","winter","high"
"32102","10/5/2024","1:00","52.05","shrub","high_gate","winter","high"
"33101","10/5/2024","7:00","47.624","shrub","high_gate","winter","high"
"34101","10/5/2024","13:00","62.769","shrub","high_gate","winter","high"
"35101","10/5/2024","19:00","58.993","shrub","high_gate","winter","high"
"36101","10/6/2024","1:00","49.05","shrub","high_gate","winter","high"
"37101","10/6/2024","7:00","45.104","shrub","high_gate","winter","high"
"38101","10/6/2024","13:00","61.741","shrub","high_gate","winter","high"
"39101","10/6/2024","19:00","59.164","shrub","high_gate","winter","high"
"40101","10/7/2024","1:00","50.113","shrub","high_gate","winter","high"
"41105","10/7/2024","7:00","46.548","shrub","high_gate","winter","high"
"42102","10/7/2024","13:00","63.111","shrub","high_gate","winter","high"
"43101","10/7/2024","19:00","59.164","shrub","high_gate","winter","high"
"44101","10/8/2024","1:00","49.404","shrub","high_gate","winter","high"
"45101","10/8/2024","7:00","46.008","shrub","high_gate","winter","high"
"4690","10/8/2024","13:00","63.282","shrub","high_gate","winter","high"
"4760","10/8/2024","19:00","59.851","shrub","high_gate","winter","high"
"4860","10/9/2024","1:00","51.346","shrub","high_gate","winter","high"
"4960","10/9/2024","7:00","47.802","shrub","high_gate","winter","high"
"5060","10/9/2024","13:00","64.481","shrub","high_gate","winter","high"
"51100","10/9/2024","19:00","61.398","shrub","high_gate","winter","high"
"5260","10/10/2024","1:00","52.225","shrub","high_gate","winter","high"
"5360","10/10/2024","7:00","50.643","shrub","high_gate","winter","high"
"5460","10/10/2024","13:00","61.398","shrub","high_gate","winter","high"
"5560","10/10/2024","19:00","59.337","shrub","high_gate","winter","high"
"5660","10/11/2024","1:00","52.576","shrub","high_gate","winter","high"
"5759","10/11/2024","7:00","48.339","shrub","high_gate","winter","high"
"5859","10/11/2024","13:00","61.741","shrub","high_gate","winter","high"
"5959","10/11/2024","19:00","60.195","shrub","high_gate","winter","high"
"6059","10/12/2024","1:00","51.523","shrub","high_gate","winter","high"
"6170","10/12/2024","7:00","47.446","shrub","high_gate","winter","high"
"6259","10/12/2024","13:00","63.797","shrub","high_gate","winter","high"
"6355","10/12/2024","19:00","60.024","shrub","high_gate","winter","high"
"6423","10/13/2024","1:00","50.643","shrub","high_gate","winter","high"
"6523","10/13/2024","7:00","47.088","shrub","high_gate","winter","high"
"6623","10/13/2024","13:00","64.481","shrub","high_gate","winter","high"
"6719","10/13/2024","19:00","60.368","shrub","high_gate","winter","high"
"6817","10/14/2024","1:00","50.995","shrub","high_gate","winter","high"
"6917","10/14/2024","7:00","47.624","shrub","high_gate","winter","high"
"7017","10/14/2024","13:00","63.968","shrub","high_gate","winter","high"
"7121","10/14/2024","19:00","60.195","shrub","high_gate","winter","high"
"7219","10/15/2024","1:00","50.819","shrub","high_gate","winter","high"
"7317","10/15/2024","7:00","47.088","shrub","high_gate","winter","high"
"7417","10/15/2024","13:00","64.31","shrub","high_gate","winter","high"
"7517","10/15/2024","19:00","58.993","shrub","high_gate","winter","high"
"7617","10/16/2024","1:00","50.29","shrub","high_gate","winter","high"
"7717","10/16/2024","7:00","47.446","shrub","high_gate","winter","high"
"7817","10/16/2024","13:00","62.598","shrub","high_gate","winter","high"
"7917","10/16/2024","19:00","58.131","shrub","high_gate","winter","high"
"8017","10/17/2024","1:00","53.623","shrub","high_gate","winter","high"
"8121","10/17/2024","7:00","47.088","shrub","high_gate","winter","high"
"8219","10/17/2024","13:00","53.623","shrub","high_gate","winter","high"
"8317","10/17/2024","19:00","44.195","shrub","high_gate","winter","high"
"8417","10/18/2024","1:00","40.509","shrub","high_gate","winter","high"
"8517","10/18/2024","7:00","38.061","shrub","high_gate","winter","high"
"8617","10/18/2024","13:00","44.56","shrub","high_gate","winter","high"
"8717","10/18/2024","19:00","42.915","shrub","high_gate","winter","high"
"8817","10/19/2024","1:00","36.531","shrub","high_gate","winter","high"
"8917","10/19/2024","7:00","34.981","shrub","high_gate","winter","high"
"9017","10/19/2024","13:00","49.404","shrub","high_gate","winter","high"
"9121","10/19/2024","19:00","46.908","shrub","high_gate","winter","high"
"9219","10/20/2024","1:00","39.947","shrub","high_gate","winter","high"
"9317","10/20/2024","7:00","37.107","shrub","high_gate","winter","high"
"9417","10/20/2024","13:00","52.401","shrub","high_gate","winter","high"
"9517","10/20/2024","19:00","49.759","shrub","high_gate","winter","high"
"9617","10/21/2024","1:00","44.379","shrub","high_gate","winter","high"
"9717","10/21/2024","7:00","41.067","shrub","high_gate","winter","high"
"9817","10/21/2024","13:00","52.05","shrub","high_gate","winter","high"
"9917","10/21/2024","19:00","50.643","shrub","high_gate","winter","high"
"10017","10/22/2024","1:00","44.922","shrub","high_gate","winter","high"
"10121","10/22/2024","7:00","41.067","shrub","high_gate","winter","high"
"10219","10/22/2024","13:00","52.225","shrub","high_gate","winter","high"
"10317","10/22/2024","19:00","46.548","shrub","high_gate","winter","high"
"10417","10/23/2024","1:00","39.384","shrub","high_gate","winter","high"
"10517","10/23/2024","7:00","38.25","shrub","high_gate","winter","high"
"10617","10/23/2024","13:00","49.759","shrub","high_gate","winter","high"
"10717","10/23/2024","19:00","47.624","shrub","high_gate","winter","high"
"10817","10/24/2024","1:00","44.195","shrub","high_gate","winter","high"
"10917","10/24/2024","7:00","39.384","shrub","high_gate","winter","high"
"11017","10/24/2024","13:00","47.446","shrub","high_gate","winter","high"
"11121","10/24/2024","19:00","43.282","shrub","high_gate","winter","high"
"11219","10/25/2024","1:00","40.509","shrub","high_gate","winter","high"
"11317","10/25/2024","7:00","37.107","shrub","high_gate","winter","high"
"11417","10/25/2024","13:00","48.695","shrub","high_gate","winter","high"
"11517","10/25/2024","19:00","44.56","shrub","high_gate","winter","high"
"11617","10/26/2024","1:00","41.625","shrub","high_gate","winter","high"
"11717","10/26/2024","7:00","37.297","shrub","high_gate","winter","high"
"11817","10/26/2024","13:00","50.995","shrub","high_gate","winter","high"
"11917","10/26/2024","19:00","46.188","shrub","high_gate","winter","high"
"12017","10/27/2024","1:00","40.134","shrub","high_gate","winter","high"
"12121","10/27/2024","7:00","39.196","shrub","high_gate","winter","high"
"12219","10/27/2024","13:00","50.819","shrub","high_gate","winter","high"
"12317","10/27/2024","19:00","47.088","shrub","high_gate","winter","high"
"12417","10/28/2024","1:00","39.573","shrub","high_gate","winter","high"
"12517","10/28/2024","7:00","36.723","shrub","high_gate","winter","high"
"12617","10/28/2024","13:00","41.994","shrub","high_gate","winter","high"
"12717","10/28/2024","19:00","41.439","shrub","high_gate","winter","high"
"12817","10/29/2024","1:00","38.44","shrub","high_gate","winter","high"
"12917","10/29/2024","7:00","36.338","shrub","high_gate","winter","high"
"13017","10/29/2024","13:00","41.067","shrub","high_gate","winter","high"
"13121","10/29/2024","19:00","38.061","shrub","high_gate","winter","high"
"13219","10/30/2024","1:00","35.175","shrub","high_gate","winter","high"
"13317","10/30/2024","7:00","34.002","shrub","high_gate","winter","high"
"13417","10/30/2024","13:00","42.732","shrub","high_gate","winter","high"
"13517","10/30/2024","19:00","38.061","shrub","high_gate","winter","high"
"13617","10/31/2024","1:00","32.617","shrub","high_gate","winter","high"
"13717","10/31/2024","7:00","32.018","shrub","high_gate","winter","high"
"13817","10/31/2024","13:00","33.213","shrub","high_gate","winter","high"
"13917","10/31/2024","19:00","34.981","shrub","high_gate","winter","high"
"14017","11/1/2024","1:00","35.564","shrub","high_gate","winter","high"
"14121","11/1/2024","7:00","35.37","shrub","high_gate","winter","high"
"14219","11/1/2024","13:00","34.981","shrub","high_gate","winter","high"
"14317","11/1/2024","19:00","35.37","shrub","high_gate","winter","high"
"14417","11/2/2024","1:00","34.59","shrub","high_gate","winter","high"
"14517","11/2/2024","7:00","34.002","shrub","high_gate","winter","high"
"14617","11/2/2024","13:00","34.198","shrub","high_gate","winter","high"
"14717","11/2/2024","19:00","34.59","shrub","high_gate","winter","high"
"14817","11/3/2024","1:00","34.786","shrub","high_gate","winter","high"
"14917","11/3/2024","7:00","34.981","shrub","high_gate","winter","high"
"15017","11/3/2024","13:00","34.786","shrub","high_gate","winter","high"
"15121","11/3/2024","19:00","34.786","shrub","high_gate","winter","high"
"15219","11/4/2024","1:00","34.002","shrub","high_gate","winter","high"
"15317","11/4/2024","7:00","33.411","shrub","high_gate","winter","high"
"15417","11/4/2024","13:00","33.213","shrub","high_gate","winter","high"
"15517","11/4/2024","19:00","33.411","shrub","high_gate","winter","high"
"15617","11/5/2024","1:00","33.805","shrub","high_gate","winter","high"
"15717","11/5/2024","7:00","33.607","shrub","high_gate","winter","high"
"15817","11/5/2024","13:00","33.411","shrub","high_gate","winter","high"
"15917","11/5/2024","19:00","33.213","shrub","high_gate","winter","high"
"16017","11/6/2024","1:00","32.418","shrub","high_gate","winter","high"
"16121","11/6/2024","7:00","31.617","shrub","high_gate","winter","high"
"16219","11/6/2024","13:00","31.816","shrub","high_gate","winter","high"
"16317","11/6/2024","19:00","32.218","shrub","high_gate","winter","high"
"16417","11/7/2024","1:00","31.213","shrub","high_gate","winter","high"
"16517","11/7/2024","7:00","30.403","shrub","high_gate","winter","high"
"16617","11/7/2024","13:00","31.617","shrub","high_gate","winter","high"
"16717","11/7/2024","19:00","32.218","shrub","high_gate","winter","high"
"16817","11/8/2024","1:00","31.213","shrub","high_gate","winter","high"
"16917","11/8/2024","7:00","30.808","shrub","high_gate","winter","high"
"17017","11/8/2024","13:00","31.816","shrub","high_gate","winter","high"
"17121","11/8/2024","19:00","32.418","shrub","high_gate","winter","high"
"17219","11/9/2024","1:00","32.418","shrub","high_gate","winter","high"
"17317","11/9/2024","7:00","32.018","shrub","high_gate","winter","high"
"17417","11/9/2024","13:00","32.218","shrub","high_gate","winter","high"
"17517","11/9/2024","19:00","32.418","shrub","high_gate","winter","high"
"17617","11/10/2024","1:00","32.617","shrub","high_gate","winter","high"
"17717","11/10/2024","7:00","32.218","shrub","high_gate","winter","high"
"17817","11/10/2024","13:00","32.418","shrub","high_gate","winter","high"
"17917","11/10/2024","19:00","32.617","shrub","high_gate","winter","high"
"18017","11/11/2024","1:00","32.815","shrub","high_gate","winter","high"
"18121","11/11/2024","7:00","32.815","shrub","high_gate","winter","high"
"18219","11/11/2024","13:00","33.607","shrub","high_gate","winter","high"
"18317","11/11/2024","19:00","36.145","shrub","high_gate","winter","high"
"18417","11/12/2024","1:00","35.175","shrub","high_gate","winter","high"
"18517","11/12/2024","7:00","34.786","shrub","high_gate","winter","high"
"18617","11/12/2024","13:00","35.37","shrub","high_gate","winter","high"
"18717","11/12/2024","19:00","34.59","shrub","high_gate","winter","high"
"18817","11/13/2024","1:00","32.815","shrub","high_gate","winter","high"
"18917","11/13/2024","7:00","31.213","shrub","high_gate","winter","high"
"19017","11/13/2024","13:00","32.418","shrub","high_gate","winter","high"
"19121","11/13/2024","19:00","32.815","shrub","high_gate","winter","high"
"19219","11/14/2024","1:00","32.218","shrub","high_gate","winter","high"
"19317","11/14/2024","7:00","30.403","shrub","high_gate","winter","high"
"19417","11/14/2024","13:00","32.218","shrub","high_gate","winter","high"
"19517","11/14/2024","19:00","32.617","shrub","high_gate","winter","high"
"19617","11/15/2024","1:00","32.018","shrub","high_gate","winter","high"
"19717","11/15/2024","7:00","30.607","shrub","high_gate","winter","high"
"19817","11/15/2024","13:00","32.218","shrub","high_gate","winter","high"
"19917","11/15/2024","19:00","32.418","shrub","high_gate","winter","high"
"20017","11/16/2024","1:00","32.418","shrub","high_gate","winter","high"
"20121","11/16/2024","7:00","32.218","shrub","high_gate","winter","high"
"20219","11/16/2024","13:00","32.418","shrub","high_gate","winter","high"
"20317","11/16/2024","19:00","32.418","shrub","high_gate","winter","high"
"20417","11/17/2024","1:00","32.418","shrub","high_gate","winter","high"
"20517","11/17/2024","7:00","32.218","shrub","high_gate","winter","high"
"20617","11/17/2024","13:00","32.418","shrub","high_gate","winter","high"
"20717","11/17/2024","19:00","32.418","shrub","high_gate","winter","high"
"20817","11/18/2024","1:00","32.418","shrub","high_gate","winter","high"
"20917","11/18/2024","7:00","32.418","shrub","high_gate","winter","high"
"21021","11/18/2024","13:00","32.617","shrub","high_gate","winter","high"
"21121","11/18/2024","19:00","32.617","shrub","high_gate","winter","high"
"21220","11/19/2024","1:00","32.617","shrub","high_gate","winter","high"
"21318","11/19/2024","7:00","32.617","shrub","high_gate","winter","high"
"21418","11/19/2024","13:00","32.617","shrub","high_gate","winter","high"
"21517","11/19/2024","19:00","32.617","shrub","high_gate","winter","high"
"21617","11/20/2024","1:00","32.418","shrub","high_gate","winter","high"
"21717","11/20/2024","7:00","32.418","shrub","high_gate","winter","high"
"21817","11/20/2024","13:00","32.218","shrub","high_gate","winter","high"
"21917","11/20/2024","19:00","32.418","shrub","high_gate","winter","high"
"22017","11/21/2024","1:00","32.418","shrub","high_gate","winter","high"
"22121","11/21/2024","7:00","32.418","shrub","high_gate","winter","high"
"22219","11/21/2024","13:00","32.418","shrub","high_gate","winter","high"
"22317","11/21/2024","19:00","32.418","shrub","high_gate","winter","high"
"22417","11/22/2024","1:00","32.617","shrub","high_gate","winter","high"
"22517","11/22/2024","7:00","32.617","shrub","high_gate","winter","high"
"22617","11/22/2024","13:00","32.617","shrub","high_gate","winter","high"
"22717","11/22/2024","19:00","32.617","shrub","high_gate","winter","high"
"22817","11/23/2024","1:00","32.617","shrub","high_gate","winter","high"
"22917","11/23/2024","7:00","32.815","shrub","high_gate","winter","high"
"23017","11/23/2024","13:00","32.815","shrub","high_gate","winter","high"
"23121","11/23/2024","19:00","33.013","shrub","high_gate","winter","high"
"23219","11/24/2024","1:00","33.013","shrub","high_gate","winter","high"
"23317","11/24/2024","7:00","33.213","shrub","high_gate","winter","high"
"23417","11/24/2024","13:00","33.213","shrub","high_gate","winter","high"
"23517","11/24/2024","19:00","33.213","shrub","high_gate","winter","high"
"23617","11/25/2024","1:00","33.013","shrub","high_gate","winter","high"
"23717","11/25/2024","7:00","32.815","shrub","high_gate","winter","high"
"23817","11/25/2024","13:00","32.617","shrub","high_gate","winter","high"
"23917","11/25/2024","19:00","32.617","shrub","high_gate","winter","high"
"24017","11/26/2024","1:00","32.617","shrub","high_gate","winter","high"
"24121","11/26/2024","7:00","32.218","shrub","high_gate","winter","high"
"24219","11/26/2024","13:00","32.418","shrub","high_gate","winter","high"
"24317","11/26/2024","19:00","32.418","shrub","high_gate","winter","high"
"24417","11/27/2024","1:00","32.018","shrub","high_gate","winter","high"
"24517","11/27/2024","7:00","31.213","shrub","high_gate","winter","high"
"24617","11/27/2024","13:00","31.816","shrub","high_gate","winter","high"
"24717","11/27/2024","19:00","32.018","shrub","high_gate","winter","high"
"24817","11/28/2024","1:00","31.816","shrub","high_gate","winter","high"
"24917","11/28/2024","7:00","31.816","shrub","high_gate","winter","high"
"25017","11/28/2024","13:00","31.816","shrub","high_gate","winter","high"
"25121","11/28/2024","19:00","31.617","shrub","high_gate","winter","high"
"25219","11/29/2024","1:00","31.617","shrub","high_gate","winter","high"
"25317","11/29/2024","7:00","31.415","shrub","high_gate","winter","high"
"25417","11/29/2024","13:00","31.617","shrub","high_gate","winter","high"
"25517","11/29/2024","19:00","31.816","shrub","high_gate","winter","high"
"25617","11/30/2024","1:00","31.415","shrub","high_gate","winter","high"
"25717","11/30/2024","7:00","31.213","shrub","high_gate","winter","high"
"25817","11/30/2024","13:00","31.617","shrub","high_gate","winter","high"
"25917","11/30/2024","19:00","31.816","shrub","high_gate","winter","high"
"26017","12/1/2024","1:00","30.808","shrub","high_gate","winter","high"
"26121","12/1/2024","7:00","30.198","shrub","high_gate","winter","high"
"26219","12/1/2024","13:00","30.808","shrub","high_gate","winter","high"
"26317","12/1/2024","19:00","31.415","shrub","high_gate","winter","high"
"26417","12/2/2024","1:00","30.198","shrub","high_gate","winter","high"
"26517","12/2/2024","7:00","29.379","shrub","high_gate","winter","high"
"26617","12/2/2024","13:00","30.808","shrub","high_gate","winter","high"
"26717","12/2/2024","19:00","32.218","shrub","high_gate","winter","high"
"26817","12/3/2024","1:00","32.018","shrub","high_gate","winter","high"
"26917","12/3/2024","7:00","29.995","shrub","high_gate","winter","high"
"27017","12/3/2024","13:00","31.617","shrub","high_gate","winter","high"
"27121","12/3/2024","19:00","32.418","shrub","high_gate","winter","high"
"27219","12/4/2024","1:00","32.418","shrub","high_gate","winter","high"
"27317","12/4/2024","7:00","31.415","shrub","high_gate","winter","high"
"27417","12/4/2024","13:00","31.816","shrub","high_gate","winter","high"
"27517","12/4/2024","19:00","32.218","shrub","high_gate","winter","high"
"27617","12/5/2024","1:00","31.213","shrub","high_gate","winter","high"
"27717","12/5/2024","7:00","29.174","shrub","high_gate","winter","high"
"27817","12/5/2024","13:00","31.617","shrub","high_gate","winter","high"
"27917","12/5/2024","19:00","32.018","shrub","high_gate","winter","high"
"28017","12/6/2024","1:00","29.995","shrub","high_gate","winter","high"
"28121","12/6/2024","7:00","28.139","shrub","high_gate","winter","high"
"28219","12/6/2024","13:00","31.415","shrub","high_gate","winter","high"
"28317","12/6/2024","19:00","32.018","shrub","high_gate","winter","high"
"28417","12/7/2024","1:00","29.174","shrub","high_gate","winter","high"
"28517","12/7/2024","7:00","28.139","shrub","high_gate","winter","high"
"28616","12/7/2024","13:00","31.012","shrub","high_gate","winter","high"
"28716","12/7/2024","19:00","32.018","shrub","high_gate","winter","high"
"28816","12/8/2024","1:00","31.012","shrub","high_gate","winter","high"
"28916","12/8/2024","7:00","28.762","shrub","high_gate","winter","high"
"29016","12/8/2024","13:00","31.012","shrub","high_gate","winter","high"
"29120","12/8/2024","19:00","29.174","shrub","high_gate","winter","high"
"29218","12/9/2024","1:00","26.245","shrub","high_gate","winter","high"
"29316","12/9/2024","7:00","25.39","shrub","high_gate","winter","high"
"29416","12/9/2024","13:00","29.379","shrub","high_gate","winter","high"
"29516","12/9/2024","19:00","28.762","shrub","high_gate","winter","high"
"29616","12/10/2024","1:00","23.655","shrub","high_gate","winter","high"
"29716","12/10/2024","7:00","20.757","shrub","high_gate","winter","high"
"29816","12/10/2024","13:00","25.174","shrub","high_gate","winter","high"
"29916","12/10/2024","19:00","23.655","shrub","high_gate","winter","high"
"30016","12/11/2024","1:00","22.995","shrub","high_gate","winter","high"
"30120","12/11/2024","7:00","23.436","shrub","high_gate","winter","high"
"30218","12/11/2024","13:00","26.245","shrub","high_gate","winter","high"
"30316","12/11/2024","19:00","25.39","shrub","high_gate","winter","high"
"30416","12/12/2024","1:00","24.093","shrub","high_gate","winter","high"
"30516","12/12/2024","7:00","24.31","shrub","high_gate","winter","high"
"30616","12/12/2024","13:00","28.139","shrub","high_gate","winter","high"
"30716","12/12/2024","19:00","27.721","shrub","high_gate","winter","high"
"30816","12/13/2024","1:00","25.174","shrub","high_gate","winter","high"
"30916","12/13/2024","7:00","22.107","shrub","high_gate","winter","high"
"31020","12/13/2024","13:00","26.668","shrub","high_gate","winter","high"
"31120","12/13/2024","19:00","27.091","shrub","high_gate","winter","high"
"31219","12/14/2024","1:00","27.302","shrub","high_gate","winter","high"
"31317","12/14/2024","7:00","27.511","shrub","high_gate","winter","high"
"31417","12/14/2024","13:00","28.762","shrub","high_gate","winter","high"
"31516","12/14/2024","19:00","29.379","shrub","high_gate","winter","high"
"31616","12/15/2024","1:00","29.379","shrub","high_gate","winter","high"
"31716","12/15/2024","7:00","29.586","shrub","high_gate","winter","high"
"31816","12/15/2024","13:00","29.586","shrub","high_gate","winter","high"
"31916","12/15/2024","19:00","29.79","shrub","high_gate","winter","high"
"32016","12/16/2024","1:00","28.762","shrub","high_gate","winter","high"
"32120","12/16/2024","7:00","28.139","shrub","high_gate","winter","high"
"32218","12/16/2024","13:00","28.555","shrub","high_gate","winter","high"
"32316","12/16/2024","19:00","28.969","shrub","high_gate","winter","high"
"32416","12/17/2024","1:00","29.379","shrub","high_gate","winter","high"
"32516","12/17/2024","7:00","29.586","shrub","high_gate","winter","high"
"32616","12/17/2024","13:00","29.586","shrub","high_gate","winter","high"
"32716","12/17/2024","19:00","29.995","shrub","high_gate","winter","high"
"32816","12/18/2024","1:00","29.995","shrub","high_gate","winter","high"
"32916","12/18/2024","7:00","30.198","shrub","high_gate","winter","high"
"33016","12/18/2024","13:00","30.403","shrub","high_gate","winter","high"
"33120","12/18/2024","19:00","30.607","shrub","high_gate","winter","high"
"33218","12/19/2024","1:00","29.995","shrub","high_gate","winter","high"
"33316","12/19/2024","7:00","29.174","shrub","high_gate","winter","high"
"33416","12/19/2024","13:00","29.174","shrub","high_gate","winter","high"
"33516","12/19/2024","19:00","29.995","shrub","high_gate","winter","high"
"33616","12/20/2024","1:00","29.79","shrub","high_gate","winter","high"
"33716","12/20/2024","7:00","29.79","shrub","high_gate","winter","high"
"33816","12/20/2024","13:00","29.995","shrub","high_gate","winter","high"
"33916","12/20/2024","19:00","30.607","shrub","high_gate","winter","high"
"34016","12/21/2024","1:00","30.403","shrub","high_gate","winter","high"
"34120","12/21/2024","7:00","30.403","shrub","high_gate","winter","high"
"34218","12/21/2024","13:00","30.607","shrub","high_gate","winter","high"
"34316","12/21/2024","19:00","31.415","shrub","high_gate","winter","high"
"34416","12/22/2024","1:00","31.617","shrub","high_gate","winter","high"
"34516","12/22/2024","7:00","31.213","shrub","high_gate","winter","high"
"34616","12/22/2024","13:00","31.012","shrub","high_gate","winter","high"
"34716","12/22/2024","19:00","31.415","shrub","high_gate","winter","high"
"34816","12/23/2024","1:00","31.213","shrub","high_gate","winter","high"
"34916","12/23/2024","7:00","31.213","shrub","high_gate","winter","high"
"35016","12/23/2024","13:00","31.415","shrub","high_gate","winter","high"
"35120","12/23/2024","19:00","31.617","shrub","high_gate","winter","high"
"35218","12/24/2024","1:00","31.617","shrub","high_gate","winter","high"
"35316","12/24/2024","7:00","31.617","shrub","high_gate","winter","high"
"35416","12/24/2024","13:00","31.415","shrub","high_gate","winter","high"
"35516","12/24/2024","19:00","31.617","shrub","high_gate","winter","high"
"35616","12/25/2024","1:00","31.415","shrub","high_gate","winter","high"
"35716","12/25/2024","7:00","31.617","shrub","high_gate","winter","high"
"35816","12/25/2024","13:00","31.617","shrub","high_gate","winter","high"
"35916","12/25/2024","19:00","31.617","shrub","high_gate","winter","high"
"36016","12/26/2024","1:00","31.617","shrub","high_gate","winter","high"
"36120","12/26/2024","7:00","31.213","shrub","high_gate","winter","high"
"36218","12/26/2024","13:00","31.415","shrub","high_gate","winter","high"
"36316","12/26/2024","19:00","31.415","shrub","high_gate","winter","high"
"36416","12/27/2024","1:00","31.617","shrub","high_gate","winter","high"
"36516","12/27/2024","7:00","31.617","shrub","high_gate","winter","high"
"36616","12/27/2024","13:00","31.415","shrub","high_gate","winter","high"
"36716","12/27/2024","19:00","31.415","shrub","high_gate","winter","high"
"36816","12/28/2024","1:00","31.617","shrub","high_gate","winter","high"
"36916","12/28/2024","7:00","31.617","shrub","high_gate","winter","high"
"37016","12/28/2024","13:00","31.617","shrub","high_gate","winter","high"
"37120","12/28/2024","19:00","31.816","shrub","high_gate","winter","high"
"37218","12/29/2024","1:00","31.816","shrub","high_gate","winter","high"
"37316","12/29/2024","7:00","31.816","shrub","high_gate","winter","high"
"37416","12/29/2024","13:00","31.816","shrub","high_gate","winter","high"
"37516","12/29/2024","19:00","31.816","shrub","high_gate","winter","high"
"37616","12/30/2024","1:00","32.018","shrub","high_gate","winter","high"
"37716","12/30/2024","7:00","32.018","shrub","high_gate","winter","high"
"37816","12/30/2024","13:00","31.816","shrub","high_gate","winter","high"
"37916","12/30/2024","19:00","31.816","shrub","high_gate","winter","high"
"38016","12/31/2024","1:00","31.816","shrub","high_gate","winter","high"
"38120","12/31/2024","7:00","31.816","shrub","high_gate","winter","high"
"38218","12/31/2024","13:00","31.816","shrub","high_gate","winter","high"
"38316","12/31/2024","19:00","31.816","shrub","high_gate","winter","high"
"38416","1/1/2025","1:00","31.415","shrub","high_gate","winter","high"
"38516","1/1/2025","7:00","31.415","shrub","high_gate","winter","high"
"38616","1/1/2025","13:00","31.415","shrub","high_gate","winter","high"
"38716","1/1/2025","19:00","31.415","shrub","high_gate","winter","high"
"38816","1/2/2025","1:00","31.617","shrub","high_gate","winter","high"
"38916","1/2/2025","7:00","31.617","shrub","high_gate","winter","high"
"39016","1/2/2025","13:00","31.617","shrub","high_gate","winter","high"
"39120","1/2/2025","19:00","31.816","shrub","high_gate","winter","high"
"39218","1/3/2025","1:00","31.816","shrub","high_gate","winter","high"
"39316","1/3/2025","7:00","31.816","shrub","high_gate","winter","high"
"39416","1/3/2025","13:00","31.816","shrub","high_gate","winter","high"
"39516","1/3/2025","19:00","32.018","shrub","high_gate","winter","high"
"39616","1/4/2025","1:00","32.018","shrub","high_gate","winter","high"
"39716","1/4/2025","7:00","32.018","shrub","high_gate","winter","high"
"39816","1/4/2025","13:00","32.018","shrub","high_gate","winter","high"
"39916","1/4/2025","19:00","32.218","shrub","high_gate","winter","high"
"40016","1/5/2025","1:00","32.218","shrub","high_gate","winter","high"
"40120","1/5/2025","7:00","32.218","shrub","high_gate","winter","high"
"40218","1/5/2025","13:00","32.218","shrub","high_gate","winter","high"
"40316","1/5/2025","19:00","32.018","shrub","high_gate","winter","high"
"40416","1/6/2025","1:00","32.018","shrub","high_gate","winter","high"
"40516","1/6/2025","7:00","32.018","shrub","high_gate","winter","high"
"40616","1/6/2025","13:00","32.018","shrub","high_gate","winter","high"
"40716","1/6/2025","19:00","32.018","shrub","high_gate","winter","high"
"40816","1/7/2025","1:00","32.018","shrub","high_gate","winter","high"
"40916","1/7/2025","7:00","32.018","shrub","high_gate","winter","high"
"41020","1/7/2025","13:00","32.018","shrub","high_gate","winter","high"
"41120","1/7/2025","19:00","32.018","shrub","high_gate","winter","high"
"41219","1/8/2025","1:00","32.018","shrub","high_gate","winter","high"
"41317","1/8/2025","7:00","31.816","shrub","high_gate","winter","high"
"41417","1/8/2025","13:00","31.816","shrub","high_gate","winter","high"
"41516","1/8/2025","19:00","31.816","shrub","high_gate","winter","high"
"41616","1/9/2025","1:00","31.816","shrub","high_gate","winter","high"
"41716","1/9/2025","7:00","31.816","shrub","high_gate","winter","high"
"41816","1/9/2025","13:00","31.816","shrub","high_gate","winter","high"
"41916","1/9/2025","19:00","31.816","shrub","high_gate","winter","high"
"42016","1/10/2025","1:00","31.816","shrub","high_gate","winter","high"
"42120","1/10/2025","7:00","31.816","shrub","high_gate","winter","high"
"42218","1/10/2025","13:00","31.816","shrub","high_gate","winter","high"
"42316","1/10/2025","19:00","31.816","shrub","high_gate","winter","high"
"42416","1/11/2025","1:00","31.816","shrub","high_gate","winter","high"
"42516","1/11/2025","7:00","31.816","shrub","high_gate","winter","high"
"42616","1/11/2025","13:00","31.816","shrub","high_gate","winter","high"
"42716","1/11/2025","19:00","31.816","shrub","high_gate","winter","high"
"42816","1/12/2025","1:00","31.816","shrub","high_gate","winter","high"
"42916","1/12/2025","7:00","31.816","shrub","high_gate","winter","high"
"43016","1/12/2025","13:00","31.816","shrub","high_gate","winter","high"
"43120","1/12/2025","19:00","31.816","shrub","high_gate","winter","high"
"43218","1/13/2025","1:00","31.816","shrub","high_gate","winter","high"
"43316","1/13/2025","7:00","31.816","shrub","high_gate","winter","high"
"43416","1/13/2025","13:00","31.816","shrub","high_gate","winter","high"
"43516","1/13/2025","19:00","31.816","shrub","high_gate","winter","high"
"43616","1/14/2025","1:00","32.018","shrub","high_gate","winter","high"
"43716","1/14/2025","7:00","32.018","shrub","high_gate","winter","high"
"43815","1/14/2025","13:00","31.816","shrub","high_gate","winter","high"
"43915","1/14/2025","19:00","32.018","shrub","high_gate","winter","high"
"44015","1/15/2025","1:00","32.018","shrub","high_gate","winter","high"
"44119","1/15/2025","7:00","32.018","shrub","high_gate","winter","high"
"44217","1/15/2025","13:00","32.018","shrub","high_gate","winter","high"
"44315","1/15/2025","19:00","32.018","shrub","high_gate","winter","high"
"44415","1/16/2025","1:00","32.018","shrub","high_gate","winter","high"
"44515","1/16/2025","7:00","32.018","shrub","high_gate","winter","high"
"44615","1/16/2025","13:00","32.018","shrub","high_gate","winter","high"
"44715","1/16/2025","19:00","31.816","shrub","high_gate","winter","high"
"44815","1/17/2025","1:00","32.018","shrub","high_gate","winter","high"
"44915","1/17/2025","7:00","32.018","shrub","high_gate","winter","high"
"45015","1/17/2025","13:00","32.018","shrub","high_gate","winter","high"
"45119","1/17/2025","19:00","32.018","shrub","high_gate","winter","high"
"45217","1/18/2025","1:00","32.018","shrub","high_gate","winter","high"
"45315","1/18/2025","7:00","32.018","shrub","high_gate","winter","high"
"45415","1/18/2025","13:00","31.816","shrub","high_gate","winter","high"
"45515","1/18/2025","19:00","31.816","shrub","high_gate","winter","high"
"45615","1/19/2025","1:00","31.617","shrub","high_gate","winter","high"
"45715","1/19/2025","7:00","31.617","shrub","high_gate","winter","high"
"45815","1/19/2025","13:00","31.617","shrub","high_gate","winter","high"
"45915","1/19/2025","19:00","31.415","shrub","high_gate","winter","high"
"46015","1/20/2025","1:00","31.617","shrub","high_gate","winter","high"
"46119","1/20/2025","7:00","31.415","shrub","high_gate","winter","high"
"46217","1/20/2025","13:00","31.213","shrub","high_gate","winter","high"
"46315","1/20/2025","19:00","31.012","shrub","high_gate","winter","high"
"46415","1/21/2025","1:00","31.012","shrub","high_gate","winter","high"
"46515","1/21/2025","7:00","30.808","shrub","high_gate","winter","high"
"46612","1/21/2025","13:00","30.808","shrub","high_gate","winter","high"
"46712","1/21/2025","19:00","30.808","shrub","high_gate","winter","high"
"46811","1/22/2025","1:00","30.808","shrub","high_gate","winter","high"
"46910","1/22/2025","7:00","30.808","shrub","high_gate","winter","high"
"47010","1/22/2025","13:00","30.607","shrub","high_gate","winter","high"
"47114","1/22/2025","19:00","30.808","shrub","high_gate","winter","high"
"47212","1/23/2025","1:00","30.808","shrub","high_gate","winter","high"
"47312","1/23/2025","7:00","30.808","shrub","high_gate","winter","high"
"47412","1/23/2025","13:00","30.607","shrub","high_gate","winter","high"
"47511","1/23/2025","19:00","30.607","shrub","high_gate","winter","high"
"47610","1/24/2025","1:00","30.607","shrub","high_gate","winter","high"
"47710","1/24/2025","7:00","30.607","shrub","high_gate","winter","high"
"47810","1/24/2025","13:00","30.607","shrub","high_gate","winter","high"
"47910","1/24/2025","19:00","30.607","shrub","high_gate","winter","high"
"48010","1/25/2025","1:00","30.808","shrub","high_gate","winter","high"
"48114","1/25/2025","7:00","30.607","shrub","high_gate","winter","high"
"48212","1/25/2025","13:00","30.403","shrub","high_gate","winter","high"
"48312","1/25/2025","19:00","30.198","shrub","high_gate","winter","high"
"48412","1/26/2025","1:00","30.198","shrub","high_gate","winter","high"
"48511","1/26/2025","7:00","30.198","shrub","high_gate","winter","high"
"48610","1/26/2025","13:00","29.995","shrub","high_gate","winter","high"
"48710","1/26/2025","19:00","29.995","shrub","high_gate","winter","high"
"48810","1/27/2025","1:00","29.995","shrub","high_gate","winter","high"
"48910","1/27/2025","7:00","29.995","shrub","high_gate","winter","high"
"49010","1/27/2025","13:00","29.995","shrub","high_gate","winter","high"
"49114","1/27/2025","19:00","29.995","shrub","high_gate","winter","high"
"49212","1/28/2025","1:00","29.995","shrub","high_gate","winter","high"
"49312","1/28/2025","7:00","29.995","shrub","high_gate","winter","high"
"49412","1/28/2025","13:00","29.995","shrub","high_gate","winter","high"
"49511","1/28/2025","19:00","29.995","shrub","high_gate","winter","high"
"49610","1/29/2025","1:00","30.198","shrub","high_gate","winter","high"
"49710","1/29/2025","7:00","30.198","shrub","high_gate","winter","high"
"49810","1/29/2025","13:00","29.995","shrub","high_gate","winter","high"
"49910","1/29/2025","19:00","29.995","shrub","high_gate","winter","high"
"50010","1/30/2025","1:00","30.198","shrub","high_gate","winter","high"
"50114","1/30/2025","7:00","30.198","shrub","high_gate","winter","high"
"50212","1/30/2025","13:00","29.995","shrub","high_gate","winter","high"
"50312","1/30/2025","19:00","29.995","shrub","high_gate","winter","high"
"50412","1/31/2025","1:00","29.995","shrub","high_gate","winter","high"
"50511","1/31/2025","7:00","29.995","shrub","high_gate","winter","high"
"50610","1/31/2025","13:00","29.995","shrub","high_gate","winter","high"
"50710","1/31/2025","19:00","29.995","shrub","high_gate","winter","high"
"50810","2/1/2025","1:00","30.198","shrub","high_gate","winter","high"
"50910","2/1/2025","7:00","30.198","shrub","high_gate","winter","high"
"51014","2/1/2025","13:00","30.403","shrub","high_gate","winter","high"
"51114","2/1/2025","19:00","30.607","shrub","high_gate","winter","high"
"51213","2/2/2025","1:00","30.808","shrub","high_gate","winter","high"
"51312","2/2/2025","7:00","30.808","shrub","high_gate","winter","high"
"51412","2/2/2025","13:00","31.012","shrub","high_gate","winter","high"
"51512","2/2/2025","19:00","31.012","shrub","high_gate","winter","high"
"51612","2/3/2025","1:00","31.213","shrub","high_gate","winter","high"
"51712","2/3/2025","7:00","31.213","shrub","high_gate","winter","high"
"51811","2/3/2025","13:00","31.415","shrub","high_gate","winter","high"
"51910","2/3/2025","19:00","31.415","shrub","high_gate","winter","high"
"52010","2/4/2025","1:00","31.617","shrub","high_gate","winter","high"
"52114","2/4/2025","7:00","31.617","shrub","high_gate","winter","high"
"52212","2/4/2025","13:00","31.617","shrub","high_gate","winter","high"
"52312","2/4/2025","19:00","31.816","shrub","high_gate","winter","high"
"52412","2/5/2025","1:00","31.816","shrub","high_gate","winter","high"
"52511","2/5/2025","7:00","31.816","shrub","high_gate","winter","high"
"52610","2/5/2025","13:00","31.816","shrub","high_gate","winter","high"
"52710","2/5/2025","19:00","31.816","shrub","high_gate","winter","high"
"52810","2/6/2025","1:00","31.816","shrub","high_gate","winter","high"
"52910","2/6/2025","7:00","31.816","shrub","high_gate","winter","high"
"53010","2/6/2025","13:00","31.816","shrub","high_gate","winter","high"
"53114","2/6/2025","19:00","31.617","shrub","high_gate","winter","high"
"53212","2/7/2025","1:00","31.617","shrub","high_gate","winter","high"
"53312","2/7/2025","7:00","31.617","shrub","high_gate","winter","high"
"53412","2/7/2025","13:00","31.415","shrub","high_gate","winter","high"
"53511","2/7/2025","19:00","31.415","shrub","high_gate","winter","high"
"53610","2/8/2025","1:00","31.415","shrub","high_gate","winter","high"
"53710","2/8/2025","7:00","31.415","shrub","high_gate","winter","high"
"53810","2/8/2025","13:00","31.415","shrub","high_gate","winter","high"
"53910","2/8/2025","19:00","31.415","shrub","high_gate","winter","high"
"54010","2/9/2025","1:00","31.213","shrub","high_gate","winter","high"
"54114","2/9/2025","7:00","31.213","shrub","high_gate","winter","high"
"54212","2/9/2025","13:00","31.012","shrub","high_gate","winter","high"
"54312","2/9/2025","19:00","31.012","shrub","high_gate","winter","high"
"54412","2/10/2025","1:00","30.808","shrub","high_gate","winter","high"
"54511","2/10/2025","7:00","30.808","shrub","high_gate","winter","high"
"54610","2/10/2025","13:00","30.607","shrub","high_gate","winter","high"
"54710","2/10/2025","19:00","30.607","shrub","high_gate","winter","high"
"54810","2/11/2025","1:00","30.607","shrub","high_gate","winter","high"
"54910","2/11/2025","7:00","30.607","shrub","high_gate","winter","high"
"55010","2/11/2025","13:00","30.607","shrub","high_gate","winter","high"
"55114","2/11/2025","19:00","30.607","shrub","high_gate","winter","high"
"55212","2/12/2025","1:00","30.607","shrub","high_gate","winter","high"
"55312","2/12/2025","7:00","30.403","shrub","high_gate","winter","high"
"55412","2/12/2025","13:00","30.198","shrub","high_gate","winter","high"
"55511","2/12/2025","19:00","29.995","shrub","high_gate","winter","high"
"55610","2/13/2025","1:00","29.79","shrub","high_gate","winter","high"
"55710","2/13/2025","7:00","29.79","shrub","high_gate","winter","high"
"55810","2/13/2025","13:00","29.379","shrub","high_gate","winter","high"
"55910","2/13/2025","19:00","29.174","shrub","high_gate","winter","high"
"56010","2/14/2025","1:00","29.174","shrub","high_gate","winter","high"
"56114","2/14/2025","7:00","29.379","shrub","high_gate","winter","high"
"56212","2/14/2025","13:00","29.379","shrub","high_gate","winter","high"
"56312","2/14/2025","19:00","29.586","shrub","high_gate","winter","high"
"56411","2/15/2025","1:00","29.79","shrub","high_gate","winter","high"
"56510","2/15/2025","7:00","29.995","shrub","high_gate","winter","high"
"5669","2/15/2025","13:00","30.198","shrub","high_gate","winter","high"
"5678","2/15/2025","19:00","30.198","shrub","high_gate","winter","high"
"5688","2/16/2025","1:00","30.403","shrub","high_gate","winter","high"
"5698","2/16/2025","7:00","30.607","shrub","high_gate","winter","high"
"5708","2/16/2025","13:00","30.607","shrub","high_gate","winter","high"
"57112","2/16/2025","19:00","30.607","shrub","high_gate","winter","high"
"57210","2/17/2025","1:00","30.808","shrub","high_gate","winter","high"
"57310","2/17/2025","7:00","30.808","shrub","high_gate","winter","high"
"57410","2/17/2025","13:00","30.808","shrub","high_gate","winter","high"
"57510","2/17/2025","19:00","31.012","shrub","high_gate","winter","high"
"5768","2/18/2025","1:00","31.012","shrub","high_gate","winter","high"
"5778","2/18/2025","7:00","31.213","shrub","high_gate","winter","high"
"5788","2/18/2025","13:00","31.213","shrub","high_gate","winter","high"
"5798","2/18/2025","19:00","31.213","shrub","high_gate","winter","high"
"5808","2/19/2025","1:00","31.213","shrub","high_gate","winter","high"
"58112","2/19/2025","7:00","31.415","shrub","high_gate","winter","high"
"58210","2/19/2025","13:00","31.415","shrub","high_gate","winter","high"
"58310","2/19/2025","19:00","31.415","shrub","high_gate","winter","high"
"58410","2/20/2025","1:00","31.415","shrub","high_gate","winter","high"
"58510","2/20/2025","7:00","31.415","shrub","high_gate","winter","high"
"5868","2/20/2025","13:00","31.415","shrub","high_gate","winter","high"
"5878","2/20/2025","19:00","31.617","shrub","high_gate","winter","high"
"5888","2/21/2025","1:00","31.617","shrub","high_gate","winter","high"
"5898","2/21/2025","7:00","31.617","shrub","high_gate","winter","high"
"5908","2/21/2025","13:00","31.617","shrub","high_gate","winter","high"
"59112","2/21/2025","19:00","31.617","shrub","high_gate","winter","high"
"59210","2/22/2025","1:00","31.617","shrub","high_gate","winter","high"
"59310","2/22/2025","7:00","31.617","shrub","high_gate","winter","high"
"59410","2/22/2025","13:00","31.617","shrub","high_gate","winter","high"
"59510","2/22/2025","19:00","31.617","shrub","high_gate","winter","high"
"5968","2/23/2025","1:00","31.617","shrub","high_gate","winter","high"
"5978","2/23/2025","7:00","31.617","shrub","high_gate","winter","high"
"5988","2/23/2025","13:00","31.617","shrub","high_gate","winter","high"
"5998","2/23/2025","19:00","31.617","shrub","high_gate","winter","high"
"6008","2/24/2025","1:00","31.617","shrub","high_gate","winter","high"
"60112","2/24/2025","7:00","31.617","shrub","high_gate","winter","high"
"60210","2/24/2025","13:00","31.816","shrub","high_gate","winter","high"
"60310","2/24/2025","19:00","31.816","shrub","high_gate","winter","high"
"60410","2/25/2025","1:00","31.816","shrub","high_gate","winter","high"
"60510","2/25/2025","7:00","31.816","shrub","high_gate","winter","high"
"6068","2/25/2025","13:00","32.018","shrub","high_gate","winter","high"
"6078","2/25/2025","19:00","32.018","shrub","high_gate","winter","high"
"6088","2/26/2025","1:00","32.018","shrub","high_gate","winter","high"
"6098","2/26/2025","7:00","32.018","shrub","high_gate","winter","high"
"61010","2/26/2025","13:00","32.018","shrub","high_gate","winter","high"
"61112","2/26/2025","19:00","32.018","shrub","high_gate","winter","high"
"61210","2/27/2025","1:00","32.018","shrub","high_gate","winter","high"
"61310","2/27/2025","7:00","32.018","shrub","high_gate","winter","high"
"61410","2/27/2025","13:00","32.018","shrub","high_gate","winter","high"
"61510","2/27/2025","19:00","32.018","shrub","high_gate","winter","high"
"61610","2/28/2025","1:00","32.018","shrub","high_gate","winter","high"
"6178","2/28/2025","7:00","32.018","shrub","high_gate","winter","high"
"6188","2/28/2025","13:00","32.018","shrub","high_gate","winter","high"
"6198","2/28/2025","19:00","32.018","shrub","high_gate","winter","high"
"6208","3/1/2025","1:00","32.018","shrub","high_gate","winter","high"
"62112","3/1/2025","7:00","32.018","shrub","high_gate","winter","high"
"62210","3/1/2025","13:00","32.018","shrub","high_gate","winter","high"
"62310","3/1/2025","19:00","32.218","shrub","high_gate","winter","high"
"62410","3/2/2025","1:00","32.218","shrub","high_gate","winter","high"
"62510","3/2/2025","7:00","32.218","shrub","high_gate","winter","high"
"6268","3/2/2025","13:00","32.218","shrub","high_gate","winter","high"
"6278","3/2/2025","19:00","32.218","shrub","high_gate","winter","high"
"6288","3/3/2025","1:00","32.218","shrub","high_gate","winter","high"
"6298","3/3/2025","7:00","32.218","shrub","high_gate","winter","high"
"6308","3/3/2025","13:00","32.218","shrub","high_gate","winter","high"
"63112","3/3/2025","19:00","32.218","shrub","high_gate","winter","high"
"63210","3/4/2025","1:00","32.418","shrub","high_gate","winter","high"
"63310","3/4/2025","7:00","32.418","shrub","high_gate","winter","high"
"63410","3/4/2025","13:00","32.418","shrub","high_gate","winter","high"
"6356","3/4/2025","19:00","32.418","shrub","high_gate","winter","high"
"6364","3/5/2025","1:00","32.418","shrub","high_gate","winter","high"
"6374","3/5/2025","7:00","32.418","shrub","high_gate","winter","high"
"6384","3/5/2025","13:00","32.418","shrub","high_gate","winter","high"
"6392","3/5/2025","19:00","32.418","shrub","high_gate","winter","high"
"6402","3/6/2025","1:00","32.418","shrub","high_gate","winter","high"
"64110","3/6/2025","7:00","32.418","shrub","high_gate","winter","high"
"6424","3/6/2025","13:00","32.418","shrub","high_gate","winter","high"
"6432","3/6/2025","19:00","32.418","shrub","high_gate","winter","high"
"6442","3/7/2025","1:00","32.418","shrub","high_gate","winter","high"
"6452","3/7/2025","7:00","32.418","shrub","high_gate","winter","high"
"6462","3/7/2025","13:00","32.418","shrub","high_gate","winter","high"
"6472","3/7/2025","19:00","32.418","shrub","high_gate","winter","high"
"6482","3/8/2025","1:00","32.418","shrub","high_gate","winter","high"
"6491","3/8/2025","7:00","32.418","shrub","high_gate","winter","high"
"6501","3/8/2025","13:00","32.418","shrub","high_gate","winter","high"
"65110","3/8/2025","19:00","32.418","shrub","high_gate","winter","high"
"6524","3/9/2025","1:00","32.418","shrub","high_gate","winter","high"
"6532","3/9/2025","7:00","32.418","shrub","high_gate","winter","high"
"6542","3/9/2025","13:00","32.418","shrub","high_gate","winter","high"
"6552","3/9/2025","19:00","32.418","shrub","high_gate","winter","high"
"6561","3/10/2025","1:00","32.418","shrub","high_gate","winter","high"
"6571","3/10/2025","7:00","32.418","shrub","high_gate","winter","high"
"6581","3/10/2025","13:00","32.418","shrub","high_gate","winter","high"
"6591","3/10/2025","19:00","32.418","shrub","high_gate","winter","high"
"6601","3/11/2025","1:00","32.418","shrub","high_gate","winter","high"
"66110","3/11/2025","7:00","32.418","shrub","high_gate","winter","high"
"6624","3/11/2025","13:00","32.418","shrub","high_gate","winter","high"
"6632","3/11/2025","19:00","32.418","shrub","high_gate","winter","high"
"6642","3/12/2025","1:00","32.418","shrub","high_gate","winter","high"
"6652","3/12/2025","7:00","32.418","shrub","high_gate","winter","high"
"6661","3/12/2025","13:00","32.418","shrub","high_gate","winter","high"
"6671","3/12/2025","19:00","32.418","shrub","high_gate","winter","high"
"6681","3/13/2025","1:00","32.418","shrub","high_gate","winter","high"
"6691","3/13/2025","7:00","32.418","shrub","high_gate","winter","high"
"6701","3/13/2025","13:00","32.418","shrub","high_gate","winter","high"
"67110","3/13/2025","19:00","32.418","shrub","high_gate","winter","high"
"6721","3/14/2025","1:00","32.418","shrub","high_gate","winter","high"
"6731","3/14/2025","7:00","32.418","shrub","high_gate","winter","high"
"6741","3/14/2025","13:00","32.418","shrub","high_gate","winter","high"
"6751","3/14/2025","19:00","32.418","shrub","high_gate","winter","high"
"6761","3/15/2025","1:00","32.418","shrub","high_gate","winter","high"
"6771","3/15/2025","7:00","32.418","shrub","high_gate","winter","high"
"6781","3/15/2025","13:00","32.418","shrub","high_gate","winter","high"
"6791","3/15/2025","19:00","32.418","shrub","high_gate","winter","high"
"6801","3/16/2025","1:00","32.418","shrub","high_gate","winter","high"
"6818","3/16/2025","7:00","32.418","shrub","high_gate","winter","high"
"6821","3/16/2025","13:00","32.418","shrub","high_gate","winter","high"
"6831","3/16/2025","19:00","32.418","shrub","high_gate","winter","high"
"6841","3/17/2025","1:00","32.418","shrub","high_gate","winter","high"
"6851","3/17/2025","7:00","32.418","shrub","high_gate","winter","high"
"6861","3/17/2025","13:00","32.418","shrub","high_gate","winter","high"
"6871","3/17/2025","19:00","32.418","shrub","high_gate","winter","high"
"6881","3/18/2025","1:00","32.418","shrub","high_gate","winter","high"
"6891","3/18/2025","7:00","32.418","shrub","high_gate","winter","high"
"6901","3/18/2025","13:00","32.418","shrub","high_gate","winter","high"
"6918","3/18/2025","19:00","32.418","shrub","high_gate","winter","high"
"6921","3/19/2025","1:00","32.418","shrub","high_gate","winter","high"
"6931","3/19/2025","7:00","32.218","shrub","high_gate","winter","high"
"6941","3/19/2025","13:00","32.018","shrub","high_gate","winter","high"
"6951","3/19/2025","19:00","32.218","shrub","high_gate","winter","high"
"6961","3/20/2025","1:00","32.018","shrub","high_gate","winter","high"
"6971","3/20/2025","7:00","32.018","shrub","high_gate","winter","high"
"6981","3/20/2025","13:00","32.218","shrub","high_gate","winter","high"
"6991","3/20/2025","19:00","32.218","shrub","high_gate","winter","high"
"700","3/21/2025","1:00","32.218","shrub","high_gate","winter","high"
"7018","3/21/2025","7:00","32.218","shrub","high_gate","winter","high"
"7021","3/21/2025","13:00","32.018","shrub","high_gate","winter","high"
"7031","3/21/2025","19:00","32.218","shrub","high_gate","winter","high"
"7041","3/22/2025","1:00","32.218","shrub","high_gate","winter","high"
"7051","3/22/2025","7:00","32.218","shrub","high_gate","winter","high"
"7061","3/22/2025","13:00","32.218","shrub","high_gate","winter","high"
"7071","3/22/2025","19:00","32.218","shrub","high_gate","winter","high"
"7081","3/23/2025","1:00","32.218","shrub","high_gate","winter","high"
"7091","3/23/2025","7:00","32.218","shrub","high_gate","winter","high"
"7102","3/23/2025","13:00","32.218","shrub","high_gate","winter","high"
"71110","3/23/2025","19:00","32.218","shrub","high_gate","winter","high"
"7122","3/24/2025","1:00","32.218","shrub","high_gate","winter","high"
"7131","3/24/2025","7:00","32.218","shrub","high_gate","winter","high"
"7141","3/24/2025","13:00","32.418","shrub","high_gate","winter","high"
"7151","3/24/2025","19:00","32.418","shrub","high_gate","winter","high"
"7161","3/25/2025","1:00","32.418","shrub","high_gate","winter","high"
"7171","3/25/2025","7:00","32.418","shrub","high_gate","winter","high"
"7181","3/25/2025","13:00","32.418","shrub","high_gate","winter","high"
"7191","3/25/2025","19:00","32.418","shrub","high_gate","winter","high"
"7201","3/26/2025","1:00","32.418","shrub","high_gate","winter","high"
"72110","3/26/2025","7:00","32.418","shrub","high_gate","winter","high"
"7221","3/26/2025","13:00","32.418","shrub","high_gate","winter","high"
"7231","3/26/2025","19:00","32.418","shrub","high_gate","winter","high"
"7241","3/27/2025","1:00","32.418","shrub","high_gate","winter","high"
"7251","3/27/2025","7:00","32.418","shrub","high_gate","winter","high"
"7261","3/27/2025","13:00","32.418","shrub","high_gate","winter","high"
"7271","3/27/2025","19:00","32.418","shrub","high_gate","winter","high"
"7281","3/28/2025","1:00","32.418","shrub","high_gate","winter","high"
"7291","3/28/2025","7:00","32.418","shrub","high_gate","winter","high"
"7301","3/28/2025","13:00","32.418","shrub","high_gate","winter","high"
"7318","3/28/2025","19:00","34.002","shrub","high_gate","winter","high"
"7321","3/29/2025","1:00","32.418","shrub","high_gate","winter","high"
"7331","3/29/2025","7:00","32.418","shrub","high_gate","winter","high"
"7341","3/29/2025","13:00","32.418","shrub","high_gate","winter","high"
"7351","3/29/2025","19:00","36.338","shrub","high_gate","winter","high"
"7361","3/30/2025","1:00","32.815","shrub","high_gate","winter","high"
"7371","3/30/2025","7:00","32.617","shrub","high_gate","winter","high"
"7381","3/30/2025","13:00","32.815","shrub","high_gate","winter","high"
"7391","3/30/2025","19:00","41.81","shrub","high_gate","winter","high"
"7401","3/31/2025","1:00","33.805","shrub","high_gate","winter","high"
"7418","3/31/2025","7:00","33.411","shrub","high_gate","winter","high"
"7421","3/31/2025","13:00","38.25","shrub","high_gate","winter","high"
"7431","3/31/2025","19:00","39.007","shrub","high_gate","winter","high"
"7441","4/1/2025","1:00","34.394","shrub","high_gate","winter","high"
"7451","4/1/2025","7:00","33.213","shrub","high_gate","winter","high"
"7461","4/1/2025","13:00","40.696","shrub","high_gate","winter","high"
"7471","4/1/2025","19:00","37.488","shrub","high_gate","winter","high"
"7481","4/2/2025","1:00","33.805","shrub","high_gate","winter","high"
"7491","4/2/2025","7:00","33.213","shrub","high_gate","winter","high"
"7501","4/2/2025","13:00","33.607","shrub","high_gate","winter","high"
"7518","4/2/2025","19:00","38.818","shrub","high_gate","winter","high"
"7521","4/3/2025","1:00","34.981","shrub","high_gate","winter","high"
"7531","4/3/2025","7:00","33.805","shrub","high_gate","winter","high"
"7541","4/3/2025","13:00","42.179","shrub","high_gate","winter","high"
"7551","4/3/2025","19:00","46.728","shrub","high_gate","winter","high"
"7561","4/4/2025","1:00","34.981","shrub","high_gate","winter","high"
"7571","4/4/2025","7:00","33.411","shrub","high_gate","winter","high"
"7581","4/4/2025","13:00","35.175","shrub","high_gate","winter","high"
"7591","4/4/2025","19:00","46.369","shrub","high_gate","winter","high"
"7601","4/5/2025","1:00","34.198","shrub","high_gate","winter","high"
"7618","4/5/2025","7:00","32.815","shrub","high_gate","winter","high"
"7621","4/5/2025","13:00","32.815","shrub","high_gate","winter","high"
"7631","4/5/2025","19:00","49.404","shrub","high_gate","winter","high"
"7641","4/6/2025","1:00","35.175","shrub","high_gate","winter","high"
"7651","4/6/2025","7:00","33.411","shrub","high_gate","winter","high"
"7661","4/6/2025","13:00","46.728","shrub","high_gate","winter","high"
"7671","4/6/2025","19:00","53.623","shrub","high_gate","winter","high"
"7681","4/7/2025","1:00","36.914","shrub","high_gate","winter","high"
"7691","4/7/2025","7:00","34.394","shrub","high_gate","winter","high"
"7701","4/7/2025","13:00","47.088","shrub","high_gate","winter","high"
"7718","4/7/2025","19:00","45.466","shrub","high_gate","winter","high"
"7721","4/8/2025","1:00","41.994","shrub","high_gate","winter","high"
"7731","4/8/2025","7:00","40.696","shrub","high_gate","winter","high"
"7741","4/8/2025","13:00","47.446","shrub","high_gate","winter","high"
"7751","4/8/2025","19:00","45.828","shrub","high_gate","winter","high"
"7761","4/9/2025","1:00","37.297","shrub","high_gate","winter","high"
"7771","4/9/2025","7:00","34.981","shrub","high_gate","winter","high"
"7781","4/9/2025","13:00","51.523","shrub","high_gate","winter","high"
"7791","4/9/2025","19:00","52.05","shrub","high_gate","winter","high"
"7801","4/10/2025","1:00","38.818","shrub","high_gate","winter","high"
"7818","4/10/2025","7:00","35.564","shrub","high_gate","winter","high"
"7821","4/10/2025","13:00","54.669","shrub","high_gate","winter","high"
"7831","4/10/2025","19:00","56.75","shrub","high_gate","winter","high"
"7841","4/11/2025","1:00","42.915","shrub","high_gate","winter","high"
"7851","4/11/2025","7:00","39.196","shrub","high_gate","winter","high"
"7861","4/11/2025","13:00","54.495","shrub","high_gate","winter","high"
"7871","4/11/2025","19:00","49.937","shrub","high_gate","winter","high"
"7881","4/12/2025","1:00","44.742","shrub","high_gate","winter","high"
"7891","4/12/2025","7:00","42.363","shrub","high_gate","winter","high"
"7901","4/12/2025","13:00","56.577","shrub","high_gate","winter","high"
"7918","4/12/2025","19:00","52.401","shrub","high_gate","winter","high"
"7921","4/13/2025","1:00","39.007","shrub","high_gate","winter","high"
"7931","4/13/2025","7:00","35.37","shrub","high_gate","winter","high"
"7941","4/13/2025","13:00","49.582","shrub","high_gate","winter","high"
"7951","4/13/2025","19:00","51.874","shrub","high_gate","winter","high"
"7961","4/14/2025","1:00","37.297","shrub","high_gate","winter","high"
"7971","4/14/2025","7:00","34.59","shrub","high_gate","winter","high"
"7981","4/14/2025","13:00","51.874","shrub","high_gate","winter","high"
"7991","4/14/2025","19:00","56.057","shrub","high_gate","winter","high"
"800","4/15/2025","1:00","40.321","shrub","high_gate","winter","high"
"8018","4/15/2025","7:00","36.531","shrub","high_gate","winter","high"
"2600","9/27/2024","13:00","69.964","open","low_gate","winter","low"
"3600","9/27/2024","19:00","70.824","open","low_gate","winter","low"
"4600","9/28/2024","1:00","59.337","open","low_gate","winter","low"
"5270","9/28/2024","7:00","54.495","open","low_gate","winter","low"
"6179","9/28/2024","13:00","72.028","open","low_gate","winter","low"
"7103","9/28/2024","19:00","72.372","open","low_gate","winter","low"
"8102","9/29/2024","1:00","60.368","open","low_gate","winter","low"
"9102","9/29/2024","7:00","56.404","open","low_gate","winter","low"
"10102","9/29/2024","13:00","71.168","open","low_gate","winter","low"
"11102","9/29/2024","19:00","70.48","open","low_gate","winter","low"
"12102","9/30/2024","1:00","57.785","open","low_gate","winter","low"
"13102","9/30/2024","7:00","52.401","open","low_gate","winter","low"
"14102","9/30/2024","13:00","64.652","open","low_gate","winter","low"
"15102","9/30/2024","19:00","64.996","open","low_gate","winter","low"
"16102","10/1/2024","1:00","52.576","open","low_gate","winter","low"
"17102","10/1/2024","7:00","47.266","open","low_gate","winter","low"
"18102","10/1/2024","13:00","63.797","open","low_gate","winter","low"
"19102","10/1/2024","19:00","64.652","open","low_gate","winter","low"
"20102","10/2/2024","1:00","52.925","open","low_gate","winter","low"
"21106","10/2/2024","7:00","47.802","open","low_gate","winter","low"
"22103","10/2/2024","13:00","62.254","open","low_gate","winter","low"
"23102","10/2/2024","19:00","64.825","open","low_gate","winter","low"
"24102","10/3/2024","1:00","54.495","open","low_gate","winter","low"
"25102","10/3/2024","7:00","49.404","open","low_gate","winter","low"
"26102","10/3/2024","13:00","65.851","open","low_gate","winter","low"
"27102","10/3/2024","19:00","64.139","open","low_gate","winter","low"
"28102","10/4/2024","1:00","52.225","open","low_gate","winter","low"
"29102","10/4/2024","7:00","47.624","open","low_gate","winter","low"
"30102","10/4/2024","13:00","66.708","open","low_gate","winter","low"
"31106","10/4/2024","19:00","66.879","open","low_gate","winter","low"
"32103","10/5/2024","1:00","57.096","open","low_gate","winter","low"
"33102","10/5/2024","7:00","52.225","open","low_gate","winter","low"
"34102","10/5/2024","13:00","66.193","open","low_gate","winter","low"
"35102","10/5/2024","19:00","65.509","open","low_gate","winter","low"
"36102","10/6/2024","1:00","52.925","open","low_gate","winter","low"
"37102","10/6/2024","7:00","48.16","open","low_gate","winter","low"
"38102","10/6/2024","13:00","66.366","open","low_gate","winter","low"
"39102","10/6/2024","19:00","65.338","open","low_gate","winter","low"
"40102","10/7/2024","1:00","54.147","open","low_gate","winter","low"
"41106","10/7/2024","7:00","49.404","open","low_gate","winter","low"
"42103","10/7/2024","13:00","66.193","open","low_gate","winter","low"
"43102","10/7/2024","19:00","65.167","open","low_gate","winter","low"
"44102","10/8/2024","1:00","53.449","open","low_gate","winter","low"
"45102","10/8/2024","7:00","48.871","open","low_gate","winter","low"
"46100","10/8/2024","13:00","67.05","open","low_gate","winter","low"
"4770","10/8/2024","19:00","65.509","open","low_gate","winter","low"
"4870","10/9/2024","1:00","54.669","open","low_gate","winter","low"
"4970","10/9/2024","7:00","49.759","open","low_gate","winter","low"
"5070","10/9/2024","13:00","67.906","open","low_gate","winter","low"
"51101","10/9/2024","19:00","66.708","open","low_gate","winter","low"
"5280","10/10/2024","1:00","56.404","open","low_gate","winter","low"
"5370","10/10/2024","7:00","53.1","open","low_gate","winter","low"
"5470","10/10/2024","13:00","63.968","open","low_gate","winter","low"
"5570","10/10/2024","19:00","63.968","open","low_gate","winter","low"
"5670","10/11/2024","1:00","55.537","open","low_gate","winter","low"
"5760","10/11/2024","7:00","50.113","open","low_gate","winter","low"
"5860","10/11/2024","13:00","62.94","open","low_gate","winter","low"
"5960","10/11/2024","19:00","63.968","open","low_gate","winter","low"
"6060","10/12/2024","1:00","54.495","open","low_gate","winter","low"
"6180","10/12/2024","7:00","50.113","open","low_gate","winter","low"
"6260","10/12/2024","13:00","66.193","open","low_gate","winter","low"
"6357","10/12/2024","19:00","64.652","open","low_gate","winter","low"
"6425","10/13/2024","1:00","54.842","open","low_gate","winter","low"
"6525","10/13/2024","7:00","51.874","open","low_gate","winter","low"
"6625","10/13/2024","13:00","68.592","open","low_gate","winter","low"
"6720","10/13/2024","19:00","66.193","open","low_gate","winter","low"
"6819","10/14/2024","1:00","55.189","open","low_gate","winter","low"
"6919","10/14/2024","7:00","50.995","open","low_gate","winter","low"
"7019","10/14/2024","13:00","68.077","open","low_gate","winter","low"
"7123","10/14/2024","19:00","65.68","open","low_gate","winter","low"
"7220","10/15/2024","1:00","54.147","open","low_gate","winter","low"
"7319","10/15/2024","7:00","49.05","open","low_gate","winter","low"
"7419","10/15/2024","13:00","66.708","open","low_gate","winter","low"
"7519","10/15/2024","19:00","64.31","open","low_gate","winter","low"
"7619","10/16/2024","1:00","53.973","open","low_gate","winter","low"
"7719","10/16/2024","7:00","49.228","open","low_gate","winter","low"
"7819","10/16/2024","13:00","65.338","open","low_gate","winter","low"
"7919","10/16/2024","19:00","63.111","open","low_gate","winter","low"
"8019","10/17/2024","1:00","56.923","open","low_gate","winter","low"
"8122","10/17/2024","7:00","51.874","open","low_gate","winter","low"
"8220","10/17/2024","13:00","56.057","open","low_gate","winter","low"
"8318","10/17/2024","19:00","51.874","open","low_gate","winter","low"
"8418","10/18/2024","1:00","46.369","open","low_gate","winter","low"
"8518","10/18/2024","7:00","44.195","open","low_gate","winter","low"
"8618","10/18/2024","13:00","53.798","open","low_gate","winter","low"
"8718","10/18/2024","19:00","51.874","open","low_gate","winter","low"
"8818","10/19/2024","1:00","42.732","open","low_gate","winter","low"
"8918","10/19/2024","7:00","39.384","open","low_gate","winter","low"
"9018","10/19/2024","13:00","56.404","open","low_gate","winter","low"
"9122","10/19/2024","19:00","53.449","open","low_gate","winter","low"
"9220","10/20/2024","1:00","45.104","open","low_gate","winter","low"
"9318","10/20/2024","7:00","40.881","open","low_gate","winter","low"
"9418","10/20/2024","13:00","58.476","open","low_gate","winter","low"
"9518","10/20/2024","19:00","57.096","open","low_gate","winter","low"
"9618","10/21/2024","1:00","48.695","open","low_gate","winter","low"
"9718","10/21/2024","7:00","45.104","open","low_gate","winter","low"
"9818","10/21/2024","13:00","56.577","open","low_gate","winter","low"
"9918","10/21/2024","19:00","57.441","open","low_gate","winter","low"
"10018","10/22/2024","1:00","50.113","open","low_gate","winter","low"
"10122","10/22/2024","7:00","45.104","open","low_gate","winter","low"
"10220","10/22/2024","13:00","52.576","open","low_gate","winter","low"
"10318","10/22/2024","19:00","53.274","open","low_gate","winter","low"
"10418","10/23/2024","1:00","43.466","open","low_gate","winter","low"
"10518","10/23/2024","7:00","41.254","open","low_gate","winter","low"
"10618","10/23/2024","13:00","53.274","open","low_gate","winter","low"
"10718","10/23/2024","19:00","52.576","open","low_gate","winter","low"
"10818","10/24/2024","1:00","48.695","open","low_gate","winter","low"
"10918","10/24/2024","7:00","42.915","open","low_gate","winter","low"
"11018","10/24/2024","13:00","48.517","open","low_gate","winter","low"
"11122","10/24/2024","19:00","44.922","open","low_gate","winter","low"
"11220","10/25/2024","1:00","42.363","open","low_gate","winter","low"
"11318","10/25/2024","7:00","39.196","open","low_gate","winter","low"
"11418","10/25/2024","13:00","50.113","open","low_gate","winter","low"
"11518","10/25/2024","19:00","49.05","open","low_gate","winter","low"
"11618","10/26/2024","1:00","44.013","open","low_gate","winter","low"
"11718","10/26/2024","7:00","38.629","open","low_gate","winter","low"
"11818","10/26/2024","13:00","52.225","open","low_gate","winter","low"
"11918","10/26/2024","19:00","50.995","open","low_gate","winter","low"
"12018","10/27/2024","1:00","41.994","open","low_gate","winter","low"
"12122","10/27/2024","7:00","40.509","open","low_gate","winter","low"
"12220","10/27/2024","13:00","53.1","open","low_gate","winter","low"
"12318","10/27/2024","19:00","52.576","open","low_gate","winter","low"
"12418","10/28/2024","1:00","42.915","open","low_gate","winter","low"
"12518","10/28/2024","7:00","39.007","open","low_gate","winter","low"
"12618","10/28/2024","13:00","43.831","open","low_gate","winter","low"
"12718","10/28/2024","19:00","45.648","open","low_gate","winter","low"
"12818","10/29/2024","1:00","41.625","open","low_gate","winter","low"
"12918","10/29/2024","7:00","38.818","open","low_gate","winter","low"
"13018","10/29/2024","13:00","46.188","open","low_gate","winter","low"
"13122","10/29/2024","19:00","43.831","open","low_gate","winter","low"
"13220","10/30/2024","1:00","39.573","open","low_gate","winter","low"
"13318","10/30/2024","7:00","36.338","open","low_gate","winter","low"
"13418","10/30/2024","13:00","45.466","open","low_gate","winter","low"
"13518","10/30/2024","19:00","42.732","open","low_gate","winter","low"
"13618","10/31/2024","1:00","34.394","open","low_gate","winter","low"
"13718","10/31/2024","7:00","33.607","open","low_gate","winter","low"
"13818","10/31/2024","13:00","35.564","open","low_gate","winter","low"
"13918","10/31/2024","19:00","36.531","open","low_gate","winter","low"
"14018","11/1/2024","1:00","36.723","open","low_gate","winter","low"
"14122","11/1/2024","7:00","36.723","open","low_gate","winter","low"
"14220","11/1/2024","13:00","37.107","open","low_gate","winter","low"
"14318","11/1/2024","19:00","36.338","open","low_gate","winter","low"
"14418","11/2/2024","1:00","35.175","open","low_gate","winter","low"
"14518","11/2/2024","7:00","34.59","open","low_gate","winter","low"
"14618","11/2/2024","13:00","34.786","open","low_gate","winter","low"
"14718","11/2/2024","19:00","34.786","open","low_gate","winter","low"
"14818","11/3/2024","1:00","35.37","open","low_gate","winter","low"
"14918","11/3/2024","7:00","34.981","open","low_gate","winter","low"
"15018","11/3/2024","13:00","38.818","open","low_gate","winter","low"
"15122","11/3/2024","19:00","38.25","open","low_gate","winter","low"
"15220","11/4/2024","1:00","34.981","open","low_gate","winter","low"
"15318","11/4/2024","7:00","33.607","open","low_gate","winter","low"
"15418","11/4/2024","13:00","33.607","open","low_gate","winter","low"
"15518","11/4/2024","19:00","35.564","open","low_gate","winter","low"
"15618","11/5/2024","1:00","34.786","open","low_gate","winter","low"
"15718","11/5/2024","7:00","33.805","open","low_gate","winter","low"
"15818","11/5/2024","13:00","34.002","open","low_gate","winter","low"
"15918","11/5/2024","19:00","34.786","open","low_gate","winter","low"
"16018","11/6/2024","1:00","33.213","open","low_gate","winter","low"
"16122","11/6/2024","7:00","31.415","open","low_gate","winter","low"
"16220","11/6/2024","13:00","32.218","open","low_gate","winter","low"
"16318","11/6/2024","19:00","33.411","open","low_gate","winter","low"
"16418","11/7/2024","1:00","32.018","open","low_gate","winter","low"
"16518","11/7/2024","7:00","29.79","open","low_gate","winter","low"
"16618","11/7/2024","13:00","31.816","open","low_gate","winter","low"
"16718","11/7/2024","19:00","32.418","open","low_gate","winter","low"
"16818","11/8/2024","1:00","31.816","open","low_gate","winter","low"
"16918","11/8/2024","7:00","29.995","open","low_gate","winter","low"
"17018","11/8/2024","13:00","31.816","open","low_gate","winter","low"
"17122","11/8/2024","19:00","32.815","open","low_gate","winter","low"
"17220","11/9/2024","1:00","32.218","open","low_gate","winter","low"
"17318","11/9/2024","7:00","30.607","open","low_gate","winter","low"
"17418","11/9/2024","13:00","32.018","open","low_gate","winter","low"
"17518","11/9/2024","19:00","33.213","open","low_gate","winter","low"
"17618","11/10/2024","1:00","32.418","open","low_gate","winter","low"
"17718","11/10/2024","7:00","32.218","open","low_gate","winter","low"
"17818","11/10/2024","13:00","33.213","open","low_gate","winter","low"
"17918","11/10/2024","19:00","35.564","open","low_gate","winter","low"
"18018","11/11/2024","1:00","33.607","open","low_gate","winter","low"
"18122","11/11/2024","7:00","33.213","open","low_gate","winter","low"
"18220","11/11/2024","13:00","38.629","open","low_gate","winter","low"
"2700","9/27/2024","13:00","66.537","open","low_north","winter","low"
"3700","9/27/2024","19:00","67.906","open","low_north","winter","low"
"4700","9/28/2024","1:00","57.096","open","low_north","winter","low"
"5290","9/28/2024","7:00","52.576","open","low_north","winter","low"
"6189","9/28/2024","13:00","68.248","open","low_north","winter","low"
"7104","9/28/2024","19:00","69.449","open","low_north","winter","low"
"8103","9/29/2024","1:00","58.303","open","low_north","winter","low"
"9103","9/29/2024","7:00","54.495","open","low_north","winter","low"
"10103","9/29/2024","13:00","67.735","open","low_north","winter","low"
"11103","9/29/2024","19:00","68.077","open","low_north","winter","low"
"12103","9/30/2024","1:00","55.884","open","low_north","winter","low"
"13103","9/30/2024","7:00","51.346","open","low_north","winter","low"
"14103","9/30/2024","13:00","60.712","open","low_north","winter","low"
"15103","9/30/2024","19:00","62.254","open","low_north","winter","low"
"16103","10/1/2024","1:00","50.643","open","low_north","winter","low"
"17103","10/1/2024","7:00","45.648","open","low_north","winter","low"
"18103","10/1/2024","13:00","60.883","open","low_north","winter","low"
"19103","10/1/2024","19:00","62.254","open","low_north","winter","low"
"20103","10/2/2024","1:00","50.643","open","low_north","winter","low"
"21107","10/2/2024","7:00","46.188","open","low_north","winter","low"
"22104","10/2/2024","13:00","59.164","open","low_north","winter","low"
"23103","10/2/2024","19:00","62.425","open","low_north","winter","low"
"24103","10/3/2024","1:00","53.1","open","low_north","winter","low"
"25103","10/3/2024","7:00","47.982","open","low_north","winter","low"
"26103","10/3/2024","13:00","62.254","open","low_north","winter","low"
"27103","10/3/2024","19:00","62.254","open","low_north","winter","low"
"28103","10/4/2024","1:00","50.466","open","low_north","winter","low"
"29103","10/4/2024","7:00","46.188","open","low_north","winter","low"
"30103","10/4/2024","13:00","63.282","open","low_north","winter","low"
"31107","10/4/2024","19:00","64.825","open","low_north","winter","low"
"32104","10/5/2024","1:00","55.364","open","low_north","winter","low"
"33103","10/5/2024","7:00","50.466","open","low_north","winter","low"
"34103","10/5/2024","13:00","63.626","open","low_north","winter","low"
"35103","10/5/2024","19:00","63.282","open","low_north","winter","low"
"36103","10/6/2024","1:00","51.172","open","low_north","winter","low"
"37103","10/6/2024","7:00","46.548","open","low_north","winter","low"
"38103","10/6/2024","13:00","62.598","open","low_north","winter","low"
"39103","10/6/2024","19:00","62.94","open","low_north","winter","low"
"40103","10/7/2024","1:00","52.225","open","low_north","winter","low"
"41107","10/7/2024","7:00","47.982","open","low_north","winter","low"
"42104","10/7/2024","13:00","63.282","open","low_north","winter","low"
"43103","10/7/2024","19:00","62.94","open","low_north","winter","low"
"44103","10/8/2024","1:00","51.172","open","low_north","winter","low"
"45103","10/8/2024","7:00","46.908","open","low_north","winter","low"
"46101","10/8/2024","13:00","63.455","open","low_north","winter","low"
"4780","10/8/2024","19:00","63.455","open","low_north","winter","low"
"4880","10/9/2024","1:00","52.401","open","low_north","winter","low"
"4980","10/9/2024","7:00","47.802","open","low_north","winter","low"
"5080","10/9/2024","13:00","64.31","open","low_north","winter","low"
"51102","10/9/2024","19:00","64.652","open","low_north","winter","low"
"52100","10/10/2024","1:00","53.973","open","low_north","winter","low"
"5380","10/10/2024","7:00","51.346","open","low_north","winter","low"
"5480","10/10/2024","13:00","62.598","open","low_north","winter","low"
"5580","10/10/2024","19:00","62.425","open","low_north","winter","low"
"5679","10/11/2024","1:00","53.973","open","low_north","winter","low"
"5769","10/11/2024","7:00","48.517","open","low_north","winter","low"
"5869","10/11/2024","13:00","60.195","open","low_north","winter","low"
"5969","10/11/2024","19:00","62.769","open","low_north","winter","low"
"6069","10/12/2024","1:00","52.925","open","low_north","winter","low"
"6190","10/12/2024","7:00","48.517","open","low_north","winter","low"
"6269","10/12/2024","13:00","64.139","open","low_north","winter","low"
"6358","10/12/2024","19:00","63.282","open","low_north","winter","low"
"6426","10/13/2024","1:00","52.925","open","low_north","winter","low"
"6526","10/13/2024","7:00","50.29","open","low_north","winter","low"
"6626","10/13/2024","13:00","64.996","open","low_north","winter","low"
"6722","10/13/2024","19:00","64.481","open","low_north","winter","low"
"6820","10/14/2024","1:00","53.449","open","low_north","winter","low"
"6920","10/14/2024","7:00","49.228","open","low_north","winter","low"
"7020","10/14/2024","13:00","64.996","open","low_north","winter","low"
"7124","10/14/2024","19:00","63.797","open","low_north","winter","low"
"7222","10/15/2024","1:00","52.05","open","low_north","winter","low"
"7320","10/15/2024","7:00","47.446","open","low_north","winter","low"
"7420","10/15/2024","13:00","63.626","open","low_north","winter","low"
"7520","10/15/2024","19:00","62.598","open","low_north","winter","low"
"7620","10/16/2024","1:00","52.05","open","low_north","winter","low"
"7720","10/16/2024","7:00","46.728","open","low_north","winter","low"
"7820","10/16/2024","13:00","62.254","open","low_north","winter","low"
"7920","10/16/2024","19:00","61.398","open","low_north","winter","low"
"8020","10/17/2024","1:00","55.537","open","low_north","winter","low"
"8123","10/17/2024","7:00","50.643","open","low_north","winter","low"
"8221","10/17/2024","13:00","55.364","open","low_north","winter","low"
"8319","10/17/2024","19:00","49.404","open","low_north","winter","low"
"8419","10/18/2024","1:00","44.195","open","low_north","winter","low"
"8519","10/18/2024","7:00","41.81","open","low_north","winter","low"
"8619","10/18/2024","13:00","49.759","open","low_north","winter","low"
"8719","10/18/2024","19:00","49.05","open","low_north","winter","low"
"8819","10/19/2024","1:00","40.134","open","low_north","winter","low"
"8919","10/19/2024","7:00","37.107","open","low_north","winter","low"
"9019","10/19/2024","13:00","53.623","open","low_north","winter","low"
"9123","10/19/2024","19:00","52.225","open","low_north","winter","low"
"9221","10/20/2024","1:00","43.282","open","low_north","winter","low"
"9319","10/20/2024","7:00","39.196","open","low_north","winter","low"
"9419","10/20/2024","13:00","55.189","open","low_north","winter","low"
"9519","10/20/2024","19:00","55.711","open","low_north","winter","low"
"9619","10/21/2024","1:00","46.908","open","low_north","winter","low"
"9719","10/21/2024","7:00","43.099","open","low_north","winter","low"
"9819","10/21/2024","13:00","54.669","open","low_north","winter","low"
"9919","10/21/2024","19:00","56.404","open","low_north","winter","low"
"10019","10/22/2024","1:00","48.517","open","low_north","winter","low"
"10123","10/22/2024","7:00","43.466","open","low_north","winter","low"
"10221","10/22/2024","13:00","51.172","open","low_north","winter","low"
"10319","10/22/2024","19:00","51.346","open","low_north","winter","low"
"10419","10/23/2024","1:00","42.179","open","low_north","winter","low"
"10519","10/23/2024","7:00","40.134","open","low_north","winter","low"
"10619","10/23/2024","13:00","52.225","open","low_north","winter","low"
"10719","10/23/2024","19:00","51.172","open","low_north","winter","low"
"10819","10/24/2024","1:00","47.446","open","low_north","winter","low"
"10919","10/24/2024","7:00","41.439","open","low_north","winter","low"
"11019","10/24/2024","13:00","48.339","open","low_north","winter","low"
"11123","10/24/2024","19:00","44.56","open","low_north","winter","low"
"11221","10/25/2024","1:00","42.179","open","low_north","winter","low"
"11319","10/25/2024","7:00","38.44","open","low_north","winter","low"
"11419","10/25/2024","13:00","48.871","open","low_north","winter","low"
"11519","10/25/2024","19:00","48.871","open","low_north","winter","low"
"11619","10/26/2024","1:00","43.466","open","low_north","winter","low"
"11719","10/26/2024","7:00","37.488","open","low_north","winter","low"
"11819","10/26/2024","13:00","50.466","open","low_north","winter","low"
"11919","10/26/2024","19:00","50.113","open","low_north","winter","low"
"12019","10/27/2024","1:00","40.696","open","low_north","winter","low"
"12123","10/27/2024","7:00","39.384","open","low_north","winter","low"
"12221","10/27/2024","13:00","51.523","open","low_north","winter","low"
"12319","10/27/2024","19:00","51.346","open","low_north","winter","low"
"12419","10/28/2024","1:00","40.881","open","low_north","winter","low"
"12519","10/28/2024","7:00","37.679","open","low_north","winter","low"
"12619","10/28/2024","13:00","43.466","open","low_north","winter","low"
"12719","10/28/2024","19:00","44.922","open","low_north","winter","low"
"12819","10/29/2024","1:00","40.696","open","low_north","winter","low"
"12919","10/29/2024","7:00","38.061","open","low_north","winter","low"
"13019","10/29/2024","13:00","43.466","open","low_north","winter","low"
"13123","10/29/2024","19:00","41.994","open","low_north","winter","low"
"13221","10/30/2024","1:00","38.25","open","low_north","winter","low"
"13319","10/30/2024","7:00","35.37","open","low_north","winter","low"
"13419","10/30/2024","13:00","43.648","open","low_north","winter","low"
"13519","10/30/2024","19:00","41.625","open","low_north","winter","low"
"13619","10/31/2024","1:00","32.218","open","low_north","winter","low"
"13719","10/31/2024","7:00","32.617","open","low_north","winter","low"
"13819","10/31/2024","13:00","34.981","open","low_north","winter","low"
"13919","10/31/2024","19:00","35.951","open","low_north","winter","low"
"14019","11/1/2024","1:00","36.145","open","low_north","winter","low"
"14123","11/1/2024","7:00","36.338","open","low_north","winter","low"
"14221","11/1/2024","13:00","36.723","open","low_north","winter","low"
"14319","11/1/2024","19:00","35.951","open","low_north","winter","low"
"14419","11/2/2024","1:00","34.59","open","low_north","winter","low"
"14519","11/2/2024","7:00","34.002","open","low_north","winter","low"
"14619","11/2/2024","13:00","34.394","open","low_north","winter","low"
"14719","11/2/2024","19:00","34.981","open","low_north","winter","low"
"14819","11/3/2024","1:00","35.37","open","low_north","winter","low"
"14919","11/3/2024","7:00","34.786","open","low_north","winter","low"
"15019","11/3/2024","13:00","38.44","open","low_north","winter","low"
"15123","11/3/2024","19:00","38.25","open","low_north","winter","low"
"15221","11/4/2024","1:00","34.59","open","low_north","winter","low"
"15319","11/4/2024","7:00","33.411","open","low_north","winter","low"
"15419","11/4/2024","13:00","33.411","open","low_north","winter","low"
"15519","11/4/2024","19:00","36.145","open","low_north","winter","low"
"15619","11/5/2024","1:00","34.786","open","low_north","winter","low"
"15719","11/5/2024","7:00","33.805","open","low_north","winter","low"
"15819","11/5/2024","13:00","33.805","open","low_north","winter","low"
"15919","11/5/2024","19:00","34.981","open","low_north","winter","low"
"16019","11/6/2024","1:00","33.013","open","low_north","winter","low"
"16123","11/6/2024","7:00","31.816","open","low_north","winter","low"
"16221","11/6/2024","13:00","32.617","open","low_north","winter","low"
"16319","11/6/2024","19:00","33.213","open","low_north","winter","low"
"16419","11/7/2024","1:00","32.018","open","low_north","winter","low"
"16519","11/7/2024","7:00","31.213","open","low_north","winter","low"
"16619","11/7/2024","13:00","32.218","open","low_north","winter","low"
"16719","11/7/2024","19:00","32.218","open","low_north","winter","low"
"16819","11/8/2024","1:00","31.617","open","low_north","winter","low"
"16919","11/8/2024","7:00","31.213","open","low_north","winter","low"
"17019","11/8/2024","13:00","32.218","open","low_north","winter","low"
"17123","11/8/2024","19:00","32.218","open","low_north","winter","low"
"17221","11/9/2024","1:00","31.816","open","low_north","winter","low"
"17319","11/9/2024","7:00","31.213","open","low_north","winter","low"
"17419","11/9/2024","13:00","32.418","open","low_north","winter","low"
"17519","11/9/2024","19:00","32.617","open","low_north","winter","low"
"17619","11/10/2024","1:00","32.218","open","low_north","winter","low"
"17719","11/10/2024","7:00","32.218","open","low_north","winter","low"
"17819","11/10/2024","13:00","34.198","open","low_north","winter","low"
"17919","11/10/2024","19:00","35.564","open","low_north","winter","low"
"18019","11/11/2024","1:00","33.411","open","low_north","winter","low"
"18123","11/11/2024","7:00","33.013","open","low_north","winter","low"
"18221","11/11/2024","13:00","38.629","open","low_north","winter","low"
"18318","11/11/2024","19:00","38.44","open","low_north","winter","low"
"18418","11/12/2024","1:00","36.531","open","low_north","winter","low"
"18518","11/12/2024","7:00","36.338","open","low_north","winter","low"
"18618","11/12/2024","13:00","38.061","open","low_north","winter","low"
"18718","11/12/2024","19:00","37.297","open","low_north","winter","low"
"18818","11/13/2024","1:00","33.805","open","low_north","winter","low"
"18918","11/13/2024","7:00","32.218","open","low_north","winter","low"
"19018","11/13/2024","13:00","32.815","open","low_north","winter","low"
"19122","11/13/2024","19:00","34.002","open","low_north","winter","low"
"19220","11/14/2024","1:00","32.617","open","low_north","winter","low"
"19318","11/14/2024","7:00","31.617","open","low_north","winter","low"
"19418","11/14/2024","13:00","32.617","open","low_north","winter","low"
"19518","11/14/2024","19:00","32.815","open","low_north","winter","low"
"19618","11/15/2024","1:00","32.418","open","low_north","winter","low"
"19718","11/15/2024","7:00","32.018","open","low_north","winter","low"
"19818","11/15/2024","13:00","32.617","open","low_north","winter","low"
"19918","11/15/2024","19:00","32.418","open","low_north","winter","low"
"20018","11/16/2024","1:00","32.617","open","low_north","winter","low"
"20122","11/16/2024","7:00","32.617","open","low_north","winter","low"
"20220","11/16/2024","13:00","33.013","open","low_north","winter","low"
"20318","11/16/2024","19:00","32.815","open","low_north","winter","low"
"20418","11/17/2024","1:00","33.013","open","low_north","winter","low"
"20518","11/17/2024","7:00","32.815","open","low_north","winter","low"
"20618","11/17/2024","13:00","33.013","open","low_north","winter","low"
"20718","11/17/2024","19:00","33.013","open","low_north","winter","low"
"20818","11/18/2024","1:00","33.213","open","low_north","winter","low"
"20918","11/18/2024","7:00","33.411","open","low_north","winter","low"
"21022","11/18/2024","13:00","33.411","open","low_north","winter","low"
"21122","11/18/2024","19:00","33.607","open","low_north","winter","low"
"21221","11/19/2024","1:00","33.607","open","low_north","winter","low"
"21319","11/19/2024","7:00","33.607","open","low_north","winter","low"
"21419","11/19/2024","13:00","33.607","open","low_north","winter","low"
"21518","11/19/2024","19:00","33.607","open","low_north","winter","low"
"21618","11/20/2024","1:00","33.411","open","low_north","winter","low"
"21718","11/20/2024","7:00","33.213","open","low_north","winter","low"
"21818","11/20/2024","13:00","33.213","open","low_north","winter","low"
"21918","11/20/2024","19:00","33.411","open","low_north","winter","low"
"22018","11/21/2024","1:00","33.411","open","low_north","winter","low"
"22122","11/21/2024","7:00","33.607","open","low_north","winter","low"
"22220","11/21/2024","13:00","33.607","open","low_north","winter","low"
"22318","11/21/2024","19:00","33.607","open","low_north","winter","low"
"22418","11/22/2024","1:00","33.805","open","low_north","winter","low"
"22518","11/22/2024","7:00","33.805","open","low_north","winter","low"
"22618","11/22/2024","13:00","34.394","open","low_north","winter","low"
"22718","11/22/2024","19:00","34.002","open","low_north","winter","low"
"22818","11/23/2024","1:00","34.002","open","low_north","winter","low"
"22918","11/23/2024","7:00","34.002","open","low_north","winter","low"
"23018","11/23/2024","13:00","34.198","open","low_north","winter","low"
"23122","11/23/2024","19:00","34.198","open","low_north","winter","low"
"23220","11/24/2024","1:00","34.198","open","low_north","winter","low"
"23318","11/24/2024","7:00","34.002","open","low_north","winter","low"
"23418","11/24/2024","13:00","34.394","open","low_north","winter","low"
"23518","11/24/2024","19:00","34.394","open","low_north","winter","low"
"23618","11/25/2024","1:00","33.411","open","low_north","winter","low"
"23718","11/25/2024","7:00","32.218","open","low_north","winter","low"
"23818","11/25/2024","13:00","32.617","open","low_north","winter","low"
"23918","11/25/2024","19:00","32.617","open","low_north","winter","low"
"24018","11/26/2024","1:00","32.617","open","low_north","winter","low"
"24122","11/26/2024","7:00","32.418","open","low_north","winter","low"
"24220","11/26/2024","13:00","32.617","open","low_north","winter","low"
"24318","11/26/2024","19:00","32.617","open","low_north","winter","low"
"24418","11/27/2024","1:00","32.218","open","low_north","winter","low"
"24518","11/27/2024","7:00","31.213","open","low_north","winter","low"
"24618","11/27/2024","13:00","32.018","open","low_north","winter","low"
"24718","11/27/2024","19:00","32.218","open","low_north","winter","low"
"24818","11/28/2024","1:00","32.018","open","low_north","winter","low"
"24918","11/28/2024","7:00","31.816","open","low_north","winter","low"
"25018","11/28/2024","13:00","32.018","open","low_north","winter","low"
"25122","11/28/2024","19:00","31.816","open","low_north","winter","low"
"25220","11/29/2024","1:00","31.617","open","low_north","winter","low"
"25318","11/29/2024","7:00","31.415","open","low_north","winter","low"
"25418","11/29/2024","13:00","31.816","open","low_north","winter","low"
"25518","11/29/2024","19:00","32.018","open","low_north","winter","low"
"25618","11/30/2024","1:00","31.415","open","low_north","winter","low"
"25718","11/30/2024","7:00","31.012","open","low_north","winter","low"
"25818","11/30/2024","13:00","31.816","open","low_north","winter","low"
"25918","11/30/2024","19:00","32.018","open","low_north","winter","low"
"26018","12/1/2024","1:00","30.198","open","low_north","winter","low"
"26122","12/1/2024","7:00","28.762","open","low_north","winter","low"
"26220","12/1/2024","13:00","30.808","open","low_north","winter","low"
"26318","12/1/2024","19:00","31.617","open","low_north","winter","low"
"26418","12/2/2024","1:00","28.969","open","low_north","winter","low"
"26518","12/2/2024","7:00","27.511","open","low_north","winter","low"
"26618","12/2/2024","13:00","30.607","open","low_north","winter","low"
"26718","12/2/2024","19:00","31.617","open","low_north","winter","low"
"26818","12/3/2024","1:00","29.174","open","low_north","winter","low"
"26918","12/3/2024","7:00","27.302","open","low_north","winter","low"
"27018","12/3/2024","13:00","30.403","open","low_north","winter","low"
"27122","12/3/2024","19:00","31.617","open","low_north","winter","low"
"27220","12/4/2024","1:00","29.586","open","low_north","winter","low"
"27318","12/4/2024","7:00","27.302","open","low_north","winter","low"
"27418","12/4/2024","13:00","29.995","open","low_north","winter","low"
"27518","12/4/2024","19:00","31.617","open","low_north","winter","low"
"27618","12/5/2024","1:00","28.346","open","low_north","winter","low"
"27718","12/5/2024","7:00","26.458","open","low_north","winter","low"
"27818","12/5/2024","13:00","29.79","open","low_north","winter","low"
"27918","12/5/2024","19:00","31.213","open","low_north","winter","low"
"28018","12/6/2024","1:00","27.721","open","low_north","winter","low"
"28122","12/6/2024","7:00","25.819","open","low_north","winter","low"
"28220","12/6/2024","13:00","29.174","open","low_north","winter","low"
"28318","12/6/2024","19:00","31.012","open","low_north","winter","low"
"28418","12/7/2024","1:00","27.511","open","low_north","winter","low"
"28518","12/7/2024","7:00","26.881","open","low_north","winter","low"
"28617","12/7/2024","13:00","29.79","open","low_north","winter","low"
"28717","12/7/2024","19:00","31.213","open","low_north","winter","low"
"28817","12/8/2024","1:00","30.198","open","low_north","winter","low"
"28917","12/8/2024","7:00","27.511","open","low_north","winter","low"
"29017","12/8/2024","13:00","29.586","open","low_north","winter","low"
"29121","12/8/2024","19:00","28.969","open","low_north","winter","low"
"29219","12/9/2024","1:00","26.458","open","low_north","winter","low"
"29317","12/9/2024","7:00","25.174","open","low_north","winter","low"
"29417","12/9/2024","13:00","28.762","open","low_north","winter","low"
"29517","12/9/2024","19:00","29.174","open","low_north","winter","low"
"29617","12/10/2024","1:00","24.31","open","low_north","winter","low"
"29717","12/10/2024","7:00","22.552","open","low_north","winter","low"
"29817","12/10/2024","13:00","26.031","open","low_north","winter","low"
"29917","12/10/2024","19:00","25.174","open","low_north","winter","low"
"30017","12/11/2024","1:00","24.526","open","low_north","winter","low"
"30121","12/11/2024","7:00","24.96","open","low_north","winter","low"
"30219","12/11/2024","13:00","27.511","open","low_north","winter","low"
"30317","12/11/2024","19:00","27.302","open","low_north","winter","low"
"30417","12/12/2024","1:00","26.245","open","low_north","winter","low"
"30517","12/12/2024","7:00","26.458","open","low_north","winter","low"
"30617","12/12/2024","13:00","29.174","open","low_north","winter","low"
"30717","12/12/2024","19:00","29.586","open","low_north","winter","low"
"30817","12/13/2024","1:00","26.881","open","low_north","winter","low"
"30917","12/13/2024","7:00","23.875","open","low_north","winter","low"
"31021","12/13/2024","13:00","27.721","open","low_north","winter","low"
"31121","12/13/2024","19:00","28.346","open","low_north","winter","low"
"31220","12/14/2024","1:00","28.346","open","low_north","winter","low"
"31318","12/14/2024","7:00","28.346","open","low_north","winter","low"
"31418","12/14/2024","13:00","29.379","open","low_north","winter","low"
"31517","12/14/2024","19:00","29.995","open","low_north","winter","low"
"31617","12/15/2024","1:00","30.198","open","low_north","winter","low"
"31717","12/15/2024","7:00","30.198","open","low_north","winter","low"
"31817","12/15/2024","13:00","30.403","open","low_north","winter","low"
"31917","12/15/2024","19:00","30.607","open","low_north","winter","low"
"32017","12/16/2024","1:00","29.586","open","low_north","winter","low"
"32121","12/16/2024","7:00","29.379","open","low_north","winter","low"
"32219","12/16/2024","13:00","29.79","open","low_north","winter","low"
"32317","12/16/2024","19:00","29.995","open","low_north","winter","low"
"32417","12/17/2024","1:00","30.198","open","low_north","winter","low"
"32517","12/17/2024","7:00","30.403","open","low_north","winter","low"
"32617","12/17/2024","13:00","30.403","open","low_north","winter","low"
"32717","12/17/2024","19:00","30.808","open","low_north","winter","low"
"32817","12/18/2024","1:00","30.808","open","low_north","winter","low"
"2800","9/27/2024","13:00","69.622","open","high_gate","winter","high"
"3800","9/27/2024","19:00","67.906","open","high_gate","winter","high"
"4790","9/28/2024","1:00","55.017","open","high_gate","winter","high"
"5300","9/28/2024","7:00","50.466","open","high_gate","winter","high"
"6199","9/28/2024","13:00","71.339","open","high_gate","winter","high"
"7105","9/28/2024","19:00","69.622","open","high_gate","winter","high"
"8104","9/29/2024","1:00","56.75","open","high_gate","winter","high"
"9104","9/29/2024","7:00","53.274","open","high_gate","winter","high"
"10104","9/29/2024","13:00","70.651","open","high_gate","winter","high"
"11104","9/29/2024","19:00","68.077","open","high_gate","winter","high"
"12104","9/30/2024","1:00","53.449","open","high_gate","winter","high"
"13104","9/30/2024","7:00","47.624","open","high_gate","winter","high"
"14104","9/30/2024","13:00","63.282","open","high_gate","winter","high"
"15104","9/30/2024","19:00","61.227","open","high_gate","winter","high"
"16104","10/1/2024","1:00","46.188","open","high_gate","winter","high"
"17104","10/1/2024","7:00","42.732","open","high_gate","winter","high"
"18104","10/1/2024","13:00","63.626","open","high_gate","winter","high"
"19104","10/1/2024","19:00","61.912","open","high_gate","winter","high"
"20104","10/2/2024","1:00","48.871","open","high_gate","winter","high"
"21108","10/2/2024","7:00","44.013","open","high_gate","winter","high"
"22105","10/2/2024","13:00","63.455","open","high_gate","winter","high"
"23104","10/2/2024","19:00","59.851","open","high_gate","winter","high"
"24104","10/3/2024","1:00","49.582","open","high_gate","winter","high"
"25104","10/3/2024","7:00","41.625","open","high_gate","winter","high"
"26104","10/3/2024","13:00","63.455","open","high_gate","winter","high"
"27104","10/3/2024","19:00","61.054","open","high_gate","winter","high"
"28104","10/4/2024","1:00","47.266","open","high_gate","winter","high"
"29104","10/4/2024","7:00","43.282","open","high_gate","winter","high"
"30104","10/4/2024","13:00","66.193","open","high_gate","winter","high"
"31108","10/4/2024","19:00","65.338","open","high_gate","winter","high"
"32105","10/5/2024","1:00","52.225","open","high_gate","winter","high"
"33104","10/5/2024","7:00","46.008","open","high_gate","winter","high"
"34104","10/5/2024","13:00","65.68","open","high_gate","winter","high"
"35104","10/5/2024","19:00","62.769","open","high_gate","winter","high"
"36104","10/6/2024","1:00","48.517","open","high_gate","winter","high"
"37104","10/6/2024","7:00","43.648","open","high_gate","winter","high"
"38104","10/6/2024","13:00","65.509","open","high_gate","winter","high"
"39104","10/6/2024","19:00","63.455","open","high_gate","winter","high"
"40104","10/7/2024","1:00","50.29","open","high_gate","winter","high"
"41108","10/7/2024","7:00","45.466","open","high_gate","winter","high"
"42105","10/7/2024","13:00","66.537","open","high_gate","winter","high"
"43104","10/7/2024","19:00","63.111","open","high_gate","winter","high"
"44104","10/8/2024","1:00","49.228","open","high_gate","winter","high"
"45104","10/8/2024","7:00","44.922","open","high_gate","winter","high"
"46102","10/8/2024","13:00","66.879","open","high_gate","winter","high"
"47100","10/8/2024","19:00","64.31","open","high_gate","winter","high"
"4890","10/9/2024","1:00","51.699","open","high_gate","winter","high"
"4990","10/9/2024","7:00","46.728","open","high_gate","winter","high"
"5090","10/9/2024","13:00","67.906","open","high_gate","winter","high"
"51103","10/9/2024","19:00","65.509","open","high_gate","winter","high"
"52101","10/10/2024","1:00","52.401","open","high_gate","winter","high"
"5390","10/10/2024","7:00","50.29","open","high_gate","winter","high"
"5490","10/10/2024","13:00","64.31","open","high_gate","winter","high"
"5590","10/10/2024","19:00","61.569","open","high_gate","winter","high"
"5680","10/11/2024","1:00","52.225","open","high_gate","winter","high"
"5770","10/11/2024","7:00","46.728","open","high_gate","winter","high"
"5870","10/11/2024","13:00","63.282","open","high_gate","winter","high"
"5970","10/11/2024","19:00","63.626","open","high_gate","winter","high"
"6070","10/12/2024","1:00","51.346","open","high_gate","winter","high"
"61100","10/12/2024","7:00","46.008","open","high_gate","winter","high"
"6270","10/12/2024","13:00","66.879","open","high_gate","winter","high"
"6359","10/12/2024","19:00","64.996","open","high_gate","winter","high"
"6427","10/13/2024","1:00","50.643","open","high_gate","winter","high"
"6527","10/13/2024","7:00","46.008","open","high_gate","winter","high"
"6627","10/13/2024","13:00","67.735","open","high_gate","winter","high"
"6723","10/13/2024","19:00","65.509","open","high_gate","winter","high"
"6822","10/14/2024","1:00","51.172","open","high_gate","winter","high"
"6922","10/14/2024","7:00","46.728","open","high_gate","winter","high"
"7022","10/14/2024","13:00","67.735","open","high_gate","winter","high"
"7125","10/14/2024","19:00","64.825","open","high_gate","winter","high"
"7223","10/15/2024","1:00","50.643","open","high_gate","winter","high"
"7322","10/15/2024","7:00","45.648","open","high_gate","winter","high"
"7422","10/15/2024","13:00","66.708","open","high_gate","winter","high"
"7522","10/15/2024","19:00","63.282","open","high_gate","winter","high"
"7622","10/16/2024","1:00","49.937","open","high_gate","winter","high"
"7722","10/16/2024","7:00","46.369","open","high_gate","winter","high"
"7822","10/16/2024","13:00","64.825","open","high_gate","winter","high"
"7922","10/16/2024","19:00","61.741","open","high_gate","winter","high"
"8021","10/17/2024","1:00","54.322","open","high_gate","winter","high"
"8124","10/17/2024","7:00","46.728","open","high_gate","winter","high"
"8222","10/17/2024","13:00","54.147","open","high_gate","winter","high"
"8320","10/17/2024","19:00","43.282","open","high_gate","winter","high"
"8420","10/18/2024","1:00","39.007","open","high_gate","winter","high"
"8520","10/18/2024","7:00","36.531","open","high_gate","winter","high"
"8620","10/18/2024","13:00","48.16","open","high_gate","winter","high"
"8720","10/18/2024","19:00","46.188","open","high_gate","winter","high"
"8820","10/19/2024","1:00","35.175","open","high_gate","winter","high"
"8920","10/19/2024","7:00","33.411","open","high_gate","winter","high"
"9020","10/19/2024","13:00","53.798","open","high_gate","winter","high"
"9124","10/19/2024","19:00","51.172","open","high_gate","winter","high"
"9222","10/20/2024","1:00","39.384","open","high_gate","winter","high"
"9320","10/20/2024","7:00","35.758","open","high_gate","winter","high"
"9420","10/20/2024","13:00","56.404","open","high_gate","winter","high"
"9520","10/20/2024","19:00","54.669","open","high_gate","winter","high"
"9620","10/21/2024","1:00","44.922","open","high_gate","winter","high"
"9720","10/21/2024","7:00","40.321","open","high_gate","winter","high"
"9820","10/21/2024","13:00","54.842","open","high_gate","winter","high"
"9920","10/21/2024","19:00","53.973","open","high_gate","winter","high"
"10020","10/22/2024","1:00","45.104","open","high_gate","winter","high"
"10124","10/22/2024","7:00","39.76","open","high_gate","winter","high"
"10222","10/22/2024","13:00","54.842","open","high_gate","winter","high"
"10320","10/22/2024","19:00","47.982","open","high_gate","winter","high"
"10420","10/23/2024","1:00","37.87","open","high_gate","winter","high"
"10520","10/23/2024","7:00","36.914","open","high_gate","winter","high"
"10620","10/23/2024","13:00","52.576","open","high_gate","winter","high"
"10720","10/23/2024","19:00","49.05","open","high_gate","winter","high"
"10820","10/24/2024","1:00","44.013","open","high_gate","winter","high"
"10920","10/24/2024","7:00","37.87","open","high_gate","winter","high"
"11020","10/24/2024","13:00","47.982","open","high_gate","winter","high"
"11124","10/24/2024","19:00","42.548","open","high_gate","winter","high"
"11222","10/25/2024","1:00","38.818","open","high_gate","winter","high"
"11320","10/25/2024","7:00","35.37","open","high_gate","winter","high"
"11420","10/25/2024","13:00","51.172","open","high_gate","winter","high"
"11520","10/25/2024","19:00","47.446","open","high_gate","winter","high"
"11620","10/26/2024","1:00","41.625","open","high_gate","winter","high"
"11720","10/26/2024","7:00","35.37","open","high_gate","winter","high"
"11820","10/26/2024","13:00","54.495","open","high_gate","winter","high"
"11920","10/26/2024","19:00","49.937","open","high_gate","winter","high"
"12020","10/27/2024","1:00","39.384","open","high_gate","winter","high"
"12124","10/27/2024","7:00","38.44","open","high_gate","winter","high"
"12222","10/27/2024","13:00","55.017","open","high_gate","winter","high"
"12320","10/27/2024","19:00","51.346","open","high_gate","winter","high"
"12420","10/28/2024","1:00","38.818","open","high_gate","winter","high"
"12520","10/28/2024","7:00","34.786","open","high_gate","winter","high"
"12620","10/28/2024","13:00","42.363","open","high_gate","winter","high"
"12720","10/28/2024","19:00","41.81","open","high_gate","winter","high"
"12820","10/29/2024","1:00","37.679","open","high_gate","winter","high"
"12920","10/29/2024","7:00","35.175","open","high_gate","winter","high"
"13020","10/29/2024","13:00","43.648","open","high_gate","winter","high"
"13124","10/29/2024","19:00","39.947","open","high_gate","winter","high"
"13222","10/30/2024","1:00","35.175","open","high_gate","winter","high"
"13320","10/30/2024","7:00","33.213","open","high_gate","winter","high"
"13420","10/30/2024","13:00","45.828","open","high_gate","winter","high"
"13520","10/30/2024","19:00","39.947","open","high_gate","winter","high"
"13620","10/31/2024","1:00","30.403","open","high_gate","winter","high"
"13720","10/31/2024","7:00","30.607","open","high_gate","winter","high"
"13820","10/31/2024","13:00","32.815","open","high_gate","winter","high"
"13920","10/31/2024","19:00","34.786","open","high_gate","winter","high"
"14020","11/1/2024","1:00","35.175","open","high_gate","winter","high"
"14124","11/1/2024","7:00","35.37","open","high_gate","winter","high"
"14222","11/1/2024","13:00","35.758","open","high_gate","winter","high"
"14320","11/1/2024","19:00","35.37","open","high_gate","winter","high"
"14420","11/2/2024","1:00","34.394","open","high_gate","winter","high"
"14520","11/2/2024","7:00","33.805","open","high_gate","winter","high"
"14620","11/2/2024","13:00","34.786","open","high_gate","winter","high"
"14720","11/2/2024","19:00","34.786","open","high_gate","winter","high"
"14820","11/3/2024","1:00","34.59","open","high_gate","winter","high"
"14920","11/3/2024","7:00","34.59","open","high_gate","winter","high"
"15020","11/3/2024","13:00","35.758","open","high_gate","winter","high"
"15124","11/3/2024","19:00","34.786","open","high_gate","winter","high"
"15222","11/4/2024","1:00","33.607","open","high_gate","winter","high"
"15320","11/4/2024","7:00","33.013","open","high_gate","winter","high"
"15420","11/4/2024","13:00","33.213","open","high_gate","winter","high"
"15520","11/4/2024","19:00","33.607","open","high_gate","winter","high"
"15620","11/5/2024","1:00","33.805","open","high_gate","winter","high"
"15720","11/5/2024","7:00","33.411","open","high_gate","winter","high"
"15820","11/5/2024","13:00","33.805","open","high_gate","winter","high"
"15920","11/5/2024","19:00","33.805","open","high_gate","winter","high"
"16020","11/6/2024","1:00","33.213","open","high_gate","winter","high"
"16124","11/6/2024","7:00","32.418","open","high_gate","winter","high"
"16222","11/6/2024","13:00","32.418","open","high_gate","winter","high"
"16320","11/6/2024","19:00","33.213","open","high_gate","winter","high"
"16420","11/7/2024","1:00","32.418","open","high_gate","winter","high"
"16520","11/7/2024","7:00","31.012","open","high_gate","winter","high"
"16620","11/7/2024","13:00","32.018","open","high_gate","winter","high"
"16720","11/7/2024","19:00","32.617","open","high_gate","winter","high"
"16820","11/8/2024","1:00","32.218","open","high_gate","winter","high"
"16920","11/8/2024","7:00","31.012","open","high_gate","winter","high"
"17020","11/8/2024","13:00","32.018","open","high_gate","winter","high"
"17124","11/8/2024","19:00","32.617","open","high_gate","winter","high"
"17222","11/9/2024","1:00","32.617","open","high_gate","winter","high"
"17320","11/9/2024","7:00","31.213","open","high_gate","winter","high"
"17420","11/9/2024","13:00","32.218","open","high_gate","winter","high"
"17520","11/9/2024","19:00","32.617","open","high_gate","winter","high"
"17620","11/10/2024","1:00","32.617","open","high_gate","winter","high"
"17720","11/10/2024","7:00","32.418","open","high_gate","winter","high"
"17820","11/10/2024","13:00","32.815","open","high_gate","winter","high"
"17920","11/10/2024","19:00","33.013","open","high_gate","winter","high"
"18020","11/11/2024","1:00","32.815","open","high_gate","winter","high"
"18124","11/11/2024","7:00","32.815","open","high_gate","winter","high"
"18222","11/11/2024","13:00","34.59","open","high_gate","winter","high"
"18319","11/11/2024","19:00","35.951","open","high_gate","winter","high"
"18419","11/12/2024","1:00","34.002","open","high_gate","winter","high"
"18519","11/12/2024","7:00","34.198","open","high_gate","winter","high"
"18619","11/12/2024","13:00","36.338","open","high_gate","winter","high"
"18719","11/12/2024","19:00","35.37","open","high_gate","winter","high"
"18819","11/13/2024","1:00","33.013","open","high_gate","winter","high"
"18919","11/13/2024","7:00","31.012","open","high_gate","winter","high"
"19019","11/13/2024","13:00","32.418","open","high_gate","winter","high"
"19123","11/13/2024","19:00","32.617","open","high_gate","winter","high"
"19221","11/14/2024","1:00","32.218","open","high_gate","winter","high"
"19319","11/14/2024","7:00","30.198","open","high_gate","winter","high"
"19419","11/14/2024","13:00","32.018","open","high_gate","winter","high"
"19519","11/14/2024","19:00","32.418","open","high_gate","winter","high"
"19619","11/15/2024","1:00","32.018","open","high_gate","winter","high"
"19719","11/15/2024","7:00","30.403","open","high_gate","winter","high"
"19819","11/15/2024","13:00","32.218","open","high_gate","winter","high"
"19919","11/15/2024","19:00","32.218","open","high_gate","winter","high"
"20019","11/16/2024","1:00","32.418","open","high_gate","winter","high"
"20123","11/16/2024","7:00","32.418","open","high_gate","winter","high"
"20221","11/16/2024","13:00","32.418","open","high_gate","winter","high"
"20319","11/16/2024","19:00","32.418","open","high_gate","winter","high"
"20419","11/17/2024","1:00","32.418","open","high_gate","winter","high"
"20519","11/17/2024","7:00","32.418","open","high_gate","winter","high"
"20619","11/17/2024","13:00","32.418","open","high_gate","winter","high"
"20719","11/17/2024","19:00","32.617","open","high_gate","winter","high"
"20819","11/18/2024","1:00","32.418","open","high_gate","winter","high"
"20919","11/18/2024","7:00","32.617","open","high_gate","winter","high"
"21023","11/18/2024","13:00","32.617","open","high_gate","winter","high"
"21123","11/18/2024","19:00","32.617","open","high_gate","winter","high"
"21222","11/19/2024","1:00","32.617","open","high_gate","winter","high"
"21320","11/19/2024","7:00","32.617","open","high_gate","winter","high"
"21420","11/19/2024","13:00","32.418","open","high_gate","winter","high"
"21519","11/19/2024","19:00","32.617","open","high_gate","winter","high"
"21619","11/20/2024","1:00","32.418","open","high_gate","winter","high"
"21719","11/20/2024","7:00","32.218","open","high_gate","winter","high"
"21819","11/20/2024","13:00","32.418","open","high_gate","winter","high"
"21919","11/20/2024","19:00","32.418","open","high_gate","winter","high"
"22019","11/21/2024","1:00","32.418","open","high_gate","winter","high"
"22123","11/21/2024","7:00","32.418","open","high_gate","winter","high"
"22221","11/21/2024","13:00","32.617","open","high_gate","winter","high"
"22319","11/21/2024","19:00","32.617","open","high_gate","winter","high"
"22419","11/22/2024","1:00","32.617","open","high_gate","winter","high"
"22519","11/22/2024","7:00","32.617","open","high_gate","winter","high"
"22619","11/22/2024","13:00","33.213","open","high_gate","winter","high"
"22719","11/22/2024","19:00","33.013","open","high_gate","winter","high"
"22819","11/23/2024","1:00","33.013","open","high_gate","winter","high"
"22919","11/23/2024","7:00","33.013","open","high_gate","winter","high"
"23019","11/23/2024","13:00","33.411","open","high_gate","winter","high"
"23123","11/23/2024","19:00","33.411","open","high_gate","winter","high"
"23221","11/24/2024","1:00","33.411","open","high_gate","winter","high"
"23319","11/24/2024","7:00","33.411","open","high_gate","winter","high"
"23419","11/24/2024","13:00","33.607","open","high_gate","winter","high"
"23519","11/24/2024","19:00","33.411","open","high_gate","winter","high"
"23619","11/25/2024","1:00","33.013","open","high_gate","winter","high"
"23719","11/25/2024","7:00","32.815","open","high_gate","winter","high"
"23819","11/25/2024","13:00","32.617","open","high_gate","winter","high"
"23919","11/25/2024","19:00","32.815","open","high_gate","winter","high"
"24019","11/26/2024","1:00","32.617","open","high_gate","winter","high"
"24123","11/26/2024","7:00","32.418","open","high_gate","winter","high"
"24221","11/26/2024","13:00","32.617","open","high_gate","winter","high"
"24319","11/26/2024","19:00","32.617","open","high_gate","winter","high"
"24419","11/27/2024","1:00","32.418","open","high_gate","winter","high"
"24519","11/27/2024","7:00","31.617","open","high_gate","winter","high"
"24619","11/27/2024","13:00","32.018","open","high_gate","winter","high"
"24719","11/27/2024","19:00","32.218","open","high_gate","winter","high"
"24819","11/28/2024","1:00","32.018","open","high_gate","winter","high"
"24919","11/28/2024","7:00","32.018","open","high_gate","winter","high"
"25019","11/28/2024","13:00","32.018","open","high_gate","winter","high"
"25123","11/28/2024","19:00","31.816","open","high_gate","winter","high"
"25221","11/29/2024","1:00","31.816","open","high_gate","winter","high"
"25319","11/29/2024","7:00","31.617","open","high_gate","winter","high"
"25419","11/29/2024","13:00","32.018","open","high_gate","winter","high"
"25519","11/29/2024","19:00","32.018","open","high_gate","winter","high"
"25619","11/30/2024","1:00","31.816","open","high_gate","winter","high"
"25719","11/30/2024","7:00","31.617","open","high_gate","winter","high"
"25819","11/30/2024","13:00","32.018","open","high_gate","winter","high"
"25919","11/30/2024","19:00","32.218","open","high_gate","winter","high"
"26019","12/1/2024","1:00","31.213","open","high_gate","winter","high"
"26123","12/1/2024","7:00","30.607","open","high_gate","winter","high"
"26221","12/1/2024","13:00","31.213","open","high_gate","winter","high"
"26319","12/1/2024","19:00","32.018","open","high_gate","winter","high"
"26419","12/2/2024","1:00","30.607","open","high_gate","winter","high"
"26519","12/2/2024","7:00","29.995","open","high_gate","winter","high"
"26619","12/2/2024","13:00","31.213","open","high_gate","winter","high"
"26719","12/2/2024","19:00","32.018","open","high_gate","winter","high"
"26819","12/3/2024","1:00","31.415","open","high_gate","winter","high"
"26919","12/3/2024","7:00","30.198","open","high_gate","winter","high"
"27019","12/3/2024","13:00","31.415","open","high_gate","winter","high"
"27123","12/3/2024","19:00","32.218","open","high_gate","winter","high"
"27221","12/4/2024","1:00","32.018","open","high_gate","winter","high"
"27319","12/4/2024","7:00","29.79","open","high_gate","winter","high"
"27419","12/4/2024","13:00","31.213","open","high_gate","winter","high"
"27519","12/4/2024","19:00","32.018","open","high_gate","winter","high"
"27619","12/5/2024","1:00","30.808","open","high_gate","winter","high"
"27719","12/5/2024","7:00","29.174","open","high_gate","winter","high"
"27819","12/5/2024","13:00","31.012","open","high_gate","winter","high"
"27919","12/5/2024","19:00","32.018","open","high_gate","winter","high"
"28019","12/6/2024","1:00","30.403","open","high_gate","winter","high"
"28123","12/6/2024","7:00","28.346","open","high_gate","winter","high"
"28221","12/6/2024","13:00","30.607","open","high_gate","winter","high"
"28319","12/6/2024","19:00","32.018","open","high_gate","winter","high"
"28419","12/7/2024","1:00","29.79","open","high_gate","winter","high"
"28519","12/7/2024","7:00","28.762","open","high_gate","winter","high"
"28618","12/7/2024","13:00","31.012","open","high_gate","winter","high"
"28718","12/7/2024","19:00","31.816","open","high_gate","winter","high"
"28818","12/8/2024","1:00","30.808","open","high_gate","winter","high"
"28918","12/8/2024","7:00","29.586","open","high_gate","winter","high"
"29018","12/8/2024","13:00","30.808","open","high_gate","winter","high"
"29122","12/8/2024","19:00","30.198","open","high_gate","winter","high"
"29220","12/9/2024","1:00","27.721","open","high_gate","winter","high"
"29318","12/9/2024","7:00","26.668","open","high_gate","winter","high"
"29418","12/9/2024","13:00","29.174","open","high_gate","winter","high"
"29518","12/9/2024","19:00","29.586","open","high_gate","winter","high"
"29618","12/10/2024","1:00","25.174","open","high_gate","winter","high"
"29718","12/10/2024","7:00","22.995","open","high_gate","winter","high"
"29818","12/10/2024","13:00","26.031","open","high_gate","winter","high"
"29918","12/10/2024","19:00","25.39","open","high_gate","winter","high"
"30018","12/11/2024","1:00","24.526","open","high_gate","winter","high"
"30122","12/11/2024","7:00","25.174","open","high_gate","winter","high"
"30220","12/11/2024","13:00","26.881","open","high_gate","winter","high"
"30318","12/11/2024","19:00","26.668","open","high_gate","winter","high"
"30418","12/12/2024","1:00","25.39","open","high_gate","winter","high"
"30518","12/12/2024","7:00","25.605","open","high_gate","winter","high"
"30618","12/12/2024","13:00","28.346","open","high_gate","winter","high"
"30718","12/12/2024","19:00","28.346","open","high_gate","winter","high"
"30818","12/13/2024","1:00","26.245","open","high_gate","winter","high"
"30918","12/13/2024","7:00","23.436","open","high_gate","winter","high"
"31022","12/13/2024","13:00","26.881","open","high_gate","winter","high"
"31122","12/13/2024","19:00","27.511","open","high_gate","winter","high"
"31221","12/14/2024","1:00","27.93","open","high_gate","winter","high"
"31319","12/14/2024","7:00","28.139","open","high_gate","winter","high"
"31419","12/14/2024","13:00","29.174","open","high_gate","winter","high"
"31518","12/14/2024","19:00","29.995","open","high_gate","winter","high"
"31618","12/15/2024","1:00","29.995","open","high_gate","winter","high"
"31718","12/15/2024","7:00","30.403","open","high_gate","winter","high"
"31818","12/15/2024","13:00","30.607","open","high_gate","winter","high"
"31918","12/15/2024","19:00","30.808","open","high_gate","winter","high"
"32018","12/16/2024","1:00","29.79","open","high_gate","winter","high"
"32122","12/16/2024","7:00","29.379","open","high_gate","winter","high"
"32220","12/16/2024","13:00","29.79","open","high_gate","winter","high"
"32318","12/16/2024","19:00","30.198","open","high_gate","winter","high"
"32418","12/17/2024","1:00","30.403","open","high_gate","winter","high"
"32518","12/17/2024","7:00","30.607","open","high_gate","winter","high"
"32618","12/17/2024","13:00","30.808","open","high_gate","winter","high"
"32718","12/17/2024","19:00","31.012","open","high_gate","winter","high"
"32818","12/18/2024","1:00","31.012","open","high_gate","winter","high"
"32917","12/18/2024","7:00","31.012","open","high_gate","winter","high"
"33017","12/18/2024","13:00","31.213","open","high_gate","winter","high"
"33121","12/18/2024","19:00","31.415","open","high_gate","winter","high"
"33219","12/19/2024","1:00","31.012","open","high_gate","winter","high"
"33317","12/19/2024","7:00","30.607","open","high_gate","winter","high"
"33417","12/19/2024","13:00","30.607","open","high_gate","winter","high"
"33517","12/19/2024","19:00","31.012","open","high_gate","winter","high"
"33617","12/20/2024","1:00","31.012","open","high_gate","winter","high"
"33717","12/20/2024","7:00","31.012","open","high_gate","winter","high"
"33817","12/20/2024","13:00","31.012","open","high_gate","winter","high"
"33917","12/20/2024","19:00","31.415","open","high_gate","winter","high"
"34017","12/21/2024","1:00","31.213","open","high_gate","winter","high"
"34121","12/21/2024","7:00","31.213","open","high_gate","winter","high"
"34219","12/21/2024","13:00","31.415","open","high_gate","winter","high"
"34317","12/21/2024","19:00","31.617","open","high_gate","winter","high"
"34417","12/22/2024","1:00","31.617","open","high_gate","winter","high"
"34517","12/22/2024","7:00","31.415","open","high_gate","winter","high"
"34617","12/22/2024","13:00","31.415","open","high_gate","winter","high"
"34717","12/22/2024","19:00","31.617","open","high_gate","winter","high"
"34817","12/23/2024","1:00","31.617","open","high_gate","winter","high"
"34917","12/23/2024","7:00","31.617","open","high_gate","winter","high"
"35017","12/23/2024","13:00","31.816","open","high_gate","winter","high"
"35121","12/23/2024","19:00","31.816","open","high_gate","winter","high"
"35219","12/24/2024","1:00","31.816","open","high_gate","winter","high"
"35317","12/24/2024","7:00","32.018","open","high_gate","winter","high"
"35417","12/24/2024","13:00","31.816","open","high_gate","winter","high"
"35517","12/24/2024","19:00","32.018","open","high_gate","winter","high"
"35617","12/25/2024","1:00","32.018","open","high_gate","winter","high"
"35717","12/25/2024","7:00","32.018","open","high_gate","winter","high"
"35817","12/25/2024","13:00","32.018","open","high_gate","winter","high"
"35917","12/25/2024","19:00","32.018","open","high_gate","winter","high"
"36017","12/26/2024","1:00","32.018","open","high_gate","winter","high"
"36121","12/26/2024","7:00","32.018","open","high_gate","winter","high"
"36219","12/26/2024","13:00","32.018","open","high_gate","winter","high"
"36317","12/26/2024","19:00","32.018","open","high_gate","winter","high"
"36417","12/27/2024","1:00","32.018","open","high_gate","winter","high"
"36517","12/27/2024","7:00","32.018","open","high_gate","winter","high"
"36617","12/27/2024","13:00","32.018","open","high_gate","winter","high"
"36717","12/27/2024","19:00","32.018","open","high_gate","winter","high"
"36817","12/28/2024","1:00","32.018","open","high_gate","winter","high"
"36917","12/28/2024","7:00","32.018","open","high_gate","winter","high"
"37017","12/28/2024","13:00","32.018","open","high_gate","winter","high"
"37121","12/28/2024","19:00","32.218","open","high_gate","winter","high"
"37219","12/29/2024","1:00","32.218","open","high_gate","winter","high"
"37317","12/29/2024","7:00","32.218","open","high_gate","winter","high"
"37417","12/29/2024","13:00","32.218","open","high_gate","winter","high"
"37517","12/29/2024","19:00","32.218","open","high_gate","winter","high"
"37617","12/30/2024","1:00","32.218","open","high_gate","winter","high"
"37717","12/30/2024","7:00","32.218","open","high_gate","winter","high"
"37817","12/30/2024","13:00","32.218","open","high_gate","winter","high"
"37917","12/30/2024","19:00","32.218","open","high_gate","winter","high"
"38017","12/31/2024","1:00","32.218","open","high_gate","winter","high"
"38121","12/31/2024","7:00","32.218","open","high_gate","winter","high"
"38219","12/31/2024","13:00","32.218","open","high_gate","winter","high"
"38317","12/31/2024","19:00","32.218","open","high_gate","winter","high"
"38417","1/1/2025","1:00","32.218","open","high_gate","winter","high"
"38517","1/1/2025","7:00","32.218","open","high_gate","winter","high"
"38617","1/1/2025","13:00","32.218","open","high_gate","winter","high"
"38717","1/1/2025","19:00","32.218","open","high_gate","winter","high"
"38817","1/2/2025","1:00","32.218","open","high_gate","winter","high"
"38917","1/2/2025","7:00","32.218","open","high_gate","winter","high"
"39017","1/2/2025","13:00","32.218","open","high_gate","winter","high"
"39121","1/2/2025","19:00","32.218","open","high_gate","winter","high"
"39219","1/3/2025","1:00","32.218","open","high_gate","winter","high"
"39317","1/3/2025","7:00","32.218","open","high_gate","winter","high"
"39417","1/3/2025","13:00","32.218","open","high_gate","winter","high"
"39517","1/3/2025","19:00","32.218","open","high_gate","winter","high"
"39617","1/4/2025","1:00","32.218","open","high_gate","winter","high"
"39717","1/4/2025","7:00","32.218","open","high_gate","winter","high"
"39817","1/4/2025","13:00","32.218","open","high_gate","winter","high"
"39917","1/4/2025","19:00","32.218","open","high_gate","winter","high"
"40017","1/5/2025","1:00","32.218","open","high_gate","winter","high"
"40121","1/5/2025","7:00","32.218","open","high_gate","winter","high"
"40219","1/5/2025","13:00","32.218","open","high_gate","winter","high"
"40317","1/5/2025","19:00","32.418","open","high_gate","winter","high"
"40417","1/6/2025","1:00","32.418","open","high_gate","winter","high"
"40517","1/6/2025","7:00","32.218","open","high_gate","winter","high"
"40617","1/6/2025","13:00","32.418","open","high_gate","winter","high"
"40717","1/6/2025","19:00","32.218","open","high_gate","winter","high"
"40817","1/7/2025","1:00","32.418","open","high_gate","winter","high"
"40917","1/7/2025","7:00","32.418","open","high_gate","winter","high"
"41021","1/7/2025","13:00","32.418","open","high_gate","winter","high"
"41121","1/7/2025","19:00","32.418","open","high_gate","winter","high"
"41220","1/8/2025","1:00","32.418","open","high_gate","winter","high"
"41318","1/8/2025","7:00","32.418","open","high_gate","winter","high"
"41418","1/8/2025","13:00","32.418","open","high_gate","winter","high"
"41517","1/8/2025","19:00","32.418","open","high_gate","winter","high"
"41617","1/9/2025","1:00","32.418","open","high_gate","winter","high"
"41717","1/9/2025","7:00","32.418","open","high_gate","winter","high"
"41817","1/9/2025","13:00","32.418","open","high_gate","winter","high"
"41917","1/9/2025","19:00","32.418","open","high_gate","winter","high"
"42017","1/10/2025","1:00","32.418","open","high_gate","winter","high"
"42121","1/10/2025","7:00","32.418","open","high_gate","winter","high"
"42219","1/10/2025","13:00","32.418","open","high_gate","winter","high"
"42317","1/10/2025","19:00","32.418","open","high_gate","winter","high"
"42417","1/11/2025","1:00","32.418","open","high_gate","winter","high"
"42517","1/11/2025","7:00","32.418","open","high_gate","winter","high"
"42617","1/11/2025","13:00","32.418","open","high_gate","winter","high"
"42717","1/11/2025","19:00","32.418","open","high_gate","winter","high"
"42817","1/12/2025","1:00","32.418","open","high_gate","winter","high"
"42917","1/12/2025","7:00","32.418","open","high_gate","winter","high"
"43017","1/12/2025","13:00","32.418","open","high_gate","winter","high"
"43121","1/12/2025","19:00","32.418","open","high_gate","winter","high"
"43219","1/13/2025","1:00","32.418","open","high_gate","winter","high"
"43317","1/13/2025","7:00","32.418","open","high_gate","winter","high"
"43417","1/13/2025","13:00","32.418","open","high_gate","winter","high"
"43517","1/13/2025","19:00","32.418","open","high_gate","winter","high"
"43617","1/14/2025","1:00","32.418","open","high_gate","winter","high"
"43717","1/14/2025","7:00","32.418","open","high_gate","winter","high"
"43816","1/14/2025","13:00","32.418","open","high_gate","winter","high"
"43916","1/14/2025","19:00","32.418","open","high_gate","winter","high"
"44016","1/15/2025","1:00","32.418","open","high_gate","winter","high"
"44120","1/15/2025","7:00","32.418","open","high_gate","winter","high"
"44218","1/15/2025","13:00","32.418","open","high_gate","winter","high"
"44316","1/15/2025","19:00","32.418","open","high_gate","winter","high"
"44416","1/16/2025","1:00","32.418","open","high_gate","winter","high"
"44516","1/16/2025","7:00","32.418","open","high_gate","winter","high"
"44616","1/16/2025","13:00","32.418","open","high_gate","winter","high"
"44716","1/16/2025","19:00","32.418","open","high_gate","winter","high"
"44816","1/17/2025","1:00","32.418","open","high_gate","winter","high"
"44916","1/17/2025","7:00","32.418","open","high_gate","winter","high"
"45016","1/17/2025","13:00","32.418","open","high_gate","winter","high"
"45120","1/17/2025","19:00","32.418","open","high_gate","winter","high"
"45218","1/18/2025","1:00","32.418","open","high_gate","winter","high"
"45316","1/18/2025","7:00","32.418","open","high_gate","winter","high"
"45416","1/18/2025","13:00","32.418","open","high_gate","winter","high"
"45516","1/18/2025","19:00","32.418","open","high_gate","winter","high"
"45616","1/19/2025","1:00","32.418","open","high_gate","winter","high"
"45716","1/19/2025","7:00","32.418","open","high_gate","winter","high"
"45816","1/19/2025","13:00","32.418","open","high_gate","winter","high"
"45916","1/19/2025","19:00","32.418","open","high_gate","winter","high"
"46016","1/20/2025","1:00","32.418","open","high_gate","winter","high"
"46120","1/20/2025","7:00","32.418","open","high_gate","winter","high"
"46218","1/20/2025","13:00","32.218","open","high_gate","winter","high"
"46316","1/20/2025","19:00","32.218","open","high_gate","winter","high"
"46416","1/21/2025","1:00","32.218","open","high_gate","winter","high"
"46516","1/21/2025","7:00","32.218","open","high_gate","winter","high"
"46613","1/21/2025","13:00","32.218","open","high_gate","winter","high"
"46713","1/21/2025","19:00","32.018","open","high_gate","winter","high"
"46812","1/22/2025","1:00","32.018","open","high_gate","winter","high"
"46911","1/22/2025","7:00","32.018","open","high_gate","winter","high"
"47011","1/22/2025","13:00","32.018","open","high_gate","winter","high"
"47115","1/22/2025","19:00","32.018","open","high_gate","winter","high"
"47213","1/23/2025","1:00","32.018","open","high_gate","winter","high"
"47313","1/23/2025","7:00","32.018","open","high_gate","winter","high"
"47413","1/23/2025","13:00","31.816","open","high_gate","winter","high"
"47512","1/23/2025","19:00","31.816","open","high_gate","winter","high"
"47611","1/24/2025","1:00","31.816","open","high_gate","winter","high"
"47711","1/24/2025","7:00","31.816","open","high_gate","winter","high"
"47811","1/24/2025","13:00","31.816","open","high_gate","winter","high"
"47911","1/24/2025","19:00","31.816","open","high_gate","winter","high"
"48011","1/25/2025","1:00","31.816","open","high_gate","winter","high"
"48115","1/25/2025","7:00","31.816","open","high_gate","winter","high"
"48213","1/25/2025","13:00","31.816","open","high_gate","winter","high"
"48313","1/25/2025","19:00","31.816","open","high_gate","winter","high"
"48413","1/26/2025","1:00","31.816","open","high_gate","winter","high"
"48512","1/26/2025","7:00","31.617","open","high_gate","winter","high"
"48611","1/26/2025","13:00","31.617","open","high_gate","winter","high"
"48711","1/26/2025","19:00","31.617","open","high_gate","winter","high"
"48811","1/27/2025","1:00","31.617","open","high_gate","winter","high"
"48911","1/27/2025","7:00","31.415","open","high_gate","winter","high"
"49011","1/27/2025","13:00","31.415","open","high_gate","winter","high"
"49115","1/27/2025","19:00","31.415","open","high_gate","winter","high"
"49213","1/28/2025","1:00","31.415","open","high_gate","winter","high"
"49313","1/28/2025","7:00","31.415","open","high_gate","winter","high"
"49413","1/28/2025","13:00","31.213","open","high_gate","winter","high"
"49512","1/28/2025","19:00","31.213","open","high_gate","winter","high"
"49611","1/29/2025","1:00","31.415","open","high_gate","winter","high"
"49711","1/29/2025","7:00","31.415","open","high_gate","winter","high"
"49811","1/29/2025","13:00","31.213","open","high_gate","winter","high"
"49911","1/29/2025","19:00","31.213","open","high_gate","winter","high"
"50011","1/30/2025","1:00","31.415","open","high_gate","winter","high"
"50115","1/30/2025","7:00","31.415","open","high_gate","winter","high"
"50213","1/30/2025","13:00","31.213","open","high_gate","winter","high"
"50313","1/30/2025","19:00","31.213","open","high_gate","winter","high"
"50413","1/31/2025","1:00","31.213","open","high_gate","winter","high"
"50512","1/31/2025","7:00","31.213","open","high_gate","winter","high"
"50611","1/31/2025","13:00","31.213","open","high_gate","winter","high"
"50711","1/31/2025","19:00","31.213","open","high_gate","winter","high"
"50811","2/1/2025","1:00","31.415","open","high_gate","winter","high"
"50911","2/1/2025","7:00","31.415","open","high_gate","winter","high"
"51015","2/1/2025","13:00","31.617","open","high_gate","winter","high"
"51115","2/1/2025","19:00","31.617","open","high_gate","winter","high"
"51214","2/2/2025","1:00","31.816","open","high_gate","winter","high"
"51313","2/2/2025","7:00","31.816","open","high_gate","winter","high"
"51413","2/2/2025","13:00","31.816","open","high_gate","winter","high"
"51513","2/2/2025","19:00","32.018","open","high_gate","winter","high"
"51613","2/3/2025","1:00","32.018","open","high_gate","winter","high"
"51713","2/3/2025","7:00","32.018","open","high_gate","winter","high"
"51812","2/3/2025","13:00","32.018","open","high_gate","winter","high"
"51911","2/3/2025","19:00","32.018","open","high_gate","winter","high"
"52011","2/4/2025","1:00","32.018","open","high_gate","winter","high"
"52115","2/4/2025","7:00","32.218","open","high_gate","winter","high"
"52213","2/4/2025","13:00","32.218","open","high_gate","winter","high"
"52313","2/4/2025","19:00","32.218","open","high_gate","winter","high"
"52413","2/5/2025","1:00","32.218","open","high_gate","winter","high"
"52512","2/5/2025","7:00","32.218","open","high_gate","winter","high"
"52611","2/5/2025","13:00","32.218","open","high_gate","winter","high"
"52711","2/5/2025","19:00","32.218","open","high_gate","winter","high"
"52811","2/6/2025","1:00","32.218","open","high_gate","winter","high"
"52911","2/6/2025","7:00","32.218","open","high_gate","winter","high"
"53011","2/6/2025","13:00","32.218","open","high_gate","winter","high"
"53115","2/6/2025","19:00","32.218","open","high_gate","winter","high"
"53213","2/7/2025","1:00","32.218","open","high_gate","winter","high"
"53313","2/7/2025","7:00","32.418","open","high_gate","winter","high"
"53413","2/7/2025","13:00","32.218","open","high_gate","winter","high"
"53512","2/7/2025","19:00","32.418","open","high_gate","winter","high"
"53611","2/8/2025","1:00","32.418","open","high_gate","winter","high"
"53711","2/8/2025","7:00","32.418","open","high_gate","winter","high"
"53811","2/8/2025","13:00","32.218","open","high_gate","winter","high"
"53911","2/8/2025","19:00","32.418","open","high_gate","winter","high"
"54011","2/9/2025","1:00","32.418","open","high_gate","winter","high"
"54115","2/9/2025","7:00","32.218","open","high_gate","winter","high"
"54213","2/9/2025","13:00","32.218","open","high_gate","winter","high"
"54313","2/9/2025","19:00","32.218","open","high_gate","winter","high"
"54413","2/10/2025","1:00","32.218","open","high_gate","winter","high"
"54512","2/10/2025","7:00","32.218","open","high_gate","winter","high"
"54611","2/10/2025","13:00","32.218","open","high_gate","winter","high"
"54711","2/10/2025","19:00","32.218","open","high_gate","winter","high"
"54811","2/11/2025","1:00","32.218","open","high_gate","winter","high"
"54911","2/11/2025","7:00","32.218","open","high_gate","winter","high"
"55011","2/11/2025","13:00","32.218","open","high_gate","winter","high"
"55115","2/11/2025","19:00","32.218","open","high_gate","winter","high"
"55213","2/12/2025","1:00","32.218","open","high_gate","winter","high"
"55313","2/12/2025","7:00","32.218","open","high_gate","winter","high"
"55413","2/12/2025","13:00","32.218","open","high_gate","winter","high"
"55512","2/12/2025","19:00","32.018","open","high_gate","winter","high"
"55611","2/13/2025","1:00","32.018","open","high_gate","winter","high"
"55711","2/13/2025","7:00","32.018","open","high_gate","winter","high"
"55811","2/13/2025","13:00","32.018","open","high_gate","winter","high"
"55911","2/13/2025","19:00","32.018","open","high_gate","winter","high"
"56011","2/14/2025","1:00","31.816","open","high_gate","winter","high"
"56115","2/14/2025","7:00","31.816","open","high_gate","winter","high"
"56213","2/14/2025","13:00","31.816","open","high_gate","winter","high"
"56313","2/14/2025","19:00","31.816","open","high_gate","winter","high"
"56412","2/15/2025","1:00","31.816","open","high_gate","winter","high"
"56511","2/15/2025","7:00","32.018","open","high_gate","winter","high"
"56610","2/15/2025","13:00","32.018","open","high_gate","winter","high"
"56710","2/15/2025","19:00","32.018","open","high_gate","winter","high"
"5689","2/16/2025","1:00","32.018","open","high_gate","winter","high"
"5699","2/16/2025","7:00","32.018","open","high_gate","winter","high"
"5709","2/16/2025","13:00","32.018","open","high_gate","winter","high"
"57113","2/16/2025","19:00","32.018","open","high_gate","winter","high"
"57211","2/17/2025","1:00","32.018","open","high_gate","winter","high"
"57311","2/17/2025","7:00","32.018","open","high_gate","winter","high"
"57411","2/17/2025","13:00","32.218","open","high_gate","winter","high"
"57511","2/17/2025","19:00","32.218","open","high_gate","winter","high"
"57610","2/18/2025","1:00","32.218","open","high_gate","winter","high"
"5779","2/18/2025","7:00","32.218","open","high_gate","winter","high"
"5789","2/18/2025","13:00","32.218","open","high_gate","winter","high"
"5799","2/18/2025","19:00","32.218","open","high_gate","winter","high"
"5809","2/19/2025","1:00","32.218","open","high_gate","winter","high"
"58113","2/19/2025","7:00","32.218","open","high_gate","winter","high"
"58211","2/19/2025","13:00","32.218","open","high_gate","winter","high"
"58311","2/19/2025","19:00","32.218","open","high_gate","winter","high"
"58411","2/20/2025","1:00","32.218","open","high_gate","winter","high"
"58511","2/20/2025","7:00","32.218","open","high_gate","winter","high"
"58610","2/20/2025","13:00","32.218","open","high_gate","winter","high"
"5879","2/20/2025","19:00","32.218","open","high_gate","winter","high"
"5889","2/21/2025","1:00","32.218","open","high_gate","winter","high"
"5899","2/21/2025","7:00","32.218","open","high_gate","winter","high"
"5909","2/21/2025","13:00","32.218","open","high_gate","winter","high"
"59113","2/21/2025","19:00","32.218","open","high_gate","winter","high"
"59211","2/22/2025","1:00","32.218","open","high_gate","winter","high"
"59311","2/22/2025","7:00","32.218","open","high_gate","winter","high"
"59411","2/22/2025","13:00","32.218","open","high_gate","winter","high"
"59511","2/22/2025","19:00","32.218","open","high_gate","winter","high"
"59610","2/23/2025","1:00","32.218","open","high_gate","winter","high"
"5979","2/23/2025","7:00","32.218","open","high_gate","winter","high"
"5989","2/23/2025","13:00","32.218","open","high_gate","winter","high"
"5999","2/23/2025","19:00","32.418","open","high_gate","winter","high"
"6009","2/24/2025","1:00","32.218","open","high_gate","winter","high"
"60113","2/24/2025","7:00","32.218","open","high_gate","winter","high"
"60211","2/24/2025","13:00","32.218","open","high_gate","winter","high"
"60311","2/24/2025","19:00","32.418","open","high_gate","winter","high"
"60411","2/25/2025","1:00","32.218","open","high_gate","winter","high"
"60511","2/25/2025","7:00","32.418","open","high_gate","winter","high"
"60610","2/25/2025","13:00","32.418","open","high_gate","winter","high"
"6079","2/25/2025","19:00","32.418","open","high_gate","winter","high"
"6089","2/26/2025","1:00","32.418","open","high_gate","winter","high"
"6099","2/26/2025","7:00","32.418","open","high_gate","winter","high"
"61011","2/26/2025","13:00","32.418","open","high_gate","winter","high"
"61113","2/26/2025","19:00","32.418","open","high_gate","winter","high"
"61211","2/27/2025","1:00","32.418","open","high_gate","winter","high"
"61311","2/27/2025","7:00","32.418","open","high_gate","winter","high"
"61411","2/27/2025","13:00","32.418","open","high_gate","winter","high"
"61511","2/27/2025","19:00","32.418","open","high_gate","winter","high"
"61611","2/28/2025","1:00","32.418","open","high_gate","winter","high"
"61710","2/28/2025","7:00","32.418","open","high_gate","winter","high"
"61810","2/28/2025","13:00","32.418","open","high_gate","winter","high"
"61910","2/28/2025","19:00","32.418","open","high_gate","winter","high"
"6209","3/1/2025","1:00","32.418","open","high_gate","winter","high"
"62113","3/1/2025","7:00","32.418","open","high_gate","winter","high"
"62211","3/1/2025","13:00","32.418","open","high_gate","winter","high"
"62311","3/1/2025","19:00","32.418","open","high_gate","winter","high"
"62411","3/2/2025","1:00","32.418","open","high_gate","winter","high"
"62511","3/2/2025","7:00","32.418","open","high_gate","winter","high"
"62610","3/2/2025","13:00","32.418","open","high_gate","winter","high"
"6279","3/2/2025","19:00","32.418","open","high_gate","winter","high"
"6289","3/3/2025","1:00","32.418","open","high_gate","winter","high"
"6299","3/3/2025","7:00","32.418","open","high_gate","winter","high"
"6309","3/3/2025","13:00","32.418","open","high_gate","winter","high"
"63113","3/3/2025","19:00","32.418","open","high_gate","winter","high"
"63211","3/4/2025","1:00","32.418","open","high_gate","winter","high"
"63311","3/4/2025","7:00","32.418","open","high_gate","winter","high"
"63411","3/4/2025","13:00","32.418","open","high_gate","winter","high"
"63510","3/4/2025","19:00","32.418","open","high_gate","winter","high"
"6365","3/5/2025","1:00","32.418","open","high_gate","winter","high"
"6375","3/5/2025","7:00","32.418","open","high_gate","winter","high"
"6385","3/5/2025","13:00","32.418","open","high_gate","winter","high"
"6393","3/5/2025","19:00","32.418","open","high_gate","winter","high"
"6403","3/6/2025","1:00","32.418","open","high_gate","winter","high"
"64111","3/6/2025","7:00","32.418","open","high_gate","winter","high"
"6428","3/6/2025","13:00","32.418","open","high_gate","winter","high"
"6433","3/6/2025","19:00","32.418","open","high_gate","winter","high"
"6443","3/7/2025","1:00","32.418","open","high_gate","winter","high"
"6453","3/7/2025","7:00","32.418","open","high_gate","winter","high"
"6463","3/7/2025","13:00","32.617","open","high_gate","winter","high"
"6473","3/7/2025","19:00","32.617","open","high_gate","winter","high"
"6483","3/8/2025","1:00","32.617","open","high_gate","winter","high"
"6492","3/8/2025","7:00","32.617","open","high_gate","winter","high"
"6502","3/8/2025","13:00","32.617","open","high_gate","winter","high"
"65111","3/8/2025","19:00","32.617","open","high_gate","winter","high"
"6528","3/9/2025","1:00","32.617","open","high_gate","winter","high"
"6533","3/9/2025","7:00","32.617","open","high_gate","winter","high"
"6543","3/9/2025","13:00","32.617","open","high_gate","winter","high"
"6553","3/9/2025","19:00","32.617","open","high_gate","winter","high"
"6562","3/10/2025","1:00","32.617","open","high_gate","winter","high"
"6572","3/10/2025","7:00","32.617","open","high_gate","winter","high"
"6582","3/10/2025","13:00","32.617","open","high_gate","winter","high"
"6592","3/10/2025","19:00","32.617","open","high_gate","winter","high"
"6602","3/11/2025","1:00","32.617","open","high_gate","winter","high"
"66111","3/11/2025","7:00","32.617","open","high_gate","winter","high"
"6628","3/11/2025","13:00","32.617","open","high_gate","winter","high"
"6633","3/11/2025","19:00","32.617","open","high_gate","winter","high"
"6643","3/12/2025","1:00","32.617","open","high_gate","winter","high"
"6653","3/12/2025","7:00","32.617","open","high_gate","winter","high"
"6662","3/12/2025","13:00","32.815","open","high_gate","winter","high"
"6672","3/12/2025","19:00","32.617","open","high_gate","winter","high"
"6682","3/13/2025","1:00","32.617","open","high_gate","winter","high"
"6692","3/13/2025","7:00","32.617","open","high_gate","winter","high"
"6702","3/13/2025","13:00","32.617","open","high_gate","winter","high"
"67111","3/13/2025","19:00","32.617","open","high_gate","winter","high"
"6724","3/14/2025","1:00","32.617","open","high_gate","winter","high"
"6732","3/14/2025","7:00","32.617","open","high_gate","winter","high"
"6742","3/14/2025","13:00","32.617","open","high_gate","winter","high"
"6752","3/14/2025","19:00","32.617","open","high_gate","winter","high"
"6762","3/15/2025","1:00","32.617","open","high_gate","winter","high"
"6772","3/15/2025","7:00","32.617","open","high_gate","winter","high"
"6782","3/15/2025","13:00","32.815","open","high_gate","winter","high"
"6792","3/15/2025","19:00","32.815","open","high_gate","winter","high"
"6802","3/16/2025","1:00","32.815","open","high_gate","winter","high"
"68110","3/16/2025","7:00","32.815","open","high_gate","winter","high"
"6823","3/16/2025","13:00","32.815","open","high_gate","winter","high"
"6832","3/16/2025","19:00","32.815","open","high_gate","winter","high"
"6842","3/17/2025","1:00","32.617","open","high_gate","winter","high"
"6852","3/17/2025","7:00","32.617","open","high_gate","winter","high"
"6862","3/17/2025","13:00","32.815","open","high_gate","winter","high"
"6872","3/17/2025","19:00","32.815","open","high_gate","winter","high"
"6882","3/18/2025","1:00","32.815","open","high_gate","winter","high"
"6892","3/18/2025","7:00","32.617","open","high_gate","winter","high"
"6902","3/18/2025","13:00","32.815","open","high_gate","winter","high"
"69110","3/18/2025","19:00","32.815","open","high_gate","winter","high"
"6923","3/19/2025","1:00","32.815","open","high_gate","winter","high"
"6932","3/19/2025","7:00","32.815","open","high_gate","winter","high"
"6942","3/19/2025","13:00","32.815","open","high_gate","winter","high"
"6952","3/19/2025","19:00","32.815","open","high_gate","winter","high"
"6962","3/20/2025","1:00","32.815","open","high_gate","winter","high"
"6972","3/20/2025","7:00","32.815","open","high_gate","winter","high"
"6982","3/20/2025","13:00","32.815","open","high_gate","winter","high"
"6992","3/20/2025","19:00","32.815","open","high_gate","winter","high"
"7001","3/21/2025","1:00","32.815","open","high_gate","winter","high"
"70110","3/21/2025","7:00","32.815","open","high_gate","winter","high"
"7023","3/21/2025","13:00","33.013","open","high_gate","winter","high"
"7032","3/21/2025","19:00","32.815","open","high_gate","winter","high"
"7042","3/22/2025","1:00","32.815","open","high_gate","winter","high"
"7052","3/22/2025","7:00","32.815","open","high_gate","winter","high"
"7062","3/22/2025","13:00","32.815","open","high_gate","winter","high"
"7072","3/22/2025","19:00","33.013","open","high_gate","winter","high"
"7082","3/23/2025","1:00","32.815","open","high_gate","winter","high"
"7092","3/23/2025","7:00","32.815","open","high_gate","winter","high"
"7106","3/23/2025","13:00","33.013","open","high_gate","winter","high"
"71111","3/23/2025","19:00","33.013","open","high_gate","winter","high"
"7126","3/24/2025","1:00","32.815","open","high_gate","winter","high"
"7132","3/24/2025","7:00","32.815","open","high_gate","winter","high"
"7142","3/24/2025","13:00","33.013","open","high_gate","winter","high"
"7152","3/24/2025","19:00","32.815","open","high_gate","winter","high"
"7162","3/25/2025","1:00","32.815","open","high_gate","winter","high"
"7172","3/25/2025","7:00","32.815","open","high_gate","winter","high"
"7182","3/25/2025","13:00","33.013","open","high_gate","winter","high"
"7192","3/25/2025","19:00","32.815","open","high_gate","winter","high"
"7202","3/26/2025","1:00","32.617","open","high_gate","winter","high"
"72111","3/26/2025","7:00","32.815","open","high_gate","winter","high"
"7224","3/26/2025","13:00","33.013","open","high_gate","winter","high"
"7232","3/26/2025","19:00","32.815","open","high_gate","winter","high"
"7242","3/27/2025","1:00","32.617","open","high_gate","winter","high"
"7252","3/27/2025","7:00","32.617","open","high_gate","winter","high"
"7262","3/27/2025","13:00","33.013","open","high_gate","winter","high"
"7272","3/27/2025","19:00","32.815","open","high_gate","winter","high"
"7282","3/28/2025","1:00","32.617","open","high_gate","winter","high"
"7292","3/28/2025","7:00","32.617","open","high_gate","winter","high"
"7302","3/28/2025","13:00","33.213","open","high_gate","winter","high"
"73110","3/28/2025","19:00","33.013","open","high_gate","winter","high"
"7323","3/29/2025","1:00","32.617","open","high_gate","winter","high"
"7332","3/29/2025","7:00","32.617","open","high_gate","winter","high"
"7342","3/29/2025","13:00","33.607","open","high_gate","winter","high"
"7352","3/29/2025","19:00","33.213","open","high_gate","winter","high"
"7362","3/30/2025","1:00","32.815","open","high_gate","winter","high"
"7372","3/30/2025","7:00","32.617","open","high_gate","winter","high"
"7382","3/30/2025","13:00","33.013","open","high_gate","winter","high"
"7392","3/30/2025","19:00","34.002","open","high_gate","winter","high"
"7402","3/31/2025","1:00","33.013","open","high_gate","winter","high"
"74110","3/31/2025","7:00","32.815","open","high_gate","winter","high"
"7423","3/31/2025","13:00","34.002","open","high_gate","winter","high"
"7432","3/31/2025","19:00","34.002","open","high_gate","winter","high"
"7442","4/1/2025","1:00","33.013","open","high_gate","winter","high"
"7452","4/1/2025","7:00","32.815","open","high_gate","winter","high"
"7462","4/1/2025","13:00","35.37","open","high_gate","winter","high"
"7472","4/1/2025","19:00","34.981","open","high_gate","winter","high"
"7482","4/2/2025","1:00","33.013","open","high_gate","winter","high"
"7492","4/2/2025","7:00","32.617","open","high_gate","winter","high"
"7502","4/2/2025","13:00","33.013","open","high_gate","winter","high"
"75110","4/2/2025","19:00","35.37","open","high_gate","winter","high"
"7523","4/3/2025","1:00","33.213","open","high_gate","winter","high"
"7532","4/3/2025","7:00","32.815","open","high_gate","winter","high"
"7542","4/3/2025","13:00","34.981","open","high_gate","winter","high"
"7552","4/3/2025","19:00","42.363","open","high_gate","winter","high"
"7562","4/4/2025","1:00","33.607","open","high_gate","winter","high"
"7572","4/4/2025","7:00","32.815","open","high_gate","winter","high"
"7582","4/4/2025","13:00","33.213","open","high_gate","winter","high"
"7592","4/4/2025","19:00","45.466","open","high_gate","winter","high"
"7602","4/5/2025","1:00","34.002","open","high_gate","winter","high"
"76110","4/5/2025","7:00","32.617","open","high_gate","winter","high"
"7623","4/5/2025","13:00","33.013","open","high_gate","winter","high"
"7632","4/5/2025","19:00","49.582","open","high_gate","winter","high"
"7642","4/6/2025","1:00","34.981","open","high_gate","winter","high"
"7652","4/6/2025","7:00","33.213","open","high_gate","winter","high"
"7662","4/6/2025","13:00","43.466","open","high_gate","winter","high"
"7672","4/6/2025","19:00","52.225","open","high_gate","winter","high"
"7682","4/7/2025","1:00","36.914","open","high_gate","winter","high"
"7692","4/7/2025","7:00","34.002","open","high_gate","winter","high"
"7702","4/7/2025","13:00","46.548","open","high_gate","winter","high"
"77110","4/7/2025","19:00","46.908","open","high_gate","winter","high"
"7723","4/8/2025","1:00","42.179","open","high_gate","winter","high"
"7732","4/8/2025","7:00","40.509","open","high_gate","winter","high"
"7742","4/8/2025","13:00","49.228","open","high_gate","winter","high"
"7752","4/8/2025","19:00","46.548","open","high_gate","winter","high"
"7762","4/9/2025","1:00","36.914","open","high_gate","winter","high"
"7772","4/9/2025","7:00","34.394","open","high_gate","winter","high"
"7782","4/9/2025","13:00","53.449","open","high_gate","winter","high"
"7792","4/9/2025","19:00","53.623","open","high_gate","winter","high"
"7802","4/10/2025","1:00","38.44","open","high_gate","winter","high"
"78110","4/10/2025","7:00","34.981","open","high_gate","winter","high"
"7823","4/10/2025","13:00","55.189","open","high_gate","winter","high"
"7832","4/10/2025","19:00","57.958","open","high_gate","winter","high"
"7842","4/11/2025","1:00","42.732","open","high_gate","winter","high"
"7852","4/11/2025","7:00","38.25","open","high_gate","winter","high"
"7862","4/11/2025","13:00","56.577","open","high_gate","winter","high"
"7872","4/11/2025","19:00","51.874","open","high_gate","winter","high"
"7882","4/12/2025","1:00","44.56","open","high_gate","winter","high"
"7892","4/12/2025","7:00","41.625","open","high_gate","winter","high"
"7902","4/12/2025","13:00","57.441","open","high_gate","winter","high"
"79110","4/12/2025","19:00","53.623","open","high_gate","winter","high"
"7923","4/13/2025","1:00","38.629","open","high_gate","winter","high"
"7932","4/13/2025","7:00","34.59","open","high_gate","winter","high"
"7942","4/13/2025","13:00","48.695","open","high_gate","winter","high"
"7952","4/13/2025","19:00","53.274","open","high_gate","winter","high"
"7962","4/14/2025","1:00","37.679","open","high_gate","winter","high"
"7972","4/14/2025","7:00","34.198","open","high_gate","winter","high"
"7982","4/14/2025","13:00","53.623","open","high_gate","winter","high"
"7992","4/14/2025","19:00","57.441","open","high_gate","winter","high"
"8001","4/15/2025","1:00","40.509","open","high_gate","winter","high"
"80110","4/15/2025","7:00","35.951","open","high_gate","winter","high"
"8022","4/15/2025","13:00","72.718","open","high_gate","winter","high"
"8031","4/15/2025","19:00","74.619","open","high_gate","winter","high"
"8041","4/16/2025","1:00","73.407","open","high_gate","winter","high"
"8051","4/16/2025","7:00","72.545","open","high_gate","winter","high"
"2900","9/27/2024","13:00","64.31","cage","low_gate","winter","low"
"3900","9/27/2024","19:00","72.372","cage","low_gate","winter","low"
"4800","9/28/2024","1:00","60.539","cage","low_gate","winter","low"
"5400","9/28/2024","7:00","55.711","cage","low_gate","winter","low"
"6200","9/28/2024","13:00","65.851","cage","low_gate","winter","low"
"7107","9/28/2024","19:00","73.58","cage","low_gate","winter","low"
"8105","9/29/2024","1:00","61.569","cage","low_gate","winter","low"
"9105","9/29/2024","7:00","57.441","cage","low_gate","winter","low"
"10105","9/29/2024","13:00","65.851","cage","low_gate","winter","low"
"11105","9/29/2024","19:00","70.995","cage","low_gate","winter","low"
"12105","9/30/2024","1:00","59.164","cage","low_gate","winter","low"
"13105","9/30/2024","7:00","53.973","cage","low_gate","winter","low"
"14105","9/30/2024","13:00","59.337","cage","low_gate","winter","low"
"15105","9/30/2024","19:00","64.652","cage","low_gate","winter","low"
"16105","10/1/2024","1:00","53.274","cage","low_gate","winter","low"
"17105","10/1/2024","7:00","48.339","cage","low_gate","winter","low"
"18105","10/1/2024","13:00","57.958","cage","low_gate","winter","low"
"19105","10/1/2024","19:00","65.68","cage","low_gate","winter","low"
"20105","10/2/2024","1:00","53.798","cage","low_gate","winter","low"
"21109","10/2/2024","7:00","48.871","cage","low_gate","winter","low"
"22106","10/2/2024","13:00","57.785","cage","low_gate","winter","low"
"23105","10/2/2024","19:00","65.851","cage","low_gate","winter","low"
"24105","10/3/2024","1:00","55.537","cage","low_gate","winter","low"
"25105","10/3/2024","7:00","50.643","cage","low_gate","winter","low"
"26105","10/3/2024","13:00","59.337","cage","low_gate","winter","low"
"27105","10/3/2024","19:00","64.996","cage","low_gate","winter","low"
"28105","10/4/2024","1:00","53.1","cage","low_gate","winter","low"
"29105","10/4/2024","7:00","48.695","cage","low_gate","winter","low"
"30105","10/4/2024","13:00","60.368","cage","low_gate","winter","low"
"31109","10/4/2024","19:00","66.366","cage","low_gate","winter","low"
"32106","10/5/2024","1:00","57.958","cage","low_gate","winter","low"
"33105","10/5/2024","7:00","53.623","cage","low_gate","winter","low"
"34105","10/5/2024","13:00","61.054","cage","low_gate","winter","low"
"35105","10/5/2024","19:00","66.366","cage","low_gate","winter","low"
"36105","10/6/2024","1:00","54.147","cage","low_gate","winter","low"
"37105","10/6/2024","7:00","49.228","cage","low_gate","winter","low"
"38105","10/6/2024","13:00","59.851","cage","low_gate","winter","low"
"39105","10/6/2024","19:00","66.708","cage","low_gate","winter","low"
"40105","10/7/2024","1:00","55.017","cage","low_gate","winter","low"
"41109","10/7/2024","7:00","50.29","cage","low_gate","winter","low"
"42106","10/7/2024","13:00","60.883","cage","low_gate","winter","low"
"43105","10/7/2024","19:00","66.193","cage","low_gate","winter","low"
"44105","10/8/2024","1:00","54.322","cage","low_gate","winter","low"
"45105","10/8/2024","7:00","49.937","cage","low_gate","winter","low"
"46103","10/8/2024","13:00","61.054","cage","low_gate","winter","low"
"47101","10/8/2024","19:00","66.708","cage","low_gate","winter","low"
"48100","10/9/2024","1:00","55.711","cage","low_gate","winter","low"
"49100","10/9/2024","7:00","50.819","cage","low_gate","winter","low"
"50100","10/9/2024","13:00","62.254","cage","low_gate","winter","low"
"51104","10/9/2024","19:00","66.366","cage","low_gate","winter","low"
"52102","10/10/2024","1:00","56.923","cage","low_gate","winter","low"
"53100","10/10/2024","7:00","53.798","cage","low_gate","winter","low"
"54100","10/10/2024","13:00","61.398","cage","low_gate","winter","low"
"55100","10/10/2024","19:00","62.94","cage","low_gate","winter","low"
"5690","10/11/2024","1:00","56.057","cage","low_gate","winter","low"
"5780","10/11/2024","7:00","51.172","cage","low_gate","winter","low"
"5880","10/11/2024","13:00","59.508","cage","low_gate","winter","low"
"5980","10/11/2024","19:00","63.968","cage","low_gate","winter","low"
"6080","10/12/2024","1:00","55.364","cage","low_gate","winter","low"
"61101","10/12/2024","7:00","51.172","cage","low_gate","winter","low"
"6280","10/12/2024","13:00","61.741","cage","low_gate","winter","low"
"6360","10/12/2024","19:00","66.537","cage","low_gate","winter","low"
"6429","10/13/2024","1:00","56.057","cage","low_gate","winter","low"
"6529","10/13/2024","7:00","52.75","cage","low_gate","winter","low"
"6629","10/13/2024","13:00","63.111","cage","low_gate","winter","low"
"6725","10/13/2024","19:00","67.906","cage","low_gate","winter","low"
"6824","10/14/2024","1:00","56.577","cage","low_gate","winter","low"
"6924","10/14/2024","7:00","52.225","cage","low_gate","winter","low"
"7024","10/14/2024","13:00","62.769","cage","low_gate","winter","low"
"7127","10/14/2024","19:00","67.392","cage","low_gate","winter","low"
"7225","10/15/2024","1:00","55.537","cage","low_gate","winter","low"
"7324","10/15/2024","7:00","50.466","cage","low_gate","winter","low"
"7424","10/15/2024","13:00","61.741","cage","low_gate","winter","low"
"7524","10/15/2024","19:00","66.366","cage","low_gate","winter","low"
"7624","10/16/2024","1:00","55.364","cage","low_gate","winter","low"
"7724","10/16/2024","7:00","50.643","cage","low_gate","winter","low"
"7824","10/16/2024","13:00","60.883","cage","low_gate","winter","low"
"7924","10/16/2024","19:00","64.31","cage","low_gate","winter","low"
"8023","10/17/2024","1:00","57.441","cage","low_gate","winter","low"
"8125","10/17/2024","7:00","52.401","cage","low_gate","winter","low"
"8223","10/17/2024","13:00","54.669","cage","low_gate","winter","low"
"8321","10/17/2024","19:00","51.346","cage","low_gate","winter","low"
"8421","10/18/2024","1:00","46.728","cage","low_gate","winter","low"
"8521","10/18/2024","7:00","44.742","cage","low_gate","winter","low"
"8621","10/18/2024","13:00","49.937","cage","low_gate","winter","low"
"8721","10/18/2024","19:00","52.925","cage","low_gate","winter","low"
"8821","10/19/2024","1:00","43.831","cage","low_gate","winter","low"
"8921","10/19/2024","7:00","40.696","cage","low_gate","winter","low"
"9021","10/19/2024","13:00","51.874","cage","low_gate","winter","low"
"9125","10/19/2024","19:00","56.057","cage","low_gate","winter","low"
"9223","10/20/2024","1:00","46.369","cage","low_gate","winter","low"
"9321","10/20/2024","7:00","42.179","cage","low_gate","winter","low"
"9421","10/20/2024","13:00","53.798","cage","low_gate","winter","low"
"9521","10/20/2024","19:00","58.82","cage","low_gate","winter","low"
"9621","10/21/2024","1:00","49.582","cage","low_gate","winter","low"
"9721","10/21/2024","7:00","46.188","cage","low_gate","winter","low"
"9821","10/21/2024","13:00","53.973","cage","low_gate","winter","low"
"9921","10/21/2024","19:00","57.785","cage","low_gate","winter","low"
"10021","10/22/2024","1:00","50.995","cage","low_gate","winter","low"
"10125","10/22/2024","7:00","46.188","cage","low_gate","winter","low"
"10223","10/22/2024","13:00","50.995","cage","low_gate","winter","low"
"10321","10/22/2024","19:00","52.75","cage","low_gate","winter","low"
"10421","10/23/2024","1:00","44.742","cage","low_gate","winter","low"
"10521","10/23/2024","7:00","42.179","cage","low_gate","winter","low"
"10621","10/23/2024","13:00","51.346","cage","low_gate","winter","low"
"10721","10/23/2024","19:00","52.05","cage","low_gate","winter","low"
"10821","10/24/2024","1:00","48.695","cage","low_gate","winter","low"
"10921","10/24/2024","7:00","44.013","cage","low_gate","winter","low"
"11021","10/24/2024","13:00","47.624","cage","low_gate","winter","low"
"11125","10/24/2024","19:00","44.56","cage","low_gate","winter","low"
"11223","10/25/2024","1:00","42.548","cage","low_gate","winter","low"
"11321","10/25/2024","7:00","39.947","cage","low_gate","winter","low"
"11421","10/25/2024","13:00","47.982","cage","low_gate","winter","low"
"11521","10/25/2024","19:00","50.995","cage","low_gate","winter","low"
"11621","10/26/2024","1:00","44.742","cage","low_gate","winter","low"
"11721","10/26/2024","7:00","39.573","cage","low_gate","winter","low"
"11821","10/26/2024","13:00","49.937","cage","low_gate","winter","low"
"11921","10/26/2024","19:00","53.973","cage","low_gate","winter","low"
"12021","10/27/2024","1:00","43.466","cage","low_gate","winter","low"
"12125","10/27/2024","7:00","41.625","cage","low_gate","winter","low"
"12223","10/27/2024","13:00","50.995","cage","low_gate","winter","low"
"12321","10/27/2024","19:00","54.322","cage","low_gate","winter","low"
"12421","10/28/2024","1:00","44.56","cage","low_gate","winter","low"
"12521","10/28/2024","7:00","40.509","cage","low_gate","winter","low"
"12621","10/28/2024","13:00","44.013","cage","low_gate","winter","low"
"12721","10/28/2024","19:00","45.648","cage","low_gate","winter","low"
"12821","10/29/2024","1:00","41.994","cage","low_gate","winter","low"
"12921","10/29/2024","7:00","39.573","cage","low_gate","winter","low"
"13021","10/29/2024","13:00","43.831","cage","low_gate","winter","low"
"13125","10/29/2024","19:00","44.013","cage","low_gate","winter","low"
"13223","10/30/2024","1:00","39.947","cage","low_gate","winter","low"
"13321","10/30/2024","7:00","37.107","cage","low_gate","winter","low"
"13421","10/30/2024","13:00","43.466","cage","low_gate","winter","low"
"13521","10/30/2024","19:00","44.195","cage","low_gate","winter","low"
"13621","10/31/2024","1:00","35.175","cage","low_gate","winter","low"
"13721","10/31/2024","7:00","34.786","cage","low_gate","winter","low"
"13821","10/31/2024","13:00","36.338","cage","low_gate","winter","low"
"13921","10/31/2024","19:00","36.914","cage","low_gate","winter","low"
"14021","11/1/2024","1:00","36.723","cage","low_gate","winter","low"
"14125","11/1/2024","7:00","36.531","cage","low_gate","winter","low"
"14223","11/1/2024","13:00","36.914","cage","low_gate","winter","low"
"14321","11/1/2024","19:00","39.573","cage","low_gate","winter","low"
"14421","11/2/2024","1:00","35.564","cage","low_gate","winter","low"
"14521","11/2/2024","7:00","34.59","cage","low_gate","winter","low"
"14621","11/2/2024","13:00","34.59","cage","low_gate","winter","low"
"14721","11/2/2024","19:00","36.338","cage","low_gate","winter","low"
"14821","11/3/2024","1:00","36.338","cage","low_gate","winter","low"
"14921","11/3/2024","7:00","34.981","cage","low_gate","winter","low"
"15021","11/3/2024","13:00","39.573","cage","low_gate","winter","low"
"15125","11/3/2024","19:00","38.629","cage","low_gate","winter","low"
"15223","11/4/2024","1:00","34.786","cage","low_gate","winter","low"
"15321","11/4/2024","7:00","33.607","cage","low_gate","winter","low"
"15421","11/4/2024","13:00","33.607","cage","low_gate","winter","low"
"15521","11/4/2024","19:00","36.145","cage","low_gate","winter","low"
"15621","11/5/2024","1:00","34.394","cage","low_gate","winter","low"
"15721","11/5/2024","7:00","33.411","cage","low_gate","winter","low"
"15821","11/5/2024","13:00","33.411","cage","low_gate","winter","low"
"15921","11/5/2024","19:00","34.198","cage","low_gate","winter","low"
"16021","11/6/2024","1:00","32.815","cage","low_gate","winter","low"
"16125","11/6/2024","7:00","31.415","cage","low_gate","winter","low"
"16223","11/6/2024","13:00","32.617","cage","low_gate","winter","low"
"16321","11/6/2024","19:00","34.786","cage","low_gate","winter","low"
"16421","11/7/2024","1:00","32.018","cage","low_gate","winter","low"
"16521","11/7/2024","7:00","30.607","cage","low_gate","winter","low"
"16621","11/7/2024","13:00","32.218","cage","low_gate","winter","low"
"16721","11/7/2024","19:00","33.805","cage","low_gate","winter","low"
"16821","11/8/2024","1:00","32.018","cage","low_gate","winter","low"
"16921","11/8/2024","7:00","31.012","cage","low_gate","winter","low"
"17021","11/8/2024","13:00","32.617","cage","low_gate","winter","low"
"17125","11/8/2024","19:00","34.981","cage","low_gate","winter","low"
"17223","11/9/2024","1:00","32.418","cage","low_gate","winter","low"
"17321","11/9/2024","7:00","31.415","cage","low_gate","winter","low"
"17421","11/9/2024","13:00","33.607","cage","low_gate","winter","low"
"17521","11/9/2024","19:00","36.145","cage","low_gate","winter","low"
"17621","11/10/2024","1:00","32.815","cage","low_gate","winter","low"
"17721","11/10/2024","7:00","32.617","cage","low_gate","winter","low"
"17821","11/10/2024","13:00","35.951","cage","low_gate","winter","low"
"17921","11/10/2024","19:00","37.488","cage","low_gate","winter","low"
"18021","11/11/2024","1:00","34.198","cage","low_gate","winter","low"
"18125","11/11/2024","7:00","33.411","cage","low_gate","winter","low"
"18223","11/11/2024","13:00","40.134","cage","low_gate","winter","low"
"18320","11/11/2024","19:00","41.81","cage","low_gate","winter","low"
"18420","11/12/2024","1:00","38.061","cage","low_gate","winter","low"
"18520","11/12/2024","7:00","37.297","cage","low_gate","winter","low"
"18620","11/12/2024","13:00","38.061","cage","low_gate","winter","low"
"18720","11/12/2024","19:00","38.629","cage","low_gate","winter","low"
"18820","11/13/2024","1:00","34.002","cage","low_gate","winter","low"
"18920","11/13/2024","7:00","32.218","cage","low_gate","winter","low"
"19020","11/13/2024","13:00","32.815","cage","low_gate","winter","low"
"19124","11/13/2024","19:00","34.002","cage","low_gate","winter","low"
"19222","11/14/2024","1:00","32.815","cage","low_gate","winter","low"
"19320","11/14/2024","7:00","31.617","cage","low_gate","winter","low"
"19420","11/14/2024","13:00","32.617","cage","low_gate","winter","low"
"19520","11/14/2024","19:00","34.981","cage","low_gate","winter","low"
"19620","11/15/2024","1:00","32.815","cage","low_gate","winter","low"
"19720","11/15/2024","7:00","32.018","cage","low_gate","winter","low"
"19820","11/15/2024","13:00","32.617","cage","low_gate","winter","low"
"19920","11/15/2024","19:00","32.617","cage","low_gate","winter","low"
"20020","11/16/2024","1:00","32.617","cage","low_gate","winter","low"
"20124","11/16/2024","7:00","32.617","cage","low_gate","winter","low"
"20222","11/16/2024","13:00","33.013","cage","low_gate","winter","low"
"20320","11/16/2024","19:00","33.213","cage","low_gate","winter","low"
"20420","11/17/2024","1:00","32.815","cage","low_gate","winter","low"
"20520","11/17/2024","7:00","32.218","cage","low_gate","winter","low"
"20620","11/17/2024","13:00","32.617","cage","low_gate","winter","low"
"20720","11/17/2024","19:00","33.213","cage","low_gate","winter","low"
"20820","11/18/2024","1:00","33.013","cage","low_gate","winter","low"
"20920","11/18/2024","7:00","33.013","cage","low_gate","winter","low"
"21024","11/18/2024","13:00","33.013","cage","low_gate","winter","low"
"21124","11/18/2024","19:00","33.213","cage","low_gate","winter","low"
"21223","11/19/2024","1:00","33.013","cage","low_gate","winter","low"
"21321","11/19/2024","7:00","32.815","cage","low_gate","winter","low"
"21421","11/19/2024","13:00","32.617","cage","low_gate","winter","low"
"21520","11/19/2024","19:00","32.617","cage","low_gate","winter","low"
"21620","11/20/2024","1:00","32.218","cage","low_gate","winter","low"
"21720","11/20/2024","7:00","32.018","cage","low_gate","winter","low"
"21820","11/20/2024","13:00","32.018","cage","low_gate","winter","low"
"21920","11/20/2024","19:00","32.218","cage","low_gate","winter","low"
"22020","11/21/2024","1:00","32.218","cage","low_gate","winter","low"
"22124","11/21/2024","7:00","32.218","cage","low_gate","winter","low"
"22222","11/21/2024","13:00","32.218","cage","low_gate","winter","low"
"22320","11/21/2024","19:00","32.418","cage","low_gate","winter","low"
"22420","11/22/2024","1:00","32.617","cage","low_gate","winter","low"
"22520","11/22/2024","7:00","32.617","cage","low_gate","winter","low"
"22620","11/22/2024","13:00","33.213","cage","low_gate","winter","low"
"22720","11/22/2024","19:00","33.805","cage","low_gate","winter","low"
"22820","11/23/2024","1:00","33.213","cage","low_gate","winter","low"
"22920","11/23/2024","7:00","33.013","cage","low_gate","winter","low"
"23020","11/23/2024","13:00","33.411","cage","low_gate","winter","low"
"23124","11/23/2024","19:00","34.59","cage","low_gate","winter","low"
"23222","11/24/2024","1:00","33.805","cage","low_gate","winter","low"
"23320","11/24/2024","7:00","33.213","cage","low_gate","winter","low"
"23420","11/24/2024","13:00","33.411","cage","low_gate","winter","low"
"23520","11/24/2024","19:00","34.198","cage","low_gate","winter","low"
"23620","11/25/2024","1:00","33.213","cage","low_gate","winter","low"
"23720","11/25/2024","7:00","32.218","cage","low_gate","winter","low"
"23820","11/25/2024","13:00","32.418","cage","low_gate","winter","low"
"23920","11/25/2024","19:00","32.418","cage","low_gate","winter","low"
"24020","11/26/2024","1:00","32.418","cage","low_gate","winter","low"
"24124","11/26/2024","7:00","32.418","cage","low_gate","winter","low"
"24222","11/26/2024","13:00","32.418","cage","low_gate","winter","low"
"24320","11/26/2024","19:00","32.617","cage","low_gate","winter","low"
"24420","11/27/2024","1:00","32.218","cage","low_gate","winter","low"
"24520","11/27/2024","7:00","31.617","cage","low_gate","winter","low"
"24620","11/27/2024","13:00","32.018","cage","low_gate","winter","low"
"24720","11/27/2024","19:00","32.018","cage","low_gate","winter","low"
"24820","11/28/2024","1:00","32.018","cage","low_gate","winter","low"
"24920","11/28/2024","7:00","31.617","cage","low_gate","winter","low"
"25020","11/28/2024","13:00","31.617","cage","low_gate","winter","low"
"25124","11/28/2024","19:00","31.213","cage","low_gate","winter","low"
"25222","11/29/2024","1:00","30.808","cage","low_gate","winter","low"
"25320","11/29/2024","7:00","30.607","cage","low_gate","winter","low"
"25420","11/29/2024","13:00","31.012","cage","low_gate","winter","low"
"25520","11/29/2024","19:00","31.415","cage","low_gate","winter","low"
"25620","11/30/2024","1:00","30.607","cage","low_gate","winter","low"
"25720","11/30/2024","7:00","29.995","cage","low_gate","winter","low"
"25820","11/30/2024","13:00","31.012","cage","low_gate","winter","low"
"25920","11/30/2024","19:00","31.617","cage","low_gate","winter","low"
"26020","12/1/2024","1:00","29.174","cage","low_gate","winter","low"
"26124","12/1/2024","7:00","27.511","cage","low_gate","winter","low"
"26222","12/1/2024","13:00","29.586","cage","low_gate","winter","low"
"26320","12/1/2024","19:00","31.012","cage","low_gate","winter","low"
"26420","12/2/2024","1:00","28.139","cage","low_gate","winter","low"
"26520","12/2/2024","7:00","26.458","cage","low_gate","winter","low"
"26620","12/2/2024","13:00","29.586","cage","low_gate","winter","low"
"26720","12/2/2024","19:00","31.213","cage","low_gate","winter","low"
"26820","12/3/2024","1:00","30.607","cage","low_gate","winter","low"
"26920","12/3/2024","7:00","27.93","cage","low_gate","winter","low"
"27020","12/3/2024","13:00","29.995","cage","low_gate","winter","low"
"27124","12/3/2024","19:00","31.415","cage","low_gate","winter","low"
"27222","12/4/2024","1:00","31.617","cage","low_gate","winter","low"
"27320","12/4/2024","7:00","28.762","cage","low_gate","winter","low"
"27420","12/4/2024","13:00","29.995","cage","low_gate","winter","low"
"27520","12/4/2024","19:00","31.415","cage","low_gate","winter","low"
"27620","12/5/2024","1:00","31.012","cage","low_gate","winter","low"
"27720","12/5/2024","7:00","27.091","cage","low_gate","winter","low"
"27820","12/5/2024","13:00","29.174","cage","low_gate","winter","low"
"27920","12/5/2024","19:00","31.213","cage","low_gate","winter","low"
"28020","12/6/2024","1:00","30.403","cage","low_gate","winter","low"
"28124","12/6/2024","7:00","26.031","cage","low_gate","winter","low"
"28222","12/6/2024","13:00","28.762","cage","low_gate","winter","low"
"28320","12/6/2024","19:00","31.012","cage","low_gate","winter","low"
"28420","12/7/2024","1:00","29.174","cage","low_gate","winter","low"
"28520","12/7/2024","7:00","26.668","cage","low_gate","winter","low"
"28619","12/7/2024","13:00","28.969","cage","low_gate","winter","low"
"28719","12/7/2024","19:00","30.808","cage","low_gate","winter","low"
"28819","12/8/2024","1:00","29.79","cage","low_gate","winter","low"
"28919","12/8/2024","7:00","27.302","cage","low_gate","winter","low"
"29019","12/8/2024","13:00","28.346","cage","low_gate","winter","low"
"29123","12/8/2024","19:00","28.139","cage","low_gate","winter","low"
"29221","12/9/2024","1:00","25.174","cage","low_gate","winter","low"
"29319","12/9/2024","7:00","23.655","cage","low_gate","winter","low"
"29419","12/9/2024","13:00","27.721","cage","low_gate","winter","low"
"29519","12/9/2024","19:00","29.174","cage","low_gate","winter","low"
"29619","12/10/2024","1:00","23.216","cage","low_gate","winter","low"
"29719","12/10/2024","7:00","20.073","cage","low_gate","winter","low"
"29819","12/10/2024","13:00","22.775","cage","low_gate","winter","low"
"29919","12/10/2024","19:00","22.775","cage","low_gate","winter","low"
"30019","12/11/2024","1:00","21.659","cage","low_gate","winter","low"
"30123","12/11/2024","7:00","22.107","cage","low_gate","winter","low"
"30221","12/11/2024","13:00","24.744","cage","low_gate","winter","low"
"30319","12/11/2024","19:00","25.39","cage","low_gate","winter","low"
"30419","12/12/2024","1:00","24.093","cage","low_gate","winter","low"
"30519","12/12/2024","7:00","24.526","cage","low_gate","winter","low"
"30619","12/12/2024","13:00","27.511","cage","low_gate","winter","low"
"30719","12/12/2024","19:00","28.969","cage","low_gate","winter","low"
"30819","12/13/2024","1:00","26.031","cage","low_gate","winter","low"
"30919","12/13/2024","7:00","22.775","cage","low_gate","winter","low"
"31023","12/13/2024","13:00","26.031","cage","low_gate","winter","low"
"31123","12/13/2024","19:00","27.091","cage","low_gate","winter","low"
"31222","12/14/2024","1:00","27.302","cage","low_gate","winter","low"
"31320","12/14/2024","7:00","27.302","cage","low_gate","winter","low"
"31420","12/14/2024","13:00","28.346","cage","low_gate","winter","low"
"31519","12/14/2024","19:00","29.174","cage","low_gate","winter","low"
"31619","12/15/2024","1:00","29.379","cage","low_gate","winter","low"
"31719","12/15/2024","7:00","29.379","cage","low_gate","winter","low"
"31819","12/15/2024","13:00","29.586","cage","low_gate","winter","low"
"31919","12/15/2024","19:00","29.79","cage","low_gate","winter","low"
"32019","12/16/2024","1:00","27.93","cage","low_gate","winter","low"
"32123","12/16/2024","7:00","27.302","cage","low_gate","winter","low"
"32221","12/16/2024","13:00","27.721","cage","low_gate","winter","low"
"32319","12/16/2024","19:00","28.139","cage","low_gate","winter","low"
"32419","12/17/2024","1:00","28.555","cage","low_gate","winter","low"
"32519","12/17/2024","7:00","28.555","cage","low_gate","winter","low"
"32619","12/17/2024","13:00","28.762","cage","low_gate","winter","low"
"32719","12/17/2024","19:00","29.174","cage","low_gate","winter","low"
"32819","12/18/2024","1:00","29.174","cage","low_gate","winter","low"
"32918","12/18/2024","7:00","29.379","cage","low_gate","winter","low"
"33018","12/18/2024","13:00","29.586","cage","low_gate","winter","low"
"33122","12/18/2024","19:00","30.198","cage","low_gate","winter","low"
"33220","12/19/2024","1:00","29.79","cage","low_gate","winter","low"
"33318","12/19/2024","7:00","28.762","cage","low_gate","winter","low"
"33418","12/19/2024","13:00","28.555","cage","low_gate","winter","low"
"33518","12/19/2024","19:00","29.79","cage","low_gate","winter","low"
"33618","12/20/2024","1:00","29.79","cage","low_gate","winter","low"
"33718","12/20/2024","7:00","29.379","cage","low_gate","winter","low"
"33818","12/20/2024","13:00","29.379","cage","low_gate","winter","low"
"33918","12/20/2024","19:00","30.403","cage","low_gate","winter","low"
"34018","12/21/2024","1:00","30.198","cage","low_gate","winter","low"
"34122","12/21/2024","7:00","30.198","cage","low_gate","winter","low"
"34220","12/21/2024","13:00","30.198","cage","low_gate","winter","low"
"34318","12/21/2024","19:00","30.808","cage","low_gate","winter","low"
"34418","12/22/2024","1:00","31.012","cage","low_gate","winter","low"
"34518","12/22/2024","7:00","30.607","cage","low_gate","winter","low"
"34618","12/22/2024","13:00","30.198","cage","low_gate","winter","low"
"34718","12/22/2024","19:00","30.808","cage","low_gate","winter","low"
"34818","12/23/2024","1:00","30.403","cage","low_gate","winter","low"
"34918","12/23/2024","7:00","30.198","cage","low_gate","winter","low"
"35018","12/23/2024","13:00","30.403","cage","low_gate","winter","low"
"35122","12/23/2024","19:00","31.012","cage","low_gate","winter","low"
"35220","12/24/2024","1:00","31.213","cage","low_gate","winter","low"
"35318","12/24/2024","7:00","31.213","cage","low_gate","winter","low"
"35418","12/24/2024","13:00","31.213","cage","low_gate","winter","low"
"35518","12/24/2024","19:00","31.415","cage","low_gate","winter","low"
"35618","12/25/2024","1:00","31.415","cage","low_gate","winter","low"
"35718","12/25/2024","7:00","31.415","cage","low_gate","winter","low"
"35818","12/25/2024","13:00","31.617","cage","low_gate","winter","low"
"35918","12/25/2024","19:00","31.617","cage","low_gate","winter","low"
"36018","12/26/2024","1:00","31.816","cage","low_gate","winter","low"
"36122","12/26/2024","7:00","31.816","cage","low_gate","winter","low"
"36220","12/26/2024","13:00","31.617","cage","low_gate","winter","low"
"36318","12/26/2024","19:00","31.617","cage","low_gate","winter","low"
"36418","12/27/2024","1:00","31.617","cage","low_gate","winter","low"
"36518","12/27/2024","7:00","31.617","cage","low_gate","winter","low"
"36618","12/27/2024","13:00","31.415","cage","low_gate","winter","low"
"36718","12/27/2024","19:00","31.617","cage","low_gate","winter","low"
"36818","12/28/2024","1:00","31.415","cage","low_gate","winter","low"
"36918","12/28/2024","7:00","31.415","cage","low_gate","winter","low"
"37018","12/28/2024","13:00","31.415","cage","low_gate","winter","low"
"37122","12/28/2024","19:00","31.816","cage","low_gate","winter","low"
"37220","12/29/2024","1:00","31.816","cage","low_gate","winter","low"
"37318","12/29/2024","7:00","31.816","cage","low_gate","winter","low"
"37418","12/29/2024","13:00","31.816","cage","low_gate","winter","low"
"37518","12/29/2024","19:00","31.816","cage","low_gate","winter","low"
"37618","12/30/2024","1:00","32.018","cage","low_gate","winter","low"
"37718","12/30/2024","7:00","32.018","cage","low_gate","winter","low"
"37818","12/30/2024","13:00","32.018","cage","low_gate","winter","low"
"37918","12/30/2024","19:00","32.018","cage","low_gate","winter","low"
"38018","12/31/2024","1:00","31.816","cage","low_gate","winter","low"
"38122","12/31/2024","7:00","31.816","cage","low_gate","winter","low"
"38220","12/31/2024","13:00","31.415","cage","low_gate","winter","low"
"38318","12/31/2024","19:00","31.213","cage","low_gate","winter","low"
"38418","1/1/2025","1:00","30.607","cage","low_gate","winter","low"
"38518","1/1/2025","7:00","30.198","cage","low_gate","winter","low"
"38618","1/1/2025","13:00","29.995","cage","low_gate","winter","low"
"38718","1/1/2025","19:00","29.995","cage","low_gate","winter","low"
"38818","1/2/2025","1:00","29.79","cage","low_gate","winter","low"
"38918","1/2/2025","7:00","29.586","cage","low_gate","winter","low"
"39018","1/2/2025","13:00","29.586","cage","low_gate","winter","low"
"39122","1/2/2025","19:00","29.79","cage","low_gate","winter","low"
"39220","1/3/2025","1:00","29.79","cage","low_gate","winter","low"
"21000","9/27/2024","13:00","65.338","cage","low_north","winter","low"
"31000","9/27/2024","19:00","68.248","cage","low_north","winter","low"
"4900","9/28/2024","1:00","57.958","cage","low_north","winter","low"
"5500","9/28/2024","7:00","53.274","cage","low_north","winter","low"
"6290","9/28/2024","13:00","66.879","cage","low_north","winter","low"
"7108","9/28/2024","19:00","69.622","cage","low_north","winter","low"
"8106","9/29/2024","1:00","59.337","cage","low_north","winter","low"
"9106","9/29/2024","7:00","55.364","cage","low_north","winter","low"
"10106","9/29/2024","13:00","66.537","cage","low_north","winter","low"
"11106","9/29/2024","19:00","68.592","cage","low_north","winter","low"
"12106","9/30/2024","1:00","57.441","cage","low_north","winter","low"
"13106","9/30/2024","7:00","52.225","cage","low_north","winter","low"
"14106","9/30/2024","13:00","61.227","cage","low_north","winter","low"
"15106","9/30/2024","19:00","63.111","cage","low_north","winter","low"
"16106","10/1/2024","1:00","51.346","cage","low_north","winter","low"
"17106","10/1/2024","7:00","46.008","cage","low_north","winter","low"
"18106","10/1/2024","13:00","58.993","cage","low_north","winter","low"
"19106","10/1/2024","19:00","62.254","cage","low_north","winter","low"
"20106","10/2/2024","1:00","51.172","cage","low_north","winter","low"
"21125","10/2/2024","7:00","46.369","cage","low_north","winter","low"
"22107","10/2/2024","13:00","58.476","cage","low_north","winter","low"
"23106","10/2/2024","19:00","62.94","cage","low_north","winter","low"
"24106","10/3/2024","1:00","53.449","cage","low_north","winter","low"
"25106","10/3/2024","7:00","48.339","cage","low_north","winter","low"
"26106","10/3/2024","13:00","60.539","cage","low_north","winter","low"
"27106","10/3/2024","19:00","62.083","cage","low_north","winter","low"
"28106","10/4/2024","1:00","50.643","cage","low_north","winter","low"
"29106","10/4/2024","7:00","46.188","cage","low_north","winter","low"
"30106","10/4/2024","13:00","61.741","cage","low_north","winter","low"
"31124","10/4/2024","19:00","64.996","cage","low_north","winter","low"
"32107","10/5/2024","1:00","57.441","cage","low_north","winter","low"
"33106","10/5/2024","7:00","52.401","cage","low_north","winter","low"
"34106","10/5/2024","13:00","62.769","cage","low_north","winter","low"
"35106","10/5/2024","19:00","63.111","cage","low_north","winter","low"
"36106","10/6/2024","1:00","51.699","cage","low_north","winter","low"
"37106","10/6/2024","7:00","46.908","cage","low_north","winter","low"
"38106","10/6/2024","13:00","61.227","cage","low_north","winter","low"
"39106","10/6/2024","19:00","62.425","cage","low_north","winter","low"
"40106","10/7/2024","1:00","52.401","cage","low_north","winter","low"
"41122","10/7/2024","7:00","48.16","cage","low_north","winter","low"
"42107","10/7/2024","13:00","62.425","cage","low_north","winter","low"
"43106","10/7/2024","19:00","62.425","cage","low_north","winter","low"
"44106","10/8/2024","1:00","51.699","cage","low_north","winter","low"
"45106","10/8/2024","7:00","47.266","cage","low_north","winter","low"
"46104","10/8/2024","13:00","62.598","cage","low_north","winter","low"
"47102","10/8/2024","19:00","62.94","cage","low_north","winter","low"
"48101","10/9/2024","1:00","53.1","cage","low_north","winter","low"
"49101","10/9/2024","7:00","48.339","cage","low_north","winter","low"
"50101","10/9/2024","13:00","63.626","cage","low_north","winter","low"
"51105","10/9/2024","19:00","63.968","cage","low_north","winter","low"
"52103","10/10/2024","1:00","54.322","cage","low_north","winter","low"
"53101","10/10/2024","7:00","51.699","cage","low_north","winter","low"
"54101","10/10/2024","13:00","61.227","cage","low_north","winter","low"
"55101","10/10/2024","19:00","61.912","cage","low_north","winter","low"
"56100","10/11/2024","1:00","54.495","cage","low_north","winter","low"
"5790","10/11/2024","7:00","49.05","cage","low_north","winter","low"
"5890","10/11/2024","13:00","60.024","cage","low_north","winter","low"
"5990","10/11/2024","19:00","62.083","cage","low_north","winter","low"
"6090","10/12/2024","1:00","53.274","cage","low_north","winter","low"
"61102","10/12/2024","7:00","48.871","cage","low_north","winter","low"
"62100","10/12/2024","13:00","62.94","cage","low_north","winter","low"
"6366","10/12/2024","19:00","63.282","cage","low_north","winter","low"
"6430","10/13/2024","1:00","53.449","cage","low_north","winter","low"
"6530","10/13/2024","7:00","50.29","cage","low_north","winter","low"
"6630","10/13/2024","13:00","64.31","cage","low_north","winter","low"
"6726","10/13/2024","19:00","64.31","cage","low_north","winter","low"
"6825","10/14/2024","1:00","53.973","cage","low_north","winter","low"
"6925","10/14/2024","7:00","49.582","cage","low_north","winter","low"
"7025","10/14/2024","13:00","63.968","cage","low_north","winter","low"
"7128","10/14/2024","19:00","63.626","cage","low_north","winter","low"
"7226","10/15/2024","1:00","52.75","cage","low_north","winter","low"
"7325","10/15/2024","7:00","47.982","cage","low_north","winter","low"
"7425","10/15/2024","13:00","63.282","cage","low_north","winter","low"
"7525","10/15/2024","19:00","62.425","cage","low_north","winter","low"
"7625","10/16/2024","1:00","52.576","cage","low_north","winter","low"
"7725","10/16/2024","7:00","47.446","cage","low_north","winter","low"
"7825","10/16/2024","13:00","61.912","cage","low_north","winter","low"
"7925","10/16/2024","19:00","61.398","cage","low_north","winter","low"
"8024","10/17/2024","1:00","55.884","cage","low_north","winter","low"
"8126","10/17/2024","7:00","51.172","cage","low_north","winter","low"
"8224","10/17/2024","13:00","54.147","cage","low_north","winter","low"
"8322","10/17/2024","19:00","49.759","cage","low_north","winter","low"
"8422","10/18/2024","1:00","44.56","cage","low_north","winter","low"
"8522","10/18/2024","7:00","42.363","cage","low_north","winter","low"
"8622","10/18/2024","13:00","49.759","cage","low_north","winter","low"
"8722","10/18/2024","19:00","49.404","cage","low_north","winter","low"
"8822","10/19/2024","1:00","40.696","cage","low_north","winter","low"
"8922","10/19/2024","7:00","37.488","cage","low_north","winter","low"
"9022","10/19/2024","13:00","53.1","cage","low_north","winter","low"
"9126","10/19/2024","19:00","51.874","cage","low_north","winter","low"
"9224","10/20/2024","1:00","43.466","cage","low_north","winter","low"
"9322","10/20/2024","7:00","39.384","cage","low_north","winter","low"
"9422","10/20/2024","13:00","55.017","cage","low_north","winter","low"
"9522","10/20/2024","19:00","55.364","cage","low_north","winter","low"
"9622","10/21/2024","1:00","47.088","cage","low_north","winter","low"
"9722","10/21/2024","7:00","43.648","cage","low_north","winter","low"
"9822","10/21/2024","13:00","54.322","cage","low_north","winter","low"
"9922","10/21/2024","19:00","55.884","cage","low_north","winter","low"
"10022","10/22/2024","1:00","49.582","cage","low_north","winter","low"
"10126","10/22/2024","7:00","44.379","cage","low_north","winter","low"
"10224","10/22/2024","13:00","50.819","cage","low_north","winter","low"
"10322","10/22/2024","19:00","51.874","cage","low_north","winter","low"
"10422","10/23/2024","1:00","42.548","cage","low_north","winter","low"
"10522","10/23/2024","7:00","40.134","cage","low_north","winter","low"
"10622","10/23/2024","13:00","51.172","cage","low_north","winter","low"
"10722","10/23/2024","19:00","50.995","cage","low_north","winter","low"
"10822","10/24/2024","1:00","47.802","cage","low_north","winter","low"
"10922","10/24/2024","7:00","42.363","cage","low_north","winter","low"
"11022","10/24/2024","13:00","48.517","cage","low_north","winter","low"
"11126","10/24/2024","19:00","44.195","cage","low_north","winter","low"
"11224","10/25/2024","1:00","41.625","cage","low_north","winter","low"
"11322","10/25/2024","7:00","38.25","cage","low_north","winter","low"
"11422","10/25/2024","13:00","50.466","cage","low_north","winter","low"
"11522","10/25/2024","19:00","48.16","cage","low_north","winter","low"
"11622","10/26/2024","1:00","43.466","cage","low_north","winter","low"
"11722","10/26/2024","7:00","37.87","cage","low_north","winter","low"
"11822","10/26/2024","13:00","52.401","cage","low_north","winter","low"
"11922","10/26/2024","19:00","50.29","cage","low_north","winter","low"
"12022","10/27/2024","1:00","41.067","cage","low_north","winter","low"
"12126","10/27/2024","7:00","39.947","cage","low_north","winter","low"
"12224","10/27/2024","13:00","53.274","cage","low_north","winter","low"
"12322","10/27/2024","19:00","52.576","cage","low_north","winter","low"
"12422","10/28/2024","1:00","42.363","cage","low_north","winter","low"
"12522","10/28/2024","7:00","38.818","cage","low_north","winter","low"
"12622","10/28/2024","13:00","43.282","cage","low_north","winter","low"
"12722","10/28/2024","19:00","44.56","cage","low_north","winter","low"
"12822","10/29/2024","1:00","41.067","cage","low_north","winter","low"
"12922","10/29/2024","7:00","38.629","cage","low_north","winter","low"
"13022","10/29/2024","13:00","44.742","cage","low_north","winter","low"
"13126","10/29/2024","19:00","42.915","cage","low_north","winter","low"
"13224","10/30/2024","1:00","38.818","cage","low_north","winter","low"
"13322","10/30/2024","7:00","35.758","cage","low_north","winter","low"
"13422","10/30/2024","13:00","45.104","cage","low_north","winter","low"
"13522","10/30/2024","19:00","42.363","cage","low_north","winter","low"
"13622","10/31/2024","1:00","32.418","cage","low_north","winter","low"
"13722","10/31/2024","7:00","32.617","cage","low_north","winter","low"
"13822","10/31/2024","13:00","35.175","cage","low_north","winter","low"
"13922","10/31/2024","19:00","35.951","cage","low_north","winter","low"
"14022","11/1/2024","1:00","36.145","cage","low_north","winter","low"
"14126","11/1/2024","7:00","36.145","cage","low_north","winter","low"
"14224","11/1/2024","13:00","36.338","cage","low_north","winter","low"
"14322","11/1/2024","19:00","36.145","cage","low_north","winter","low"
"14422","11/2/2024","1:00","34.786","cage","low_north","winter","low"
"14522","11/2/2024","7:00","34.198","cage","low_north","winter","low"
"14622","11/2/2024","13:00","34.394","cage","low_north","winter","low"
"14722","11/2/2024","19:00","35.175","cage","low_north","winter","low"
"14822","11/3/2024","1:00","35.175","cage","low_north","winter","low"
"14922","11/3/2024","7:00","34.394","cage","low_north","winter","low"
"15022","11/3/2024","13:00","38.818","cage","low_north","winter","low"
"15126","11/3/2024","19:00","38.44","cage","low_north","winter","low"
"15224","11/4/2024","1:00","34.198","cage","low_north","winter","low"
"15322","11/4/2024","7:00","32.815","cage","low_north","winter","low"
"15422","11/4/2024","13:00","33.013","cage","low_north","winter","low"
"15522","11/4/2024","19:00","36.145","cage","low_north","winter","low"
"15622","11/5/2024","1:00","34.198","cage","low_north","winter","low"
"15722","11/5/2024","7:00","33.213","cage","low_north","winter","low"
"15822","11/5/2024","13:00","33.213","cage","low_north","winter","low"
"15922","11/5/2024","19:00","34.002","cage","low_north","winter","low"
"16022","11/6/2024","1:00","32.617","cage","low_north","winter","low"
"16126","11/6/2024","7:00","30.198","cage","low_north","winter","low"
"16224","11/6/2024","13:00","32.218","cage","low_north","winter","low"
"16322","11/6/2024","19:00","33.805","cage","low_north","winter","low"
"16422","11/7/2024","1:00","31.415","cage","low_north","winter","low"
"16522","11/7/2024","7:00","29.174","cage","low_north","winter","low"
"16622","11/7/2024","13:00","32.018","cage","low_north","winter","low"
"16722","11/7/2024","19:00","33.213","cage","low_north","winter","low"
"16822","11/8/2024","1:00","31.415","cage","low_north","winter","low"
"16922","11/8/2024","7:00","29.586","cage","low_north","winter","low"
"17022","11/8/2024","13:00","32.418","cage","low_north","winter","low"
"17126","11/8/2024","19:00","33.607","cage","low_north","winter","low"
"17224","11/9/2024","1:00","31.816","cage","low_north","winter","low"
"17322","11/9/2024","7:00","30.198","cage","low_north","winter","low"
"17422","11/9/2024","13:00","33.411","cage","low_north","winter","low"
"17522","11/9/2024","19:00","34.59","cage","low_north","winter","low"
"17622","11/10/2024","1:00","32.418","cage","low_north","winter","low"
"17722","11/10/2024","7:00","32.018","cage","low_north","winter","low"
"17822","11/10/2024","13:00","35.175","cage","low_north","winter","low"
"17922","11/10/2024","19:00","37.488","cage","low_north","winter","low"
"18022","11/11/2024","1:00","33.607","cage","low_north","winter","low"
"18126","11/11/2024","7:00","32.815","cage","low_north","winter","low"
"18224","11/11/2024","13:00","41.067","cage","low_north","winter","low"
"18321","11/11/2024","19:00","40.509","cage","low_north","winter","low"
"18421","11/12/2024","1:00","37.107","cage","low_north","winter","low"
"18521","11/12/2024","7:00","36.723","cage","low_north","winter","low"
"18621","11/12/2024","13:00","39.196","cage","low_north","winter","low"
"18721","11/12/2024","19:00","37.488","cage","low_north","winter","low"
"18821","11/13/2024","1:00","33.213","cage","low_north","winter","low"
"18921","11/13/2024","7:00","31.213","cage","low_north","winter","low"
"19021","11/13/2024","13:00","32.617","cage","low_north","winter","low"
"19125","11/13/2024","19:00","34.59","cage","low_north","winter","low"
"19223","11/14/2024","1:00","32.218","cage","low_north","winter","low"
"19321","11/14/2024","7:00","30.403","cage","low_north","winter","low"
"19421","11/14/2024","13:00","32.617","cage","low_north","winter","low"
"19521","11/14/2024","19:00","34.198","cage","low_north","winter","low"
"19621","11/15/2024","1:00","32.218","cage","low_north","winter","low"
"19721","11/15/2024","7:00","31.213","cage","low_north","winter","low"
"19821","11/15/2024","13:00","32.218","cage","low_north","winter","low"
"19921","11/15/2024","19:00","32.418","cage","low_north","winter","low"
"20021","11/16/2024","1:00","32.418","cage","low_north","winter","low"
"20125","11/16/2024","7:00","32.218","cage","low_north","winter","low"
"20223","11/16/2024","13:00","33.013","cage","low_north","winter","low"
"20321","11/16/2024","19:00","33.805","cage","low_north","winter","low"
"20421","11/17/2024","1:00","32.617","cage","low_north","winter","low"
"20521","11/17/2024","7:00","32.018","cage","low_north","winter","low"
"20621","11/17/2024","13:00","32.418","cage","low_north","winter","low"
"20721","11/17/2024","19:00","34.198","cage","low_north","winter","low"
"20821","11/18/2024","1:00","33.013","cage","low_north","winter","low"
"20921","11/18/2024","7:00","33.213","cage","low_north","winter","low"
"21025","11/18/2024","13:00","33.411","cage","low_north","winter","low"
"21126","11/18/2024","19:00","33.411","cage","low_north","winter","low"
"21224","11/19/2024","1:00","32.815","cage","low_north","winter","low"
"21322","11/19/2024","7:00","32.418","cage","low_north","winter","low"
"21422","11/19/2024","13:00","32.418","cage","low_north","winter","low"
"21521","11/19/2024","19:00","32.418","cage","low_north","winter","low"
"21621","11/20/2024","1:00","31.816","cage","low_north","winter","low"
"21721","11/20/2024","7:00","31.213","cage","low_north","winter","low"
"21821","11/20/2024","13:00","31.617","cage","low_north","winter","low"
"21921","11/20/2024","19:00","32.018","cage","low_north","winter","low"
"22021","11/21/2024","1:00","31.816","cage","low_north","winter","low"
"22125","11/21/2024","7:00","31.816","cage","low_north","winter","low"
"22223","11/21/2024","13:00","32.218","cage","low_north","winter","low"
"22321","11/21/2024","19:00","32.418","cage","low_north","winter","low"
"22421","11/22/2024","1:00","32.418","cage","low_north","winter","low"
"22521","11/22/2024","7:00","32.617","cage","low_north","winter","low"
"22621","11/22/2024","13:00","33.607","cage","low_north","winter","low"
"22721","11/22/2024","19:00","35.175","cage","low_north","winter","low"
"22821","11/23/2024","1:00","33.411","cage","low_north","winter","low"
"22921","11/23/2024","7:00","33.213","cage","low_north","winter","low"
"23021","11/23/2024","13:00","34.002","cage","low_north","winter","low"
"23125","11/23/2024","19:00","35.37","cage","low_north","winter","low"
"23223","11/24/2024","1:00","34.394","cage","low_north","winter","low"
"23321","11/24/2024","7:00","33.411","cage","low_north","winter","low"
"23421","11/24/2024","13:00","34.002","cage","low_north","winter","low"
"23521","11/24/2024","19:00","34.394","cage","low_north","winter","low"
"23621","11/25/2024","1:00","33.013","cage","low_north","winter","low"
"23721","11/25/2024","7:00","32.018","cage","low_north","winter","low"
"23821","11/25/2024","13:00","32.218","cage","low_north","winter","low"
"23921","11/25/2024","19:00","32.418","cage","low_north","winter","low"
"24021","11/26/2024","1:00","32.418","cage","low_north","winter","low"
"24125","11/26/2024","7:00","32.218","cage","low_north","winter","low"
"24223","11/26/2024","13:00","32.418","cage","low_north","winter","low"
"24321","11/26/2024","19:00","32.418","cage","low_north","winter","low"
"24421","11/27/2024","1:00","32.218","cage","low_north","winter","low"
"24521","11/27/2024","7:00","31.012","cage","low_north","winter","low"
"24621","11/27/2024","13:00","31.816","cage","low_north","winter","low"
"24721","11/27/2024","19:00","32.018","cage","low_north","winter","low"
"24821","11/28/2024","1:00","32.018","cage","low_north","winter","low"
"24921","11/28/2024","7:00","31.617","cage","low_north","winter","low"
"25021","11/28/2024","13:00","31.617","cage","low_north","winter","low"
"25125","11/28/2024","19:00","31.415","cage","low_north","winter","low"
"25223","11/29/2024","1:00","31.012","cage","low_north","winter","low"
"25321","11/29/2024","7:00","30.808","cage","low_north","winter","low"
"25421","11/29/2024","13:00","31.213","cage","low_north","winter","low"
"25521","11/29/2024","19:00","31.617","cage","low_north","winter","low"
"25621","11/30/2024","1:00","30.808","cage","low_north","winter","low"
"25721","11/30/2024","7:00","30.198","cage","low_north","winter","low"
"25821","11/30/2024","13:00","31.213","cage","low_north","winter","low"
"25921","11/30/2024","19:00","31.617","cage","low_north","winter","low"
"26021","12/1/2024","1:00","29.379","cage","low_north","winter","low"
"26125","12/1/2024","7:00","27.721","cage","low_north","winter","low"
"26223","12/1/2024","13:00","29.995","cage","low_north","winter","low"
"26321","12/1/2024","19:00","31.213","cage","low_north","winter","low"
"26421","12/2/2024","1:00","28.346","cage","low_north","winter","low"
"26521","12/2/2024","7:00","26.668","cage","low_north","winter","low"
"26621","12/2/2024","13:00","29.995","cage","low_north","winter","low"
"26721","12/2/2024","19:00","31.617","cage","low_north","winter","low"
"26821","12/3/2024","1:00","29.79","cage","low_north","winter","low"
"26921","12/3/2024","7:00","27.511","cage","low_north","winter","low"
"27021","12/3/2024","13:00","30.198","cage","low_north","winter","low"
"27125","12/3/2024","19:00","31.617","cage","low_north","winter","low"
"27223","12/4/2024","1:00","30.607","cage","low_north","winter","low"
"27321","12/4/2024","7:00","27.721","cage","low_north","winter","low"
"27421","12/4/2024","13:00","30.198","cage","low_north","winter","low"
"27521","12/4/2024","19:00","31.617","cage","low_north","winter","low"
"27621","12/5/2024","1:00","29.379","cage","low_north","winter","low"
"27721","12/5/2024","7:00","26.668","cage","low_north","winter","low"
"27821","12/5/2024","13:00","29.79","cage","low_north","winter","low"
"27921","12/5/2024","19:00","31.617","cage","low_north","winter","low"
"28021","12/6/2024","1:00","28.555","cage","low_north","winter","low"
"28125","12/6/2024","7:00","26.031","cage","low_north","winter","low"
"28223","12/6/2024","13:00","29.379","cage","low_north","winter","low"
"28321","12/6/2024","19:00","31.213","cage","low_north","winter","low"
"28421","12/7/2024","1:00","28.139","cage","low_north","winter","low"
"28521","12/7/2024","7:00","26.668","cage","low_north","winter","low"
"28620","12/7/2024","13:00","29.379","cage","low_north","winter","low"
"28720","12/7/2024","19:00","31.012","cage","low_north","winter","low"
"28820","12/8/2024","1:00","29.79","cage","low_north","winter","low"
"28920","12/8/2024","7:00","27.302","cage","low_north","winter","low"
"29020","12/8/2024","13:00","28.969","cage","low_north","winter","low"
"29124","12/8/2024","19:00","28.346","cage","low_north","winter","low"
"29222","12/9/2024","1:00","25.819","cage","low_north","winter","low"
"29320","12/9/2024","7:00","24.526","cage","low_north","winter","low"
"29420","12/9/2024","13:00","28.346","cage","low_north","winter","low"
"29520","12/9/2024","19:00","28.555","cage","low_north","winter","low"
"29620","12/10/2024","1:00","23.436","cage","low_north","winter","low"
"29720","12/10/2024","7:00","21.209","cage","low_north","winter","low"
"29820","12/10/2024","13:00","23.875","cage","low_north","winter","low"
"29920","12/10/2024","19:00","23.436","cage","low_north","winter","low"
"30020","12/11/2024","1:00","22.552","cage","low_north","winter","low"
"30124","12/11/2024","7:00","22.995","cage","low_north","winter","low"
"30222","12/11/2024","13:00","25.605","cage","low_north","winter","low"
"30320","12/11/2024","19:00","25.819","cage","low_north","winter","low"
"30420","12/12/2024","1:00","24.96","cage","low_north","winter","low"
"30520","12/12/2024","7:00","25.39","cage","low_north","winter","low"
"30620","12/12/2024","13:00","28.346","cage","low_north","winter","low"
"30720","12/12/2024","19:00","28.762","cage","low_north","winter","low"
"30820","12/13/2024","1:00","26.245","cage","low_north","winter","low"
"30920","12/13/2024","7:00","23.216","cage","low_north","winter","low"
"31024","12/13/2024","13:00","26.881","cage","low_north","winter","low"
"31125","12/13/2024","19:00","27.721","cage","low_north","winter","low"
"31223","12/14/2024","1:00","27.721","cage","low_north","winter","low"
"31321","12/14/2024","7:00","27.721","cage","low_north","winter","low"
"31421","12/14/2024","13:00","28.762","cage","low_north","winter","low"
"31520","12/14/2024","19:00","29.586","cage","low_north","winter","low"
"31620","12/15/2024","1:00","29.79","cage","low_north","winter","low"
"31720","12/15/2024","7:00","29.79","cage","low_north","winter","low"
"31820","12/15/2024","13:00","29.995","cage","low_north","winter","low"
"31920","12/15/2024","19:00","30.403","cage","low_north","winter","low"
"32020","12/16/2024","1:00","29.174","cage","low_north","winter","low"
"32124","12/16/2024","7:00","28.762","cage","low_north","winter","low"
"32222","12/16/2024","13:00","28.969","cage","low_north","winter","low"
"32320","12/16/2024","19:00","29.174","cage","low_north","winter","low"
"32420","12/17/2024","1:00","29.379","cage","low_north","winter","low"
"32520","12/17/2024","7:00","29.586","cage","low_north","winter","low"
"32620","12/17/2024","13:00","29.79","cage","low_north","winter","low"
"32720","12/17/2024","19:00","29.995","cage","low_north","winter","low"
"32820","12/18/2024","1:00","29.995","cage","low_north","winter","low"
"32919","12/18/2024","7:00","30.198","cage","low_north","winter","low"
"33019","12/18/2024","13:00","30.403","cage","low_north","winter","low"
"33123","12/18/2024","19:00","30.607","cage","low_north","winter","low"
"33221","12/19/2024","1:00","30.198","cage","low_north","winter","low"
"33319","12/19/2024","7:00","29.586","cage","low_north","winter","low"
"33419","12/19/2024","13:00","29.586","cage","low_north","winter","low"
"33519","12/19/2024","19:00","30.198","cage","low_north","winter","low"
"33619","12/20/2024","1:00","29.995","cage","low_north","winter","low"
"33719","12/20/2024","7:00","29.79","cage","low_north","winter","low"
"33819","12/20/2024","13:00","29.995","cage","low_north","winter","low"
"33919","12/20/2024","19:00","30.607","cage","low_north","winter","low"
"34019","12/21/2024","1:00","30.403","cage","low_north","winter","low"
"34123","12/21/2024","7:00","30.198","cage","low_north","winter","low"
"34221","12/21/2024","13:00","30.403","cage","low_north","winter","low"
"34319","12/21/2024","19:00","31.012","cage","low_north","winter","low"
"34419","12/22/2024","1:00","31.012","cage","low_north","winter","low"
"34519","12/22/2024","7:00","30.403","cage","low_north","winter","low"
"34619","12/22/2024","13:00","30.403","cage","low_north","winter","low"
"34719","12/22/2024","19:00","31.012","cage","low_north","winter","low"
"34819","12/23/2024","1:00","30.808","cage","low_north","winter","low"
"34919","12/23/2024","7:00","30.607","cage","low_north","winter","low"
"35019","12/23/2024","13:00","30.808","cage","low_north","winter","low"
"35123","12/23/2024","19:00","31.213","cage","low_north","winter","low"
"35221","12/24/2024","1:00","31.213","cage","low_north","winter","low"
"35319","12/24/2024","7:00","31.415","cage","low_north","winter","low"
"35419","12/24/2024","13:00","31.415","cage","low_north","winter","low"
"35519","12/24/2024","19:00","31.617","cage","low_north","winter","low"
"35619","12/25/2024","1:00","31.415","cage","low_north","winter","low"
"35719","12/25/2024","7:00","31.617","cage","low_north","winter","low"
"35819","12/25/2024","13:00","31.617","cage","low_north","winter","low"
"35919","12/25/2024","19:00","31.617","cage","low_north","winter","low"
"36019","12/26/2024","1:00","31.816","cage","low_north","winter","low"
"36123","12/26/2024","7:00","31.617","cage","low_north","winter","low"
"36221","12/26/2024","13:00","31.617","cage","low_north","winter","low"
"36319","12/26/2024","19:00","31.617","cage","low_north","winter","low"
"36419","12/27/2024","1:00","31.617","cage","low_north","winter","low"
"36519","12/27/2024","7:00","31.617","cage","low_north","winter","low"
"36619","12/27/2024","13:00","31.617","cage","low_north","winter","low"
"36719","12/27/2024","19:00","31.617","cage","low_north","winter","low"
"36819","12/28/2024","1:00","31.617","cage","low_north","winter","low"
"36919","12/28/2024","7:00","31.617","cage","low_north","winter","low"
"37019","12/28/2024","13:00","31.816","cage","low_north","winter","low"
"37123","12/28/2024","19:00","31.816","cage","low_north","winter","low"
"37221","12/29/2024","1:00","31.816","cage","low_north","winter","low"
"37319","12/29/2024","7:00","31.816","cage","low_north","winter","low"
"37419","12/29/2024","13:00","31.816","cage","low_north","winter","low"
"37519","12/29/2024","19:00","31.816","cage","low_north","winter","low"
"37619","12/30/2024","1:00","31.816","cage","low_north","winter","low"
"37719","12/30/2024","7:00","31.816","cage","low_north","winter","low"
"37819","12/30/2024","13:00","31.816","cage","low_north","winter","low"
"37919","12/30/2024","19:00","31.816","cage","low_north","winter","low"
"38019","12/31/2024","1:00","31.816","cage","low_north","winter","low"
"38123","12/31/2024","7:00","31.816","cage","low_north","winter","low"
"38221","12/31/2024","13:00","31.617","cage","low_north","winter","low"
"38319","12/31/2024","19:00","31.617","cage","low_north","winter","low"
"38419","1/1/2025","1:00","31.415","cage","low_north","winter","low"
"38519","1/1/2025","7:00","31.213","cage","low_north","winter","low"
"38619","1/1/2025","13:00","31.012","cage","low_north","winter","low"
"38719","1/1/2025","19:00","31.012","cage","low_north","winter","low"
"38819","1/2/2025","1:00","31.012","cage","low_north","winter","low"
"38919","1/2/2025","7:00","30.808","cage","low_north","winter","low"
"39019","1/2/2025","13:00","30.808","cage","low_north","winter","low"
"39123","1/2/2025","19:00","31.012","cage","low_north","winter","low"
"39221","1/3/2025","1:00","31.012","cage","low_north","winter","low"
"39318","1/3/2025","7:00","31.012","cage","low_north","winter","low"
"39418","1/3/2025","13:00","31.213","cage","low_north","winter","low"
"39518","1/3/2025","19:00","31.415","cage","low_north","winter","low"
"39618","1/4/2025","1:00","31.617","cage","low_north","winter","low"
"39718","1/4/2025","7:00","31.816","cage","low_north","winter","low"
"39818","1/4/2025","13:00","31.816","cage","low_north","winter","low"
"39918","1/4/2025","19:00","31.816","cage","low_north","winter","low"
"40018","1/5/2025","1:00","31.816","cage","low_north","winter","low"
"40122","1/5/2025","7:00","31.816","cage","low_north","winter","low"
"40220","1/5/2025","13:00","31.816","cage","low_north","winter","low"
"40318","1/5/2025","19:00","31.816","cage","low_north","winter","low"
"40418","1/6/2025","1:00","31.816","cage","low_north","winter","low"
"40518","1/6/2025","7:00","31.816","cage","low_north","winter","low"
"40618","1/6/2025","13:00","31.617","cage","low_north","winter","low"
"40718","1/6/2025","19:00","31.617","cage","low_north","winter","low"
"40818","1/7/2025","1:00","31.415","cage","low_north","winter","low"
"40918","1/7/2025","7:00","31.213","cage","low_north","winter","low"
"41022","1/7/2025","13:00","31.012","cage","low_north","winter","low"
"41123","1/7/2025","19:00","30.808","cage","low_north","winter","low"
"41221","1/8/2025","1:00","30.607","cage","low_north","winter","low"
"41319","1/8/2025","7:00","29.995","cage","low_north","winter","low"
"41419","1/8/2025","13:00","29.379","cage","low_north","winter","low"
"41518","1/8/2025","19:00","29.174","cage","low_north","winter","low"
"41618","1/9/2025","1:00","28.969","cage","low_north","winter","low"
"41718","1/9/2025","7:00","28.762","cage","low_north","winter","low"
"41818","1/9/2025","13:00","28.555","cage","low_north","winter","low"
"41918","1/9/2025","19:00","28.346","cage","low_north","winter","low"
"42018","1/10/2025","1:00","28.139","cage","low_north","winter","low"
"42122","1/10/2025","7:00","27.721","cage","low_north","winter","low"
"42220","1/10/2025","13:00","27.511","cage","low_north","winter","low"
"42318","1/10/2025","19:00","27.511","cage","low_north","winter","low"
"42418","1/11/2025","1:00","27.721","cage","low_north","winter","low"
"42518","1/11/2025","7:00","27.511","cage","low_north","winter","low"
"42618","1/11/2025","13:00","27.302","cage","low_north","winter","low"
"42718","1/11/2025","19:00","27.511","cage","low_north","winter","low"
"42818","1/12/2025","1:00","27.511","cage","low_north","winter","low"
"42918","1/12/2025","7:00","27.091","cage","low_north","winter","low"
"43018","1/12/2025","13:00","26.458","cage","low_north","winter","low"
"43122","1/12/2025","19:00","26.881","cage","low_north","winter","low"
"43220","1/13/2025","1:00","27.091","cage","low_north","winter","low"
"43318","1/13/2025","7:00","27.091","cage","low_north","winter","low"
"43418","1/13/2025","13:00","26.881","cage","low_north","winter","low"
"43518","1/13/2025","19:00","27.091","cage","low_north","winter","low"
"43618","1/14/2025","1:00","27.302","cage","low_north","winter","low"
"43718","1/14/2025","7:00","27.091","cage","low_north","winter","low"
"43817","1/14/2025","13:00","26.881","cage","low_north","winter","low"
"43917","1/14/2025","19:00","27.302","cage","low_north","winter","low"
"44017","1/15/2025","1:00","27.302","cage","low_north","winter","low"
"44121","1/15/2025","7:00","27.511","cage","low_north","winter","low"
"44219","1/15/2025","13:00","27.511","cage","low_north","winter","low"
"44317","1/15/2025","19:00","28.139","cage","low_north","winter","low"
"44417","1/16/2025","1:00","27.93","cage","low_north","winter","low"
"44517","1/16/2025","7:00","27.302","cage","low_north","winter","low"
"44617","1/16/2025","13:00","26.458","cage","low_north","winter","low"
"44717","1/16/2025","19:00","26.668","cage","low_north","winter","low"
"44817","1/17/2025","1:00","27.091","cage","low_north","winter","low"
"44917","1/17/2025","7:00","27.302","cage","low_north","winter","low"
"45017","1/17/2025","13:00","27.511","cage","low_north","winter","low"
"45121","1/17/2025","19:00","27.302","cage","low_north","winter","low"
"45219","1/18/2025","1:00","26.245","cage","low_north","winter","low"
"45317","1/18/2025","7:00","24.96","cage","low_north","winter","low"
"45417","1/18/2025","13:00","24.31","cage","low_north","winter","low"
"45517","1/18/2025","19:00","24.093","cage","low_north","winter","low"
"45617","1/19/2025","1:00","23.875","cage","low_north","winter","low"
"45717","1/19/2025","7:00","22.995","cage","low_north","winter","low"
"45817","1/19/2025","13:00","22.552","cage","low_north","winter","low"
"45917","1/19/2025","19:00","22.995","cage","low_north","winter","low"
"46017","1/20/2025","1:00","22.107","cage","low_north","winter","low"
"46121","1/20/2025","7:00","20.757","cage","low_north","winter","low"
"46219","1/20/2025","13:00","20.073","cage","low_north","winter","low"
"46317","1/20/2025","19:00","20.073","cage","low_north","winter","low"
"46417","1/21/2025","1:00","19.612","cage","low_north","winter","low"
"46517","1/21/2025","7:00","18.919","cage","low_north","winter","low"
"46614","1/21/2025","13:00","18.685","cage","low_north","winter","low"
"46714","1/21/2025","19:00","19.612","cage","low_north","winter","low"
"46813","1/22/2025","1:00","20.073","cage","low_north","winter","low"
"46912","1/22/2025","7:00","19.152","cage","low_north","winter","low"
"47012","1/22/2025","13:00","18.685","cage","low_north","winter","low"
"47116","1/22/2025","19:00","19.612","cage","low_north","winter","low"
"47214","1/23/2025","1:00","19.843","cage","low_north","winter","low"
"47314","1/23/2025","7:00","18.685","cage","low_north","winter","low"
"47414","1/23/2025","13:00","17.748","cage","low_north","winter","low"
"47513","1/23/2025","19:00","18.685","cage","low_north","winter","low"
"47612","1/24/2025","1:00","19.382","cage","low_north","winter","low"
"47712","1/24/2025","7:00","19.152","cage","low_north","winter","low"
"47812","1/24/2025","13:00","19.612","cage","low_north","winter","low"
"47912","1/24/2025","19:00","20.757","cage","low_north","winter","low"
"48012","1/25/2025","1:00","20.984","cage","low_north","winter","low"
"48116","1/25/2025","7:00","20.529","cage","low_north","winter","low"
"48214","1/25/2025","13:00","19.843","cage","low_north","winter","low"
"48314","1/25/2025","19:00","20.302","cage","low_north","winter","low"
"48414","1/26/2025","1:00","19.382","cage","low_north","winter","low"
"48513","1/26/2025","7:00","18.217","cage","low_north","winter","low"
"48612","1/26/2025","13:00","17.983","cage","low_north","winter","low"
"48712","1/26/2025","19:00","18.919","cage","low_north","winter","low"
"48812","1/27/2025","1:00","19.152","cage","low_north","winter","low"
"48912","1/27/2025","7:00","18.451","cage","low_north","winter","low"
"49012","1/27/2025","13:00","17.748","cage","low_north","winter","low"
"49116","1/27/2025","19:00","19.152","cage","low_north","winter","low"
"49214","1/28/2025","1:00","19.612","cage","low_north","winter","low"
"49314","1/28/2025","7:00","18.685","cage","low_north","winter","low"
"49414","1/28/2025","13:00","17.983","cage","low_north","winter","low"
"49513","1/28/2025","19:00","19.612","cage","low_north","winter","low"
"49612","1/29/2025","1:00","20.073","cage","low_north","winter","low"
"49712","1/29/2025","7:00","19.152","cage","low_north","winter","low"
"49812","1/29/2025","13:00","18.451","cage","low_north","winter","low"
"49912","1/29/2025","19:00","19.843","cage","low_north","winter","low"
"50012","1/30/2025","1:00","20.302","cage","low_north","winter","low"
"50116","1/30/2025","7:00","18.919","cage","low_north","winter","low"
"50214","1/30/2025","13:00","17.983","cage","low_north","winter","low"
"50314","1/30/2025","19:00","19.152","cage","low_north","winter","low"
"50414","1/31/2025","1:00","19.612","cage","low_north","winter","low"
"50513","1/31/2025","7:00","19.382","cage","low_north","winter","low"
"50612","1/31/2025","13:00","19.843","cage","low_north","winter","low"
"50712","1/31/2025","19:00","21.209","cage","low_north","winter","low"
"50812","2/1/2025","1:00","22.552","cage","low_north","winter","low"
"50912","2/1/2025","7:00","23.436","cage","low_north","winter","low"
"51016","2/1/2025","13:00","24.526","cage","low_north","winter","low"
"51116","2/1/2025","19:00","25.174","cage","low_north","winter","low"
"51215","2/2/2025","1:00","25.605","cage","low_north","winter","low"
"51314","2/2/2025","7:00","26.031","cage","low_north","winter","low"
"51414","2/2/2025","13:00","26.458","cage","low_north","winter","low"
"51514","2/2/2025","19:00","27.511","cage","low_north","winter","low"
"51614","2/3/2025","1:00","27.93","cage","low_north","winter","low"
"51714","2/3/2025","7:00","28.139","cage","low_north","winter","low"
"51813","2/3/2025","13:00","28.346","cage","low_north","winter","low"
"51912","2/3/2025","19:00","28.762","cage","low_north","winter","low"
"52012","2/4/2025","1:00","28.969","cage","low_north","winter","low"
"52116","2/4/2025","7:00","28.969","cage","low_north","winter","low"
"52214","2/4/2025","13:00","29.174","cage","low_north","winter","low"
"52314","2/4/2025","19:00","30.198","cage","low_north","winter","low"
"52414","2/5/2025","1:00","30.607","cage","low_north","winter","low"
"52513","2/5/2025","7:00","30.808","cage","low_north","winter","low"
"52612","2/5/2025","13:00","31.012","cage","low_north","winter","low"
"52712","2/5/2025","19:00","31.213","cage","low_north","winter","low"
"52812","2/6/2025","1:00","30.808","cage","low_north","winter","low"
"52912","2/6/2025","7:00","29.379","cage","low_north","winter","low"
"53012","2/6/2025","13:00","27.93","cage","low_north","winter","low"
"53116","2/6/2025","19:00","27.721","cage","low_north","winter","low"
"53214","2/7/2025","1:00","27.511","cage","low_north","winter","low"
"53314","2/7/2025","7:00","27.302","cage","low_north","winter","low"
"53414","2/7/2025","13:00","27.511","cage","low_north","winter","low"
"53513","2/7/2025","19:00","28.139","cage","low_north","winter","low"
"53612","2/8/2025","1:00","27.93","cage","low_north","winter","low"
"53712","2/8/2025","7:00","27.302","cage","low_north","winter","low"
"53812","2/8/2025","13:00","26.668","cage","low_north","winter","low"
"53912","2/8/2025","19:00","26.881","cage","low_north","winter","low"
"54012","2/9/2025","1:00","26.458","cage","low_north","winter","low"
"54116","2/9/2025","7:00","25.39","cage","low_north","winter","low"
"54214","2/9/2025","13:00","24.526","cage","low_north","winter","low"
"54314","2/9/2025","19:00","24.526","cage","low_north","winter","low"
"54414","2/10/2025","1:00","24.526","cage","low_north","winter","low"
"54513","2/10/2025","7:00","24.093","cage","low_north","winter","low"
"54612","2/10/2025","13:00","23.875","cage","low_north","winter","low"
"54712","2/10/2025","19:00","24.526","cage","low_north","winter","low"
"54812","2/11/2025","1:00","24.526","cage","low_north","winter","low"
"54912","2/11/2025","7:00","22.995","cage","low_north","winter","low"
"55012","2/11/2025","13:00","21.659","cage","low_north","winter","low"
"55116","2/11/2025","19:00","21.434","cage","low_north","winter","low"
"55214","2/12/2025","1:00","20.757","cage","low_north","winter","low"
"55314","2/12/2025","7:00","19.843","cage","low_north","winter","low"
"55414","2/12/2025","13:00","19.152","cage","low_north","winter","low"
"55513","2/12/2025","19:00","19.382","cage","low_north","winter","low"
"55612","2/13/2025","1:00","19.382","cage","low_north","winter","low"
"55712","2/13/2025","7:00","18.685","cage","low_north","winter","low"
"55812","2/13/2025","13:00","17.983","cage","low_north","winter","low"
"55912","2/13/2025","19:00","18.919","cage","low_north","winter","low"
"56012","2/14/2025","1:00","20.073","cage","low_north","winter","low"
"56116","2/14/2025","7:00","21.209","cage","low_north","winter","low"
"56214","2/14/2025","13:00","22.107","cage","low_north","winter","low"
"56314","2/14/2025","19:00","23.436","cage","low_north","winter","low"
"56413","2/15/2025","1:00","24.31","cage","low_north","winter","low"
"56512","2/15/2025","7:00","24.526","cage","low_north","winter","low"
"56611","2/15/2025","13:00","24.31","cage","low_north","winter","low"
"56711","2/15/2025","19:00","24.744","cage","low_north","winter","low"
"56810","2/16/2025","1:00","24.96","cage","low_north","winter","low"
"56910","2/16/2025","7:00","24.96","cage","low_north","winter","low"
"57010","2/16/2025","13:00","24.96","cage","low_north","winter","low"
"57114","2/16/2025","19:00","25.39","cage","low_north","winter","low"
"57212","2/17/2025","1:00","25.819","cage","low_north","winter","low"
"57312","2/17/2025","7:00","26.031","cage","low_north","winter","low"
"57412","2/17/2025","13:00","26.245","cage","low_north","winter","low"
"57512","2/17/2025","19:00","26.458","cage","low_north","winter","low"
"57611","2/18/2025","1:00","26.881","cage","low_north","winter","low"
"57710","2/18/2025","7:00","27.091","cage","low_north","winter","low"
"57810","2/18/2025","13:00","27.091","cage","low_north","winter","low"
"57910","2/18/2025","19:00","27.302","cage","low_north","winter","low"
"58010","2/19/2025","1:00","27.511","cage","low_north","winter","low"
"58114","2/19/2025","7:00","27.511","cage","low_north","winter","low"
"58212","2/19/2025","13:00","27.302","cage","low_north","winter","low"
"58312","2/19/2025","19:00","27.511","cage","low_north","winter","low"
"58412","2/20/2025","1:00","27.721","cage","low_north","winter","low"
"58512","2/20/2025","7:00","27.93","cage","low_north","winter","low"
"58611","2/20/2025","13:00","27.93","cage","low_north","winter","low"
"58710","2/20/2025","19:00","28.346","cage","low_north","winter","low"
"58810","2/21/2025","1:00","28.555","cage","low_north","winter","low"
"58910","2/21/2025","7:00","27.93","cage","low_north","winter","low"
"59010","2/21/2025","13:00","27.302","cage","low_north","winter","low"
"59114","2/21/2025","19:00","27.511","cage","low_north","winter","low"
"59212","2/22/2025","1:00","27.721","cage","low_north","winter","low"
"59312","2/22/2025","7:00","27.721","cage","low_north","winter","low"
"59412","2/22/2025","13:00","27.721","cage","low_north","winter","low"
"59512","2/22/2025","19:00","28.139","cage","low_north","winter","low"
"59611","2/23/2025","1:00","28.139","cage","low_north","winter","low"
"59710","2/23/2025","7:00","27.93","cage","low_north","winter","low"
"59810","2/23/2025","13:00","27.721","cage","low_north","winter","low"
"59910","2/23/2025","19:00","28.139","cage","low_north","winter","low"
"60010","2/24/2025","1:00","28.555","cage","low_north","winter","low"
"60114","2/24/2025","7:00","28.762","cage","low_north","winter","low"
"60212","2/24/2025","13:00","29.174","cage","low_north","winter","low"
"60312","2/24/2025","19:00","30.198","cage","low_north","winter","low"
"60412","2/25/2025","1:00","31.415","cage","low_north","winter","low"
"60512","2/25/2025","7:00","31.617","cage","low_north","winter","low"
"60611","2/25/2025","13:00","31.617","cage","low_north","winter","low"
"60710","2/25/2025","19:00","31.617","cage","low_north","winter","low"
"60810","2/26/2025","1:00","31.816","cage","low_north","winter","low"
"60910","2/26/2025","7:00","31.816","cage","low_north","winter","low"
"61012","2/26/2025","13:00","31.617","cage","low_north","winter","low"
"61114","2/26/2025","19:00","31.816","cage","low_north","winter","low"
"61212","2/27/2025","1:00","32.018","cage","low_north","winter","low"
"61312","2/27/2025","7:00","31.816","cage","low_north","winter","low"
"61412","2/27/2025","13:00","31.213","cage","low_north","winter","low"
"61512","2/27/2025","19:00","31.012","cage","low_north","winter","low"
"61612","2/28/2025","1:00","31.213","cage","low_north","winter","low"
"61711","2/28/2025","7:00","30.403","cage","low_north","winter","low"
"61811","2/28/2025","13:00","29.379","cage","low_north","winter","low"
"61911","2/28/2025","19:00","30.198","cage","low_north","winter","low"
"62010","3/1/2025","1:00","30.808","cage","low_north","winter","low"
"62114","3/1/2025","7:00","29.995","cage","low_north","winter","low"
"62212","3/1/2025","13:00","29.174","cage","low_north","winter","low"
"62312","3/1/2025","19:00","32.018","cage","low_north","winter","low"
"62412","3/2/2025","1:00","32.018","cage","low_north","winter","low"
"62512","3/2/2025","7:00","31.816","cage","low_north","winter","low"
"62611","3/2/2025","13:00","29.995","cage","low_north","winter","low"
"62710","3/2/2025","19:00","31.012","cage","low_north","winter","low"
"62810","3/3/2025","1:00","31.213","cage","low_north","winter","low"
"62910","3/3/2025","7:00","31.415","cage","low_north","winter","low"
"63010","3/3/2025","13:00","31.213","cage","low_north","winter","low"
"63114","3/3/2025","19:00","31.617","cage","low_north","winter","low"
"63212","3/4/2025","1:00","31.816","cage","low_north","winter","low"
"63312","3/4/2025","7:00","31.816","cage","low_north","winter","low"
"63412","3/4/2025","13:00","31.816","cage","low_north","winter","low"
"63511","3/4/2025","19:00","31.816","cage","low_north","winter","low"
"6367","3/5/2025","1:00","31.816","cage","low_north","winter","low"
"6376","3/5/2025","7:00","32.018","cage","low_north","winter","low"
"6386","3/5/2025","13:00","32.018","cage","low_north","winter","low"
"6394","3/5/2025","19:00","32.018","cage","low_north","winter","low"
"6404","3/6/2025","1:00","32.018","cage","low_north","winter","low"
"64112","3/6/2025","7:00","32.018","cage","low_north","winter","low"
"64210","3/6/2025","13:00","32.018","cage","low_north","winter","low"
"6434","3/6/2025","19:00","32.018","cage","low_north","winter","low"
"6444","3/7/2025","1:00","32.018","cage","low_north","winter","low"
"6454","3/7/2025","7:00","31.617","cage","low_north","winter","low"
"6464","3/7/2025","13:00","30.607","cage","low_north","winter","low"
"6474","3/7/2025","19:00","31.415","cage","low_north","winter","low"
"6484","3/8/2025","1:00","31.617","cage","low_north","winter","low"
"6493","3/8/2025","7:00","30.808","cage","low_north","winter","low"
"6503","3/8/2025","13:00","30.607","cage","low_north","winter","low"
"65112","3/8/2025","19:00","31.617","cage","low_north","winter","low"
"65210","3/9/2025","1:00","31.617","cage","low_north","winter","low"
"6534","3/9/2025","7:00","31.415","cage","low_north","winter","low"
"6544","3/9/2025","13:00","30.808","cage","low_north","winter","low"
"6554","3/9/2025","19:00","31.617","cage","low_north","winter","low"
"6563","3/10/2025","1:00","31.816","cage","low_north","winter","low"
"6573","3/10/2025","7:00","31.816","cage","low_north","winter","low"
"6583","3/10/2025","13:00","31.415","cage","low_north","winter","low"
"6593","3/10/2025","19:00","31.816","cage","low_north","winter","low"
"6603","3/11/2025","1:00","31.816","cage","low_north","winter","low"
"66112","3/11/2025","7:00","31.816","cage","low_north","winter","low"
"66210","3/11/2025","13:00","31.816","cage","low_north","winter","low"
"6634","3/11/2025","19:00","32.018","cage","low_north","winter","low"
"6644","3/12/2025","1:00","32.018","cage","low_north","winter","low"
"6654","3/12/2025","7:00","32.018","cage","low_north","winter","low"
"6663","3/12/2025","13:00","31.816","cage","low_north","winter","low"
"6673","3/12/2025","19:00","32.018","cage","low_north","winter","low"
"6683","3/13/2025","1:00","32.018","cage","low_north","winter","low"
"6693","3/13/2025","7:00","32.018","cage","low_north","winter","low"
"6703","3/13/2025","13:00","32.018","cage","low_north","winter","low"
"67112","3/13/2025","19:00","32.018","cage","low_north","winter","low"
"6727","3/14/2025","1:00","32.018","cage","low_north","winter","low"
"6733","3/14/2025","7:00","32.018","cage","low_north","winter","low"
"6743","3/14/2025","13:00","32.018","cage","low_north","winter","low"
"6753","3/14/2025","19:00","32.018","cage","low_north","winter","low"
"6763","3/15/2025","1:00","32.018","cage","low_north","winter","low"
"6773","3/15/2025","7:00","32.018","cage","low_north","winter","low"
"6783","3/15/2025","13:00","32.018","cage","low_north","winter","low"
"6793","3/15/2025","19:00","32.018","cage","low_north","winter","low"
"6803","3/16/2025","1:00","32.018","cage","low_north","winter","low"
"68111","3/16/2025","7:00","31.816","cage","low_north","winter","low"
"6826","3/16/2025","13:00","32.018","cage","low_north","winter","low"
"6833","3/16/2025","19:00","32.018","cage","low_north","winter","low"
"6843","3/17/2025","1:00","32.018","cage","low_north","winter","low"
"6853","3/17/2025","7:00","32.018","cage","low_north","winter","low"
"6863","3/17/2025","13:00","32.018","cage","low_north","winter","low"
"6873","3/17/2025","19:00","32.018","cage","low_north","winter","low"
"6883","3/18/2025","1:00","32.018","cage","low_north","winter","low"
"6893","3/18/2025","7:00","32.218","cage","low_north","winter","low"
"6903","3/18/2025","13:00","32.018","cage","low_north","winter","low"
"69111","3/18/2025","19:00","32.418","cage","low_north","winter","low"
"6926","3/19/2025","1:00","32.218","cage","low_north","winter","low"
"6933","3/19/2025","7:00","31.617","cage","low_north","winter","low"
"6943","3/19/2025","13:00","32.018","cage","low_north","winter","low"
"6953","3/19/2025","19:00","32.218","cage","low_north","winter","low"
"6963","3/20/2025","1:00","32.018","cage","low_north","winter","low"
"6973","3/20/2025","7:00","32.218","cage","low_north","winter","low"
"6983","3/20/2025","13:00","32.218","cage","low_north","winter","low"
"6993","3/20/2025","19:00","32.218","cage","low_north","winter","low"
"7002","3/21/2025","1:00","32.018","cage","low_north","winter","low"
"70111","3/21/2025","7:00","32.018","cage","low_north","winter","low"
"7026","3/21/2025","13:00","32.218","cage","low_north","winter","low"
"7033","3/21/2025","19:00","33.805","cage","low_north","winter","low"
"7043","3/22/2025","1:00","32.418","cage","low_north","winter","low"
"7053","3/22/2025","7:00","32.418","cage","low_north","winter","low"
"7063","3/22/2025","13:00","38.061","cage","low_north","winter","low"
"7073","3/22/2025","19:00","40.509","cage","low_north","winter","low"
"7083","3/23/2025","1:00","33.607","cage","low_north","winter","low"
"7093","3/23/2025","7:00","32.815","cage","low_north","winter","low"
"7109","3/23/2025","13:00","34.394","cage","low_north","winter","low"
"71112","3/23/2025","19:00","41.994","cage","low_north","winter","low"
"7129","3/24/2025","1:00","35.758","cage","low_north","winter","low"
"7133","3/24/2025","7:00","34.59","cage","low_north","winter","low"
"7143","3/24/2025","13:00","46.908","cage","low_north","winter","low"
"7153","3/24/2025","19:00","50.29","cage","low_north","winter","low"
"7163","3/25/2025","1:00","39.947","cage","low_north","winter","low"
"7173","3/25/2025","7:00","34.981","cage","low_north","winter","low"
"7183","3/25/2025","13:00","49.05","cage","low_north","winter","low"
"7193","3/25/2025","19:00","53.274","cage","low_north","winter","low"
"7203","3/26/2025","1:00","40.881","cage","low_north","winter","low"
"72112","3/26/2025","7:00","35.951","cage","low_north","winter","low"
"7227","3/26/2025","13:00","50.29","cage","low_north","winter","low"
"7233","3/26/2025","19:00","55.537","cage","low_north","winter","low"
"7243","3/27/2025","1:00","43.099","cage","low_north","winter","low"
"7253","3/27/2025","7:00","38.44","cage","low_north","winter","low"
"7263","3/27/2025","13:00","50.643","cage","low_north","winter","low"
"7273","3/27/2025","19:00","47.624","cage","low_north","winter","low"
"7283","3/28/2025","1:00","42.915","cage","low_north","winter","low"
"7293","3/28/2025","7:00","39.196","cage","low_north","winter","low"
"7303","3/28/2025","13:00","49.582","cage","low_north","winter","low"
"73111","3/28/2025","19:00","48.339","cage","low_north","winter","low"
"7326","3/29/2025","1:00","38.629","cage","low_north","winter","low"
"7333","3/29/2025","7:00","35.758","cage","low_north","winter","low"
"7343","3/29/2025","13:00","47.624","cage","low_north","winter","low"
"7353","3/29/2025","19:00","44.742","cage","low_north","winter","low"
"7363","3/30/2025","1:00","38.061","cage","low_north","winter","low"
"7373","3/30/2025","7:00","35.564","cage","low_north","winter","low"
"7383","3/30/2025","13:00","39.007","cage","low_north","winter","low"
"7393","3/30/2025","19:00","44.195","cage","low_north","winter","low"
"7403","3/31/2025","1:00","38.061","cage","low_north","winter","low"
"74111","3/31/2025","7:00","35.951","cage","low_north","winter","low"
"7426","3/31/2025","13:00","42.363","cage","low_north","winter","low"
"7433","3/31/2025","19:00","42.732","cage","low_north","winter","low"
"7443","4/1/2025","1:00","37.107","cage","low_north","winter","low"
"7453","4/1/2025","7:00","34.59","cage","low_north","winter","low"
"7463","4/1/2025","13:00","42.915","cage","low_north","winter","low"
"7473","4/1/2025","19:00","41.067","cage","low_north","winter","low"
"7483","4/2/2025","1:00","34.981","cage","low_north","winter","low"
"7493","4/2/2025","7:00","33.607","cage","low_north","winter","low"
"7503","4/2/2025","13:00","37.679","cage","low_north","winter","low"
"75111","4/2/2025","19:00","42.915","cage","low_north","winter","low"
"7526","4/3/2025","1:00","35.758","cage","low_north","winter","low"
"7533","4/3/2025","7:00","34.002","cage","low_north","winter","low"
"7543","4/3/2025","13:00","42.363","cage","low_north","winter","low"
"7553","4/3/2025","19:00","45.286","cage","low_north","winter","low"
"7563","4/4/2025","1:00","36.723","cage","low_north","winter","low"
"7573","4/4/2025","7:00","34.198","cage","low_north","winter","low"
"7583","4/4/2025","13:00","41.81","cage","low_north","winter","low"
"7593","4/4/2025","19:00","45.286","cage","low_north","winter","low"
"7603","4/5/2025","1:00","35.564","cage","low_north","winter","low"
"76111","4/5/2025","7:00","33.213","cage","low_north","winter","low"
"7626","4/5/2025","13:00","42.548","cage","low_north","winter","low"
"7633","4/5/2025","19:00","49.582","cage","low_north","winter","low"
"7643","4/6/2025","1:00","37.297","cage","low_north","winter","low"
"7653","4/6/2025","7:00","34.002","cage","low_north","winter","low"
"7663","4/6/2025","13:00","46.548","cage","low_north","winter","low"
"7673","4/6/2025","19:00","52.75","cage","low_north","winter","low"
"7683","4/7/2025","1:00","40.321","cage","low_north","winter","low"
"7693","4/7/2025","7:00","35.37","cage","low_north","winter","low"
"7703","4/7/2025","13:00","45.828","cage","low_north","winter","low"
"77111","4/7/2025","19:00","48.517","cage","low_north","winter","low"
"7726","4/8/2025","1:00","44.195","cage","low_north","winter","low"
"7733","4/8/2025","7:00","41.625","cage","low_north","winter","low"
"7743","4/8/2025","13:00","51.874","cage","low_north","winter","low"
"7753","4/8/2025","19:00","50.819","cage","low_north","winter","low"
"7763","4/9/2025","1:00","41.994","cage","low_north","winter","low"
"7773","4/9/2025","7:00","36.531","cage","low_north","winter","low"
"7783","4/9/2025","13:00","50.113","cage","low_north","winter","low"
"7793","4/9/2025","19:00","53.973","cage","low_north","winter","low"
"7803","4/10/2025","1:00","43.099","cage","low_north","winter","low"
"78111","4/10/2025","7:00","37.488","cage","low_north","winter","low"
"7826","4/10/2025","13:00","53.973","cage","low_north","winter","low"
"7833","4/10/2025","19:00","57.614","cage","low_north","winter","low"
"7843","4/11/2025","1:00","46.369","cage","low_north","winter","low"
"7853","4/11/2025","7:00","41.625","cage","low_north","winter","low"
"7863","4/11/2025","13:00","55.884","cage","low_north","winter","low"
"7873","4/11/2025","19:00","53.798","cage","low_north","winter","low"
"7883","4/12/2025","1:00","47.624","cage","low_north","winter","low"
"7893","4/12/2025","7:00","44.56","cage","low_north","winter","low"
"7903","4/12/2025","13:00","55.189","cage","low_north","winter","low"
"79111","4/12/2025","19:00","52.925","cage","low_north","winter","low"
"7926","4/13/2025","1:00","43.282","cage","low_north","winter","low"
"7933","4/13/2025","7:00","37.107","cage","low_north","winter","low"
"7943","4/13/2025","13:00","50.643","cage","low_north","winter","low"
"7953","4/13/2025","19:00","53.973","cage","low_north","winter","low"
"7963","4/14/2025","1:00","41.625","cage","low_north","winter","low"
"7973","4/14/2025","7:00","36.145","cage","low_north","winter","low"
"7983","4/14/2025","13:00","52.401","cage","low_north","winter","low"
"7993","4/14/2025","19:00","65.509","cage","low_north","winter","low"
"8002","4/15/2025","1:00","45.466","cage","low_north","winter","low"
"80111","4/15/2025","7:00","33.411","cage","low_north","winter","low"
"8025","4/15/2025","13:00","66.708","cage","low_north","winter","low"
"8032","4/15/2025","19:00","74.446","cage","low_north","winter","low"
"8042","4/16/2025","1:00","73.407","cage","low_north","winter","low"
"8052","4/16/2025","7:00","72.372","cage","low_north","winter","low"
"21001","4/28/2025","11:00","67.564","shrub","low_north","summer","low"
"31001","4/28/2025","17:00","51.699","shrub","low_north","summer","low"
"41000","4/28/2025","23:00","45.828","shrub","low_north","summer","low"
"5600","4/29/2025","5:00","41.994","shrub","low_north","summer","low"
"6300","4/29/2025","11:00","48.16","shrub","low_north","summer","low"
"7130","4/29/2025","17:00","55.711","shrub","low_north","summer","low"
"8107","4/29/2025","23:00","48.339","shrub","low_north","summer","low"
"9107","4/30/2025","5:00","44.195","shrub","low_north","summer","low"
"10107","4/30/2025","11:00","45.286","shrub","low_north","summer","low"
"11107","4/30/2025","17:00","55.884","shrub","low_north","summer","low"
"12107","4/30/2025","23:00","47.446","shrub","low_north","summer","low"
"13107","5/1/2025","5:00","42.179","shrub","low_north","summer","low"
"14107","5/1/2025","11:00","45.104","shrub","low_north","summer","low"
"15107","5/1/2025","17:00","58.82","shrub","low_north","summer","low"
"16107","5/1/2025","23:00","47.982","shrub","low_north","summer","low"
"17107","5/2/2025","5:00","43.282","shrub","low_north","summer","low"
"18107","5/2/2025","11:00","47.624","shrub","low_north","summer","low"
"19107","5/2/2025","17:00","61.569","shrub","low_north","summer","low"
"20107","5/2/2025","23:00","50.466","shrub","low_north","summer","low"
"21127","5/3/2025","5:00","45.286","shrub","low_north","summer","low"
"22108","5/3/2025","11:00","49.937","shrub","low_north","summer","low"
"23107","5/3/2025","17:00","62.598","shrub","low_north","summer","low"
"24107","5/3/2025","23:00","52.401","shrub","low_north","summer","low"
"25107","5/4/2025","5:00","47.982","shrub","low_north","summer","low"
"26107","5/4/2025","11:00","52.401","shrub","low_north","summer","low"
"27107","5/4/2025","17:00","64.31","shrub","low_north","summer","low"
"28107","5/4/2025","23:00","53.798","shrub","low_north","summer","low"
"29107","5/5/2025","5:00","49.05","shrub","low_north","summer","low"
"30107","5/5/2025","11:00","48.16","shrub","low_north","summer","low"
"31126","5/5/2025","17:00","46.369","shrub","low_north","summer","low"
"32108","5/5/2025","23:00","44.013","shrub","low_north","summer","low"
"33107","5/6/2025","5:00","42.179","shrub","low_north","summer","low"
"34107","5/6/2025","11:00","44.922","shrub","low_north","summer","low"
"35107","5/6/2025","17:00","55.884","shrub","low_north","summer","low"
"36107","5/6/2025","23:00","48.695","shrub","low_north","summer","low"
"37107","5/7/2025","5:00","44.56","shrub","low_north","summer","low"
"38107","5/7/2025","11:00","48.695","shrub","low_north","summer","low"
"39107","5/7/2025","17:00","62.94","shrub","low_north","summer","low"
"40107","5/7/2025","23:00","51.172","shrub","low_north","summer","low"
"41124","5/8/2025","5:00","47.088","shrub","low_north","summer","low"
"42108","5/8/2025","11:00","51.874","shrub","low_north","summer","low"
"43107","5/8/2025","17:00","57.785","shrub","low_north","summer","low"
"44107","5/8/2025","23:00","52.576","shrub","low_north","summer","low"
"45107","5/9/2025","5:00","48.16","shrub","low_north","summer","low"
"46105","5/9/2025","11:00","52.75","shrub","low_north","summer","low"
"47103","5/9/2025","17:00","64.139","shrub","low_north","summer","low"
"48102","5/9/2025","23:00","53.623","shrub","low_north","summer","low"
"49102","5/10/2025","5:00","49.937","shrub","low_north","summer","low"
"50102","5/10/2025","11:00","55.711","shrub","low_north","summer","low"
"51106","5/10/2025","17:00","63.968","shrub","low_north","summer","low"
"52104","5/10/2025","23:00","57.268","shrub","low_north","summer","low"
"53102","5/11/2025","5:00","54.842","shrub","low_north","summer","low"
"54102","5/11/2025","11:00","56.577","shrub","low_north","summer","low"
"55102","5/11/2025","17:00","62.769","shrub","low_north","summer","low"
"56101","5/11/2025","23:00","55.189","shrub","low_north","summer","low"
"57100","5/12/2025","5:00","52.75","shrub","low_north","summer","low"
"58100","5/12/2025","11:00","56.577","shrub","low_north","summer","low"
"59100","5/12/2025","17:00","63.455","shrub","low_north","summer","low"
"60100","5/12/2025","23:00","54.842","shrub","low_north","summer","low"
"61103","5/13/2025","5:00","50.643","shrub","low_north","summer","low"
"62101","5/13/2025","11:00","51.346","shrub","low_north","summer","low"
"6368","5/13/2025","17:00","55.364","shrub","low_north","summer","low"
"6435","5/13/2025","23:00","49.759","shrub","low_north","summer","low"
"6535","5/14/2025","5:00","47.266","shrub","low_north","summer","low"
"6635","5/14/2025","11:00","47.624","shrub","low_north","summer","low"
"6728","5/14/2025","17:00","51.172","shrub","low_north","summer","low"
"6827","5/14/2025","23:00","47.446","shrub","low_north","summer","low"
"6927","5/15/2025","5:00","45.104","shrub","low_north","summer","low"
"7027","5/15/2025","11:00","49.228","shrub","low_north","summer","low"
"7134","5/15/2025","17:00","56.057","shrub","low_north","summer","low"
"7228","5/15/2025","23:00","48.695","shrub","low_north","summer","low"
"7327","5/16/2025","5:00","44.742","shrub","low_north","summer","low"
"7427","5/16/2025","11:00","49.582","shrub","low_north","summer","low"
"7527","5/16/2025","17:00","53.973","shrub","low_north","summer","low"
"7627","5/16/2025","23:00","48.695","shrub","low_north","summer","low"
"7727","5/17/2025","5:00","44.742","shrub","low_north","summer","low"
"7827","5/17/2025","11:00","51.346","shrub","low_north","summer","low"
"7927","5/17/2025","17:00","54.842","shrub","low_north","summer","low"
"8026","5/17/2025","23:00","49.937","shrub","low_north","summer","low"
"8127","5/18/2025","5:00","48.339","shrub","low_north","summer","low"
"8225","5/18/2025","11:00","49.759","shrub","low_north","summer","low"
"8323","5/18/2025","17:00","50.819","shrub","low_north","summer","low"
"8423","5/18/2025","23:00","46.008","shrub","low_north","summer","low"
"8523","5/19/2025","5:00","42.915","shrub","low_north","summer","low"
"8623","5/19/2025","11:00","44.013","shrub","low_north","summer","low"
"8723","5/19/2025","17:00","58.303","shrub","low_north","summer","low"
"8823","5/19/2025","23:00","50.29","shrub","low_north","summer","low"
"8923","5/20/2025","5:00","44.742","shrub","low_north","summer","low"
"9023","5/20/2025","11:00","50.466","shrub","low_north","summer","low"
"9127","5/20/2025","17:00","55.711","shrub","low_north","summer","low"
"9225","5/20/2025","23:00","49.937","shrub","low_north","summer","low"
"9323","5/21/2025","5:00","45.466","shrub","low_north","summer","low"
"9423","5/21/2025","11:00","48.339","shrub","low_north","summer","low"
"9523","5/21/2025","17:00","61.054","shrub","low_north","summer","low"
"9623","5/21/2025","23:00","50.643","shrub","low_north","summer","low"
"9723","5/22/2025","5:00","47.266","shrub","low_north","summer","low"
"9823","5/22/2025","11:00","52.05","shrub","low_north","summer","low"
"9923","5/22/2025","17:00","61.741","shrub","low_north","summer","low"
"10023","5/22/2025","23:00","52.401","shrub","low_north","summer","low"
"10127","5/23/2025","5:00","47.982","shrub","low_north","summer","low"
"10225","5/23/2025","11:00","50.995","shrub","low_north","summer","low"
"10323","5/23/2025","17:00","60.195","shrub","low_north","summer","low"
"10423","5/23/2025","23:00","53.274","shrub","low_north","summer","low"
"10523","5/24/2025","5:00","50.466","shrub","low_north","summer","low"
"10623","5/24/2025","11:00","53.274","shrub","low_north","summer","low"
"10723","5/24/2025","17:00","66.193","shrub","low_north","summer","low"
"10823","5/24/2025","23:00","56.057","shrub","low_north","summer","low"
"10923","5/25/2025","5:00","51.523","shrub","low_north","summer","low"
"11023","5/25/2025","11:00","55.364","shrub","low_north","summer","low"
"11127","5/25/2025","17:00","68.763","shrub","low_north","summer","low"
"11225","5/25/2025","23:00","58.476","shrub","low_north","summer","low"
"11323","5/26/2025","5:00","53.274","shrub","low_north","summer","low"
"11423","5/26/2025","11:00","57.441","shrub","low_north","summer","low"
"11523","5/26/2025","17:00","68.421","shrub","low_north","summer","low"
"11623","5/26/2025","23:00","59.164","shrub","low_north","summer","low"
"11723","5/27/2025","5:00","54.842","shrub","low_north","summer","low"
"11823","5/27/2025","11:00","58.993","shrub","low_north","summer","low"
"11923","5/27/2025","17:00","66.366","shrub","low_north","summer","low"
"12023","5/27/2025","23:00","59.508","shrub","low_north","summer","low"
"12127","5/28/2025","5:00","56.057","shrub","low_north","summer","low"
"12225","5/28/2025","11:00","59.508","shrub","low_north","summer","low"
"12323","5/28/2025","17:00","68.934","shrub","low_north","summer","low"
"12423","5/28/2025","23:00","61.054","shrub","low_north","summer","low"
"12523","5/29/2025","5:00","56.923","shrub","low_north","summer","low"
"12623","5/29/2025","11:00","61.054","shrub","low_north","summer","low"
"12723","5/29/2025","17:00","61.227","shrub","low_north","summer","low"
"12823","5/29/2025","23:00","60.024","shrub","low_north","summer","low"
"12923","5/30/2025","5:00","55.537","shrub","low_north","summer","low"
"13023","5/30/2025","11:00","58.993","shrub","low_north","summer","low"
"13127","5/30/2025","17:00","72.372","shrub","low_north","summer","low"
"13225","5/30/2025","23:00","60.368","shrub","low_north","summer","low"
"13323","5/31/2025","5:00","54.495","shrub","low_north","summer","low"
"13423","5/31/2025","11:00","59.337","shrub","low_north","summer","low"
"13523","5/31/2025","17:00","74.964","shrub","low_north","summer","low"
"13623","5/31/2025","23:00","62.94","shrub","low_north","summer","low"
"13723","6/1/2025","5:00","56.75","shrub","low_north","summer","low"
"13823","6/1/2025","11:00","61.569","shrub","low_north","summer","low"
"13923","6/1/2025","17:00","74.446","shrub","low_north","summer","low"
"14023","6/1/2025","23:00","63.455","shrub","low_north","summer","low"
"14127","6/2/2025","5:00","57.441","shrub","low_north","summer","low"
"14225","6/2/2025","11:00","57.268","shrub","low_north","summer","low"
"14323","6/2/2025","17:00","63.282","shrub","low_north","summer","low"
"14423","6/2/2025","23:00","57.614","shrub","low_north","summer","low"
"14523","6/3/2025","5:00","53.973","shrub","low_north","summer","low"
"14623","6/3/2025","11:00","56.577","shrub","low_north","summer","low"
"14723","6/3/2025","17:00","62.425","shrub","low_north","summer","low"
"14823","6/3/2025","23:00","57.096","shrub","low_north","summer","low"
"14923","6/4/2025","5:00","53.1","shrub","low_north","summer","low"
"15023","6/4/2025","11:00","55.537","shrub","low_north","summer","low"
"15127","6/4/2025","17:00","69.449","shrub","low_north","summer","low"
"15225","6/4/2025","23:00","58.303","shrub","low_north","summer","low"
"15323","6/5/2025","5:00","53.274","shrub","low_north","summer","low"
"15423","6/5/2025","11:00","57.614","shrub","low_north","summer","low"
"15523","6/5/2025","17:00","63.797","shrub","low_north","summer","low"
"15623","6/5/2025","23:00","57.958","shrub","low_north","summer","low"
"15723","6/6/2025","5:00","52.75","shrub","low_north","summer","low"
"15823","6/6/2025","11:00","58.303","shrub","low_north","summer","low"
"15923","6/6/2025","17:00","71.168","shrub","low_north","summer","low"
"16023","6/6/2025","23:00","60.195","shrub","low_north","summer","low"
"16127","6/7/2025","5:00","55.537","shrub","low_north","summer","low"
"16225","6/7/2025","11:00","61.054","shrub","low_north","summer","low"
"16323","6/7/2025","17:00","75.484","shrub","low_north","summer","low"
"16423","6/7/2025","23:00","63.797","shrub","low_north","summer","low"
"16523","6/8/2025","5:00","59.68","shrub","low_north","summer","low"
"16623","6/8/2025","11:00","63.626","shrub","low_north","summer","low"
"16723","6/8/2025","17:00","77.225","shrub","low_north","summer","low"
"16823","6/8/2025","23:00","65.167","shrub","low_north","summer","low"
"16923","6/9/2025","5:00","59.337","shrub","low_north","summer","low"
"17023","6/9/2025","11:00","64.996","shrub","low_north","summer","low"
"17127","6/9/2025","17:00","80.029","shrub","low_north","summer","low"
"17225","6/9/2025","23:00","67.392","shrub","low_north","summer","low"
"17323","6/10/2025","5:00","62.598","shrub","low_north","summer","low"
"17423","6/10/2025","11:00","67.221","shrub","low_north","summer","low"
"17523","6/10/2025","17:00","73.062","shrub","low_north","summer","low"
"17623","6/10/2025","23:00","65.167","shrub","low_north","summer","low"
"17723","6/11/2025","5:00","60.712","shrub","low_north","summer","low"
"17823","6/11/2025","11:00","65.338","shrub","low_north","summer","low"
"17923","6/11/2025","17:00","65.68","shrub","low_north","summer","low"
"18023","6/11/2025","23:00","58.647","shrub","low_north","summer","low"
"18127","6/12/2025","5:00","54.147","shrub","low_north","summer","low"
"18225","6/12/2025","11:00","60.195","shrub","low_north","summer","low"
"18322","6/12/2025","17:00","72.372","shrub","low_north","summer","low"
"18422","6/12/2025","23:00","63.282","shrub","low_north","summer","low"
"18522","6/13/2025","5:00","57.441","shrub","low_north","summer","low"
"18622","6/13/2025","11:00","63.282","shrub","low_north","summer","low"
"18722","6/13/2025","17:00","75.139","shrub","low_north","summer","low"
"18822","6/13/2025","23:00","63.282","shrub","low_north","summer","low"
"18922","6/14/2025","5:00","59.508","shrub","low_north","summer","low"
"19022","6/14/2025","11:00","65.851","shrub","low_north","summer","low"
"19126","6/14/2025","17:00","78.624","shrub","low_north","summer","low"
"19224","6/14/2025","23:00","63.797","shrub","low_north","summer","low"
"19322","6/15/2025","5:00","58.476","shrub","low_north","summer","low"
"19422","6/15/2025","11:00","65.68","shrub","low_north","summer","low"
"19522","6/15/2025","17:00","78.8","shrub","low_north","summer","low"
"19622","6/15/2025","23:00","64.996","shrub","low_north","summer","low"
"19722","6/16/2025","5:00","60.368","shrub","low_north","summer","low"
"19822","6/16/2025","11:00","66.537","shrub","low_north","summer","low"
"19922","6/16/2025","17:00","82.33","shrub","low_north","summer","low"
"20022","6/16/2025","23:00","67.735","shrub","low_north","summer","low"
"20126","6/17/2025","5:00","61.398","shrub","low_north","summer","low"
"20224","6/17/2025","11:00","65.851","shrub","low_north","summer","low"
"20322","6/17/2025","17:00","75.659","shrub","low_north","summer","low"
"20422","6/17/2025","23:00","65.68","shrub","low_north","summer","low"
"20522","6/18/2025","5:00","59.337","shrub","low_north","summer","low"
"20622","6/18/2025","11:00","65.509","shrub","low_north","summer","low"
"20722","6/18/2025","17:00","82.686","shrub","low_north","summer","low"
"20822","6/18/2025","23:00","67.906","shrub","low_north","summer","low"
"20922","6/19/2025","5:00","60.883","shrub","low_north","summer","low"
"21026","6/19/2025","11:00","68.421","shrub","low_north","summer","low"
"21128","6/19/2025","17:00","82.508","shrub","low_north","summer","low"
"21225","6/19/2025","23:00","72.028","shrub","low_north","summer","low"
"21323","6/20/2025","5:00","66.708","shrub","low_north","summer","low"
"21423","6/20/2025","11:00","67.05","shrub","low_north","summer","low"
"21522","6/20/2025","17:00","71.683","shrub","low_north","summer","low"
"21622","6/20/2025","23:00","64.996","shrub","low_north","summer","low"
"21722","6/21/2025","5:00","58.82","shrub","low_north","summer","low"
"21822","6/21/2025","11:00","62.94","shrub","low_north","summer","low"
"21922","6/21/2025","17:00","67.735","shrub","low_north","summer","low"
"22022","6/21/2025","23:00","60.368","shrub","low_north","summer","low"
"22126","6/22/2025","5:00","55.711","shrub","low_north","summer","low"
"22224","6/22/2025","11:00","52.75","shrub","low_north","summer","low"
"22322","6/22/2025","17:00","57.614","shrub","low_north","summer","low"
"22422","6/22/2025","23:00","51.874","shrub","low_north","summer","low"
"22522","6/23/2025","5:00","47.088","shrub","low_north","summer","low"
"22622","6/23/2025","11:00","52.75","shrub","low_north","summer","low"
"22722","6/23/2025","17:00","69.964","shrub","low_north","summer","low"
"22822","6/23/2025","23:00","57.268","shrub","low_north","summer","low"
"22922","6/24/2025","5:00","51.172","shrub","low_north","summer","low"
"23022","6/24/2025","11:00","57.268","shrub","low_north","summer","low"
"23126","6/24/2025","17:00","72.028","shrub","low_north","summer","low"
"23224","6/24/2025","23:00","60.539","shrub","low_north","summer","low"
"23322","6/25/2025","5:00","54.147","shrub","low_north","summer","low"
"23422","6/25/2025","11:00","59.508","shrub","low_north","summer","low"
"21002","4/28/2025","10:00","68.248","open","low_north","summer","low"
"31002","4/28/2025","16:00","56.577","open","low_north","summer","low"
"41001","4/28/2025","22:00","48.871","open","low_north","summer","low"
"5700","4/29/2025","4:00","41.994","open","low_north","summer","low"
"6369","4/29/2025","10:00","46.728","open","low_north","summer","low"
"7135","4/29/2025","16:00","63.111","open","low_north","summer","low"
"8108","4/29/2025","22:00","51.172","open","low_north","summer","low"
"9108","4/30/2025","4:00","44.922","open","low_north","summer","low"
"10108","4/30/2025","10:00","48.16","open","low_north","summer","low"
"11108","4/30/2025","16:00","62.94","open","low_north","summer","low"
"12108","4/30/2025","22:00","51.699","open","low_north","summer","low"
"13108","5/1/2025","4:00","42.548","open","low_north","summer","low"
"14108","5/1/2025","10:00","47.982","open","low_north","summer","low"
"15108","5/1/2025","16:00","70.651","open","low_north","summer","low"
"16108","5/1/2025","22:00","52.225","open","low_north","summer","low"
"17108","5/2/2025","4:00","44.013","open","low_north","summer","low"
"18108","5/2/2025","10:00","50.113","open","low_north","summer","low"
"19108","5/2/2025","16:00","73.926","open","low_north","summer","low"
"20108","5/2/2025","22:00","54.669","open","low_north","summer","low"
"21129","5/3/2025","4:00","46.369","open","low_north","summer","low"
"22109","5/3/2025","10:00","52.401","open","low_north","summer","low"
"23108","5/3/2025","16:00","76.703","open","low_north","summer","low"
"24108","5/3/2025","22:00","57.096","open","low_north","summer","low"
"25108","5/4/2025","4:00","48.871","open","low_north","summer","low"
"26108","5/4/2025","10:00","54.495","open","low_north","summer","low"
"27108","5/4/2025","16:00","78.098","open","low_north","summer","low"
"28108","5/4/2025","22:00","58.993","open","low_north","summer","low"
"29108","5/5/2025","4:00","50.819","open","low_north","summer","low"
"30108","5/5/2025","10:00","49.228","open","low_north","summer","low"
"31127","5/5/2025","16:00","47.802","open","low_north","summer","low"
"32109","5/5/2025","22:00","44.56","open","low_north","summer","low"
"33108","5/6/2025","4:00","41.625","open","low_north","summer","low"
"34108","5/6/2025","10:00","47.088","open","low_north","summer","low"
"35108","5/6/2025","16:00","66.708","open","low_north","summer","low"
"36108","5/6/2025","22:00","52.05","open","low_north","summer","low"
"37108","5/7/2025","4:00","45.104","open","low_north","summer","low"
"38108","5/7/2025","10:00","50.995","open","low_north","summer","low"
"39108","5/7/2025","16:00","74.791","open","low_north","summer","low"
"40108","5/7/2025","22:00","56.057","open","low_north","summer","low"
"41125","5/8/2025","4:00","48.16","open","low_north","summer","low"
"42109","5/8/2025","10:00","53.973","open","low_north","summer","low"
"43108","5/8/2025","16:00","74.446","open","low_north","summer","low"
"44108","5/8/2025","22:00","55.537","open","low_north","summer","low"
"45108","5/9/2025","4:00","47.982","open","low_north","summer","low"
"46106","5/9/2025","10:00","54.147","open","low_north","summer","low"
"47104","5/9/2025","16:00","76.181","open","low_north","summer","low"
"48103","5/9/2025","22:00","58.476","open","low_north","summer","low"
"49103","5/10/2025","4:00","50.466","open","low_north","summer","low"
"50103","5/10/2025","10:00","57.614","open","low_north","summer","low"
"51107","5/10/2025","16:00","77.574","open","low_north","summer","low"
"52105","5/10/2025","22:00","62.769","open","low_north","summer","low"
"53103","5/11/2025","4:00","57.614","open","low_north","summer","low"
"54103","5/11/2025","10:00","58.993","open","low_north","summer","low"
"55103","5/11/2025","16:00","73.062","open","low_north","summer","low"
"56102","5/11/2025","22:00","58.476","open","low_north","summer","low"
"57101","5/12/2025","4:00","53.1","open","low_north","summer","low"
"58101","5/12/2025","10:00","58.303","open","low_north","summer","low"
"59101","5/12/2025","16:00","79.502","open","low_north","summer","low"
"60101","5/12/2025","22:00","60.712","open","low_north","summer","low"
"61104","5/13/2025","4:00","53.449","open","low_north","summer","low"
"62102","5/13/2025","10:00","52.925","open","low_north","summer","low"
"6370","5/13/2025","16:00","60.024","open","low_north","summer","low"
"6436","5/13/2025","22:00","50.819","open","low_north","summer","low"
"6536","5/14/2025","4:00","46.548","open","low_north","summer","low"
"6636","5/14/2025","10:00","46.188","open","low_north","summer","low"
"6729","5/14/2025","16:00","56.23","open","low_north","summer","low"
"6828","5/14/2025","22:00","48.871","open","low_north","summer","low"
"6928","5/15/2025","4:00","44.56","open","low_north","summer","low"
"7028","5/15/2025","10:00","50.995","open","low_north","summer","low"
"7136","5/15/2025","16:00","68.763","open","low_north","summer","low"
"7229","5/15/2025","22:00","52.576","open","low_north","summer","low"
"7328","5/16/2025","4:00","43.831","open","low_north","summer","low"
"7428","5/16/2025","10:00","51.874","open","low_north","summer","low"
"7528","5/16/2025","16:00","63.282","open","low_north","summer","low"
"7628","5/16/2025","22:00","51.874","open","low_north","summer","low"
"7728","5/17/2025","4:00","44.379","open","low_north","summer","low"
"7828","5/17/2025","10:00","52.576","open","low_north","summer","low"
"7928","5/17/2025","16:00","58.303","open","low_north","summer","low"
"8027","5/17/2025","22:00","51.699","open","low_north","summer","low"
"8128","5/18/2025","4:00","49.05","open","low_north","summer","low"
"8226","5/18/2025","10:00","51.172","open","low_north","summer","low"
"8324","5/18/2025","16:00","55.884","open","low_north","summer","low"
"8424","5/18/2025","22:00","47.624","open","low_north","summer","low"
"8524","5/19/2025","4:00","41.994","open","low_north","summer","low"
"8624","5/19/2025","10:00","46.008","open","low_north","summer","low"
"8724","5/19/2025","16:00","70.137","open","low_north","summer","low"
"8824","5/19/2025","22:00","55.364","open","low_north","summer","low"
"8924","5/20/2025","4:00","46.188","open","low_north","summer","low"
"9024","5/20/2025","10:00","52.401","open","low_north","summer","low"
"9128","5/20/2025","16:00","70.308","open","low_north","summer","low"
"9226","5/20/2025","22:00","53.798","open","low_north","summer","low"
"9324","5/21/2025","4:00","46.908","open","low_north","summer","low"
"9424","5/21/2025","10:00","50.643","open","low_north","summer","low"
"9524","5/21/2025","16:00","72.028","open","low_north","summer","low"
"9624","5/21/2025","22:00","55.017","open","low_north","summer","low"
"9724","5/22/2025","4:00","48.339","open","low_north","summer","low"
"9824","5/22/2025","10:00","52.576","open","low_north","summer","low"
"9924","5/22/2025","16:00","69.793","open","low_north","summer","low"
"10024","5/22/2025","22:00","55.711","open","low_north","summer","low"
"10128","5/23/2025","4:00","47.982","open","low_north","summer","low"
"10226","5/23/2025","10:00","53.623","open","low_north","summer","low"
"10324","5/23/2025","16:00","76.006","open","low_north","summer","low"
"10424","5/23/2025","22:00","58.82","open","low_north","summer","low"
"10524","5/24/2025","4:00","52.05","open","low_north","summer","low"
"10624","5/24/2025","10:00","56.577","open","low_north","summer","low"
"10724","5/24/2025","16:00","80.206","open","low_north","summer","low"
"10824","5/24/2025","22:00","61.227","open","low_north","summer","low"
"10924","5/25/2025","4:00","52.925","open","low_north","summer","low"
"11024","5/25/2025","10:00","58.647","open","low_north","summer","low"
"11128","5/25/2025","16:00","83.935","open","low_north","summer","low"
"11226","5/25/2025","22:00","64.31","open","low_north","summer","low"
"11324","5/26/2025","4:00","54.842","open","low_north","summer","low"
"11424","5/26/2025","10:00","60.883","open","low_north","summer","low"
"11524","5/26/2025","16:00","86.277","open","low_north","summer","low"
"11624","5/26/2025","22:00","65.338","open","low_north","summer","low"
"11724","5/27/2025","4:00","56.923","open","low_north","summer","low"
"11824","5/27/2025","10:00","62.598","open","low_north","summer","low"
"11924","5/27/2025","16:00","83.043","open","low_north","summer","low"
"12024","5/27/2025","22:00","64.31","open","low_north","summer","low"
"12128","5/28/2025","4:00","57.441","open","low_north","summer","low"
"12226","5/28/2025","10:00","62.769","open","low_north","summer","low"
"12324","5/28/2025","16:00","82.864","open","low_north","summer","low"
"12424","5/28/2025","22:00","65.851","open","low_north","summer","low"
"12524","5/29/2025","4:00","58.476","open","low_north","summer","low"
"12624","5/29/2025","10:00","64.481","open","low_north","summer","low"
"12724","5/29/2025","16:00","71.339","open","low_north","summer","low"
"12824","5/29/2025","22:00","63.282","open","low_north","summer","low"
"12924","5/30/2025","4:00","54.322","open","low_north","summer","low"
"13024","5/30/2025","10:00","61.398","open","low_north","summer","low"
"13128","5/30/2025","16:00","87.368","open","low_north","summer","low"
"13226","5/30/2025","22:00","65.167","open","low_north","summer","low"
"13324","5/31/2025","4:00","55.537","open","low_north","summer","low"
"13424","5/31/2025","10:00","62.769","open","low_north","summer","low"
"13524","5/31/2025","16:00","89.017","open","low_north","summer","low"
"13624","5/31/2025","22:00","68.592","open","low_north","summer","low"
"13724","6/1/2025","4:00","58.476","open","low_north","summer","low"
"13824","6/1/2025","10:00","65.509","open","low_north","summer","low"
"13924","6/1/2025","16:00","88.282","open","low_north","summer","low"
"14024","6/1/2025","22:00","70.137","open","low_north","summer","low"
"14128","6/2/2025","4:00","59.164","open","low_north","summer","low"
"14226","6/2/2025","10:00","60.883","open","low_north","summer","low"
"14324","6/2/2025","16:00","78.8","open","low_north","summer","low"
"14424","6/2/2025","22:00","63.968","open","low_north","summer","low"
"14524","6/3/2025","4:00","57.268","open","low_north","summer","low"
"14624","6/3/2025","10:00","61.741","open","low_north","summer","low"
"14724","6/3/2025","16:00","73.234","open","low_north","summer","low"
"14824","6/3/2025","22:00","62.94","open","low_north","summer","low"
"14924","6/4/2025","4:00","56.23","open","low_north","summer","low"
"15024","6/4/2025","10:00","60.712","open","low_north","summer","low"
"15128","6/4/2025","16:00","88.466","open","low_north","summer","low"
"15226","6/4/2025","22:00","65.509","open","low_north","summer","low"
"15324","6/5/2025","4:00","55.884","open","low_north","summer","low"
"15424","6/5/2025","10:00","62.254","open","low_north","summer","low"
"15524","6/5/2025","16:00","79.151","open","low_north","summer","low"
"15624","6/5/2025","22:00","63.455","open","low_north","summer","low"
"15724","6/6/2025","4:00","54.842","open","low_north","summer","low"
"15824","6/6/2025","10:00","63.111","open","low_north","summer","low"
"15924","6/6/2025","16:00","92.737","open","low_north","summer","low"
"16024","6/6/2025","22:00","68.421","open","low_north","summer","low"
"16128","6/7/2025","4:00","57.958","open","low_north","summer","low"
"16226","6/7/2025","10:00","66.708","open","low_north","summer","low"
"16324","6/7/2025","16:00","94.825","open","low_north","summer","low"
"16424","6/7/2025","22:00","69.964","open","low_north","summer","low"
"16524","6/8/2025","4:00","61.227","open","low_north","summer","low"
"16624","6/8/2025","10:00","68.592","open","low_north","summer","low"
"16724","6/8/2025","16:00","96.748","open","low_north","summer","low"
"16824","6/8/2025","22:00","71.856","open","low_north","summer","low"
"16924","6/9/2025","4:00","60.883","open","low_north","summer","low"
"17024","6/9/2025","10:00","69.964","open","low_north","summer","low"
"17128","6/9/2025","16:00","98.699","open","low_north","summer","low"
"17226","6/9/2025","22:00","73.407","open","low_north","summer","low"
"17324","6/10/2025","4:00","64.825","open","low_north","summer","low"
"17424","6/10/2025","10:00","71.683","open","low_north","summer","low"
"17524","6/10/2025","16:00","90.495","open","low_north","summer","low"
"17624","6/10/2025","22:00","71.683","open","low_north","summer","low"
"17724","6/11/2025","4:00","62.254","open","low_north","summer","low"
"17824","6/11/2025","10:00","67.392","open","low_north","summer","low"
"17924","6/11/2025","16:00","67.564","open","low_north","summer","low"
"18024","6/11/2025","22:00","59.337","open","low_north","summer","low"
"18128","6/12/2025","4:00","52.576","open","low_north","summer","low"
"18226","6/12/2025","10:00","63.111","open","low_north","summer","low"
"18323","6/12/2025","16:00","87.915","open","low_north","summer","low"
"18423","6/12/2025","22:00","67.221","open","low_north","summer","low"
"18523","6/13/2025","4:00","57.441","open","low_north","summer","low"
"18623","6/13/2025","10:00","65.851","open","low_north","summer","low"
"18723","6/13/2025","16:00","88.282","open","low_north","summer","low"
"18823","6/13/2025","22:00","69.107","open","low_north","summer","low"
"18923","6/14/2025","4:00","60.539","open","low_north","summer","low"
"19023","6/14/2025","10:00","67.735","open","low_north","summer","low"
"19127","6/14/2025","16:00","94.444","open","low_north","summer","low"
"19225","6/14/2025","22:00","69.964","open","low_north","summer","low"
"19323","6/15/2025","4:00","59.851","open","low_north","summer","low"
"19423","6/15/2025","10:00","69.107","open","low_north","summer","low"
"19523","6/15/2025","16:00","96.748","open","low_north","summer","low"
"19623","6/15/2025","22:00","72.718","open","low_north","summer","low"
"19723","6/16/2025","4:00","62.425","open","low_north","summer","low"
"19823","6/16/2025","10:00","69.793","open","low_north","summer","low"
"19923","6/16/2025","16:00","99.291","open","low_north","summer","low"
"20023","6/16/2025","22:00","73.58","open","low_north","summer","low"
"20127","6/17/2025","4:00","62.254","open","low_north","summer","low"
"20225","6/17/2025","10:00","69.964","open","low_north","summer","low"
"20323","6/17/2025","16:00","93.493","open","low_north","summer","low"
"20423","6/17/2025","22:00","70.651","open","low_north","summer","low"
"20523","6/18/2025","4:00","60.539","open","low_north","summer","low"
"20623","6/18/2025","10:00","68.934","open","low_north","summer","low"
"20723","6/18/2025","16:00","100.083","open","low_north","summer","low"
"20823","6/18/2025","22:00","73.407","open","low_north","summer","low"
"20923","6/19/2025","4:00","61.912","open","low_north","summer","low"
"21027","6/19/2025","10:00","72.718","open","low_north","summer","low"
"21130","6/19/2025","16:00","98.699","open","low_north","summer","low"
"21226","6/19/2025","22:00","78.098","open","low_north","summer","low"
"21324","6/20/2025","4:00","68.763","open","low_north","summer","low"
"21424","6/20/2025","10:00","69.278","open","low_north","summer","low"
"21523","6/20/2025","16:00","85.374","open","low_north","summer","low"
"21623","6/20/2025","22:00","69.449","open","low_north","summer","low"
"21723","6/21/2025","4:00","60.539","open","low_north","summer","low"
"21823","6/21/2025","10:00","64.825","open","low_north","summer","low"
"21923","6/21/2025","16:00","80.735","open","low_north","summer","low"
"22023","6/21/2025","22:00","64.139","open","low_north","summer","low"
"22127","6/22/2025","4:00","57.096","open","low_north","summer","low"
"22225","6/22/2025","10:00","51.874","open","low_north","summer","low"
"22323","6/22/2025","16:00","60.024","open","low_north","summer","low"
"22423","6/22/2025","22:00","53.1","open","low_north","summer","low"
"22523","6/23/2025","4:00","44.56","open","low_north","summer","low"
"22623","6/23/2025","10:00","54.147","open","low_north","summer","low"
"22723","6/23/2025","16:00","82.864","open","low_north","summer","low"
"22823","6/23/2025","22:00","62.598","open","low_north","summer","low"
"22923","6/24/2025","4:00","51.523","open","low_north","summer","low"
"23023","6/24/2025","10:00","58.82","open","low_north","summer","low"
"23127","6/24/2025","16:00","83.757","open","low_north","summer","low"
"23225","6/24/2025","22:00","67.05","open","low_north","summer","low"
"23323","6/25/2025","4:00","55.711","open","low_north","summer","low"
"23423","6/25/2025","10:00","62.94","open","low_north","summer","low"
"23522","6/25/2025","16:00","89.938","open","low_north","summer","low"
"23622","6/25/2025","22:00","73.753","open","low_north","summer","low"
"23722","6/26/2025","4:00","54.322","open","low_north","summer","low"
"23822","6/26/2025","10:00","72.545","open","low_north","summer","low"
"23922","6/26/2025","16:00","80.735","open","low_north","summer","low"
"24022","6/26/2025","22:00","86.823","open","low_north","summer","low"
"24126","6/27/2025","4:00","72.028","open","low_north","summer","low"
"24224","6/27/2025","10:00","68.421","open","low_north","summer","low"
"24322","6/27/2025","16:00","70.308","open","low_north","summer","low"
"24422","6/27/2025","22:00","71.683","open","low_north","summer","low"
"24522","6/28/2025","4:00","71.683","open","low_north","summer","low"
"24622","6/28/2025","10:00","71.339","open","low_north","summer","low"
"24722","6/28/2025","16:00","72.545","open","low_north","summer","low"
"24822","6/28/2025","22:00","75.484","open","low_north","summer","low"
"24922","6/29/2025","4:00","74.271","open","low_north","summer","low"
"25022","6/29/2025","10:00","75.312","open","low_north","summer","low"
"25126","6/29/2025","16:00","78.274","open","low_north","summer","low"
"25224","6/29/2025","22:00","78.8","open","low_north","summer","low"
"25322","6/30/2025","4:00","75.832","open","low_north","summer","low"
"25422","6/30/2025","10:00","71.856","open","low_north","summer","low"
"25522","6/30/2025","16:00","72.718","open","low_north","summer","low"
"25622","6/30/2025","22:00","73.58","open","low_north","summer","low"
"25722","7/1/2025","4:00","73.753","open","low_north","summer","low"
"25822","7/1/2025","10:00","71.168","open","low_north","summer","low"
"25922","7/1/2025","16:00","72.372","open","low_north","summer","low"
"26022","7/1/2025","22:00","73.234","open","low_north","summer","low"
"26126","7/2/2025","4:00","73.753","open","low_north","summer","low"
"26224","7/2/2025","10:00","71.512","open","low_north","summer","low"
"26322","7/2/2025","16:00","72.199","open","low_north","summer","low"
"26422","7/2/2025","22:00","73.407","open","low_north","summer","low"
"26522","7/3/2025","4:00","73.753","open","low_north","summer","low"
"26622","7/3/2025","10:00","70.308","open","low_north","summer","low"
"26722","7/3/2025","16:00","72.199","open","low_north","summer","low"
"26822","7/3/2025","22:00","72.891","open","low_north","summer","low"
"26922","7/4/2025","4:00","72.718","open","low_north","summer","low"
"27022","7/4/2025","10:00","70.137","open","low_north","summer","low"
"27126","7/4/2025","16:00","70.308","open","low_north","summer","low"
"27224","7/4/2025","22:00","71.683","open","low_north","summer","low"
"27322","7/5/2025","4:00","71.856","open","low_north","summer","low"
"27422","7/5/2025","10:00","70.824","open","low_north","summer","low"
"27522","7/5/2025","16:00","72.372","open","low_north","summer","low"
"27622","7/5/2025","22:00","74.964","open","low_north","summer","low"
"27722","7/6/2025","4:00","73.062","open","low_north","summer","low"
"27822","7/6/2025","10:00","73.926","open","low_north","summer","low"
"27922","7/6/2025","16:00","77.225","open","low_north","summer","low"
"28022","7/6/2025","22:00","77.749","open","low_north","summer","low"
"28126","7/7/2025","4:00","75.139","open","low_north","summer","low"
"28224","7/7/2025","10:00","70.48","open","low_north","summer","low"
"28322","7/7/2025","16:00","70.995","open","low_north","summer","low"
"28422","7/7/2025","22:00","72.545","open","low_north","summer","low"
"28522","7/8/2025","4:00","72.199","open","low_north","summer","low"
"28621","7/8/2025","10:00","69.622","open","low_north","summer","low"
"28721","7/8/2025","16:00","71.683","open","low_north","summer","low"
"28821","7/8/2025","22:00","72.891","open","low_north","summer","low"
"28921","7/9/2025","4:00","72.891","open","low_north","summer","low"
"29021","7/9/2025","10:00","70.995","open","low_north","summer","low"
"29125","7/9/2025","16:00","72.199","open","low_north","summer","low"
"29223","7/9/2025","22:00","72.891","open","low_north","summer","low"
"29321","7/10/2025","4:00","73.753","open","low_north","summer","low"
"29421","7/10/2025","10:00","71.339","open","low_north","summer","low"
"21003","4/28/2025","10:00","67.392","cage","low_gate","summer","low"
"31003","4/28/2025","16:00","61.398","cage","low_gate","summer","low"
"41002","4/28/2025","22:00","50.643","cage","low_gate","summer","low"
"5800","4/29/2025","4:00","42.363","cage","low_gate","summer","low"
"6377","4/29/2025","10:00","46.728","cage","low_gate","summer","low"
"7137","4/29/2025","16:00","63.797","cage","low_gate","summer","low"
"8109","4/29/2025","22:00","52.576","cage","low_gate","summer","low"
"9109","4/30/2025","4:00","46.188","cage","low_gate","summer","low"
"10109","4/30/2025","10:00","44.922","cage","low_gate","summer","low"
"11109","4/30/2025","16:00","61.569","cage","low_gate","summer","low"
"12109","4/30/2025","22:00","53.449","cage","low_gate","summer","low"
"13109","5/1/2025","4:00","44.379","cage","low_gate","summer","low"
"14109","5/1/2025","10:00","44.922","cage","low_gate","summer","low"
"15109","5/1/2025","16:00","68.934","cage","low_gate","summer","low"
"16109","5/1/2025","22:00","57.096","cage","low_gate","summer","low"
"17109","5/2/2025","4:00","46.908","cage","low_gate","summer","low"
"18109","5/2/2025","10:00","47.802","cage","low_gate","summer","low"
"19109","5/2/2025","16:00","70.995","cage","low_gate","summer","low"
"20109","5/2/2025","22:00","59.508","cage","low_gate","summer","low"
"21131","5/3/2025","4:00","49.582","cage","low_gate","summer","low"
"22128","5/3/2025","10:00","50.643","cage","low_gate","summer","low"
"23109","5/3/2025","16:00","73.407","cage","low_gate","summer","low"
"24109","5/3/2025","22:00","60.368","cage","low_gate","summer","low"
"25109","5/4/2025","4:00","51.523","cage","low_gate","summer","low"
"26109","5/4/2025","10:00","53.623","cage","low_gate","summer","low"
"27109","5/4/2025","16:00","75.659","cage","low_gate","summer","low"
"28109","5/4/2025","22:00","60.539","cage","low_gate","summer","low"
"29109","5/5/2025","4:00","52.576","cage","low_gate","summer","low"
"30109","5/5/2025","10:00","50.29","cage","low_gate","summer","low"
"31128","5/5/2025","16:00","49.228","cage","low_gate","summer","low"
"32125","5/5/2025","22:00","46.008","cage","low_gate","summer","low"
"33109","5/6/2025","4:00","42.915","cage","low_gate","summer","low"
"34109","5/6/2025","10:00","45.466","cage","low_gate","summer","low"
"35109","5/6/2025","16:00","66.022","cage","low_gate","summer","low"
"36109","5/6/2025","22:00","55.364","cage","low_gate","summer","low"
"37109","5/7/2025","4:00","47.624","cage","low_gate","summer","low"
"38109","5/7/2025","10:00","49.582","cage","low_gate","summer","low"
"39109","5/7/2025","16:00","73.062","cage","low_gate","summer","low"
"40109","5/7/2025","22:00","60.024","cage","low_gate","summer","low"
"41126","5/8/2025","4:00","50.643","cage","low_gate","summer","low"
"42123","5/8/2025","10:00","53.1","cage","low_gate","summer","low"
"43109","5/8/2025","16:00","74.098","cage","low_gate","summer","low"
"44109","5/8/2025","22:00","58.476","cage","low_gate","summer","low"
"45109","5/9/2025","4:00","50.29","cage","low_gate","summer","low"
"46107","5/9/2025","10:00","52.75","cage","low_gate","summer","low"
"47105","5/9/2025","16:00","74.271","cage","low_gate","summer","low"
"48104","5/9/2025","22:00","61.569","cage","low_gate","summer","low"
"49104","5/10/2025","4:00","52.75","cage","low_gate","summer","low"
"50104","5/10/2025","10:00","57.096","cage","low_gate","summer","low"
"51108","5/10/2025","16:00","75.832","cage","low_gate","summer","low"
"52106","5/10/2025","22:00","64.139","cage","low_gate","summer","low"
"53104","5/11/2025","4:00","59.164","cage","low_gate","summer","low"
"54104","5/11/2025","10:00","58.82","cage","low_gate","summer","low"
"55104","5/11/2025","16:00","71.683","cage","low_gate","summer","low"
"56103","5/11/2025","22:00","60.539","cage","low_gate","summer","low"
"57102","5/12/2025","4:00","54.495","cage","low_gate","summer","low"
"58102","5/12/2025","10:00","57.096","cage","low_gate","summer","low"
"59102","5/12/2025","16:00","75.832","cage","low_gate","summer","low"
"60102","5/12/2025","22:00","61.912","cage","low_gate","summer","low"
"61105","5/13/2025","4:00","54.495","cage","low_gate","summer","low"
"62103","5/13/2025","10:00","53.274","cage","low_gate","summer","low"
"6378","5/13/2025","16:00","58.303","cage","low_gate","summer","low"
"6437","5/13/2025","22:00","51.523","cage","low_gate","summer","low"
"6537","5/14/2025","4:00","47.624","cage","low_gate","summer","low"
"6637","5/14/2025","10:00","46.008","cage","low_gate","summer","low"
"6730","5/14/2025","16:00","55.711","cage","low_gate","summer","low"
"6829","5/14/2025","22:00","50.466","cage","low_gate","summer","low"
"6929","5/15/2025","4:00","46.008","cage","low_gate","summer","low"
"7029","5/15/2025","10:00","48.695","cage","low_gate","summer","low"
"7138","5/15/2025","16:00","68.248","cage","low_gate","summer","low"
"7230","5/15/2025","22:00","52.576","cage","low_gate","summer","low"
"7329","5/16/2025","4:00","44.379","cage","low_gate","summer","low"
"7429","5/16/2025","10:00","48.871","cage","low_gate","summer","low"
"7529","5/16/2025","16:00","61.398","cage","low_gate","summer","low"
"7629","5/16/2025","22:00","52.05","cage","low_gate","summer","low"
"7729","5/17/2025","4:00","44.742","cage","low_gate","summer","low"
"7829","5/17/2025","10:00","49.582","cage","low_gate","summer","low"
"7929","5/17/2025","16:00","58.647","cage","low_gate","summer","low"
"8028","5/17/2025","22:00","52.05","cage","low_gate","summer","low"
"8129","5/18/2025","4:00","48.871","cage","low_gate","summer","low"
"8227","5/18/2025","10:00","49.937","cage","low_gate","summer","low"
"8325","5/18/2025","16:00","55.017","cage","low_gate","summer","low"
"8425","5/18/2025","22:00","49.05","cage","low_gate","summer","low"
"8525","5/19/2025","4:00","42.732","cage","low_gate","summer","low"
"8625","5/19/2025","10:00","43.282","cage","low_gate","summer","low"
"8725","5/19/2025","16:00","68.077","cage","low_gate","summer","low"
"8825","5/19/2025","22:00","57.441","cage","low_gate","summer","low"
"8925","5/20/2025","4:00","48.16","cage","low_gate","summer","low"
"9025","5/20/2025","10:00","50.29","cage","low_gate","summer","low"
"9129","5/20/2025","16:00","69.278","cage","low_gate","summer","low"
"9227","5/20/2025","22:00","56.404","cage","low_gate","summer","low"
"9325","5/21/2025","4:00","48.871","cage","low_gate","summer","low"
"9425","5/21/2025","10:00","49.05","cage","low_gate","summer","low"
"9525","5/21/2025","16:00","69.107","cage","low_gate","summer","low"
"9625","5/21/2025","22:00","58.647","cage","low_gate","summer","low"
"9725","5/22/2025","4:00","50.643","cage","low_gate","summer","low"
"9825","5/22/2025","10:00","52.225","cage","low_gate","summer","low"
"9925","5/22/2025","16:00","68.592","cage","low_gate","summer","low"
"10025","5/22/2025","22:00","58.82","cage","low_gate","summer","low"
"10129","5/23/2025","4:00","50.643","cage","low_gate","summer","low"
"10227","5/23/2025","10:00","52.05","cage","low_gate","summer","low"
"10325","5/23/2025","16:00","72.028","cage","low_gate","summer","low"
"10425","5/23/2025","22:00","60.195","cage","low_gate","summer","low"
"10525","5/24/2025","4:00","53.449","cage","low_gate","summer","low"
"10625","5/24/2025","10:00","55.017","cage","low_gate","summer","low"
"10725","5/24/2025","16:00","79.853","cage","low_gate","summer","low"
"10825","5/24/2025","22:00","65.509","cage","low_gate","summer","low"
"10925","5/25/2025","4:00","56.057","cage","low_gate","summer","low"
"11025","5/25/2025","10:00","57.614","cage","low_gate","summer","low"
"11129","5/25/2025","16:00","78.624","cage","low_gate","summer","low"
"11227","5/25/2025","22:00","66.879","cage","low_gate","summer","low"
"11325","5/26/2025","4:00","57.441","cage","low_gate","summer","low"
"11425","5/26/2025","10:00","58.647","cage","low_gate","summer","low"
"11525","5/26/2025","16:00","82.508","cage","low_gate","summer","low"
"11625","5/26/2025","22:00","67.906","cage","low_gate","summer","low"
"11725","5/27/2025","4:00","59.337","cage","low_gate","summer","low"
"11825","5/27/2025","10:00","60.539","cage","low_gate","summer","low"
"11925","5/27/2025","16:00","79.326","cage","low_gate","summer","low"
"12025","5/27/2025","22:00","66.022","cage","low_gate","summer","low"
"12129","5/28/2025","4:00","58.647","cage","low_gate","summer","low"
"12227","5/28/2025","10:00","60.024","cage","low_gate","summer","low"
"12325","5/28/2025","16:00","78.624","cage","low_gate","summer","low"
"12425","5/28/2025","22:00","68.421","cage","low_gate","summer","low"
"12525","5/29/2025","4:00","60.368","cage","low_gate","summer","low"
"12625","5/29/2025","10:00","62.425","cage","low_gate","summer","low"
"12725","5/29/2025","16:00","77.574","cage","low_gate","summer","low"
"12825","5/29/2025","22:00","66.879","cage","low_gate","summer","low"
"12925","5/30/2025","4:00","58.647","cage","low_gate","summer","low"
"13025","5/30/2025","10:00","60.712","cage","low_gate","summer","low"
"13129","5/30/2025","16:00","85.374","cage","low_gate","summer","low"
"13227","5/30/2025","22:00","70.308","cage","low_gate","summer","low"
"13325","5/31/2025","4:00","60.195","cage","low_gate","summer","low"
"13425","5/31/2025","10:00","62.254","cage","low_gate","summer","low"
"13525","5/31/2025","16:00","87.186","cage","low_gate","summer","low"
"13625","5/31/2025","22:00","72.545","cage","low_gate","summer","low"
"13725","6/1/2025","4:00","62.425","cage","low_gate","summer","low"
"13825","6/1/2025","10:00","64.31","cage","low_gate","summer","low"
"13925","6/1/2025","16:00","86.459","cage","low_gate","summer","low"
"14025","6/1/2025","22:00","72.545","cage","low_gate","summer","low"
"14129","6/2/2025","4:00","62.769","cage","low_gate","summer","low"
"14227","6/2/2025","10:00","61.054","cage","low_gate","summer","low"
"14325","6/2/2025","16:00","76.703","cage","low_gate","summer","low"
"14425","6/2/2025","22:00","65.851","cage","low_gate","summer","low"
"14525","6/3/2025","4:00","59.337","cage","low_gate","summer","low"
"14625","6/3/2025","10:00","60.368","cage","low_gate","summer","low"
"14725","6/3/2025","16:00","71.683","cage","low_gate","summer","low"
"14825","6/3/2025","22:00","64.31","cage","low_gate","summer","low"
"14925","6/4/2025","4:00","57.614","cage","low_gate","summer","low"
"15025","6/4/2025","10:00","57.958","cage","low_gate","summer","low"
"15129","6/4/2025","16:00","83.757","cage","low_gate","summer","low"
"15227","6/4/2025","22:00","67.906","cage","low_gate","summer","low"
"15325","6/5/2025","4:00","58.647","cage","low_gate","summer","low"
"15425","6/5/2025","10:00","59.68","cage","low_gate","summer","low"
"15525","6/5/2025","16:00","76.181","cage","low_gate","summer","low"
"15625","6/5/2025","22:00","65.68","cage","low_gate","summer","low"
"15725","6/6/2025","4:00","57.441","cage","low_gate","summer","low"
"15825","6/6/2025","10:00","59.508","cage","low_gate","summer","low"
"15925","6/6/2025","16:00","85.735","cage","low_gate","summer","low"
"16025","6/6/2025","22:00","69.622","cage","low_gate","summer","low"
"16129","6/7/2025","4:00","59.851","cage","low_gate","summer","low"
"16227","6/7/2025","10:00","61.912","cage","low_gate","summer","low"
"16325","6/7/2025","16:00","87.368","cage","low_gate","summer","low"
"16425","6/7/2025","22:00","72.199","cage","low_gate","summer","low"
"16525","6/8/2025","4:00","62.94","cage","low_gate","summer","low"
"16625","6/8/2025","10:00","64.652","cage","low_gate","summer","low"
"16725","6/8/2025","16:00","89.938","cage","low_gate","summer","low"
"16825","6/8/2025","22:00","74.446","cage","low_gate","summer","low"
"16925","6/9/2025","4:00","63.797","cage","low_gate","summer","low"
"17025","6/9/2025","10:00","66.022","cage","low_gate","summer","low"
"17129","6/9/2025","16:00","91.425","cage","low_gate","summer","low"
"17227","6/9/2025","22:00","76.354","cage","low_gate","summer","low"
"17325","6/10/2025","4:00","67.05","cage","low_gate","summer","low"
"17425","6/10/2025","10:00","69.107","cage","low_gate","summer","low"
"17525","6/10/2025","16:00","86.277","cage","low_gate","summer","low"
"17625","6/10/2025","22:00","73.234","cage","low_gate","summer","low"
"17725","6/11/2025","4:00","64.481","cage","low_gate","summer","low"
"17825","6/11/2025","10:00","66.879","cage","low_gate","summer","low"
"17925","6/11/2025","16:00","68.248","cage","low_gate","summer","low"
"18025","6/11/2025","22:00","62.598","cage","low_gate","summer","low"
"18129","6/12/2025","4:00","55.711","cage","low_gate","summer","low"
"18227","6/12/2025","10:00","58.647","cage","low_gate","summer","low"
"18324","6/12/2025","16:00","82.864","cage","low_gate","summer","low"
"18424","6/12/2025","22:00","69.793","cage","low_gate","summer","low"
"18524","6/13/2025","4:00","60.712","cage","low_gate","summer","low"
"18624","6/13/2025","10:00","62.254","cage","low_gate","summer","low"
"18724","6/13/2025","16:00","82.686","cage","low_gate","summer","low"
"18824","6/13/2025","22:00","72.372","cage","low_gate","summer","low"
"18924","6/14/2025","4:00","63.111","cage","low_gate","summer","low"
"19024","6/14/2025","10:00","65.851","cage","low_gate","summer","low"
"19128","6/14/2025","16:00","88.466","cage","low_gate","summer","low"
"19226","6/14/2025","22:00","73.062","cage","low_gate","summer","low"
"19324","6/15/2025","4:00","62.425","cage","low_gate","summer","low"
"19424","6/15/2025","10:00","65.338","cage","low_gate","summer","low"
"19524","6/15/2025","16:00","89.384","cage","low_gate","summer","low"
"19624","6/15/2025","22:00","73.753","cage","low_gate","summer","low"
"19724","6/16/2025","4:00","64.31","cage","low_gate","summer","low"
"19824","6/16/2025","10:00","67.221","cage","low_gate","summer","low"
"19924","6/16/2025","16:00","91.425","cage","low_gate","summer","low"
"20024","6/16/2025","22:00","75.139","cage","low_gate","summer","low"
"20128","6/17/2025","4:00","64.481","cage","low_gate","summer","low"
"20226","6/17/2025","10:00","66.193","cage","low_gate","summer","low"
"20324","6/17/2025","16:00","86.459","cage","low_gate","summer","low"
"20424","6/17/2025","22:00","73.58","cage","low_gate","summer","low"
"20524","6/18/2025","4:00","63.626","cage","low_gate","summer","low"
"20624","6/18/2025","10:00","64.825","cage","low_gate","summer","low"
"20724","6/18/2025","16:00","92.363","cage","low_gate","summer","low"
"20824","6/18/2025","22:00","77.4","cage","low_gate","summer","low"
"20924","6/19/2025","4:00","65.167","cage","low_gate","summer","low"
"21028","6/19/2025","10:00","67.735","cage","low_gate","summer","low"
"21132","6/19/2025","16:00","90.867","cage","low_gate","summer","low"
"21227","6/19/2025","22:00","79.853","cage","low_gate","summer","low"
"21325","6/20/2025","4:00","70.651","cage","low_gate","summer","low"
"21425","6/20/2025","10:00","68.077","cage","low_gate","summer","low"
"21524","6/20/2025","16:00","82.152","cage","low_gate","summer","low"
"21624","6/20/2025","22:00","70.824","cage","low_gate","summer","low"
"21724","6/21/2025","4:00","62.598","cage","low_gate","summer","low"
"21824","6/21/2025","10:00","64.139","cage","low_gate","summer","low"
"21924","6/21/2025","16:00","77.05","cage","low_gate","summer","low"
"22024","6/21/2025","22:00","65.509","cage","low_gate","summer","low"
"22129","6/22/2025","4:00","58.647","cage","low_gate","summer","low"
"22226","6/22/2025","10:00","53.623","cage","low_gate","summer","low"
"22324","6/22/2025","16:00","58.131","cage","low_gate","summer","low"
"22424","6/22/2025","22:00","55.537","cage","low_gate","summer","low"
"22524","6/23/2025","4:00","46.369","cage","low_gate","summer","low"
"22624","6/23/2025","10:00","48.517","cage","low_gate","summer","low"
"22724","6/23/2025","16:00","81.975","cage","low_gate","summer","low"
"22824","6/23/2025","22:00","68.077","cage","low_gate","summer","low"
"22924","6/24/2025","4:00","55.189","cage","low_gate","summer","low"
"23024","6/24/2025","10:00","57.268","cage","low_gate","summer","low"
"23128","6/24/2025","16:00","82.33","cage","low_gate","summer","low"
"23226","6/24/2025","22:00","71.339","cage","low_gate","summer","low"
"23324","6/25/2025","4:00","58.82","cage","low_gate","summer","low"
"23424","6/25/2025","10:00","59.164","cage","low_gate","summer","low"
"23523","6/25/2025","16:00","87.186","cage","low_gate","summer","low"
"23623","6/25/2025","22:00","74.098","cage","low_gate","summer","low"
"23723","6/26/2025","4:00","62.769","cage","low_gate","summer","low"
"23823","6/26/2025","10:00","65.338","cage","low_gate","summer","low"
"23923","6/26/2025","16:00","79.853","cage","low_gate","summer","low"
"24023","6/26/2025","22:00","86.823","cage","low_gate","summer","low"
"24127","6/27/2025","4:00","71.856","cage","low_gate","summer","low"
"24225","6/27/2025","10:00","68.077","cage","low_gate","summer","low"
"24323","6/27/2025","16:00","70.651","cage","low_gate","summer","low"
"24423","6/27/2025","22:00","71.856","cage","low_gate","summer","low"
"24523","6/28/2025","4:00","71.683","cage","low_gate","summer","low"
"24623","6/28/2025","10:00","71.339","cage","low_gate","summer","low"
"24723","6/28/2025","16:00","72.891","cage","low_gate","summer","low"
"24823","6/28/2025","22:00","75.484","cage","low_gate","summer","low"
"24923","6/29/2025","4:00","74.098","cage","low_gate","summer","low"
"25023","6/29/2025","10:00","75.484","cage","low_gate","summer","low"
"25127","6/29/2025","16:00","78.624","cage","low_gate","summer","low"
"25225","6/29/2025","22:00","78.624","cage","low_gate","summer","low"
"25323","6/30/2025","4:00","75.659","cage","low_gate","summer","low"
"25423","6/30/2025","10:00","72.028","cage","low_gate","summer","low"
"25523","6/30/2025","16:00","72.891","cage","low_gate","summer","low"
"25623","6/30/2025","22:00","73.58","cage","low_gate","summer","low"
"25723","7/1/2025","4:00","73.753","cage","low_gate","summer","low"
"25823","7/1/2025","10:00","71.683","cage","low_gate","summer","low"
"25923","7/1/2025","16:00","72.545","cage","low_gate","summer","low"
"26023","7/1/2025","22:00","73.407","cage","low_gate","summer","low"
"26127","7/2/2025","4:00","73.753","cage","low_gate","summer","low"
"26225","7/2/2025","10:00","72.028","cage","low_gate","summer","low"
"26323","7/2/2025","16:00","72.372","cage","low_gate","summer","low"
"26423","7/2/2025","22:00","73.407","cage","low_gate","summer","low"
"26523","7/3/2025","4:00","73.753","cage","low_gate","summer","low"
"26623","7/3/2025","10:00","70.824","cage","low_gate","summer","low"
"26723","7/3/2025","16:00","72.372","cage","low_gate","summer","low"
"26823","7/3/2025","22:00","73.062","cage","low_gate","summer","low"
"26923","7/4/2025","4:00","72.718","cage","low_gate","summer","low"
"27023","7/4/2025","10:00","70.48","cage","low_gate","summer","low"
"27127","7/4/2025","16:00","70.48","cage","low_gate","summer","low"
"27225","7/4/2025","22:00","71.683","cage","low_gate","summer","low"
"27323","7/5/2025","4:00","71.856","cage","low_gate","summer","low"
"27423","7/5/2025","10:00","71.168","cage","low_gate","summer","low"
"27523","7/5/2025","16:00","72.545","cage","low_gate","summer","low"
"27623","7/5/2025","22:00","74.964","cage","low_gate","summer","low"
"27723","7/6/2025","4:00","72.891","cage","low_gate","summer","low"
"27823","7/6/2025","10:00","74.271","cage","low_gate","summer","low"
"27923","7/6/2025","16:00","77.4","cage","low_gate","summer","low"
"28023","7/6/2025","22:00","77.749","cage","low_gate","summer","low"
"28127","7/7/2025","4:00","74.964","cage","low_gate","summer","low"
"28225","7/7/2025","10:00","70.995","cage","low_gate","summer","low"
"28323","7/7/2025","16:00","71.339","cage","low_gate","summer","low"
"28423","7/7/2025","22:00","72.545","cage","low_gate","summer","low"
"28523","7/8/2025","4:00","72.028","cage","low_gate","summer","low"
"28622","7/8/2025","10:00","69.964","cage","low_gate","summer","low"
"28722","7/8/2025","16:00","72.028","cage","low_gate","summer","low"
"28822","7/8/2025","22:00","73.062","cage","low_gate","summer","low"
"28922","7/9/2025","4:00","72.891","cage","low_gate","summer","low"
"29022","7/9/2025","10:00","71.339","cage","low_gate","summer","low"
"29126","7/9/2025","16:00","72.718","cage","low_gate","summer","low"
"29224","7/9/2025","22:00","73.062","cage","low_gate","summer","low"
"29322","7/10/2025","4:00","73.753","cage","low_gate","summer","low"
"29422","7/10/2025","10:00","71.683","cage","low_gate","summer","low"
