date,site,shrub,patch,subplot,species,id,germination,herbivory,phenophase,height,notes
4/12/2024,low_north,1,open,R,ALDE,1,0,,,,
4/12/2024,low_north,1,open,R,ALDE,2,0,,,,
4/12/2024,low_north,1,open,R,ALDE,3,0,,,,
4/12/2024,low_north,1,open,R,BRTE,1,0,,,,
4/12/2024,low_north,1,open,R,BRTE,2,0,,,,
4/12/2024,low_north,1,open,R,BRTE,3,0,,,,
4/12/2024,low_north,1,open,R,COPA,1,1,,,,
4/12/2024,low_north,1,open,R,COPA,2,0,,,,
4/12/2024,low_north,1,open,R,COPA,3,1,,,,
4/12/2024,low_north,1,open,R,PODO,1,0,,,,
4/12/2024,low_north,1,open,R,PODO,2,0,,,,
4/12/2024,low_north,1,open,R,PODO,3,0,,,,
4/12/2024,low_north,1,open,C,ALDE,1,0,,,,
4/12/2024,low_north,1,open,C,ALDE,2,0,,,,
4/12/2024,low_north,1,open,C,ALDE,3,0,,,,
4/12/2024,low_north,1,open,C,BRTE,1,0,,,,
4/12/2024,low_north,1,open,C,BRTE,2,0,,,,
4/12/2024,low_north,1,open,C,BRTE,3,0,,,,
4/12/2024,low_north,1,open,C,COPA,1,1,,,,
4/12/2024,low_north,1,open,C,COPA,2,0,,,,
4/12/2024,low_north,1,open,C,COPA,3,1,,,,
4/12/2024,low_north,1,open,C,PODO,1,0,,,,
4/12/2024,low_north,1,open,C,PODO,2,0,,,,
4/12/2024,low_north,1,open,C,PODO,3,0,,,,
4/12/2024,low_north,1,shrub,R,ALDE,1,0,,,,
4/12/2024,low_north,1,shrub,R,ALDE,2,1,,,,
4/12/2024,low_north,1,shrub,R,ALDE,3,0,,,,
4/12/2024,low_north,1,shrub,R,BRTE,1,0,,,,
4/12/2024,low_north,1,shrub,R,BRTE,2,1,,,,
4/12/2024,low_north,1,shrub,R,BRTE,3,0,,,,
4/12/2024,low_north,1,shrub,R,COPA,1,1,,,,
4/12/2024,low_north,1,shrub,R,COPA,2,1,,,,
4/12/2024,low_north,1,shrub,R,COPA,3,0,,,,
4/12/2024,low_north,1,shrub,R,PODO,1,0,,,,
4/12/2024,low_north,1,shrub,R,PODO,2,1,,,,
4/12/2024,low_north,1,shrub,R,PODO,3,0,,,,
4/12/2024,low_north,1,shrub,C,ALDE,1,0,,,,
4/12/2024,low_north,1,shrub,C,ALDE,2,0,,,,
4/12/2024,low_north,1,shrub,C,ALDE,3,0,,,,
4/12/2024,low_north,1,shrub,C,BRTE,1,1,,,,
4/12/2024,low_north,1,shrub,C,BRTE,2,1,,,,
4/12/2024,low_north,1,shrub,C,BRTE,3,0,,,,
4/12/2024,low_north,1,shrub,C,COPA,1,1,,,,
4/12/2024,low_north,1,shrub,C,COPA,2,1,,,,
4/12/2024,low_north,1,shrub,C,COPA,3,1,,,,
4/12/2024,low_north,1,shrub,C,PODO,1,0,,,,
4/12/2024,low_north,1,shrub,C,PODO,2,0,,,,
4/12/2024,low_north,1,shrub,C,PODO,3,1,,,,
4/12/2024,low_north,2,open,R,ALDE,1,0,,,,
4/12/2024,low_north,2,open,R,ALDE,2,0,,,,
4/12/2024,low_north,2,open,R,ALDE,3,0,,,,
4/12/2024,low_north,2,open,R,BRTE,1,0,,,,
4/12/2024,low_north,2,open,R,BRTE,2,1,,,,
4/12/2024,low_north,2,open,R,BRTE,3,0,,,,
4/12/2024,low_north,2,open,R,COPA,1,1,,,,
4/12/2024,low_north,2,open,R,COPA,2,0,,,,
4/12/2024,low_north,2,open,R,COPA,3,1,,,,
4/12/2024,low_north,2,open,R,PODO,1,1,,,,
4/12/2024,low_north,2,open,R,PODO,2,0,,,,
4/12/2024,low_north,2,open,R,PODO,3,0,,,,
4/12/2024,low_north,2,open,C,ALDE,1,0,,,,
4/12/2024,low_north,2,open,C,ALDE,2,0,,,,
4/12/2024,low_north,2,open,C,ALDE,3,0,,,,
4/12/2024,low_north,2,open,C,BRTE,1,0,,,,
4/12/2024,low_north,2,open,C,BRTE,2,1,,,,
4/12/2024,low_north,2,open,C,BRTE,3,1,,,,
4/12/2024,low_north,2,open,C,COPA,1,0,,,,
4/12/2024,low_north,2,open,C,COPA,2,0,,,,
4/12/2024,low_north,2,open,C,COPA,3,0,,,,
4/12/2024,low_north,2,open,C,PODO,1,0,,,,
4/12/2024,low_north,2,open,C,PODO,2,0,,,,
4/12/2024,low_north,2,open,C,PODO,3,0,,,,
4/12/2024,low_north,2,shrub,R,ALDE,1,0,,,,
4/12/2024,low_north,2,shrub,R,ALDE,2,0,,,,
4/12/2024,low_north,2,shrub,R,ALDE,3,0,,,,
4/12/2024,low_north,2,shrub,R,BRTE,1,0,,,,
4/12/2024,low_north,2,shrub,R,BRTE,2,0,,,,
4/12/2024,low_north,2,shrub,R,BRTE,3,0,,,,
4/12/2024,low_north,2,shrub,R,COPA,1,1,,,,
4/12/2024,low_north,2,shrub,R,COPA,2,1,,,,
4/12/2024,low_north,2,shrub,R,COPA,3,1,,,,
4/12/2024,low_north,2,shrub,R,PODO,1,0,,,,
4/12/2024,low_north,2,shrub,R,PODO,2,0,,,,
4/12/2024,low_north,2,shrub,R,PODO,3,0,,,,
4/12/2024,low_north,2,shrub,C,ALDE,1,0,,,,
4/12/2024,low_north,2,shrub,C,ALDE,2,0,,,,
4/12/2024,low_north,2,shrub,C,ALDE,3,0,,,,
4/12/2024,low_north,2,shrub,C,BRTE,1,0,,,,
4/12/2024,low_north,2,shrub,C,BRTE,2,0,,,,
4/12/2024,low_north,2,shrub,C,BRTE,3,0,,,,
4/12/2024,low_north,2,shrub,C,COPA,1,1,,,,
4/12/2024,low_north,2,shrub,C,COPA,2,1,,,,
4/12/2024,low_north,2,shrub,C,COPA,3,1,,,,
4/12/2024,low_north,2,shrub,C,PODO,1,0,,,,
4/12/2024,low_north,2,shrub,C,PODO,2,0,,,,
4/12/2024,low_north,2,shrub,C,PODO,3,0,,,,
4/12/2024,low_north,3,open,R,ALDE,1,0,,,,
4/12/2024,low_north,3,open,R,ALDE,2,0,,,,
4/12/2024,low_north,3,open,R,ALDE,3,,,,,trampled
4/12/2024,low_north,3,open,R,BRTE,1,1,,,,
4/12/2024,low_north,3,open,R,BRTE,2,0,,,,
4/12/2024,low_north,3,open,R,BRTE,3,1,,,,
4/12/2024,low_north,3,open,R,COPA,1,1,,,,
4/12/2024,low_north,3,open,R,COPA,2,1,,,,
4/12/2024,low_north,3,open,R,COPA,3,1,,,,
4/12/2024,low_north,3,open,R,PODO,1,0,,,,
4/12/2024,low_north,3,open,R,PODO,2,0,,,,
4/12/2024,low_north,3,open,R,PODO,3,0,,,,
4/12/2024,low_north,3,open,C,ALDE,1,0,,,,
4/12/2024,low_north,3,open,C,ALDE,2,0,,,,
4/12/2024,low_north,3,open,C,ALDE,3,0,,,,
4/12/2024,low_north,3,open,C,BRTE,1,0,,,,
4/12/2024,low_north,3,open,C,BRTE,2,1,,,,
4/12/2024,low_north,3,open,C,BRTE,3,0,,,,
4/12/2024,low_north,3,open,C,COPA,1,0,,,,
4/12/2024,low_north,3,open,C,COPA,2,0,,,,
4/12/2024,low_north,3,open,C,COPA,3,1,,,,
4/12/2024,low_north,3,open,C,PODO,1,0,,,,
4/12/2024,low_north,3,open,C,PODO,2,0,,,,
4/12/2024,low_north,3,open,C,PODO,3,0,,,,
4/12/2024,low_north,3,shrub,R,ALDE,1,0,,,,
4/12/2024,low_north,3,shrub,R,ALDE,2,0,,,,
4/12/2024,low_north,3,shrub,R,ALDE,3,0,,,,
4/12/2024,low_north,3,shrub,R,BRTE,1,1,,,,
4/12/2024,low_north,3,shrub,R,BRTE,2,0,,,,
4/12/2024,low_north,3,shrub,R,BRTE,3,1,,,,
4/12/2024,low_north,3,shrub,R,COPA,1,1,,,,
4/12/2024,low_north,3,shrub,R,COPA,2,0,,,,
4/12/2024,low_north,3,shrub,R,COPA,3,0,,,,
4/12/2024,low_north,3,shrub,R,PODO,1,0,,,,
4/12/2024,low_north,3,shrub,R,PODO,2,0,,,,
4/12/2024,low_north,3,shrub,R,PODO,3,0,,,,
4/12/2024,low_north,3,shrub,C,ALDE,1,0,,,,
4/12/2024,low_north,3,shrub,C,ALDE,2,0,,,,
4/12/2024,low_north,3,shrub,C,ALDE,3,0,,,,
4/12/2024,low_north,3,shrub,C,BRTE,1,1,,,,
4/12/2024,low_north,3,shrub,C,BRTE,2,0,,,,
4/12/2024,low_north,3,shrub,C,BRTE,3,0,,,,
4/12/2024,low_north,3,shrub,C,COPA,1,1,,,,
4/12/2024,low_north,3,shrub,C,COPA,2,1,,,,
4/12/2024,low_north,3,shrub,C,COPA,3,0,,,,
4/12/2024,low_north,3,shrub,C,PODO,1,0,,,,
4/12/2024,low_north,3,shrub,C,PODO,2,0,,,,
4/12/2024,low_north,3,shrub,C,PODO,3,0,,,,
4/12/2024,low_north,4,open,R,ALDE,1,,,,,trampled
4/12/2024,low_north,4,open,R,ALDE,2,,,,,trampled
4/12/2024,low_north,4,open,R,ALDE,3,,,,,trampled
4/12/2024,low_north,4,open,R,BRTE,1,,,,,trampled
4/12/2024,low_north,4,open,R,BRTE,2,,,,,trampled
4/12/2024,low_north,4,open,R,BRTE,3,,,,,trampled
4/12/2024,low_north,4,open,R,COPA,1,,,,,trampled
4/12/2024,low_north,4,open,R,COPA,2,,,,,trampled
4/12/2024,low_north,4,open,R,COPA,3,,,,,trampled
4/12/2024,low_north,4,open,R,PODO,1,,,,,trampled
4/12/2024,low_north,4,open,R,PODO,2,,,,,trampled
4/12/2024,low_north,4,open,R,PODO,3,,,,,trampled
4/12/2024,low_north,4,open,C,ALDE,1,,,,,trampled
4/12/2024,low_north,4,open,C,ALDE,2,,,,,trampled
4/12/2024,low_north,4,open,C,ALDE,3,,,,,trampled
4/12/2024,low_north,4,open,C,BRTE,1,,,,,trampled
4/12/2024,low_north,4,open,C,BRTE,2,,,,,trampled
4/12/2024,low_north,4,open,C,BRTE,3,,,,,trampled
4/12/2024,low_north,4,open,C,COPA,1,,,,,trampled
4/12/2024,low_north,4,open,C,COPA,2,,,,,trampled
4/12/2024,low_north,4,open,C,COPA,3,,,,,trampled
4/12/2024,low_north,4,open,C,PODO,1,,,,,trampled
4/12/2024,low_north,4,open,C,PODO,2,,,,,trampled
4/12/2024,low_north,4,open,C,PODO,3,,,,,trampled
4/12/2024,low_north,4,shrub,R,ALDE,1,0,,,,check spp locations once germinated
4/12/2024,low_north,4,shrub,R,ALDE,2,1,,,,check spp locations once germinated
4/12/2024,low_north,4,shrub,R,ALDE,3,0,,,,check spp locations once germinated
4/12/2024,low_north,4,shrub,R,BRTE,1,0,,,,check spp locations once germinated
4/12/2024,low_north,4,shrub,R,BRTE,2,0,,,,check spp locations once germinated
4/12/2024,low_north,4,shrub,R,BRTE,3,0,,,,check spp locations once germinated
4/12/2024,low_north,4,shrub,R,COPA,1,0,,,,check spp locations once germinated
4/12/2024,low_north,4,shrub,R,COPA,2,0,,,,check spp locations once germinated
4/12/2024,low_north,4,shrub,R,COPA,3,0,,,,check spp locations once germinated
4/12/2024,low_north,4,shrub,R,PODO,1,0,,,,check spp locations once germinated
4/12/2024,low_north,4,shrub,R,PODO,2,0,,,,check spp locations once germinated
4/12/2024,low_north,4,shrub,R,PODO,3,0,,,,check spp locations once germinated
4/12/2024,low_north,4,shrub,C,ALDE,1,0,,,,
4/12/2024,low_north,4,shrub,C,ALDE,2,0,,,,
4/12/2024,low_north,4,shrub,C,ALDE,3,0,,,,
4/12/2024,low_north,4,shrub,C,BRTE,1,1,,,,
4/12/2024,low_north,4,shrub,C,BRTE,2,1,,,,
4/12/2024,low_north,4,shrub,C,BRTE,3,1,,,,
4/12/2024,low_north,4,shrub,C,COPA,1,1,,,,
4/12/2024,low_north,4,shrub,C,COPA,2,1,,,,
4/12/2024,low_north,4,shrub,C,COPA,3,0,,,,
4/12/2024,low_north,4,shrub,C,PODO,1,0,,,,
4/12/2024,low_north,4,shrub,C,PODO,2,0,,,,
4/12/2024,low_north,4,shrub,C,PODO,3,0,,,,
4/12/2024,low_gate,1,open,R,ALDE,1,0,,,,
4/12/2024,low_gate,1,open,R,ALDE,2,0,,,,
4/12/2024,low_gate,1,open,R,ALDE,3,0,,,,
4/12/2024,low_gate,1,open,R,BRTE,1,0,,,,
4/12/2024,low_gate,1,open,R,BRTE,2,0,,,,
4/12/2024,low_gate,1,open,R,BRTE,3,0,,,,
4/12/2024,low_gate,1,open,R,COPA,1,0,,,,
4/12/2024,low_gate,1,open,R,COPA,2,1,,,,
4/12/2024,low_gate,1,open,R,COPA,3,1,,,,
4/12/2024,low_gate,1,open,C,ALDE,1,0,,,,check spp locations once germinated
4/12/2024,low_gate,1,open,C,ALDE,2,0,,,,check spp locations once germinated
4/12/2024,low_gate,1,open,C,ALDE,3,0,,,,check spp locations once germinated
4/12/2024,low_gate,1,open,C,BRTE,1,0,,,,check spp locations once germinated
4/12/2024,low_gate,1,open,C,BRTE,2,0,,,,check spp locations once germinated
4/12/2024,low_gate,1,open,C,BRTE,3,0,,,,check spp locations once germinated
4/12/2024,low_gate,1,open,C,COPA,1,0,,,,check spp locations once germinated
4/12/2024,low_gate,1,open,C,COPA,2,0,,,,check spp locations once germinated
4/12/2024,low_gate,1,open,C,COPA,3,0,,,,check spp locations once germinated
4/12/2024,low_gate,1,shrub,R,ALDE,1,1,,,,
4/12/2024,low_gate,1,shrub,R,ALDE,2,0,,,,
4/12/2024,low_gate,1,shrub,R,ALDE,3,0,,,,
4/12/2024,low_gate,1,shrub,R,BRTE,1,1,,,,
4/12/2024,low_gate,1,shrub,R,BRTE,2,0,,,,
4/12/2024,low_gate,1,shrub,R,BRTE,3,0,,,,
4/12/2024,low_gate,1,shrub,R,COPA,1,1,,,,
4/12/2024,low_gate,1,shrub,R,COPA,2,0,,,,
4/12/2024,low_gate,1,shrub,R,COPA,3,1,,,,
4/12/2024,low_gate,1,shrub,C,ALDE,1,0,,,,
4/12/2024,low_gate,1,shrub,C,ALDE,2,0,,,,
4/12/2024,low_gate,1,shrub,C,ALDE,3,0,,,,
4/12/2024,low_gate,1,shrub,C,BRTE,1,1,,,,
4/12/2024,low_gate,1,shrub,C,BRTE,2,1,,,,
4/12/2024,low_gate,1,shrub,C,BRTE,3,0,,,,
4/12/2024,low_gate,1,shrub,C,COPA,1,0,,,,
4/12/2024,low_gate,1,shrub,C,COPA,2,1,,,,
4/12/2024,low_gate,1,shrub,C,COPA,3,1,,,,
4/12/2024,low_gate,2,open,R,ALDE,1,1,,,,
4/12/2024,low_gate,2,open,R,ALDE,2,0,,,,
4/12/2024,low_gate,2,open,R,ALDE,3,0,,,,
4/12/2024,low_gate,2,open,R,BRTE,1,0,,,,
4/12/2024,low_gate,2,open,R,BRTE,2,0,,,,
4/12/2024,low_gate,2,open,R,BRTE,3,0,,,,
4/12/2024,low_gate,2,open,R,COPA,1,0,,,,
4/12/2024,low_gate,2,open,R,COPA,2,0,,,,
4/12/2024,low_gate,2,open,R,COPA,3,0,,,,
4/12/2024,low_gate,2,open,C,ALDE,1,0,,,,
4/12/2024,low_gate,2,open,C,ALDE,2,0,,,,
4/12/2024,low_gate,2,open,C,ALDE,3,0,,,,
4/12/2024,low_gate,2,open,C,BRTE,1,1,,,,
4/12/2024,low_gate,2,open,C,BRTE,2,0,,,,
4/12/2024,low_gate,2,open,C,BRTE,3,0,,,,
4/12/2024,low_gate,2,open,C,COPA,1,1,,,,
4/12/2024,low_gate,2,open,C,COPA,2,0,,,,
4/12/2024,low_gate,2,open,C,COPA,3,1,,,,
4/12/2024,low_gate,2,shrub,R,ALDE,1,0,,,,
4/12/2024,low_gate,2,shrub,R,ALDE,2,0,,,,
4/12/2024,low_gate,2,shrub,R,ALDE,3,0,,,,
4/12/2024,low_gate,2,shrub,R,BRTE,1,1,,,,
4/12/2024,low_gate,2,shrub,R,BRTE,2,1,,,,
4/12/2024,low_gate,2,shrub,R,BRTE,3,0,,,,
4/12/2024,low_gate,2,shrub,R,COPA,1,1,,,,
4/12/2024,low_gate,2,shrub,R,COPA,2,0,,,,
4/12/2024,low_gate,2,shrub,R,COPA,3,1,,,,
4/12/2024,low_gate,2,shrub,C,ALDE,1,0,,,,
4/12/2024,low_gate,2,shrub,C,ALDE,2,0,,,,
4/12/2024,low_gate,2,shrub,C,ALDE,3,0,,,,
4/12/2024,low_gate,2,shrub,C,BRTE,1,1,,,,
4/12/2024,low_gate,2,shrub,C,BRTE,2,1,,,,
4/12/2024,low_gate,2,shrub,C,BRTE,3,1,,,,
4/12/2024,low_gate,2,shrub,C,COPA,1,0,,,,
4/12/2024,low_gate,2,shrub,C,COPA,2,1,,,,
4/12/2024,low_gate,2,shrub,C,COPA,3,0,,,,
4/12/2024,low_gate,3,open,R,ALDE,1,0,,,,
4/12/2024,low_gate,3,open,R,ALDE,2,0,,,,
4/12/2024,low_gate,3,open,R,ALDE,3,0,,,,
4/12/2024,low_gate,3,open,R,BRTE,1,1,,,,
4/12/2024,low_gate,3,open,R,BRTE,2,0,,,,
4/12/2024,low_gate,3,open,R,BRTE,3,1,,,,
4/12/2024,low_gate,3,open,R,COPA,1,0,,,,
4/12/2024,low_gate,3,open,R,COPA,2,1,,,,
4/12/2024,low_gate,3,open,R,COPA,3,0,,,,
4/12/2024,low_gate,3,open,C,ALDE,1,0,,,,
4/12/2024,low_gate,3,open,C,ALDE,2,0,,,,
4/12/2024,low_gate,3,open,C,ALDE,3,0,,,,
4/12/2024,low_gate,3,open,C,BRTE,1,1,,,,
4/12/2024,low_gate,3,open,C,BRTE,2,0,,,,
4/12/2024,low_gate,3,open,C,BRTE,3,0,,,,
4/12/2024,low_gate,3,open,C,COPA,1,0,,,,
4/12/2024,low_gate,3,open,C,COPA,2,1,,,,
4/12/2024,low_gate,3,open,C,COPA,3,1,,,,
4/12/2024,low_gate,3,shrub,R,ALDE,1,0,,,,
4/12/2024,low_gate,3,shrub,R,ALDE,2,0,,,,
4/12/2024,low_gate,3,shrub,R,ALDE,3,0,,,,
4/12/2024,low_gate,3,shrub,R,BRTE,1,1,,,,
4/12/2024,low_gate,3,shrub,R,BRTE,2,0,,,,
4/12/2024,low_gate,3,shrub,R,BRTE,3,0,,,,
4/12/2024,low_gate,3,shrub,R,COPA,1,1,,,,
4/12/2024,low_gate,3,shrub,R,COPA,2,1,,,,
4/12/2024,low_gate,3,shrub,R,COPA,3,1,,,,
4/12/2024,low_gate,3,shrub,C,ALDE,1,0,,,,
4/12/2024,low_gate,3,shrub,C,ALDE,2,0,,,,
4/12/2024,low_gate,3,shrub,C,ALDE,3,0,,,,
4/12/2024,low_gate,3,shrub,C,BRTE,1,0,,,,
4/12/2024,low_gate,3,shrub,C,BRTE,2,1,,,,
4/12/2024,low_gate,3,shrub,C,BRTE,3,0,,,,
4/12/2024,low_gate,3,shrub,C,COPA,1,1,,,,
4/12/2024,low_gate,3,shrub,C,COPA,2,1,,,,
4/12/2024,low_gate,3,shrub,C,COPA,3,1,,,,
4/12/2024,low_gate,4,open,R,ALDE,1,0,,,,"check locations once germinated, I think I wrote wrong species on pictures"
4/12/2024,low_gate,4,open,R,ALDE,2,0,,,,"check locations once germinated, I think I wrote wrong species on pictures"
4/12/2024,low_gate,4,open,R,ALDE,3,0,,,,"check locations once germinated, I think I wrote wrong species on pictures"
4/12/2024,low_gate,4,open,R,BRTE,1,0,,,,"check locations once germinated, I think I wrote wrong species on pictures"
4/12/2024,low_gate,4,open,R,BRTE,2,1,,,,"check locations once germinated, I think I wrote wrong species on pictures"
4/12/2024,low_gate,4,open,R,BRTE,3,1,,,,"check locations once germinated, I think I wrote wrong species on pictures"
4/12/2024,low_gate,4,open,R,COPA,1,0,,,,"check locations once germinated, I think I wrote wrong species on pictures"
4/12/2024,low_gate,4,open,R,COPA,2,1,,,,"check locations once germinated, I think I wrote wrong species on pictures"
4/12/2024,low_gate,4,open,R,COPA,3,1,,,,"check locations once germinated, I think I wrote wrong species on pictures"
4/12/2024,low_gate,4,open,C,ALDE,1,0,,,,
4/12/2024,low_gate,4,open,C,ALDE,2,0,,,,
4/12/2024,low_gate,4,open,C,ALDE,3,0,,,,
4/12/2024,low_gate,4,open,C,BRTE,1,0,,,,
4/12/2024,low_gate,4,open,C,BRTE,2,0,,,,
4/12/2024,low_gate,4,open,C,BRTE,3,0,,,,
4/12/2024,low_gate,4,open,C,COPA,1,0,,,,
4/12/2024,low_gate,4,open,C,COPA,2,0,,,,
4/12/2024,low_gate,4,open,C,COPA,3,0,,,,
4/12/2024,low_gate,4,shrub,R,ALDE,1,0,,,,
4/12/2024,low_gate,4,shrub,R,ALDE,2,0,,,,
4/12/2024,low_gate,4,shrub,R,ALDE,3,0,,,,
4/12/2024,low_gate,4,shrub,R,BRTE,1,1,,,,
4/12/2024,low_gate,4,shrub,R,BRTE,2,0,,,,
4/12/2024,low_gate,4,shrub,R,BRTE,3,1,,,,
4/12/2024,low_gate,4,shrub,R,COPA,1,0,,,,
4/12/2024,low_gate,4,shrub,R,COPA,2,1,,,,
4/12/2024,low_gate,4,shrub,R,COPA,3,0,,,,
4/12/2024,low_gate,4,shrub,C,ALDE,1,0,,,,
4/12/2024,low_gate,4,shrub,C,ALDE,2,0,,,,
4/12/2024,low_gate,4,shrub,C,ALDE,3,0,,,,
4/12/2024,low_gate,4,shrub,C,BRTE,1,1,,,,
4/12/2024,low_gate,4,shrub,C,BRTE,2,0,,,,
4/12/2024,low_gate,4,shrub,C,BRTE,3,1,,,,
4/12/2024,low_gate,4,shrub,C,COPA,1,1,,,,
4/12/2024,low_gate,4,shrub,C,COPA,2,0,,,,
4/12/2024,low_gate,4,shrub,C,COPA,3,1,,,,
4/24/2024,low_gate,1,open,R,ALDE,1,0,,,,
4/24/2024,low_gate,1,open,R,ALDE,2,0,,,,
4/24/2024,low_gate,1,open,R,ALDE,3,0,,,,
4/24/2024,low_gate,1,open,R,BRTE,1,0,,,,
4/24/2024,low_gate,1,open,R,BRTE,2,0,,,,
4/24/2024,low_gate,1,open,R,BRTE,3,0,,,,
4/24/2024,low_gate,1,open,R,COPA,1,0,,,,
4/24/2024,low_gate,1,open,R,COPA,2,1,,1,,
4/24/2024,low_gate,1,open,R,COPA,3,1,,1,,
4/24/2024,low_gate,1,open,C,ALDE,1,0,,,,
4/24/2024,low_gate,1,open,C,ALDE,2,0,,,,
4/24/2024,low_gate,1,open,C,ALDE,3,0,,,,
4/24/2024,low_gate,1,open,C,BRTE,1,0,,,,
4/24/2024,low_gate,1,open,C,BRTE,2,0,,,,
4/24/2024,low_gate,1,open,C,BRTE,3,1,,1,,
4/24/2024,low_gate,1,open,C,COPA,1,0,,,,
4/24/2024,low_gate,1,open,C,COPA,2,1,,1,,
4/24/2024,low_gate,1,open,C,COPA,3,0,,,,
4/24/2024,low_gate,1,shrub,R,ALDE,1,1,,1,,
4/24/2024,low_gate,1,shrub,R,ALDE,2,0,,,,
4/24/2024,low_gate,1,shrub,R,ALDE,3,0,,,,
4/24/2024,low_gate,1,shrub,R,BRTE,1,1,,1,,
4/24/2024,low_gate,1,shrub,R,BRTE,2,0,,,,
4/24/2024,low_gate,1,shrub,R,BRTE,3,0,,,,
4/24/2024,low_gate,1,shrub,R,COPA,1,1,,1,,
4/24/2024,low_gate,1,shrub,R,COPA,2,0,,,,
4/24/2024,low_gate,1,shrub,R,COPA,3,1,,1,,
4/24/2024,low_gate,1,shrub,C,ALDE,1,0,,,,
4/24/2024,low_gate,1,shrub,C,ALDE,2,0,,,,
4/24/2024,low_gate,1,shrub,C,ALDE,3,0,,,,
4/24/2024,low_gate,1,shrub,C,BRTE,1,0,,,,
4/24/2024,low_gate,1,shrub,C,BRTE,2,1,,1,,
4/24/2024,low_gate,1,shrub,C,BRTE,3,1,,1,,
4/24/2024,low_gate,1,shrub,C,COPA,1,0,,,,
4/24/2024,low_gate,1,shrub,C,COPA,2,0,,,,
4/24/2024,low_gate,1,shrub,C,COPA,3,1,,1,,
4/24/2024,low_gate,2,open,R,ALDE,1,1,,1,,
4/24/2024,low_gate,2,open,R,ALDE,2,0,,,,
4/24/2024,low_gate,2,open,R,ALDE,3,0,,,,
4/24/2024,low_gate,2,open,R,BRTE,1,0,,,,
4/24/2024,low_gate,2,open,R,BRTE,2,0,,,,
4/24/2024,low_gate,2,open,R,BRTE,3,0,,,,
4/24/2024,low_gate,2,open,R,COPA,1,0,,,,
4/24/2024,low_gate,2,open,R,COPA,2,0,,,,
4/24/2024,low_gate,2,open,R,COPA,3,0,,,,
4/24/2024,low_gate,2,open,C,ALDE,1,0,,,,
4/24/2024,low_gate,2,open,C,ALDE,2,0,,,,
4/24/2024,low_gate,2,open,C,ALDE,3,0,,,,
4/24/2024,low_gate,2,open,C,BRTE,1,1,,1,,
4/24/2024,low_gate,2,open,C,BRTE,2,0,,,,
4/24/2024,low_gate,2,open,C,BRTE,3,0,,,,
4/24/2024,low_gate,2,open,C,COPA,1,1,,1,,
4/24/2024,low_gate,2,open,C,COPA,2,0,,,,
4/24/2024,low_gate,2,open,C,COPA,3,0,,,,
4/24/2024,low_gate,2,shrub,R,ALDE,1,0,,,,
4/24/2024,low_gate,2,shrub,R,ALDE,2,0,,,,
4/24/2024,low_gate,2,shrub,R,ALDE,3,0,,,,
4/24/2024,low_gate,2,shrub,R,BRTE,1,0,,,,
4/24/2024,low_gate,2,shrub,R,BRTE,2,1,,1,,
4/24/2024,low_gate,2,shrub,R,BRTE,3,0,,,,
4/24/2024,low_gate,2,shrub,R,COPA,1,0,,,,
4/24/2024,low_gate,2,shrub,R,COPA,2,1,,1,,
4/24/2024,low_gate,2,shrub,R,COPA,3,1,,1,,
4/24/2024,low_gate,2,shrub,C,ALDE,1,0,,,,
4/24/2024,low_gate,2,shrub,C,ALDE,2,1,,1,,
4/24/2024,low_gate,2,shrub,C,ALDE,3,0,,,,
4/24/2024,low_gate,2,shrub,C,BRTE,1,0,,,,
4/24/2024,low_gate,2,shrub,C,BRTE,2,0,,,,
4/24/2024,low_gate,2,shrub,C,BRTE,3,1,,1,,
4/24/2024,low_gate,2,shrub,C,COPA,1,0,,,,
4/24/2024,low_gate,2,shrub,C,COPA,2,0,,,,
4/24/2024,low_gate,2,shrub,C,COPA,3,0,,,,
4/24/2024,low_gate,3,open,R,ALDE,1,0,,,,
4/24/2024,low_gate,3,open,R,ALDE,2,1,,1,,
4/24/2024,low_gate,3,open,R,ALDE,3,0,,,,
4/24/2024,low_gate,3,open,R,BRTE,1,0,,,,
4/24/2024,low_gate,3,open,R,BRTE,2,0,,,,
4/24/2024,low_gate,3,open,R,BRTE,3,1,,1,,
4/24/2024,low_gate,3,open,R,COPA,1,0,,,,
4/24/2024,low_gate,3,open,R,COPA,2,0,,,,
4/24/2024,low_gate,3,open,R,COPA,3,0,,,,
4/24/2024,low_gate,3,open,C,ALDE,1,0,,,,
4/24/2024,low_gate,3,open,C,ALDE,2,0,,,,
4/24/2024,low_gate,3,open,C,ALDE,3,0,,,,
4/24/2024,low_gate,3,open,C,BRTE,1,1,,1,,
4/24/2024,low_gate,3,open,C,BRTE,2,0,,,,
4/24/2024,low_gate,3,open,C,BRTE,3,0,,,,
4/24/2024,low_gate,3,open,C,COPA,1,0,,,,
4/24/2024,low_gate,3,open,C,COPA,2,1,,1,,
4/24/2024,low_gate,3,open,C,COPA,3,1,,1,,
4/24/2024,low_gate,3,shrub,R,ALDE,1,0,,,,
4/24/2024,low_gate,3,shrub,R,ALDE,2,0,,,,
4/24/2024,low_gate,3,shrub,R,ALDE,3,0,,,,
4/24/2024,low_gate,3,shrub,R,BRTE,1,1,,1,,
4/24/2024,low_gate,3,shrub,R,BRTE,2,0,,,,
4/24/2024,low_gate,3,shrub,R,BRTE,3,0,,,,
4/24/2024,low_gate,3,shrub,R,COPA,1,1,,1,,
4/24/2024,low_gate,3,shrub,R,COPA,2,1,,1,,
4/24/2024,low_gate,3,shrub,R,COPA,3,1,,1,,
4/24/2024,low_gate,3,shrub,C,ALDE,1,0,,,,
4/24/2024,low_gate,3,shrub,C,ALDE,2,0,,,,
4/24/2024,low_gate,3,shrub,C,ALDE,3,0,,,,
4/24/2024,low_gate,3,shrub,C,BRTE,1,0,,,,
4/24/2024,low_gate,3,shrub,C,BRTE,2,1,,1,,
4/24/2024,low_gate,3,shrub,C,BRTE,3,0,,,,
4/24/2024,low_gate,3,shrub,C,COPA,1,0,,,,
4/24/2024,low_gate,3,shrub,C,COPA,2,1,,1,,
4/24/2024,low_gate,3,shrub,C,COPA,3,1,,1,,
4/24/2024,low_gate,4,open,R,ALDE,1,0,,,,
4/24/2024,low_gate,4,open,R,ALDE,2,0,,,,
4/24/2024,low_gate,4,open,R,ALDE,3,0,,,,
4/24/2024,low_gate,4,open,R,BRTE,1,0,,,,
4/24/2024,low_gate,4,open,R,BRTE,2,1,,1,,
4/24/2024,low_gate,4,open,R,BRTE,3,1,,1,,
4/24/2024,low_gate,4,open,R,COPA,1,0,,,,
4/24/2024,low_gate,4,open,R,COPA,2,1,,1,,
4/24/2024,low_gate,4,open,R,COPA,3,1,,1,,
4/24/2024,low_gate,4,open,C,ALDE,1,0,,,,
4/24/2024,low_gate,4,open,C,ALDE,2,0,,,,
4/24/2024,low_gate,4,open,C,ALDE,3,0,,,,
4/24/2024,low_gate,4,open,C,BRTE,1,0,,,,
4/24/2024,low_gate,4,open,C,BRTE,2,0,,,,
4/24/2024,low_gate,4,open,C,BRTE,3,0,,,,
4/24/2024,low_gate,4,open,C,COPA,1,0,,,,
4/24/2024,low_gate,4,open,C,COPA,2,0,,,,
4/24/2024,low_gate,4,open,C,COPA,3,0,,,,
4/24/2024,low_gate,4,shrub,R,ALDE,1,0,,,,
4/24/2024,low_gate,4,shrub,R,ALDE,2,0,,,,
4/24/2024,low_gate,4,shrub,R,ALDE,3,0,,,,
4/24/2024,low_gate,4,shrub,R,BRTE,1,1,,1,,
4/24/2024,low_gate,4,shrub,R,BRTE,2,0,,,,
4/24/2024,low_gate,4,shrub,R,BRTE,3,1,,1,,
4/24/2024,low_gate,4,shrub,R,COPA,1,1,,1,,
4/24/2024,low_gate,4,shrub,R,COPA,2,0,,,,
4/24/2024,low_gate,4,shrub,R,COPA,3,0,,,,
4/24/2024,low_gate,4,shrub,C,ALDE,1,0,,,,
4/24/2024,low_gate,4,shrub,C,ALDE,2,0,,,,
4/24/2024,low_gate,4,shrub,C,ALDE,3,0,,,,
4/24/2024,low_gate,4,shrub,C,BRTE,1,1,,1,,
4/24/2024,low_gate,4,shrub,C,BRTE,2,0,,,,
4/24/2024,low_gate,4,shrub,C,BRTE,3,0,,,,
4/24/2024,low_gate,4,shrub,C,COPA,1,0,,,,
4/24/2024,low_gate,4,shrub,C,COPA,2,0,,,,
4/24/2024,low_gate,4,shrub,C,COPA,3,1,,1,,
4/24/2024,low_north,1,open,R,ALDE,1,0,,,,
4/24/2024,low_north,1,open,R,ALDE,2,0,,,,
4/24/2024,low_north,1,open,R,ALDE,3,0,,,,
4/24/2024,low_north,1,open,R,BRTE,1,1,,1,,
4/24/2024,low_north,1,open,R,BRTE,2,0,,,,
4/24/2024,low_north,1,open,R,BRTE,3,0,,,,
4/24/2024,low_north,1,open,R,COPA,1,0,,,,
4/24/2024,low_north,1,open,R,COPA,2,1,,1,,
4/24/2024,low_north,1,open,R,COPA,3,0,,,,
4/24/2024,low_north,1,open,R,PODO,1,0,,,,
4/24/2024,low_north,1,open,R,PODO,2,0,,,,
4/24/2024,low_north,1,open,R,PODO,3,0,,,,
4/24/2024,low_north,1,open,C,ALDE,1,0,,,,
4/24/2024,low_north,1,open,C,ALDE,2,0,,,,
4/24/2024,low_north,1,open,C,ALDE,3,1,,1,,
4/24/2024,low_north,1,open,C,BRTE,1,0,,,,
4/24/2024,low_north,1,open,C,BRTE,2,0,,,,
4/24/2024,low_north,1,open,C,BRTE,3,0,,,,
4/24/2024,low_north,1,open,C,COPA,1,0,,,,
4/24/2024,low_north,1,open,C,COPA,2,0,,,,
4/24/2024,low_north,1,open,C,COPA,3,1,,1,,
4/24/2024,low_north,1,open,C,PODO,1,0,,,,
4/24/2024,low_north,1,open,C,PODO,2,0,,,,
4/24/2024,low_north,1,open,C,PODO,3,0,,,,
4/24/2024,low_north,1,shrub,R,ALDE,1,0,,,,
4/24/2024,low_north,1,shrub,R,ALDE,2,1,,1,,
4/24/2024,low_north,1,shrub,R,ALDE,3,0,,,,
4/24/2024,low_north,1,shrub,R,BRTE,1,0,,,,
4/24/2024,low_north,1,shrub,R,BRTE,2,0,,,,
4/24/2024,low_north,1,shrub,R,BRTE,3,0,,,,
4/24/2024,low_north,1,shrub,R,COPA,1,1,,1,,
4/24/2024,low_north,1,shrub,R,COPA,2,1,,1,,
4/24/2024,low_north,1,shrub,R,COPA,3,0,,,,
4/24/2024,low_north,1,shrub,R,PODO,1,0,,,,
4/24/2024,low_north,1,shrub,R,PODO,2,1,,1,,
4/24/2024,low_north,1,shrub,R,PODO,3,0,,,,
4/24/2024,low_north,1,shrub,C,ALDE,1,0,,,,
4/24/2024,low_north,1,shrub,C,ALDE,2,0,,,,
4/24/2024,low_north,1,shrub,C,ALDE,3,0,,,,
4/24/2024,low_north,1,shrub,C,BRTE,1,1,,1,,
4/24/2024,low_north,1,shrub,C,BRTE,2,1,,1,,
4/24/2024,low_north,1,shrub,C,BRTE,3,0,,,,
4/24/2024,low_north,1,shrub,C,COPA,1,1,,,,
4/24/2024,low_north,1,shrub,C,COPA,2,0,,,,
4/24/2024,low_north,1,shrub,C,COPA,3,1,,1,,
4/24/2024,low_north,1,shrub,C,PODO,1,0,,,,
4/24/2024,low_north,1,shrub,C,PODO,2,0,,,,
4/24/2024,low_north,1,shrub,C,PODO,3,1,,1,,
4/24/2024,low_north,2,open,R,ALDE,1,0,,,,
4/24/2024,low_north,2,open,R,ALDE,2,0,,,,
4/24/2024,low_north,2,open,R,ALDE,3,1,,1,,
4/24/2024,low_north,2,open,R,BRTE,1,1,,1,,
4/24/2024,low_north,2,open,R,BRTE,2,0,,,,
4/24/2024,low_north,2,open,R,BRTE,3,1,,1,,
4/24/2024,low_north,2,open,R,COPA,1,1,,1,,
4/24/2024,low_north,2,open,R,COPA,2,0,,,,
4/24/2024,low_north,2,open,R,COPA,3,0,,,,
4/24/2024,low_north,2,open,R,PODO,1,0,,,,
4/24/2024,low_north,2,open,R,PODO,2,0,,,,
4/24/2024,low_north,2,open,R,PODO,3,0,,,,
4/24/2024,low_north,2,open,C,ALDE,1,0,,,,
4/24/2024,low_north,2,open,C,ALDE,2,0,,,,
4/24/2024,low_north,2,open,C,ALDE,3,0,,,,
4/24/2024,low_north,2,open,C,BRTE,1,0,,,,
4/24/2024,low_north,2,open,C,BRTE,2,1,,1,,
4/24/2024,low_north,2,open,C,BRTE,3,1,,1,,
4/24/2024,low_north,2,open,C,COPA,1,0,,,,
4/24/2024,low_north,2,open,C,COPA,2,0,,,,
4/24/2024,low_north,2,open,C,COPA,3,0,,,,
4/24/2024,low_north,2,open,C,PODO,1,0,,,,
4/24/2024,low_north,2,open,C,PODO,2,0,,,,
4/24/2024,low_north,2,open,C,PODO,3,0,,,,
4/24/2024,low_north,2,shrub,R,ALDE,1,0,,,,
4/24/2024,low_north,2,shrub,R,ALDE,2,0,,,,
4/24/2024,low_north,2,shrub,R,ALDE,3,0,,,,
4/24/2024,low_north,2,shrub,R,BRTE,1,0,,,,
4/24/2024,low_north,2,shrub,R,BRTE,2,0,,,,
4/24/2024,low_north,2,shrub,R,BRTE,3,1,,1,,
4/24/2024,low_north,2,shrub,R,COPA,1,0,,,,
4/24/2024,low_north,2,shrub,R,COPA,2,0,,,,
4/24/2024,low_north,2,shrub,R,COPA,3,1,,1,,
4/24/2024,low_north,2,shrub,R,PODO,1,0,,,,
4/24/2024,low_north,2,shrub,R,PODO,2,0,,,,
4/24/2024,low_north,2,shrub,R,PODO,3,0,,,,
4/24/2024,low_north,2,shrub,C,ALDE,1,0,,,,
4/24/2024,low_north,2,shrub,C,ALDE,2,0,,,,
4/24/2024,low_north,2,shrub,C,ALDE,3,0,,,,
4/24/2024,low_north,2,shrub,C,BRTE,1,0,,,,
4/24/2024,low_north,2,shrub,C,BRTE,2,0,,,,
4/24/2024,low_north,2,shrub,C,BRTE,3,0,,,,
4/24/2024,low_north,2,shrub,C,COPA,1,1,,1,,
4/24/2024,low_north,2,shrub,C,COPA,2,0,,,,
4/24/2024,low_north,2,shrub,C,COPA,3,0,,,,
4/24/2024,low_north,2,shrub,C,PODO,1,0,,,,
4/24/2024,low_north,2,shrub,C,PODO,2,0,,,,
4/24/2024,low_north,2,shrub,C,PODO,3,0,,,,
4/24/2024,low_north,3,open,R,ALDE,1,0,,,,
4/24/2024,low_north,3,open,R,ALDE,2,0,,,,
4/24/2024,low_north,3,open,R,ALDE,3,1,,1,,
4/24/2024,low_north,3,open,R,BRTE,1,1,,1,,
4/24/2024,low_north,3,open,R,BRTE,2,0,,,,
4/24/2024,low_north,3,open,R,BRTE,3,1,,1,,
4/24/2024,low_north,3,open,R,COPA,1,1,,1,,
4/24/2024,low_north,3,open,R,COPA,2,0,,,,
4/24/2024,low_north,3,open,R,COPA,3,0,,,,
4/24/2024,low_north,3,open,R,PODO,1,0,,,,
4/24/2024,low_north,3,open,R,PODO,2,0,,,,
4/24/2024,low_north,3,open,R,PODO,3,0,,,,
4/24/2024,low_north,3,open,C,ALDE,1,0,,,,
4/24/2024,low_north,3,open,C,ALDE,2,0,,,,
4/24/2024,low_north,3,open,C,ALDE,3,0,,,,
4/24/2024,low_north,3,open,C,BRTE,1,0,,,,
4/24/2024,low_north,3,open,C,BRTE,2,1,,1,,
4/24/2024,low_north,3,open,C,BRTE,3,1,,1,,
4/24/2024,low_north,3,open,C,COPA,1,0,,,,
4/24/2024,low_north,3,open,C,COPA,2,0,,,,
4/24/2024,low_north,3,open,C,COPA,3,0,,,,
4/24/2024,low_north,3,open,C,PODO,1,0,,,,
4/24/2024,low_north,3,open,C,PODO,2,0,,,,
4/24/2024,low_north,3,open,C,PODO,3,0,,,,
4/24/2024,low_north,3,shrub,R,ALDE,1,0,,,,
4/24/2024,low_north,3,shrub,R,ALDE,2,0,,,,
4/24/2024,low_north,3,shrub,R,ALDE,3,0,,,,
4/24/2024,low_north,3,shrub,R,BRTE,1,0,,,,
4/24/2024,low_north,3,shrub,R,BRTE,2,0,,,,
4/24/2024,low_north,3,shrub,R,BRTE,3,1,,1,,
4/24/2024,low_north,3,shrub,R,COPA,1,1,,1,,
4/24/2024,low_north,3,shrub,R,COPA,2,0,,,,
4/24/2024,low_north,3,shrub,R,COPA,3,0,,,,
4/24/2024,low_north,3,shrub,R,PODO,1,0,,,,
4/24/2024,low_north,3,shrub,R,PODO,2,0,,,,
4/24/2024,low_north,3,shrub,R,PODO,3,0,,,,
4/24/2024,low_north,3,shrub,C,ALDE,1,0,,,,
4/24/2024,low_north,3,shrub,C,ALDE,2,0,,,,
4/24/2024,low_north,3,shrub,C,ALDE,3,0,,,,
4/24/2024,low_north,3,shrub,C,BRTE,1,1,,1,,
4/24/2024,low_north,3,shrub,C,BRTE,2,0,,,,
4/24/2024,low_north,3,shrub,C,BRTE,3,0,,,,
4/24/2024,low_north,3,shrub,C,COPA,1,0,,,,
4/24/2024,low_north,3,shrub,C,COPA,2,1,,1,,
4/24/2024,low_north,3,shrub,C,COPA,3,1,,1,,
4/24/2024,low_north,3,shrub,C,PODO,1,0,,,,
4/24/2024,low_north,3,shrub,C,PODO,2,0,,,,
4/24/2024,low_north,3,shrub,C,PODO,3,0,,,,
4/24/2024,low_north,4,shrub,R,ALDE,1,0,,,,
4/24/2024,low_north,4,shrub,R,ALDE,2,1,,1,,
4/24/2024,low_north,4,shrub,R,ALDE,3,0,,,,
4/24/2024,low_north,4,shrub,R,BRTE,1,0,,,,
4/24/2024,low_north,4,shrub,R,BRTE,2,0,,,,
4/24/2024,low_north,4,shrub,R,BRTE,3,0,,,,
4/24/2024,low_north,4,shrub,R,COPA,1,0,,,,
4/24/2024,low_north,4,shrub,R,COPA,2,0,,,,
4/24/2024,low_north,4,shrub,R,COPA,3,0,,,,
4/24/2024,low_north,4,shrub,R,PODO,1,0,,,,
4/24/2024,low_north,4,shrub,R,PODO,2,0,,,,
4/24/2024,low_north,4,shrub,R,PODO,3,0,,,,
4/24/2024,low_north,4,shrub,C,ALDE,1,0,,,,
4/24/2024,low_north,4,shrub,C,ALDE,2,0,,,,
4/24/2024,low_north,4,shrub,C,ALDE,3,0,,,,
4/24/2024,low_north,4,shrub,C,BRTE,1,1,,1,,
4/24/2024,low_north,4,shrub,C,BRTE,2,1,,1,,
4/24/2024,low_north,4,shrub,C,BRTE,3,1,,1,,
4/24/2024,low_north,4,shrub,C,COPA,1,1,,1,,
4/24/2024,low_north,4,shrub,C,COPA,2,0,,,,
4/24/2024,low_north,4,shrub,C,COPA,3,1,,1,,
4/24/2024,low_north,4,shrub,C,PODO,1,0,,,,
4/24/2024,low_north,4,shrub,C,PODO,2,0,,,,
4/24/2024,low_north,4,shrub,C,PODO,3,0,,,,
4/25/2024,high_gate,1,open,R,ALDE,1,0,,,,super early phenology at high elevation
4/25/2024,high_gate,1,open,R,ALDE,2,0,,,,
4/25/2024,high_gate,1,open,R,ALDE,3,0,,,,
4/25/2024,high_gate,1,open,R,BRTE,1,0,,,,
4/25/2024,high_gate,1,open,R,BRTE,2,1,,1,,
4/25/2024,high_gate,1,open,R,BRTE,3,1,,1,,
4/25/2024,high_gate,1,open,R,COPA,1,0,,,,
4/25/2024,high_gate,1,open,R,COPA,2,0,,,,
4/25/2024,high_gate,1,open,R,COPA,3,0,,,,
4/25/2024,high_gate,1,open,R,PODO,1,0,,,,
4/25/2024,high_gate,1,open,R,PODO,2,0,,,,
4/25/2024,high_gate,1,open,R,PODO,3,0,,,,
4/25/2024,high_gate,1,open,C,ALDE,1,0,,,,
4/25/2024,high_gate,1,open,C,ALDE,2,0,,,,
4/25/2024,high_gate,1,open,C,ALDE,3,0,,,,
4/25/2024,high_gate,1,open,C,BRTE,1,0,,,,
4/25/2024,high_gate,1,open,C,BRTE,2,0,,,,
4/25/2024,high_gate,1,open,C,BRTE,3,0,,,,
4/25/2024,high_gate,1,open,C,COPA,1,0,,,,
4/25/2024,high_gate,1,open,C,COPA,2,0,,,,
4/25/2024,high_gate,1,open,C,COPA,3,0,,,,
4/25/2024,high_gate,1,open,C,PODO,1,0,,,,
4/25/2024,high_gate,1,open,C,PODO,2,0,,,,
4/25/2024,high_gate,1,open,C,PODO,3,0,,,,
4/25/2024,high_gate,1,shrub,R,ALDE,1,0,,,,
4/25/2024,high_gate,1,shrub,R,ALDE,2,0,,,,
4/25/2024,high_gate,1,shrub,R,ALDE,3,0,,,,
4/25/2024,high_gate,1,shrub,R,BRTE,1,1,,1,,
4/25/2024,high_gate,1,shrub,R,BRTE,2,1,,1,,
4/25/2024,high_gate,1,shrub,R,BRTE,3,1,,1,,
4/25/2024,high_gate,1,shrub,R,COPA,1,0,,,,
4/25/2024,high_gate,1,shrub,R,COPA,2,0,,,,
4/25/2024,high_gate,1,shrub,R,COPA,3,1,,1,,
4/25/2024,high_gate,1,shrub,R,PODO,1,0,,,,
4/25/2024,high_gate,1,shrub,R,PODO,2,0,,,,
4/25/2024,high_gate,1,shrub,R,PODO,3,0,,,,
4/25/2024,high_gate,1,shrub,C,ALDE,1,0,,,,
4/25/2024,high_gate,1,shrub,C,ALDE,2,0,,,,
4/25/2024,high_gate,1,shrub,C,ALDE,3,0,,,,
4/25/2024,high_gate,1,shrub,C,BRTE,1,0,,,,
4/25/2024,high_gate,1,shrub,C,BRTE,2,0,,,,
4/25/2024,high_gate,1,shrub,C,BRTE,3,0,,,,
4/25/2024,high_gate,1,shrub,C,COPA,1,1,,1,,
4/25/2024,high_gate,1,shrub,C,COPA,2,0,,,,
4/25/2024,high_gate,1,shrub,C,COPA,3,1,,1,,
4/25/2024,high_gate,1,shrub,C,PODO,1,0,,,,
4/25/2024,high_gate,1,shrub,C,PODO,2,0,,,,
4/25/2024,high_gate,1,shrub,C,PODO,3,0,,,,
4/25/2024,high_gate,2,open,R,ALDE,1,0,,,,
4/25/2024,high_gate,2,open,R,ALDE,2,0,,,,
4/25/2024,high_gate,2,open,R,ALDE,3,0,,,,
4/25/2024,high_gate,2,open,R,BRTE,1,0,,,,
4/25/2024,high_gate,2,open,R,BRTE,2,0,,,,
4/25/2024,high_gate,2,open,R,BRTE,3,0,,,,
4/25/2024,high_gate,2,open,R,COPA,1,,,,,missing
4/25/2024,high_gate,2,open,R,COPA,2,0,,,,
4/25/2024,high_gate,2,open,R,COPA,3,0,,,,
4/25/2024,high_gate,2,open,R,PODO,1,0,,,,
4/25/2024,high_gate,2,open,R,PODO,2,0,,,,
4/25/2024,high_gate,2,open,R,PODO,3,0,,,,
4/25/2024,high_gate,2,open,C,ALDE,1,0,,,,
4/25/2024,high_gate,2,open,C,ALDE,2,0,,,,
4/25/2024,high_gate,2,open,C,ALDE,3,0,,,,
4/25/2024,high_gate,2,open,C,BRTE,1,0,,,,
4/25/2024,high_gate,2,open,C,BRTE,2,0,,,,
4/25/2024,high_gate,2,open,C,BRTE,3,0,,,,
4/25/2024,high_gate,2,open,C,COPA,1,0,,,,
4/25/2024,high_gate,2,open,C,COPA,2,0,,,,
4/25/2024,high_gate,2,open,C,COPA,3,0,,,,
4/25/2024,high_gate,2,open,C,PODO,1,0,,,,
4/25/2024,high_gate,2,open,C,PODO,2,0,,,,
4/25/2024,high_gate,2,open,C,PODO,3,0,,,,
4/25/2024,high_gate,2,shrub,R,ALDE,1,0,,,,
4/25/2024,high_gate,2,shrub,R,ALDE,2,0,,,,
4/25/2024,high_gate,2,shrub,R,ALDE,3,0,,,,
4/25/2024,high_gate,2,shrub,R,BRTE,1,0,,,,
4/25/2024,high_gate,2,shrub,R,BRTE,2,0,,,,
4/25/2024,high_gate,2,shrub,R,BRTE,3,1,,1,,
4/25/2024,high_gate,2,shrub,R,COPA,1,0,,,,
4/25/2024,high_gate,2,shrub,R,COPA,2,0,,,,
4/25/2024,high_gate,2,shrub,R,COPA,3,0,,,,
4/25/2024,high_gate,2,shrub,R,PODO,1,0,,,,
4/25/2024,high_gate,2,shrub,R,PODO,2,0,,,,
4/25/2024,high_gate,2,shrub,R,PODO,3,0,,,,
4/25/2024,high_gate,2,shrub,C,ALDE,1,0,,,,
4/25/2024,high_gate,2,shrub,C,ALDE,2,0,,,,
4/25/2024,high_gate,2,shrub,C,ALDE,3,0,,,,
4/25/2024,high_gate,2,shrub,C,BRTE,1,0,,,,
4/25/2024,high_gate,2,shrub,C,BRTE,2,0,,,,
4/25/2024,high_gate,2,shrub,C,BRTE,3,0,,,,
4/25/2024,high_gate,2,shrub,C,COPA,1,1,,1,,
4/25/2024,high_gate,2,shrub,C,COPA,2,0,,,,
4/25/2024,high_gate,2,shrub,C,COPA,3,0,,,,
4/25/2024,high_gate,2,shrub,C,PODO,1,0,,,,
4/25/2024,high_gate,2,shrub,C,PODO,2,0,,,,
4/25/2024,high_gate,2,shrub,C,PODO,3,0,,,,
4/25/2024,high_gate,3,open,R,ALDE,1,0,,,,
4/25/2024,high_gate,3,open,R,ALDE,2,0,,,,
4/25/2024,high_gate,3,open,R,ALDE,3,0,,,,
4/25/2024,high_gate,3,open,R,BRTE,1,0,,,,
4/25/2024,high_gate,3,open,R,BRTE,2,1,,1,,
4/25/2024,high_gate,3,open,R,BRTE,3,0,,,,
4/25/2024,high_gate,3,open,R,COPA,1,0,,,,
4/25/2024,high_gate,3,open,R,COPA,2,0,,,,
4/25/2024,high_gate,3,open,R,COPA,3,0,,,,
4/25/2024,high_gate,3,open,R,PODO,1,0,,,,
4/25/2024,high_gate,3,open,R,PODO,2,0,,,,
4/25/2024,high_gate,3,open,R,PODO,3,0,,,,
4/25/2024,high_gate,3,open,C,ALDE,1,0,,,,
4/25/2024,high_gate,3,open,C,ALDE,2,0,,,,
4/25/2024,high_gate,3,open,C,ALDE,3,0,,,,
4/25/2024,high_gate,3,open,C,BRTE,1,0,,,,
4/25/2024,high_gate,3,open,C,BRTE,2,0,,,,
4/25/2024,high_gate,3,open,C,BRTE,3,0,,,,
4/25/2024,high_gate,3,open,C,COPA,1,0,,,,
4/25/2024,high_gate,3,open,C,COPA,2,0,,,,
4/25/2024,high_gate,3,open,C,COPA,3,0,,,,
4/25/2024,high_gate,3,open,C,PODO,1,0,,,,
4/25/2024,high_gate,3,open,C,PODO,2,0,,,,
4/25/2024,high_gate,3,open,C,PODO,3,0,,,,
4/25/2024,high_gate,3,shrub,R,ALDE,1,0,,,,
4/25/2024,high_gate,3,shrub,R,ALDE,2,0,,,,
4/25/2024,high_gate,3,shrub,R,ALDE,3,0,,,,
4/25/2024,high_gate,3,shrub,R,BRTE,1,0,,,,
4/25/2024,high_gate,3,shrub,R,BRTE,2,0,,,,
4/25/2024,high_gate,3,shrub,R,BRTE,3,0,,,,
4/25/2024,high_gate,3,shrub,R,COPA,1,0,,,,
4/25/2024,high_gate,3,shrub,R,COPA,2,0,,,,
4/25/2024,high_gate,3,shrub,R,COPA,3,0,,,,
4/25/2024,high_gate,3,shrub,R,PODO,1,0,,,,
4/25/2024,high_gate,3,shrub,R,PODO,2,0,,,,
4/25/2024,high_gate,3,shrub,R,PODO,3,0,,,,
4/25/2024,high_gate,3,shrub,C,ALDE,1,0,,,,
4/25/2024,high_gate,3,shrub,C,ALDE,2,0,,,,
4/25/2024,high_gate,3,shrub,C,ALDE,3,0,,,,
4/25/2024,high_gate,3,shrub,C,BRTE,1,1,,1,,
4/25/2024,high_gate,3,shrub,C,BRTE,2,0,,,,
4/25/2024,high_gate,3,shrub,C,BRTE,3,0,,,,
4/25/2024,high_gate,3,shrub,C,COPA,1,0,,,,
4/25/2024,high_gate,3,shrub,C,COPA,2,0,,,,
4/25/2024,high_gate,3,shrub,C,COPA,3,1,,1,,
4/25/2024,high_gate,3,shrub,C,PODO,1,0,,,,
4/25/2024,high_gate,3,shrub,C,PODO,2,0,,,,
4/25/2024,high_gate,3,shrub,C,PODO,3,0,,,,
4/25/2024,high_gate,4,open,R,ALDE,1,0,,,,
4/25/2024,high_gate,4,open,R,ALDE,2,0,,,,
4/25/2024,high_gate,4,open,R,ALDE,3,0,,,,
4/25/2024,high_gate,4,open,R,BRTE,1,1,,1,,
4/25/2024,high_gate,4,open,R,BRTE,2,0,,,,
4/25/2024,high_gate,4,open,R,BRTE,3,0,,,,
4/25/2024,high_gate,4,open,R,COPA,1,0,,,,
4/25/2024,high_gate,4,open,R,COPA,2,1,,1,,
4/25/2024,high_gate,4,open,R,COPA,3,0,,,,
4/25/2024,high_gate,4,open,R,PODO,1,0,,,,
4/25/2024,high_gate,4,open,R,PODO,2,0,,,,
4/25/2024,high_gate,4,open,R,PODO,3,0,,,,
4/25/2024,high_gate,4,open,C,ALDE,1,0,,,,
4/25/2024,high_gate,4,open,C,ALDE,2,0,,,,
4/25/2024,high_gate,4,open,C,ALDE,3,0,,,,
4/25/2024,high_gate,4,open,C,BRTE,1,0,,,,
4/25/2024,high_gate,4,open,C,BRTE,2,0,,,,
4/25/2024,high_gate,4,open,C,BRTE,3,0,,,,
4/25/2024,high_gate,4,open,C,COPA,1,0,,,,
4/25/2024,high_gate,4,open,C,COPA,2,0,,,,
4/25/2024,high_gate,4,open,C,COPA,3,1,,1,,
4/25/2024,high_gate,4,open,C,PODO,1,0,,,,
4/25/2024,high_gate,4,open,C,PODO,2,0,,,,
4/25/2024,high_gate,4,open,C,PODO,3,0,,,,
4/25/2024,high_gate,4,shrub,R,ALDE,1,0,,,,
4/25/2024,high_gate,4,shrub,R,ALDE,2,0,,,,
4/25/2024,high_gate,4,shrub,R,ALDE,3,0,,,,
4/25/2024,high_gate,4,shrub,R,BRTE,1,0,,,,
4/25/2024,high_gate,4,shrub,R,BRTE,2,0,,,,
4/25/2024,high_gate,4,shrub,R,BRTE,3,0,,,,
4/25/2024,high_gate,4,shrub,R,COPA,1,0,,,,
4/25/2024,high_gate,4,shrub,R,COPA,2,,,,,missing
4/25/2024,high_gate,4,shrub,R,COPA,3,0,,,,
4/25/2024,high_gate,4,shrub,R,PODO,1,0,,,,
4/25/2024,high_gate,4,shrub,R,PODO,2,1,,1,,
4/25/2024,high_gate,4,shrub,R,PODO,3,0,,,,
4/25/2024,high_gate,4,shrub,C,ALDE,1,0,,,,
4/25/2024,high_gate,4,shrub,C,ALDE,2,0,,,,
4/25/2024,high_gate,4,shrub,C,ALDE,3,0,,,,
4/25/2024,high_gate,4,shrub,C,BRTE,1,1,,1,,
4/25/2024,high_gate,4,shrub,C,BRTE,2,0,,,,
4/25/2024,high_gate,4,shrub,C,BRTE,3,0,,,,
4/25/2024,high_gate,4,shrub,C,COPA,1,0,,,,
4/25/2024,high_gate,4,shrub,C,COPA,2,0,,,,
4/25/2024,high_gate,4,shrub,C,COPA,3,1,,1,,
4/25/2024,high_gate,4,shrub,C,PODO,1,0,,,,
4/25/2024,high_gate,4,shrub,C,PODO,2,0,,,,
4/25/2024,high_gate,4,shrub,C,PODO,3,0,,,,
4/25/2024,high_north,1,open,R,ALDE,1,0,,,,just rained
4/25/2024,high_north,1,open,R,ALDE,2,0,,,,
4/25/2024,high_north,1,open,R,ALDE,3,0,,,,
4/25/2024,high_north,1,open,R,BRTE,1,0,,,,
4/25/2024,high_north,1,open,R,BRTE,2,0,,,,
4/25/2024,high_north,1,open,R,BRTE,3,0,,,,
4/25/2024,high_north,1,open,R,COPA,1,1,,1,,
4/25/2024,high_north,1,open,R,COPA,2,0,,,,
4/25/2024,high_north,1,open,R,COPA,3,0,,,,
4/25/2024,high_north,1,open,C,ALDE,1,0,,,,
4/25/2024,high_north,1,open,C,ALDE,2,0,,,,
4/25/2024,high_north,1,open,C,ALDE,3,0,,,,
4/25/2024,high_north,1,open,C,BRTE,1,0,,,,
4/25/2024,high_north,1,open,C,BRTE,2,0,,,,
4/25/2024,high_north,1,open,C,BRTE,3,0,,,,
4/25/2024,high_north,1,open,C,COPA,1,0,,,,
4/25/2024,high_north,1,open,C,COPA,2,1,,1,,
4/25/2024,high_north,1,open,C,COPA,3,0,,,,
4/25/2024,high_north,1,shrub,R,ALDE,1,0,,,,
4/25/2024,high_north,1,shrub,R,ALDE,2,0,,,,
4/25/2024,high_north,1,shrub,R,ALDE,3,0,,,,
4/25/2024,high_north,1,shrub,R,BRTE,1,0,,,,
4/25/2024,high_north,1,shrub,R,BRTE,2,1,,1,,
4/25/2024,high_north,1,shrub,R,BRTE,3,1,,1,,
4/25/2024,high_north,1,shrub,R,COPA,1,1,,1,,
4/25/2024,high_north,1,shrub,R,COPA,2,1,,1,,
4/25/2024,high_north,1,shrub,R,COPA,3,0,,,,
4/25/2024,high_north,1,shrub,C,ALDE,1,0,,,,
4/25/2024,high_north,1,shrub,C,ALDE,2,0,,,,
4/25/2024,high_north,1,shrub,C,ALDE,3,0,,,,
4/25/2024,high_north,1,shrub,C,BRTE,1,0,,,,
4/25/2024,high_north,1,shrub,C,BRTE,2,1,,1,,
4/25/2024,high_north,1,shrub,C,BRTE,3,0,,,,
4/25/2024,high_north,1,shrub,C,COPA,1,0,,,,
4/25/2024,high_north,1,shrub,C,COPA,2,0,,,,
4/25/2024,high_north,1,shrub,C,COPA,3,0,,,,
4/25/2024,high_north,2,open,R,ALDE,1,1,,1,,
4/25/2024,high_north,2,open,R,ALDE,2,0,,,,
4/25/2024,high_north,2,open,R,ALDE,3,0,,,,
4/25/2024,high_north,2,open,R,BRTE,1,0,,,,
4/25/2024,high_north,2,open,R,BRTE,2,0,,,,
4/25/2024,high_north,2,open,R,BRTE,3,0,,,,
4/25/2024,high_north,2,open,R,COPA,1,0,,,,
4/25/2024,high_north,2,open,R,COPA,2,0,,,,
4/25/2024,high_north,2,open,R,COPA,3,1,,1,,
4/25/2024,high_north,2,open,C,ALDE,1,0,,,,
4/25/2024,high_north,2,open,C,ALDE,2,0,,,,
4/25/2024,high_north,2,open,C,ALDE,3,0,,,,
4/25/2024,high_north,2,open,C,BRTE,1,0,,,,
4/25/2024,high_north,2,open,C,BRTE,2,,,,,missing
4/25/2024,high_north,2,open,C,BRTE,3,,,,,missing
4/25/2024,high_north,2,open,C,COPA,1,0,,,,
4/25/2024,high_north,2,open,C,COPA,2,0,,,,
4/25/2024,high_north,2,open,C,COPA,3,0,,,,
4/25/2024,high_north,2,shrub,R,ALDE,1,0,,,,
4/25/2024,high_north,2,shrub,R,ALDE,2,0,,,,
4/25/2024,high_north,2,shrub,R,ALDE,3,0,,,,
4/25/2024,high_north,2,shrub,R,BRTE,1,0,,,,
4/25/2024,high_north,2,shrub,R,BRTE,2,0,,,,
4/25/2024,high_north,2,shrub,R,BRTE,3,0,,,,
4/25/2024,high_north,2,shrub,R,COPA,1,0,,,,
4/25/2024,high_north,2,shrub,R,COPA,2,0,,,,
4/25/2024,high_north,2,shrub,R,COPA,3,0,,,,
4/25/2024,high_north,2,shrub,C,ALDE,1,0,,,,
4/25/2024,high_north,2,shrub,C,ALDE,2,0,,,,
4/25/2024,high_north,2,shrub,C,ALDE,3,0,,,,
4/25/2024,high_north,2,shrub,C,BRTE,1,0,,,,
4/25/2024,high_north,2,shrub,C,BRTE,2,0,,,,
4/25/2024,high_north,2,shrub,C,BRTE,3,0,,,,
4/25/2024,high_north,2,shrub,C,COPA,1,0,,,,
4/25/2024,high_north,2,shrub,C,COPA,2,0,,,,
4/25/2024,high_north,2,shrub,C,COPA,3,0,,,,
4/25/2024,high_north,3,open,R,ALDE,1,0,,,,
4/25/2024,high_north,3,open,R,ALDE,2,0,,,,
4/25/2024,high_north,3,open,R,ALDE,3,0,,,,
4/25/2024,high_north,3,open,R,BRTE,1,0,,,,
4/25/2024,high_north,3,open,R,BRTE,2,0,,,,
4/25/2024,high_north,3,open,R,BRTE,3,0,,,,
4/25/2024,high_north,3,open,R,COPA,1,0,,,,
4/25/2024,high_north,3,open,R,COPA,2,0,,,,
4/25/2024,high_north,3,open,R,COPA,3,1,,1,,
4/25/2024,high_north,3,open,C,ALDE,1,0,,,,
4/25/2024,high_north,3,open,C,ALDE,2,0,,,,
4/25/2024,high_north,3,open,C,ALDE,3,0,,,,
4/25/2024,high_north,3,open,C,BRTE,1,0,,,,
4/25/2024,high_north,3,open,C,BRTE,2,0,,,,
4/25/2024,high_north,3,open,C,BRTE,3,0,,,,
4/25/2024,high_north,3,open,C,COPA,1,0,,,,
4/25/2024,high_north,3,open,C,COPA,2,0,,,,
4/25/2024,high_north,3,open,C,COPA,3,0,,,,
4/25/2024,high_north,3,shrub,R,ALDE,1,0,,,,
4/25/2024,high_north,3,shrub,R,ALDE,2,0,,,,
4/25/2024,high_north,3,shrub,R,ALDE,3,0,,,,
4/25/2024,high_north,3,shrub,R,BRTE,1,0,,,,
4/25/2024,high_north,3,shrub,R,BRTE,2,0,,,,
4/25/2024,high_north,3,shrub,R,BRTE,3,0,,,,
4/25/2024,high_north,3,shrub,R,COPA,1,0,,,,
4/25/2024,high_north,3,shrub,R,COPA,2,0,,,,
4/25/2024,high_north,3,shrub,R,COPA,3,0,,,,
4/25/2024,high_north,3,shrub,C,ALDE,1,0,,,,
4/25/2024,high_north,3,shrub,C,ALDE,2,0,,,,
4/25/2024,high_north,3,shrub,C,ALDE,3,0,,,,
4/25/2024,high_north,3,shrub,C,BRTE,1,0,,,,
4/25/2024,high_north,3,shrub,C,BRTE,2,0,,,,
4/25/2024,high_north,3,shrub,C,BRTE,3,1,,1,,
4/25/2024,high_north,3,shrub,C,COPA,1,0,,,,
4/25/2024,high_north,3,shrub,C,COPA,2,1,,1,,
4/25/2024,high_north,3,shrub,C,COPA,3,0,,,,
4/25/2024,high_north,4,open,R,ALDE,1,0,,,,
4/25/2024,high_north,4,open,R,ALDE,2,0,,,,
4/25/2024,high_north,4,open,R,ALDE,3,0,,,,
4/25/2024,high_north,4,open,R,BRTE,1,0,,,,
4/25/2024,high_north,4,open,R,BRTE,2,0,,,,
4/25/2024,high_north,4,open,R,BRTE,3,1,,1,,
4/25/2024,high_north,4,open,R,COPA,1,0,,,,
4/25/2024,high_north,4,open,R,COPA,2,0,,,,
4/25/2024,high_north,4,open,R,COPA,3,0,,,,
4/25/2024,high_north,4,open,C,ALDE,1,0,,,,
4/25/2024,high_north,4,open,C,ALDE,2,0,,,,
4/25/2024,high_north,4,open,C,ALDE,3,0,,,,
4/25/2024,high_north,4,open,C,BRTE,1,0,,,,
4/25/2024,high_north,4,open,C,BRTE,2,0,,,,
4/25/2024,high_north,4,open,C,BRTE,3,0,,,,
4/25/2024,high_north,4,open,C,COPA,1,0,,,,
4/25/2024,high_north,4,open,C,COPA,2,0,,,,
4/25/2024,high_north,4,open,C,COPA,3,0,,,,
4/25/2024,high_north,4,shrub,R,ALDE,1,0,,,,
4/25/2024,high_north,4,shrub,R,ALDE,2,0,,,,
4/25/2024,high_north,4,shrub,R,ALDE,3,0,,,,
4/25/2024,high_north,4,shrub,R,BRTE,1,1,,1,,
4/25/2024,high_north,4,shrub,R,BRTE,2,1,,1,,
4/25/2024,high_north,4,shrub,R,BRTE,3,0,,,,
4/25/2024,high_north,4,shrub,R,COPA,1,0,,,,
4/25/2024,high_north,4,shrub,R,COPA,2,0,,,,
4/25/2024,high_north,4,shrub,R,COPA,3,1,,1,,
4/25/2024,high_north,4,shrub,C,ALDE,1,0,,,,
4/25/2024,high_north,4,shrub,C,ALDE,2,0,,,,
4/25/2024,high_north,4,shrub,C,ALDE,3,0,,,,
4/25/2024,high_north,4,shrub,C,BRTE,1,0,,,,
4/25/2024,high_north,4,shrub,C,BRTE,2,0,,,,
4/25/2024,high_north,4,shrub,C,BRTE,3,0,,,,
4/25/2024,high_north,4,shrub,C,COPA,1,0,,,,
4/25/2024,high_north,4,shrub,C,COPA,2,0,,,,
4/25/2024,high_north,4,shrub,C,COPA,3,0,,,,
4/30/2024,low_north,1,open,R,ALDE,1,0,,,,
4/30/2024,low_north,1,open,R,ALDE,2,0,,,,
4/30/2024,low_north,1,open,R,ALDE,3,0,,,,
4/30/2024,low_north,1,open,R,BRTE,1,1,,1,1.7,
4/30/2024,low_north,1,open,R,BRTE,2,0,,,,
4/30/2024,low_north,1,open,R,BRTE,3,0,,,,
4/30/2024,low_north,1,open,R,COPA,1,0,,,,
4/30/2024,low_north,1,open,R,COPA,2,1,,1,0.4,
4/30/2024,low_north,1,open,R,COPA,3,0,,,,
4/30/2024,low_north,1,open,R,PODO,1,0,,,,
4/30/2024,low_north,1,open,R,PODO,2,0,,,,
4/30/2024,low_north,1,open,R,PODO,3,0,,,,
4/30/2024,low_north,1,open,C,ALDE,1,0,,,,
4/30/2024,low_north,1,open,C,ALDE,2,0,,,,
4/30/2024,low_north,1,open,C,ALDE,3,1,,1,0.5,
4/30/2024,low_north,1,open,C,BRTE,1,0,,,,
4/30/2024,low_north,1,open,C,BRTE,2,0,,,,
4/30/2024,low_north,1,open,C,BRTE,3,0,,,,
4/30/2024,low_north,1,open,C,COPA,1,0,,,,
4/30/2024,low_north,1,open,C,COPA,2,0,,,,
4/30/2024,low_north,1,open,C,COPA,3,1,,1,1,
4/30/2024,low_north,1,open,C,PODO,1,0,,,,
4/30/2024,low_north,1,open,C,PODO,2,0,,,,
4/30/2024,low_north,1,open,C,PODO,3,0,,,,
4/30/2024,low_north,1,shrub,R,ALDE,1,0,,,,
4/30/2024,low_north,1,shrub,R,ALDE,2,1,,1,0.4,
4/30/2024,low_north,1,shrub,R,ALDE,3,0,,,,
4/30/2024,low_north,1,shrub,R,BRTE,1,0,,,,
4/30/2024,low_north,1,shrub,R,BRTE,2,0,,,,
4/30/2024,low_north,1,shrub,R,BRTE,3,0,,,,
4/30/2024,low_north,1,shrub,R,COPA,1,1,,1,0.7,
4/30/2024,low_north,1,shrub,R,COPA,2,1,,1,0.3,
4/30/2024,low_north,1,shrub,R,COPA,3,0,,,,
4/30/2024,low_north,1,shrub,R,PODO,1,0,,,,
4/30/2024,low_north,1,shrub,R,PODO,2,1,,1,1.8,
4/30/2024,low_north,1,shrub,R,PODO,3,0,,,,
4/30/2024,low_north,1,shrub,C,ALDE,1,0,,,,
4/30/2024,low_north,1,shrub,C,ALDE,2,0,,,,
4/30/2024,low_north,1,shrub,C,ALDE,3,0,,,,
4/30/2024,low_north,1,shrub,C,BRTE,1,1,,1,1.6,
4/30/2024,low_north,1,shrub,C,BRTE,2,1,,1,1.4,
4/30/2024,low_north,1,shrub,C,BRTE,3,0,,,,
4/30/2024,low_north,1,shrub,C,COPA,1,1,,1,0.5,
4/30/2024,low_north,1,shrub,C,COPA,2,0,,,,
4/30/2024,low_north,1,shrub,C,COPA,3,1,,1,0.7,
4/30/2024,low_north,1,shrub,C,PODO,1,0,,,,
4/30/2024,low_north,1,shrub,C,PODO,2,0,,,,
4/30/2024,low_north,1,shrub,C,PODO,3,1,,1,1.6,
4/30/2024,low_north,2,open,R,ALDE,1,0,,,,
4/30/2024,low_north,2,open,R,ALDE,2,0,,,,
4/30/2024,low_north,2,open,R,ALDE,3,0,,,,
4/30/2024,low_north,2,open,R,BRTE,1,0,,,,
4/30/2024,low_north,2,open,R,BRTE,2,0,,,,
4/30/2024,low_north,2,open,R,BRTE,3,0,,,,
4/30/2024,low_north,2,open,R,COPA,1,1,,3,1.3,
4/30/2024,low_north,2,open,R,COPA,2,0,,,,
4/30/2024,low_north,2,open,R,COPA,3,1,,2,0.6,
4/30/2024,low_north,2,open,R,PODO,1,1,,1,0.7,
4/30/2024,low_north,2,open,R,PODO,2,0,,,,
4/30/2024,low_north,2,open,R,PODO,3,0,,,,
4/30/2024,low_north,2,open,C,ALDE,1,0,,,,
4/30/2024,low_north,2,open,C,ALDE,2,0,,,,
4/30/2024,low_north,2,open,C,ALDE,3,0,,,,
4/30/2024,low_north,2,open,C,BRTE,1,0,,,,
4/30/2024,low_north,2,open,C,BRTE,2,0,,,,
4/30/2024,low_north,2,open,C,BRTE,3,0,,,,
4/30/2024,low_north,2,open,C,COPA,1,0,,,,
4/30/2024,low_north,2,open,C,COPA,2,0,,,,
4/30/2024,low_north,2,open,C,COPA,3,0,,,,
4/30/2024,low_north,2,open,C,PODO,1,0,,,,
4/30/2024,low_north,2,open,C,PODO,2,0,,,,
4/30/2024,low_north,2,open,C,PODO,3,0,,,,
4/30/2024,low_north,2,shrub,R,ALDE,1,,,,,I think I forgot all shrub individuals in shrub 2?
4/30/2024,low_north,2,shrub,R,ALDE,2,,,,,I think I forgot all shrub individuals in shrub 2?
4/30/2024,low_north,2,shrub,R,ALDE,3,,,,,I think I forgot all shrub individuals in shrub 2?
4/30/2024,low_north,2,shrub,R,BRTE,1,,,,,I think I forgot all shrub individuals in shrub 2?
4/30/2024,low_north,2,shrub,R,BRTE,2,,,,,I think I forgot all shrub individuals in shrub 2?
4/30/2024,low_north,2,shrub,R,BRTE,3,,,,,I think I forgot all shrub individuals in shrub 2?
4/30/2024,low_north,2,shrub,R,COPA,1,,,,,I think I forgot all shrub individuals in shrub 2?
4/30/2024,low_north,2,shrub,R,COPA,2,,,,,I think I forgot all shrub individuals in shrub 2?
4/30/2024,low_north,2,shrub,R,COPA,3,,,,,I think I forgot all shrub individuals in shrub 2?
4/30/2024,low_north,2,shrub,R,PODO,1,,,,,I think I forgot all shrub individuals in shrub 2?
4/30/2024,low_north,2,shrub,R,PODO,2,,,,,I think I forgot all shrub individuals in shrub 2?
4/30/2024,low_north,2,shrub,R,PODO,3,,,,,I think I forgot all shrub individuals in shrub 2?
4/30/2024,low_north,2,shrub,C,ALDE,1,,,,,I think I forgot all shrub individuals in shrub 2?
4/30/2024,low_north,2,shrub,C,ALDE,2,,,,,I think I forgot all shrub individuals in shrub 2?
4/30/2024,low_north,2,shrub,C,ALDE,3,,,,,I think I forgot all shrub individuals in shrub 2?
4/30/2024,low_north,2,shrub,C,BRTE,1,,,,,I think I forgot all shrub individuals in shrub 2?
4/30/2024,low_north,2,shrub,C,BRTE,2,,,,,I think I forgot all shrub individuals in shrub 2?
4/30/2024,low_north,2,shrub,C,BRTE,3,,,,,I think I forgot all shrub individuals in shrub 2?
4/30/2024,low_north,2,shrub,C,COPA,1,,,,,I think I forgot all shrub individuals in shrub 2?
4/30/2024,low_north,2,shrub,C,COPA,2,,,,,I think I forgot all shrub individuals in shrub 2?
4/30/2024,low_north,2,shrub,C,COPA,3,,,,,I think I forgot all shrub individuals in shrub 2?
4/30/2024,low_north,2,shrub,C,PODO,1,,,,,I think I forgot all shrub individuals in shrub 2?
4/30/2024,low_north,2,shrub,C,PODO,2,,,,,I think I forgot all shrub individuals in shrub 2?
4/30/2024,low_north,2,shrub,C,PODO,3,,,,,I think I forgot all shrub individuals in shrub 2?
4/30/2024,low_north,3,open,R,ALDE,1,0,,,,
4/30/2024,low_north,3,open,R,ALDE,2,0,,,,
4/30/2024,low_north,3,open,R,ALDE,3,0,,,,
4/30/2024,low_north,3,open,R,BRTE,1,1,,1,2,
4/30/2024,low_north,3,open,R,BRTE,2,0,,,,
4/30/2024,low_north,3,open,R,BRTE,3,0,,,,
4/30/2024,low_north,3,open,R,COPA,1,1,,,,I accidentally pulled this one up- no future CP1
4/30/2024,low_north,3,open,R,COPA,2,0,,,,
4/30/2024,low_north,3,open,R,COPA,3,0,,,,
4/30/2024,low_north,3,open,R,PODO,1,0,,,,
4/30/2024,low_north,3,open,R,PODO,2,0,,,,
4/30/2024,low_north,3,open,R,PODO,3,0,,,,
4/30/2024,low_north,3,open,C,ALDE,1,0,,,,
4/30/2024,low_north,3,open,C,ALDE,2,0,,,,
4/30/2024,low_north,3,open,C,ALDE,3,0,,,,
4/30/2024,low_north,3,open,C,BRTE,1,0,,,,
4/30/2024,low_north,3,open,C,BRTE,2,1,,1,2.3,
4/30/2024,low_north,3,open,C,BRTE,3,1,,1,0.9,
4/30/2024,low_north,3,open,C,COPA,1,0,,,,
4/30/2024,low_north,3,open,C,COPA,2,0,,,,
4/30/2024,low_north,3,open,C,COPA,3,0,,,,
4/30/2024,low_north,3,open,C,PODO,1,0,,,,
4/30/2024,low_north,3,open,C,PODO,2,0,,,,
4/30/2024,low_north,3,open,C,PODO,3,0,,,,
4/30/2024,low_north,3,shrub,R,ALDE,1,0,,,,
4/30/2024,low_north,3,shrub,R,ALDE,2,0,,,,
4/30/2024,low_north,3,shrub,R,ALDE,3,0,,,,
4/30/2024,low_north,3,shrub,R,BRTE,1,0,,,,
4/30/2024,low_north,3,shrub,R,BRTE,2,0,,,,
4/30/2024,low_north,3,shrub,R,BRTE,3,0,,,,
4/30/2024,low_north,3,shrub,R,COPA,1,1,,1,0.5,
4/30/2024,low_north,3,shrub,R,COPA,2,0,,,,
4/30/2024,low_north,3,shrub,R,COPA,3,0,,,,
4/30/2024,low_north,3,shrub,R,PODO,1,0,,,,
4/30/2024,low_north,3,shrub,R,PODO,2,0,,,,
4/30/2024,low_north,3,shrub,R,PODO,3,0,,,,
4/30/2024,low_north,3,shrub,C,ALDE,1,0,,,,
4/30/2024,low_north,3,shrub,C,ALDE,2,0,,,,
4/30/2024,low_north,3,shrub,C,ALDE,3,0,,,,
4/30/2024,low_north,3,shrub,C,BRTE,1,1,,1,3.1,
4/30/2024,low_north,3,shrub,C,BRTE,2,0,,,,
4/30/2024,low_north,3,shrub,C,BRTE,3,0,,,,
4/30/2024,low_north,3,shrub,C,COPA,1,0,,,,
4/30/2024,low_north,3,shrub,C,COPA,2,1,,1,0.1,
4/30/2024,low_north,3,shrub,C,COPA,3,1,,1,1.1,
4/30/2024,low_north,3,shrub,C,PODO,1,0,,,,
4/30/2024,low_north,3,shrub,C,PODO,2,0,,,,
4/30/2024,low_north,3,shrub,C,PODO,3,0,,,,
4/30/2024,low_north,4,shrub,R,ALDE,1,0,,,,
4/30/2024,low_north,4,shrub,R,ALDE,2,1,,1,0.6,
4/30/2024,low_north,4,shrub,R,ALDE,3,0,,,,
4/30/2024,low_north,4,shrub,R,BRTE,1,0,,,,
4/30/2024,low_north,4,shrub,R,BRTE,2,0,,,,
4/30/2024,low_north,4,shrub,R,BRTE,3,0,,,,
4/30/2024,low_north,4,shrub,R,COPA,1,0,,,,
4/30/2024,low_north,4,shrub,R,COPA,2,0,,,,
4/30/2024,low_north,4,shrub,R,COPA,3,0,,,,
4/30/2024,low_north,4,shrub,R,PODO,1,0,,,,
4/30/2024,low_north,4,shrub,R,PODO,2,0,,,,
4/30/2024,low_north,4,shrub,R,PODO,3,0,,,,
4/30/2024,low_north,4,shrub,C,ALDE,1,0,,,,
4/30/2024,low_north,4,shrub,C,ALDE,2,0,,,,
4/30/2024,low_north,4,shrub,C,ALDE,3,0,,,,
4/30/2024,low_north,4,shrub,C,BRTE,1,1,,1,2.9,
4/30/2024,low_north,4,shrub,C,BRTE,2,0,,,,
4/30/2024,low_north,4,shrub,C,BRTE,3,1,,1,2.5,
4/30/2024,low_north,4,shrub,C,COPA,1,1,,2,1.9,
4/30/2024,low_north,4,shrub,C,COPA,2,0,,,,
4/30/2024,low_north,4,shrub,C,COPA,3,1,,1,0.2,
4/30/2024,low_north,4,shrub,C,PODO,1,0,,,,
4/30/2024,low_north,4,shrub,C,PODO,2,0,,,,
4/30/2024,low_north,4,shrub,C,PODO,3,0,,,,
4/30/2024,low_gate,1,open,R,ALDE,1,0,,,,
4/30/2024,low_gate,1,open,R,ALDE,2,0,,,,
4/30/2024,low_gate,1,open,R,ALDE,3,0,,,,
4/30/2024,low_gate,1,open,R,BRTE,1,0,,,,
4/30/2024,low_gate,1,open,R,BRTE,2,0,,,,
4/30/2024,low_gate,1,open,R,BRTE,3,0,,,,
4/30/2024,low_gate,1,open,R,COPA,1,0,,,,
4/30/2024,low_gate,1,open,R,COPA,2,1,,2,1.1,
4/30/2024,low_gate,1,open,R,COPA,3,1,,2,1.5,
4/30/2024,low_gate,1,open,C,ALDE,1,0,,,,
4/30/2024,low_gate,1,open,C,ALDE,2,0,,,,
4/30/2024,low_gate,1,open,C,ALDE,3,0,,,,
4/30/2024,low_gate,1,open,C,BRTE,1,1,,1,2.1,
4/30/2024,low_gate,1,open,C,BRTE,2,0,,,,
4/30/2024,low_gate,1,open,C,BRTE,3,0,,,,
4/30/2024,low_gate,1,open,C,COPA,1,0,,,,
4/30/2024,low_gate,1,open,C,COPA,2,1,,1,0.7,
4/30/2024,low_gate,1,open,C,COPA,3,0,,,,
4/30/2024,low_gate,1,shrub,R,ALDE,1,1,,1,0.3,
4/30/2024,low_gate,1,shrub,R,ALDE,2,0,,,,
4/30/2024,low_gate,1,shrub,R,ALDE,3,0,,,,
4/30/2024,low_gate,1,shrub,R,BRTE,1,1,,1,3.2,
4/30/2024,low_gate,1,shrub,R,BRTE,2,0,,,,
4/30/2024,low_gate,1,shrub,R,BRTE,3,0,,,,
4/30/2024,low_gate,1,shrub,R,COPA,1,1,,2,1.5,
4/30/2024,low_gate,1,shrub,R,COPA,2,0,,,,
4/30/2024,low_gate,1,shrub,R,COPA,3,1,25-50%,1,0.6,
4/30/2024,low_gate,1,shrub,C,ALDE,1,0,,,,
4/30/2024,low_gate,1,shrub,C,ALDE,2,0,,,,
4/30/2024,low_gate,1,shrub,C,ALDE,3,0,,,,
4/30/2024,low_gate,1,shrub,C,BRTE,1,0,,,,
4/30/2024,low_gate,1,shrub,C,BRTE,2,1,,1,4.4,
4/30/2024,low_gate,1,shrub,C,BRTE,3,1,,1,4.6,
4/30/2024,low_gate,1,shrub,C,COPA,1,0,,,,
4/30/2024,low_gate,1,shrub,C,COPA,2,0,,,,
4/30/2024,low_gate,1,shrub,C,COPA,3,1,,2,0.6,
4/30/2024,low_gate,2,open,R,ALDE,1,1,,1,0.5,
4/30/2024,low_gate,2,open,R,ALDE,2,0,,,,
4/30/2024,low_gate,2,open,R,ALDE,3,0,,,,
4/30/2024,low_gate,2,open,R,BRTE,1,0,,,,
4/30/2024,low_gate,2,open,R,BRTE,2,0,,,,
4/30/2024,low_gate,2,open,R,BRTE,3,0,,,,
4/30/2024,low_gate,2,open,R,COPA,1,0,,,,
4/30/2024,low_gate,2,open,R,COPA,2,0,,,,
4/30/2024,low_gate,2,open,R,COPA,3,0,,,,
4/30/2024,low_gate,2,open,C,ALDE,1,0,,,,
4/30/2024,low_gate,2,open,C,ALDE,2,0,,,,
4/30/2024,low_gate,2,open,C,ALDE,3,0,,,,
4/30/2024,low_gate,2,open,C,BRTE,1,1,,1,1.6,
4/30/2024,low_gate,2,open,C,BRTE,2,0,,,,
4/30/2024,low_gate,2,open,C,BRTE,3,0,,,,
4/30/2024,low_gate,2,open,C,COPA,1,1,,1,0.4,
4/30/2024,low_gate,2,open,C,COPA,2,0,,,,
4/30/2024,low_gate,2,open,C,COPA,3,0,,,,
4/30/2024,low_gate,2,shrub,R,ALDE,1,0,,,,
4/30/2024,low_gate,2,shrub,R,ALDE,2,0,,,,
4/30/2024,low_gate,2,shrub,R,ALDE,3,0,,,,
4/30/2024,low_gate,2,shrub,R,BRTE,1,0,,,,
4/30/2024,low_gate,2,shrub,R,BRTE,2,1,,1,2.2,
4/30/2024,low_gate,2,shrub,R,BRTE,3,0,,,,
4/30/2024,low_gate,2,shrub,R,COPA,1,1,,2,1.1,
4/30/2024,low_gate,2,shrub,R,COPA,2,0,,,,
4/30/2024,low_gate,2,shrub,R,COPA,3,1,,2,1.3,
4/30/2024,low_gate,2,shrub,C,ALDE,1,0,,,,
4/30/2024,low_gate,2,shrub,C,ALDE,2,0,,,,
4/30/2024,low_gate,2,shrub,C,ALDE,3,0,,,,
4/30/2024,low_gate,2,shrub,C,BRTE,1,0,,,,
4/30/2024,low_gate,2,shrub,C,BRTE,2,0,,,,
4/30/2024,low_gate,2,shrub,C,BRTE,3,0,,,,
4/30/2024,low_gate,2,shrub,C,COPA,1,0,,,,
4/30/2024,low_gate,2,shrub,C,COPA,2,0,,,,
4/30/2024,low_gate,2,shrub,C,COPA,3,0,,,,
4/30/2024,low_gate,3,open,R,ALDE,1,0,,,,
4/30/2024,low_gate,3,open,R,ALDE,2,0,,,,
4/30/2024,low_gate,3,open,R,ALDE,3,0,,,,
4/30/2024,low_gate,3,open,R,BRTE,1,0,,,,
4/30/2024,low_gate,3,open,R,BRTE,2,0,,,,
4/30/2024,low_gate,3,open,R,BRTE,3,1,,1,4.5,
4/30/2024,low_gate,3,open,R,COPA,1,1,,1,0.1,
4/30/2024,low_gate,3,open,R,COPA,2,1,,1,0.7,
4/30/2024,low_gate,3,open,R,COPA,3,0,,,,
4/30/2024,low_gate,3,open,C,ALDE,1,0,,,,
4/30/2024,low_gate,3,open,C,ALDE,2,0,,,,
4/30/2024,low_gate,3,open,C,ALDE,3,0,,,,
4/30/2024,low_gate,3,open,C,BRTE,1,1,,1,3,
4/30/2024,low_gate,3,open,C,BRTE,2,0,,,,
4/30/2024,low_gate,3,open,C,BRTE,3,0,,,,
4/30/2024,low_gate,3,open,C,COPA,1,0,,,,
4/30/2024,low_gate,3,open,C,COPA,2,1,,1,0.8,
4/30/2024,low_gate,3,open,C,COPA,3,1,,1,1,
4/30/2024,low_gate,3,shrub,R,ALDE,1,0,,,,
4/30/2024,low_gate,3,shrub,R,ALDE,2,0,,,,
4/30/2024,low_gate,3,shrub,R,ALDE,3,0,,,,
4/30/2024,low_gate,3,shrub,R,BRTE,1,1,,1,3.1,
4/30/2024,low_gate,3,shrub,R,BRTE,2,0,,,,
4/30/2024,low_gate,3,shrub,R,BRTE,3,0,,,,
4/30/2024,low_gate,3,shrub,R,COPA,1,1,,1,1,
4/30/2024,low_gate,3,shrub,R,COPA,2,1,,2,1.2,
4/30/2024,low_gate,3,shrub,R,COPA,3,1,,2,1.8,
4/30/2024,low_gate,3,shrub,C,ALDE,1,0,,,,
4/30/2024,low_gate,3,shrub,C,ALDE,2,0,,,,
4/30/2024,low_gate,3,shrub,C,ALDE,3,0,,,,
4/30/2024,low_gate,3,shrub,C,BRTE,1,0,,,,
4/30/2024,low_gate,3,shrub,C,BRTE,2,1,,1,2.3,
4/30/2024,low_gate,3,shrub,C,BRTE,3,0,,,,
4/30/2024,low_gate,3,shrub,C,COPA,1,0,,,,
4/30/2024,low_gate,3,shrub,C,COPA,2,1,,1,0.4,
4/30/2024,low_gate,3,shrub,C,COPA,3,0,,,,
4/30/2024,low_gate,4,open,R,ALDE,1,0,,,,
4/30/2024,low_gate,4,open,R,ALDE,2,0,,,,
4/30/2024,low_gate,4,open,R,ALDE,3,0,,,,
4/30/2024,low_gate,4,open,R,BRTE,1,0,,,,
4/30/2024,low_gate,4,open,R,BRTE,2,1,,1,1.6,
4/30/2024,low_gate,4,open,R,BRTE,3,0,,,,
4/30/2024,low_gate,4,open,R,COPA,1,0,,,,
4/30/2024,low_gate,4,open,R,COPA,2,1,,2,2.1,
4/30/2024,low_gate,4,open,R,COPA,3,1,,2,1.2,
4/30/2024,low_gate,4,open,C,ALDE,1,0,,,,
4/30/2024,low_gate,4,open,C,ALDE,2,0,,,,
4/30/2024,low_gate,4,open,C,ALDE,3,0,,,,
4/30/2024,low_gate,4,open,C,BRTE,1,0,,,,
4/30/2024,low_gate,4,open,C,BRTE,2,0,,,,
4/30/2024,low_gate,4,open,C,BRTE,3,0,,,,
4/30/2024,low_gate,4,open,C,COPA,1,0,,,,
4/30/2024,low_gate,4,open,C,COPA,2,0,,,,
4/30/2024,low_gate,4,open,C,COPA,3,0,,,,
4/30/2024,low_gate,4,shrub,R,ALDE,1,0,,,,
4/30/2024,low_gate,4,shrub,R,ALDE,2,0,,,,
4/30/2024,low_gate,4,shrub,R,ALDE,3,0,,,,
4/30/2024,low_gate,4,shrub,R,BRTE,1,1,,1,5.3,
4/30/2024,low_gate,4,shrub,R,BRTE,2,0,,,,
4/30/2024,low_gate,4,shrub,R,BRTE,3,1,,1,4,
4/30/2024,low_gate,4,shrub,R,COPA,1,0,,,,
4/30/2024,low_gate,4,shrub,R,COPA,2,0,,,,
4/30/2024,low_gate,4,shrub,R,COPA,3,0,,,,
4/30/2024,low_gate,4,shrub,C,ALDE,1,0,,,,
4/30/2024,low_gate,4,shrub,C,ALDE,2,0,,,,
4/30/2024,low_gate,4,shrub,C,ALDE,3,0,,,,
4/30/2024,low_gate,4,shrub,C,BRTE,1,1,,1,2,
4/30/2024,low_gate,4,shrub,C,BRTE,2,0,,,,
4/30/2024,low_gate,4,shrub,C,BRTE,3,0,,,,
4/30/2024,low_gate,4,shrub,C,COPA,1,0,,,,
4/30/2024,low_gate,4,shrub,C,COPA,2,0,,,,
4/30/2024,low_gate,4,shrub,C,COPA,3,1,,2,1.8,
5/1/2024,high_gate,1,open,R,ALDE,1,0,,,,
5/1/2024,high_gate,1,open,R,ALDE,2,0,,,,
5/1/2024,high_gate,1,open,R,ALDE,3,0,,,,
5/1/2024,high_gate,1,open,R,BRTE,1,0,,,,
5/1/2024,high_gate,1,open,R,BRTE,2,0,,,,
5/1/2024,high_gate,1,open,R,BRTE,3,0,,,,
5/1/2024,high_gate,1,open,R,COPA,1,0,,,,
5/1/2024,high_gate,1,open,R,COPA,2,0,,,,
5/1/2024,high_gate,1,open,R,COPA,3,0,,,,
5/1/2024,high_gate,1,open,R,PODO,1,0,,,,
5/1/2024,high_gate,1,open,R,PODO,2,0,,,,
5/1/2024,high_gate,1,open,R,PODO,3,0,,,,
5/1/2024,high_gate,1,open,C,ALDE,1,0,,,,
5/1/2024,high_gate,1,open,C,ALDE,2,0,,,,
5/1/2024,high_gate,1,open,C,ALDE,3,1,,1,,
5/1/2024,high_gate,1,open,C,BRTE,1,0,,,,
5/1/2024,high_gate,1,open,C,BRTE,2,0,,,,
5/1/2024,high_gate,1,open,C,BRTE,3,0,,,,
5/1/2024,high_gate,1,open,C,COPA,1,0,,,,
5/1/2024,high_gate,1,open,C,COPA,2,0,,,,
5/1/2024,high_gate,1,open,C,COPA,3,0,,,,
5/1/2024,high_gate,1,open,C,PODO,1,0,,,,
5/1/2024,high_gate,1,open,C,PODO,2,0,,,,
5/1/2024,high_gate,1,open,C,PODO,3,0,,,,
5/1/2024,high_gate,1,shrub,R,ALDE,1,0,,,,
5/1/2024,high_gate,1,shrub,R,ALDE,2,0,,,,
5/1/2024,high_gate,1,shrub,R,ALDE,3,0,,,,
5/1/2024,high_gate,1,shrub,R,BRTE,1,1,,1,,
5/1/2024,high_gate,1,shrub,R,BRTE,2,1,,1,,
5/1/2024,high_gate,1,shrub,R,BRTE,3,1,,1,,
5/1/2024,high_gate,1,shrub,R,COPA,1,0,,,,
5/1/2024,high_gate,1,shrub,R,COPA,2,0,,,,
5/1/2024,high_gate,1,shrub,R,COPA,3,1,25-50%,1,,
5/1/2024,high_gate,1,shrub,R,PODO,1,0,,,,
5/1/2024,high_gate,1,shrub,R,PODO,2,0,,,,
5/1/2024,high_gate,1,shrub,R,PODO,3,0,,,,
5/1/2024,high_gate,1,shrub,C,ALDE,1,0,,,,
5/1/2024,high_gate,1,shrub,C,ALDE,2,0,,,,
5/1/2024,high_gate,1,shrub,C,ALDE,3,0,,,,
5/1/2024,high_gate,1,shrub,C,BRTE,1,0,,,,
5/1/2024,high_gate,1,shrub,C,BRTE,2,0,,,,
5/1/2024,high_gate,1,shrub,C,BRTE,3,0,,,,
5/1/2024,high_gate,1,shrub,C,COPA,1,0,,,,
5/1/2024,high_gate,1,shrub,C,COPA,2,0,,,,
5/1/2024,high_gate,1,shrub,C,COPA,3,1,,1,,
5/1/2024,high_gate,1,shrub,C,PODO,1,0,,,,
5/1/2024,high_gate,1,shrub,C,PODO,2,0,,,,
5/1/2024,high_gate,1,shrub,C,PODO,3,0,,,,
5/1/2024,high_gate,2,open,R,ALDE,1,0,,,,
5/1/2024,high_gate,2,open,R,ALDE,2,0,,,,
5/1/2024,high_gate,2,open,R,ALDE,3,0,,,,
5/1/2024,high_gate,2,open,R,BRTE,1,0,,,,
5/1/2024,high_gate,2,open,R,BRTE,2,0,,,,
5/1/2024,high_gate,2,open,R,BRTE,3,0,,,,
5/1/2024,high_gate,2,open,R,COPA,1,,,,,
5/1/2024,high_gate,2,open,R,COPA,2,0,,,,
5/1/2024,high_gate,2,open,R,COPA,3,0,,,,
5/1/2024,high_gate,2,open,R,PODO,1,0,,,,
5/1/2024,high_gate,2,open,R,PODO,2,0,,,,
5/1/2024,high_gate,2,open,R,PODO,3,0,,,,
5/1/2024,high_gate,2,open,C,ALDE,1,0,,,,
5/1/2024,high_gate,2,open,C,ALDE,2,0,,,,
5/1/2024,high_gate,2,open,C,ALDE,3,0,,,,
5/1/2024,high_gate,2,open,C,BRTE,1,0,,,,
5/1/2024,high_gate,2,open,C,BRTE,2,0,,,,
5/1/2024,high_gate,2,open,C,BRTE,3,0,,,,
5/1/2024,high_gate,2,open,C,COPA,1,1,10-25%,1,,
5/1/2024,high_gate,2,open,C,COPA,2,0,,,,
5/1/2024,high_gate,2,open,C,COPA,3,0,,,,
5/1/2024,high_gate,2,open,C,PODO,1,0,,,,
5/1/2024,high_gate,2,open,C,PODO,2,0,,,,
5/1/2024,high_gate,2,open,C,PODO,3,0,,,,
5/1/2024,high_gate,2,shrub,R,ALDE,1,0,,,,
5/1/2024,high_gate,2,shrub,R,ALDE,2,0,,,,
5/1/2024,high_gate,2,shrub,R,ALDE,3,0,,,,
5/1/2024,high_gate,2,shrub,R,BRTE,1,0,,,,
5/1/2024,high_gate,2,shrub,R,BRTE,2,0,,,,
5/1/2024,high_gate,2,shrub,R,BRTE,3,1,,1,,
5/1/2024,high_gate,2,shrub,R,COPA,1,0,,,,
5/1/2024,high_gate,2,shrub,R,COPA,2,0,,,,
5/1/2024,high_gate,2,shrub,R,COPA,3,0,,,,
5/1/2024,high_gate,2,shrub,R,PODO,1,0,,,,
5/1/2024,high_gate,2,shrub,R,PODO,2,0,,,,
5/1/2024,high_gate,2,shrub,R,PODO,3,0,,,,
5/1/2024,high_gate,2,shrub,C,ALDE,1,0,,,,
5/1/2024,high_gate,2,shrub,C,ALDE,2,0,,,,
5/1/2024,high_gate,2,shrub,C,ALDE,3,0,,,,
5/1/2024,high_gate,2,shrub,C,BRTE,1,0,,,,
5/1/2024,high_gate,2,shrub,C,BRTE,2,0,,,,
5/1/2024,high_gate,2,shrub,C,BRTE,3,0,,,,
5/1/2024,high_gate,2,shrub,C,COPA,1,1,,1,,
5/1/2024,high_gate,2,shrub,C,COPA,2,0,,,,
5/1/2024,high_gate,2,shrub,C,COPA,3,1,,1,,
5/1/2024,high_gate,2,shrub,C,PODO,1,0,,,,
5/1/2024,high_gate,2,shrub,C,PODO,2,0,,,,
5/1/2024,high_gate,2,shrub,C,PODO,3,0,,,,
5/1/2024,high_gate,3,open,R,ALDE,1,0,,,,
5/1/2024,high_gate,3,open,R,ALDE,2,0,,,,
5/1/2024,high_gate,3,open,R,ALDE,3,0,,,,
5/1/2024,high_gate,3,open,R,BRTE,1,0,,,,
5/1/2024,high_gate,3,open,R,BRTE,2,0,,,,
5/1/2024,high_gate,3,open,R,BRTE,3,1,,1,,
5/1/2024,high_gate,3,open,R,COPA,1,0,,,,
5/1/2024,high_gate,3,open,R,COPA,2,0,,,,
5/1/2024,high_gate,3,open,R,COPA,3,0,,,,
5/1/2024,high_gate,3,open,R,PODO,1,0,,,,
5/1/2024,high_gate,3,open,R,PODO,2,0,,,,
5/1/2024,high_gate,3,open,R,PODO,3,0,,,,
5/1/2024,high_gate,3,open,C,ALDE,1,0,,,,
5/1/2024,high_gate,3,open,C,ALDE,2,0,,,,
5/1/2024,high_gate,3,open,C,ALDE,3,0,,,,
5/1/2024,high_gate,3,open,C,BRTE,1,0,,,,
5/1/2024,high_gate,3,open,C,BRTE,2,0,,,,
5/1/2024,high_gate,3,open,C,BRTE,3,0,,,,
5/1/2024,high_gate,3,open,C,COPA,1,0,,,,
5/1/2024,high_gate,3,open,C,COPA,2,1,,1,,
5/1/2024,high_gate,3,open,C,COPA,3,0,,,,
5/1/2024,high_gate,3,open,C,PODO,1,0,,,,
5/1/2024,high_gate,3,open,C,PODO,2,0,,,,
5/1/2024,high_gate,3,open,C,PODO,3,0,,,,
5/1/2024,high_gate,3,shrub,R,ALDE,1,0,,,,
5/1/2024,high_gate,3,shrub,R,ALDE,2,0,,,,
5/1/2024,high_gate,3,shrub,R,ALDE,3,0,,,,
5/1/2024,high_gate,3,shrub,R,BRTE,1,0,,,,
5/1/2024,high_gate,3,shrub,R,BRTE,2,0,,,,
5/1/2024,high_gate,3,shrub,R,BRTE,3,0,,,,
5/1/2024,high_gate,3,shrub,R,COPA,1,1,,1,,
5/1/2024,high_gate,3,shrub,R,COPA,2,0,,,,
5/1/2024,high_gate,3,shrub,R,COPA,3,0,,,,
5/1/2024,high_gate,3,shrub,R,PODO,1,0,,,,
5/1/2024,high_gate,3,shrub,R,PODO,2,0,,,,
5/1/2024,high_gate,3,shrub,R,PODO,3,0,,,,
5/1/2024,high_gate,3,shrub,C,ALDE,1,0,,,,
5/1/2024,high_gate,3,shrub,C,ALDE,2,0,,,,
5/1/2024,high_gate,3,shrub,C,ALDE,3,0,,,,
5/1/2024,high_gate,3,shrub,C,BRTE,1,0,,,,
5/1/2024,high_gate,3,shrub,C,BRTE,2,0,,,,
5/1/2024,high_gate,3,shrub,C,BRTE,3,0,,,,
5/1/2024,high_gate,3,shrub,C,COPA,1,0,,,,
5/1/2024,high_gate,3,shrub,C,COPA,2,0,,,,
5/1/2024,high_gate,3,shrub,C,COPA,3,1,,1,,
5/1/2024,high_gate,3,shrub,C,PODO,1,0,,,,
5/1/2024,high_gate,3,shrub,C,PODO,2,0,,,,
5/1/2024,high_gate,3,shrub,C,PODO,3,0,,,,
5/1/2024,high_gate,4,open,R,ALDE,1,0,,,,
5/1/2024,high_gate,4,open,R,ALDE,2,0,,,,
5/1/2024,high_gate,4,open,R,ALDE,3,0,,,,
5/1/2024,high_gate,4,open,R,BRTE,1,0,,,,
5/1/2024,high_gate,4,open,R,BRTE,2,0,,,,
5/1/2024,high_gate,4,open,R,BRTE,3,0,,,,
5/1/2024,high_gate,4,open,R,COPA,1,0,,,,
5/1/2024,high_gate,4,open,R,COPA,2,0,,,,
5/1/2024,high_gate,4,open,R,COPA,3,0,,,,
5/1/2024,high_gate,4,open,R,PODO,1,0,,,,
5/1/2024,high_gate,4,open,R,PODO,2,0,,,,
5/1/2024,high_gate,4,open,R,PODO,3,0,,,,
5/1/2024,high_gate,4,open,C,ALDE,1,0,,,,
5/1/2024,high_gate,4,open,C,ALDE,2,0,,,,
5/1/2024,high_gate,4,open,C,ALDE,3,0,,,,
5/1/2024,high_gate,4,open,C,BRTE,1,0,,,,
5/1/2024,high_gate,4,open,C,BRTE,2,0,,,,
5/1/2024,high_gate,4,open,C,BRTE,3,0,,,,
5/1/2024,high_gate,4,open,C,COPA,1,0,,,,
5/1/2024,high_gate,4,open,C,COPA,2,0,,,,
5/1/2024,high_gate,4,open,C,COPA,3,1,,1,,
5/1/2024,high_gate,4,open,C,PODO,1,0,,,,
5/1/2024,high_gate,4,open,C,PODO,2,0,,,,
5/1/2024,high_gate,4,open,C,PODO,3,0,,,,
5/1/2024,high_gate,4,shrub,R,ALDE,1,0,,,,
5/1/2024,high_gate,4,shrub,R,ALDE,2,0,,,,
5/1/2024,high_gate,4,shrub,R,ALDE,3,0,,,,
5/1/2024,high_gate,4,shrub,R,BRTE,1,0,,,,
5/1/2024,high_gate,4,shrub,R,BRTE,2,0,,,,
5/1/2024,high_gate,4,shrub,R,BRTE,3,0,,,,
5/1/2024,high_gate,4,shrub,R,COPA,1,0,,,,
5/1/2024,high_gate,4,shrub,R,COPA,2,,,,,
5/1/2024,high_gate,4,shrub,R,COPA,3,0,,,,
5/1/2024,high_gate,4,shrub,R,PODO,1,0,,,,
5/1/2024,high_gate,4,shrub,R,PODO,2,1,,1,,
5/1/2024,high_gate,4,shrub,R,PODO,3,0,,,,
5/1/2024,high_gate,4,shrub,C,ALDE,1,0,,,,
5/1/2024,high_gate,4,shrub,C,ALDE,2,0,,,,
5/1/2024,high_gate,4,shrub,C,ALDE,3,0,,,,
5/1/2024,high_gate,4,shrub,C,BRTE,1,0,,,,
5/1/2024,high_gate,4,shrub,C,BRTE,2,0,,,,
5/1/2024,high_gate,4,shrub,C,BRTE,3,0,,,,
5/1/2024,high_gate,4,shrub,C,COPA,1,0,,,,
5/1/2024,high_gate,4,shrub,C,COPA,2,1,,1,,
5/1/2024,high_gate,4,shrub,C,COPA,3,1,,1,,
5/1/2024,high_gate,4,shrub,C,PODO,1,0,,,,
5/1/2024,high_gate,4,shrub,C,PODO,2,0,,,,
5/1/2024,high_gate,4,shrub,C,PODO,3,0,,,,
5/1/2024,high_east,1,shrub,R,ALDE,1,1,,1,,
5/1/2024,high_east,1,shrub,R,ALDE,2,0,,,,
5/1/2024,high_east,1,shrub,R,ALDE,3,0,,,,
5/1/2024,high_east,1,shrub,R,BRTE,1,0,,,,
5/1/2024,high_east,1,shrub,R,BRTE,2,0,,,,
5/1/2024,high_east,1,shrub,R,BRTE,3,1,,1,,
5/1/2024,high_east,1,shrub,R,COPA,1,0,,,,
5/1/2024,high_east,1,shrub,R,COPA,2,0,,,,
5/1/2024,high_east,1,shrub,R,COPA,3,1,,1,,
5/1/2024,high_east,1,shrub,C,ALDE,1,0,,,,
5/1/2024,high_east,1,shrub,C,ALDE,2,0,,,,
5/1/2024,high_east,1,shrub,C,ALDE,3,0,,,,
5/1/2024,high_east,1,shrub,C,BRTE,1,0,,,,
5/1/2024,high_east,1,shrub,C,BRTE,2,0,,,,
5/1/2024,high_east,1,shrub,C,BRTE,3,0,,,,
5/1/2024,high_east,1,shrub,C,COPA,1,0,,,,
5/1/2024,high_east,1,shrub,C,COPA,2,0,,,,
5/1/2024,high_east,1,shrub,C,COPA,3,1,,1,,
5/1/2024,high_east,1,open,R,ALDE,1,0,,,,
5/1/2024,high_east,1,open,R,ALDE,2,0,,,,
5/1/2024,high_east,1,open,R,ALDE,3,0,,,,
5/1/2024,high_east,1,open,R,BRTE,1,1,,1,,
5/1/2024,high_east,1,open,R,BRTE,2,1,,1,,
5/1/2024,high_east,1,open,R,BRTE,3,0,,,,
5/1/2024,high_east,1,open,R,COPA,1,0,,,,
5/1/2024,high_east,1,open,R,COPA,2,1,,1,,
5/1/2024,high_east,1,open,R,COPA,3,1,,1,,
5/1/2024,high_east,1,open,C,ALDE,1,0,,,,
5/1/2024,high_east,1,open,C,ALDE,2,0,,,,
5/1/2024,high_east,1,open,C,ALDE,3,0,,,,
5/1/2024,high_east,1,open,C,BRTE,1,0,,,,
5/1/2024,high_east,1,open,C,BRTE,2,0,,,,
5/1/2024,high_east,1,open,C,BRTE,3,1,,1,,
5/1/2024,high_east,1,open,C,COPA,1,1,,1,,
5/1/2024,high_east,1,open,C,COPA,2,0,,,,
5/1/2024,high_east,1,open,C,COPA,3,1,,1,,
5/1/2024,high_east,2,shrub,R,ALDE,1,0,,,,
5/1/2024,high_east,2,shrub,R,ALDE,2,0,,,,
5/1/2024,high_east,2,shrub,R,ALDE,3,0,,,,
5/1/2024,high_east,2,shrub,R,BRTE,1,0,,,,
5/1/2024,high_east,2,shrub,R,BRTE,2,0,,,,
5/1/2024,high_east,2,shrub,R,BRTE,3,0,,,,
5/1/2024,high_east,2,shrub,R,COPA,1,0,,,,
5/1/2024,high_east,2,shrub,R,COPA,2,1,,1,,
5/1/2024,high_east,2,shrub,R,COPA,3,1,,1,,
5/1/2024,high_east,2,shrub,C,ALDE,1,0,,,,
5/1/2024,high_east,2,shrub,C,ALDE,2,0,,,,
5/1/2024,high_east,2,shrub,C,ALDE,3,0,,,,
5/1/2024,high_east,2,shrub,C,BRTE,1,1,,1,,
5/1/2024,high_east,2,shrub,C,BRTE,2,0,,,,
5/1/2024,high_east,2,shrub,C,BRTE,3,0,,,,
5/1/2024,high_east,2,shrub,C,COPA,1,0,,,,
5/1/2024,high_east,2,shrub,C,COPA,2,1,,1,,
5/1/2024,high_east,2,shrub,C,COPA,3,1,,1,,
5/1/2024,high_east,2,open,R,ALDE,1,0,,,,
5/1/2024,high_east,2,open,R,ALDE,2,0,,,,
5/1/2024,high_east,2,open,R,ALDE,3,0,,,,
5/1/2024,high_east,2,open,R,BRTE,1,0,,,,
5/1/2024,high_east,2,open,R,BRTE,2,0,,,,
5/1/2024,high_east,2,open,R,BRTE,3,0,,,,
5/1/2024,high_east,2,open,R,COPA,1,0,,,,
5/1/2024,high_east,2,open,R,COPA,2,1,,1,,
5/1/2024,high_east,2,open,R,COPA,3,0,,,,
5/1/2024,high_east,2,open,C,ALDE,1,0,,,,
5/1/2024,high_east,2,open,C,ALDE,2,0,,,,
5/1/2024,high_east,2,open,C,ALDE,3,0,,,,
5/1/2024,high_east,2,open,C,BRTE,1,1,,1,,
5/1/2024,high_east,2,open,C,BRTE,2,0,,,,
5/1/2024,high_east,2,open,C,BRTE,3,0,,,,
5/1/2024,high_east,2,open,C,COPA,1,1,,1,,
5/1/2024,high_east,2,open,C,COPA,2,1,,1,,
5/1/2024,high_east,2,open,C,COPA,3,0,,,,
5/1/2024,high_east,3,shrub,R,ALDE,1,0,,,,
5/1/2024,high_east,3,shrub,R,ALDE,2,0,,,,
5/1/2024,high_east,3,shrub,R,ALDE,3,1,,1,,
5/1/2024,high_east,3,shrub,R,BRTE,1,1,,1,,
5/1/2024,high_east,3,shrub,R,BRTE,2,1,,1,,
5/1/2024,high_east,3,shrub,R,BRTE,3,1,,1,,
5/1/2024,high_east,3,shrub,R,COPA,1,0,,,,
5/1/2024,high_east,3,shrub,R,COPA,2,1,,1,,
5/1/2024,high_east,3,shrub,R,COPA,3,1,,1,,
5/1/2024,high_east,3,shrub,C,ALDE,1,0,,,,
5/1/2024,high_east,3,shrub,C,ALDE,2,0,,,,
5/1/2024,high_east,3,shrub,C,ALDE,3,0,,,,
5/1/2024,high_east,3,shrub,C,BRTE,1,1,,1,,
5/1/2024,high_east,3,shrub,C,BRTE,2,0,,,,
5/1/2024,high_east,3,shrub,C,BRTE,3,0,,,,
5/1/2024,high_east,3,shrub,C,COPA,1,1,,1,,
5/1/2024,high_east,3,shrub,C,COPA,2,0,,,,
5/1/2024,high_east,3,shrub,C,COPA,3,0,,,,
5/1/2024,high_east,3,open,R,ALDE,1,0,,,,
5/1/2024,high_east,3,open,R,ALDE,2,0,,,,
5/1/2024,high_east,3,open,R,ALDE,3,0,,,,
5/1/2024,high_east,3,open,R,BRTE,1,0,,,,
5/1/2024,high_east,3,open,R,BRTE,2,0,,,,
5/1/2024,high_east,3,open,R,BRTE,3,0,,,,
5/1/2024,high_east,3,open,R,COPA,1,0,,,,
5/1/2024,high_east,3,open,R,COPA,2,0,,,,
5/1/2024,high_east,3,open,R,COPA,3,0,,,,
5/1/2024,high_east,3,open,C,ALDE,1,0,,,,
5/1/2024,high_east,3,open,C,ALDE,2,0,,,,
5/1/2024,high_east,3,open,C,ALDE,3,0,,,,
5/1/2024,high_east,3,open,C,BRTE,1,0,,,,
5/1/2024,high_east,3,open,C,BRTE,2,0,,,,
5/1/2024,high_east,3,open,C,BRTE,3,1,,1,,
5/1/2024,high_east,3,open,C,COPA,1,0,,,,
5/1/2024,high_east,3,open,C,COPA,2,0,,,,
5/1/2024,high_east,3,open,C,COPA,3,0,,,,
5/1/2024,high_east,4,shrub,R,ALDE,1,0,,,,
5/1/2024,high_east,4,shrub,R,ALDE,2,0,,,,
5/1/2024,high_east,4,shrub,R,ALDE,3,0,,,,
5/1/2024,high_east,4,shrub,R,BRTE,1,0,,,,
5/1/2024,high_east,4,shrub,R,BRTE,2,1,,1,,
5/1/2024,high_east,4,shrub,R,BRTE,3,0,,,,
5/1/2024,high_east,4,shrub,R,COPA,1,1,,1,,
5/1/2024,high_east,4,shrub,R,COPA,2,0,,,,
5/1/2024,high_east,4,shrub,R,COPA,3,0,,,,
5/1/2024,high_east,4,shrub,C,ALDE,1,0,,,,
5/1/2024,high_east,4,shrub,C,ALDE,2,0,,,,
5/1/2024,high_east,4,shrub,C,ALDE,3,0,,,,
5/1/2024,high_east,4,shrub,C,BRTE,1,0,,,,
5/1/2024,high_east,4,shrub,C,BRTE,2,1,,1,,
5/1/2024,high_east,4,shrub,C,BRTE,3,0,,,,
5/1/2024,high_east,4,shrub,C,COPA,1,0,,,,
5/1/2024,high_east,4,shrub,C,COPA,2,1,,1,,
5/1/2024,high_east,4,shrub,C,COPA,3,0,,,,
5/1/2024,high_east,4,open,R,ALDE,1,0,,,,
5/1/2024,high_east,4,open,R,ALDE,2,0,,,,
5/1/2024,high_east,4,open,R,ALDE,3,0,,,,
5/1/2024,high_east,4,open,R,BRTE,1,0,,,,
5/1/2024,high_east,4,open,R,BRTE,2,0,,,,
5/1/2024,high_east,4,open,R,BRTE,3,0,,,,
5/1/2024,high_east,4,open,R,COPA,1,1,,1,,
5/1/2024,high_east,4,open,R,COPA,2,1,,1,,
5/1/2024,high_east,4,open,R,COPA,3,0,,,,
5/1/2024,high_east,4,open,C,ALDE,1,0,,,,
5/1/2024,high_east,4,open,C,ALDE,2,0,,,,
5/1/2024,high_east,4,open,C,ALDE,3,0,,,,
5/1/2024,high_east,4,open,C,BRTE,1,0,,,,
5/1/2024,high_east,4,open,C,BRTE,2,1,,1,,
5/1/2024,high_east,4,open,C,BRTE,3,0,,,,
5/1/2024,high_east,4,open,C,COPA,1,0,,,,
5/1/2024,high_east,4,open,C,COPA,2,1,,1,,
5/1/2024,high_east,4,open,C,COPA,3,0,,,,
5/1/2024,high_north,1,open,R,ALDE,1,0,,,,
5/1/2024,high_north,1,open,R,ALDE,2,0,,,,
5/1/2024,high_north,1,open,R,ALDE,3,0,,,,
5/1/2024,high_north,1,open,R,BRTE,1,0,,,,
5/1/2024,high_north,1,open,R,BRTE,2,0,,,,
5/1/2024,high_north,1,open,R,BRTE,3,0,,,,
5/1/2024,high_north,1,open,R,COPA,1,0,,,,
5/1/2024,high_north,1,open,R,COPA,2,0,,,,
5/1/2024,high_north,1,open,R,COPA,3,0,,,,
5/1/2024,high_north,1,open,C,ALDE,1,0,,,,
5/1/2024,high_north,1,open,C,ALDE,2,0,,,,
5/1/2024,high_north,1,open,C,ALDE,3,0,,,,
5/1/2024,high_north,1,open,C,BRTE,1,0,,,,
5/1/2024,high_north,1,open,C,BRTE,2,0,,,,
5/1/2024,high_north,1,open,C,BRTE,3,0,,,,
5/1/2024,high_north,1,open,C,COPA,1,0,,,,
5/1/2024,high_north,1,open,C,COPA,2,1,,1,,
5/1/2024,high_north,1,open,C,COPA,3,0,,,,
5/1/2024,high_north,1,shrub,R,ALDE,1,0,,,,
5/1/2024,high_north,1,shrub,R,ALDE,2,0,,,,
5/1/2024,high_north,1,shrub,R,ALDE,3,0,,,,
5/1/2024,high_north,1,shrub,R,BRTE,1,0,,,,
5/1/2024,high_north,1,shrub,R,BRTE,2,0,,,,
5/1/2024,high_north,1,shrub,R,BRTE,3,1,,1,,
5/1/2024,high_north,1,shrub,R,COPA,1,0,,,,
5/1/2024,high_north,1,shrub,R,COPA,2,1,,1,,
5/1/2024,high_north,1,shrub,R,COPA,3,0,,,,
5/1/2024,high_north,1,shrub,C,ALDE,1,0,,,,
5/1/2024,high_north,1,shrub,C,ALDE,2,0,,,,
5/1/2024,high_north,1,shrub,C,ALDE,3,0,,,,
5/1/2024,high_north,1,shrub,C,BRTE,1,1,,1,,
5/1/2024,high_north,1,shrub,C,BRTE,2,0,,,,
5/1/2024,high_north,1,shrub,C,BRTE,3,0,,,,
5/1/2024,high_north,1,shrub,C,COPA,1,0,,,,
5/1/2024,high_north,1,shrub,C,COPA,2,1,,1,,
5/1/2024,high_north,1,shrub,C,COPA,3,0,,,,
5/1/2024,high_north,2,open,R,ALDE,1,0,,,,
5/1/2024,high_north,2,open,R,ALDE,2,0,,,,
5/1/2024,high_north,2,open,R,ALDE,3,0,,,,
5/1/2024,high_north,2,open,R,BRTE,1,0,,,,
5/1/2024,high_north,2,open,R,BRTE,2,0,,,,
5/1/2024,high_north,2,open,R,BRTE,3,0,,,,
5/1/2024,high_north,2,open,R,COPA,1,0,,,,
5/1/2024,high_north,2,open,R,COPA,2,0,,,,
5/1/2024,high_north,2,open,R,COPA,3,1,,1,,
5/1/2024,high_north,2,open,C,ALDE,1,0,,,,
5/1/2024,high_north,2,open,C,ALDE,2,0,,,,
5/1/2024,high_north,2,open,C,ALDE,3,0,,,,
5/1/2024,high_north,2,open,C,BRTE,1,0,,,,
5/1/2024,high_north,2,open,C,BRTE,2,,,,,
5/1/2024,high_north,2,open,C,BRTE,3,,,,,
5/1/2024,high_north,2,open,C,COPA,1,0,,,,
5/1/2024,high_north,2,open,C,COPA,2,0,,,,
5/1/2024,high_north,2,open,C,COPA,3,0,,,,
5/1/2024,high_north,2,shrub,R,ALDE,1,0,,,,
5/1/2024,high_north,2,shrub,R,ALDE,2,0,,,,
5/1/2024,high_north,2,shrub,R,ALDE,3,0,,,,
5/1/2024,high_north,2,shrub,R,BRTE,1,0,,,,
5/1/2024,high_north,2,shrub,R,BRTE,2,0,,,,
5/1/2024,high_north,2,shrub,R,BRTE,3,0,,,,
5/1/2024,high_north,2,shrub,R,COPA,1,0,,,,
5/1/2024,high_north,2,shrub,R,COPA,2,0,,,,
5/1/2024,high_north,2,shrub,R,COPA,3,0,,,,
5/1/2024,high_north,2,shrub,C,ALDE,1,0,,,,
5/1/2024,high_north,2,shrub,C,ALDE,2,0,,,,
5/1/2024,high_north,2,shrub,C,ALDE,3,0,,,,
5/1/2024,high_north,2,shrub,C,BRTE,1,0,,,,
5/1/2024,high_north,2,shrub,C,BRTE,2,0,,,,
5/1/2024,high_north,2,shrub,C,BRTE,3,0,,,,
5/1/2024,high_north,2,shrub,C,COPA,1,0,,,,
5/1/2024,high_north,2,shrub,C,COPA,2,0,,,,
5/1/2024,high_north,2,shrub,C,COPA,3,0,,,,
5/1/2024,high_north,3,open,R,ALDE,1,0,,,,
5/1/2024,high_north,3,open,R,ALDE,2,0,,,,
5/1/2024,high_north,3,open,R,ALDE,3,0,,,,
5/1/2024,high_north,3,open,R,BRTE,1,0,,,,
5/1/2024,high_north,3,open,R,BRTE,2,0,,,,
5/1/2024,high_north,3,open,R,BRTE,3,0,,,,
5/1/2024,high_north,3,open,R,COPA,1,0,,,,
5/1/2024,high_north,3,open,R,COPA,2,0,,,,
5/1/2024,high_north,3,open,R,COPA,3,1,,1,,
5/1/2024,high_north,3,open,C,ALDE,1,0,,,,
5/1/2024,high_north,3,open,C,ALDE,2,0,,,,
5/1/2024,high_north,3,open,C,ALDE,3,0,,,,
5/1/2024,high_north,3,open,C,BRTE,1,0,,,,
5/1/2024,high_north,3,open,C,BRTE,2,0,,,,
5/1/2024,high_north,3,open,C,BRTE,3,0,,,,
5/1/2024,high_north,3,open,C,COPA,1,0,,,,
5/1/2024,high_north,3,open,C,COPA,2,0,,,,
5/1/2024,high_north,3,open,C,COPA,3,0,,,,
5/1/2024,high_north,3,shrub,R,ALDE,1,0,,,,
5/1/2024,high_north,3,shrub,R,ALDE,2,0,,,,
5/1/2024,high_north,3,shrub,R,ALDE,3,0,,,,
5/1/2024,high_north,3,shrub,R,BRTE,1,0,,,,
5/1/2024,high_north,3,shrub,R,BRTE,2,1,,1,,
5/1/2024,high_north,3,shrub,R,BRTE,3,0,,,,
5/1/2024,high_north,3,shrub,R,COPA,1,0,,,,
5/1/2024,high_north,3,shrub,R,COPA,2,0,,,,
5/1/2024,high_north,3,shrub,R,COPA,3,0,,,,
5/1/2024,high_north,3,shrub,C,ALDE,1,0,,,,
5/1/2024,high_north,3,shrub,C,ALDE,2,0,,,,
5/1/2024,high_north,3,shrub,C,ALDE,3,0,,,,
5/1/2024,high_north,3,shrub,C,BRTE,1,0,,,,
5/1/2024,high_north,3,shrub,C,BRTE,2,1,,1,,
5/1/2024,high_north,3,shrub,C,BRTE,3,1,,1,,
5/1/2024,high_north,3,shrub,C,COPA,1,0,,,,
5/1/2024,high_north,3,shrub,C,COPA,2,1,,1,,
5/1/2024,high_north,3,shrub,C,COPA,3,0,,,,
5/1/2024,high_north,4,open,R,ALDE,1,0,,,,
5/1/2024,high_north,4,open,R,ALDE,2,0,,,,
5/1/2024,high_north,4,open,R,ALDE,3,0,,,,
5/1/2024,high_north,4,open,R,BRTE,1,0,,,,
5/1/2024,high_north,4,open,R,BRTE,2,0,,,,
5/1/2024,high_north,4,open,R,BRTE,3,1,,1,,
5/1/2024,high_north,4,open,R,COPA,1,0,,,,
5/1/2024,high_north,4,open,R,COPA,2,0,,,,
5/1/2024,high_north,4,open,R,COPA,3,0,,,,
5/1/2024,high_north,4,open,C,ALDE,1,0,,,,
5/1/2024,high_north,4,open,C,ALDE,2,0,,,,
5/1/2024,high_north,4,open,C,ALDE,3,0,,,,
5/1/2024,high_north,4,open,C,BRTE,1,0,,,,
5/1/2024,high_north,4,open,C,BRTE,2,0,,,,
5/1/2024,high_north,4,open,C,BRTE,3,0,,,,
5/1/2024,high_north,4,open,C,COPA,1,0,,,,
5/1/2024,high_north,4,open,C,COPA,2,0,,,,
5/1/2024,high_north,4,open,C,COPA,3,0,,,,
5/1/2024,high_north,4,shrub,R,ALDE,1,0,,,,
5/1/2024,high_north,4,shrub,R,ALDE,2,0,,,,
5/1/2024,high_north,4,shrub,R,ALDE,3,0,,,,
5/1/2024,high_north,4,shrub,R,BRTE,1,0,,,,
5/1/2024,high_north,4,shrub,R,BRTE,2,1,,1,,
5/1/2024,high_north,4,shrub,R,BRTE,3,0,,,,
5/1/2024,high_north,4,shrub,R,COPA,1,0,,,,
5/1/2024,high_north,4,shrub,R,COPA,2,0,,,,
5/1/2024,high_north,4,shrub,R,COPA,3,0,,,,
5/1/2024,high_north,4,shrub,C,ALDE,1,0,,,,
5/1/2024,high_north,4,shrub,C,ALDE,2,0,,,,
5/1/2024,high_north,4,shrub,C,ALDE,3,0,,,,
5/1/2024,high_north,4,shrub,C,BRTE,1,0,,,,
5/1/2024,high_north,4,shrub,C,BRTE,2,0,,,,
5/1/2024,high_north,4,shrub,C,BRTE,3,0,,,,
5/1/2024,high_north,4,shrub,C,COPA,1,0,,,,
5/1/2024,high_north,4,shrub,C,COPA,2,0,,,,
5/1/2024,high_north,4,shrub,C,COPA,3,0,,,,
5/7/2024,low_north,1,open,R,ALDE,1,0,,,,
5/7/2024,low_north,1,open,R,ALDE,2,0,,,,
5/7/2024,low_north,1,open,R,ALDE,3,0,,,,
5/7/2024,low_north,1,open,R,BRTE,1,0,,,,
5/7/2024,low_north,1,open,R,BRTE,2,0,,,,
5/7/2024,low_north,1,open,R,BRTE,3,0,,,,
5/7/2024,low_north,1,open,R,COPA,1,0,,,,
5/7/2024,low_north,1,open,R,COPA,2,1,,1,0.8,
5/7/2024,low_north,1,open,R,COPA,3,0,,,,
5/7/2024,low_north,1,open,R,PODO,1,0,,,,
5/7/2024,low_north,1,open,R,PODO,2,0,,,,
5/7/2024,low_north,1,open,R,PODO,3,0,,,,
5/7/2024,low_north,1,open,C,ALDE,1,0,,,,
5/7/2024,low_north,1,open,C,ALDE,2,0,,,,
5/7/2024,low_north,1,open,C,ALDE,3,1,,1,0.8,
5/7/2024,low_north,1,open,C,BRTE,1,0,,,,
5/7/2024,low_north,1,open,C,BRTE,2,0,,,,
5/7/2024,low_north,1,open,C,BRTE,3,0,,,,
5/7/2024,low_north,1,open,C,COPA,1,0,,,,
5/7/2024,low_north,1,open,C,COPA,2,0,,,,
5/7/2024,low_north,1,open,C,COPA,3,0,,,,
5/7/2024,low_north,1,open,C,PODO,1,0,,,,
5/7/2024,low_north,1,open,C,PODO,2,0,,,,
5/7/2024,low_north,1,open,C,PODO,3,0,,,,
5/7/2024,low_north,1,shrub,R,ALDE,1,0,,,,
5/7/2024,low_north,1,shrub,R,ALDE,2,1,,1,0.7,
5/7/2024,low_north,1,shrub,R,ALDE,3,0,,,,
5/7/2024,low_north,1,shrub,R,BRTE,1,0,,,,
5/7/2024,low_north,1,shrub,R,BRTE,2,0,,,,
5/7/2024,low_north,1,shrub,R,BRTE,3,0,,,,
5/7/2024,low_north,1,shrub,R,COPA,1,1,,1,0.9,
5/7/2024,low_north,1,shrub,R,COPA,2,1,,1,0.5,
5/7/2024,low_north,1,shrub,R,COPA,3,0,,,,
5/7/2024,low_north,1,shrub,R,PODO,1,0,,,,
5/7/2024,low_north,1,shrub,R,PODO,2,1,,1,1.9,
5/7/2024,low_north,1,shrub,R,PODO,3,0,,,,
5/7/2024,low_north,1,shrub,C,ALDE,1,0,,,,
5/7/2024,low_north,1,shrub,C,ALDE,2,0,,,,
5/7/2024,low_north,1,shrub,C,ALDE,3,0,,,,
5/7/2024,low_north,1,shrub,C,BRTE,1,1,,1,1.8,
5/7/2024,low_north,1,shrub,C,BRTE,2,1,,1,2.2,
5/7/2024,low_north,1,shrub,C,BRTE,3,0,,,,
5/7/2024,low_north,1,shrub,C,COPA,1,1,,1,0.6,
5/7/2024,low_north,1,shrub,C,COPA,2,0,,,,
5/7/2024,low_north,1,shrub,C,COPA,3,1,,1,1.1,
5/7/2024,low_north,1,shrub,C,PODO,1,0,,,,
5/7/2024,low_north,1,shrub,C,PODO,2,0,,,,
5/7/2024,low_north,1,shrub,C,PODO,3,1,,1,1.3,
5/7/2024,low_north,2,open,R,ALDE,1,0,,,,
5/7/2024,low_north,2,open,R,ALDE,2,0,,,,
5/7/2024,low_north,2,open,R,ALDE,3,0,,,,
5/7/2024,low_north,2,open,R,BRTE,1,0,,,,
5/7/2024,low_north,2,open,R,BRTE,2,0,,,,
5/7/2024,low_north,2,open,R,BRTE,3,0,,,,
5/7/2024,low_north,2,open,R,COPA,1,1,,3,1,
5/7/2024,low_north,2,open,R,COPA,2,0,,,,
5/7/2024,low_north,2,open,R,COPA,3,1,,2,1.7,
5/7/2024,low_north,2,open,R,PODO,1,0,,,,
5/7/2024,low_north,2,open,R,PODO,2,0,,,,
5/7/2024,low_north,2,open,R,PODO,3,0,,,,
5/7/2024,low_north,2,open,C,ALDE,1,0,,,,
5/7/2024,low_north,2,open,C,ALDE,2,0,,,,
5/7/2024,low_north,2,open,C,ALDE,3,0,,,,
5/7/2024,low_north,2,open,C,BRTE,1,0,,,,
5/7/2024,low_north,2,open,C,BRTE,2,0,,,,
5/7/2024,low_north,2,open,C,BRTE,3,0,,,,
5/7/2024,low_north,2,open,C,COPA,1,0,,,,
5/7/2024,low_north,2,open,C,COPA,2,0,,,,
5/7/2024,low_north,2,open,C,COPA,3,0,,,,
5/7/2024,low_north,2,open,C,PODO,1,0,,,,
5/7/2024,low_north,2,open,C,PODO,2,0,,,,
5/7/2024,low_north,2,open,C,PODO,3,0,,,,
5/7/2024,low_north,2,shrub,R,ALDE,1,0,,,,
5/7/2024,low_north,2,shrub,R,ALDE,2,0,,,,
5/7/2024,low_north,2,shrub,R,ALDE,3,0,,,,
5/7/2024,low_north,2,shrub,R,BRTE,1,0,,,,
5/7/2024,low_north,2,shrub,R,BRTE,2,0,,,,
5/7/2024,low_north,2,shrub,R,BRTE,3,1,,1,2.7,
5/7/2024,low_north,2,shrub,R,COPA,1,0,,,,
5/7/2024,low_north,2,shrub,R,COPA,2,0,,,,
5/7/2024,low_north,2,shrub,R,COPA,3,1,,2,0.8,
5/7/2024,low_north,2,shrub,R,PODO,1,0,,,,
5/7/2024,low_north,2,shrub,R,PODO,2,0,,,,
5/7/2024,low_north,2,shrub,R,PODO,3,0,,,,
5/7/2024,low_north,2,shrub,C,ALDE,1,0,,,,
5/7/2024,low_north,2,shrub,C,ALDE,2,0,,,,
5/7/2024,low_north,2,shrub,C,ALDE,3,0,,,,
5/7/2024,low_north,2,shrub,C,BRTE,1,0,,,,
5/7/2024,low_north,2,shrub,C,BRTE,2,0,,,,
5/7/2024,low_north,2,shrub,C,BRTE,3,0,,,,
5/7/2024,low_north,2,shrub,C,COPA,1,1,<10%,1,0.5,
5/7/2024,low_north,2,shrub,C,COPA,2,0,,,,
5/7/2024,low_north,2,shrub,C,COPA,3,0,,,,
5/7/2024,low_north,2,shrub,C,PODO,1,0,,,,
5/7/2024,low_north,2,shrub,C,PODO,2,0,,,,
5/7/2024,low_north,2,shrub,C,PODO,3,0,,,,
5/7/2024,low_north,3,open,R,ALDE,1,0,,,,
5/7/2024,low_north,3,open,R,ALDE,2,0,,,,
5/7/2024,low_north,3,open,R,ALDE,3,0,,,,
5/7/2024,low_north,3,open,R,BRTE,1,1,,1,2.2,
5/7/2024,low_north,3,open,R,BRTE,2,0,,,,
5/7/2024,low_north,3,open,R,BRTE,3,0,,,,
5/7/2024,low_north,3,open,R,COPA,1,,,,,
5/7/2024,low_north,3,open,R,COPA,2,0,,,,
5/7/2024,low_north,3,open,R,COPA,3,0,,,,
5/7/2024,low_north,3,open,R,PODO,1,0,,,,
5/7/2024,low_north,3,open,R,PODO,2,0,,,,
5/7/2024,low_north,3,open,R,PODO,3,0,,,,
5/7/2024,low_north,3,open,C,ALDE,1,0,,,,
5/7/2024,low_north,3,open,C,ALDE,2,0,,,,
5/7/2024,low_north,3,open,C,ALDE,3,0,,,,
5/7/2024,low_north,3,open,C,BRTE,1,0,,,,
5/7/2024,low_north,3,open,C,BRTE,2,1,,1,2.4,
5/7/2024,low_north,3,open,C,BRTE,3,0,,,,
5/7/2024,low_north,3,open,C,COPA,1,0,,,,
5/7/2024,low_north,3,open,C,COPA,2,0,,,,
5/7/2024,low_north,3,open,C,COPA,3,0,,,,
5/7/2024,low_north,3,open,C,PODO,1,0,,,,
5/7/2024,low_north,3,open,C,PODO,2,0,,,,
5/7/2024,low_north,3,open,C,PODO,3,0,,,,
5/7/2024,low_north,3,shrub,R,ALDE,1,0,,,,
5/7/2024,low_north,3,shrub,R,ALDE,2,0,,,,
5/7/2024,low_north,3,shrub,R,ALDE,3,0,,,,
5/7/2024,low_north,3,shrub,R,BRTE,1,0,,,,
5/7/2024,low_north,3,shrub,R,BRTE,2,0,,,,
5/7/2024,low_north,3,shrub,R,BRTE,3,0,,,,
5/7/2024,low_north,3,shrub,R,COPA,1,1,,2,1.3,
5/7/2024,low_north,3,shrub,R,COPA,2,0,,,,
5/7/2024,low_north,3,shrub,R,COPA,3,0,,,,
5/7/2024,low_north,3,shrub,R,PODO,1,0,,,,
5/7/2024,low_north,3,shrub,R,PODO,2,0,,,,
5/7/2024,low_north,3,shrub,R,PODO,3,0,,,,
5/7/2024,low_north,3,shrub,C,ALDE,1,0,,,,
5/7/2024,low_north,3,shrub,C,ALDE,2,0,,,,
5/7/2024,low_north,3,shrub,C,ALDE,3,0,,,,
5/7/2024,low_north,3,shrub,C,BRTE,1,1,,1,3.3,
5/7/2024,low_north,3,shrub,C,BRTE,2,0,,,,
5/7/2024,low_north,3,shrub,C,BRTE,3,0,,,,
5/7/2024,low_north,3,shrub,C,COPA,1,0,,,,
5/7/2024,low_north,3,shrub,C,COPA,2,0,,,,
5/7/2024,low_north,3,shrub,C,COPA,3,1,,2,2,
5/7/2024,low_north,3,shrub,C,PODO,1,0,,,,
5/7/2024,low_north,3,shrub,C,PODO,2,0,,,,
5/7/2024,low_north,3,shrub,C,PODO,3,0,,,,
5/7/2024,low_north,4,shrub,R,ALDE,1,0,,,,
5/7/2024,low_north,4,shrub,R,ALDE,2,1,,1,1.4,
5/7/2024,low_north,4,shrub,R,ALDE,3,0,,,,
5/7/2024,low_north,4,shrub,R,BRTE,1,0,,,,
5/7/2024,low_north,4,shrub,R,BRTE,2,0,,,,
5/7/2024,low_north,4,shrub,R,BRTE,3,0,,,,
5/7/2024,low_north,4,shrub,R,COPA,1,0,,,,
5/7/2024,low_north,4,shrub,R,COPA,2,0,,,,
5/7/2024,low_north,4,shrub,R,COPA,3,0,,,,
5/7/2024,low_north,4,shrub,R,PODO,1,0,,,,
5/7/2024,low_north,4,shrub,R,PODO,2,0,,,,
5/7/2024,low_north,4,shrub,R,PODO,3,0,,,,
5/7/2024,low_north,4,shrub,C,ALDE,1,0,,,,
5/7/2024,low_north,4,shrub,C,ALDE,2,0,,,,
5/7/2024,low_north,4,shrub,C,ALDE,3,0,,,,
5/7/2024,low_north,4,shrub,C,BRTE,1,1,,1,3.4,
5/7/2024,low_north,4,shrub,C,BRTE,2,1,,1,4.4,
5/7/2024,low_north,4,shrub,C,BRTE,3,1,,1,2.6,
5/7/2024,low_north,4,shrub,C,COPA,1,1,,3,2,
5/7/2024,low_north,4,shrub,C,COPA,2,0,,,,
5/7/2024,low_north,4,shrub,C,COPA,3,0,,,,
5/7/2024,low_north,4,shrub,C,PODO,1,0,,,,
5/7/2024,low_north,4,shrub,C,PODO,2,0,,,,
5/7/2024,low_north,4,shrub,C,PODO,3,0,,,,
5/7/2024,low_gate,1,open,R,ALDE,1,0,,,,
5/7/2024,low_gate,1,open,R,ALDE,2,0,,,,
5/7/2024,low_gate,1,open,R,ALDE,3,0,,,,
5/7/2024,low_gate,1,open,R,BRTE,1,0,,,,
5/7/2024,low_gate,1,open,R,BRTE,2,0,,,,
5/7/2024,low_gate,1,open,R,BRTE,3,0,,,,
5/7/2024,low_gate,1,open,R,COPA,1,0,,,,
5/7/2024,low_gate,1,open,R,COPA,2,1,,3,1.6,
5/7/2024,low_gate,1,open,R,COPA,3,1,,2,1.5,
5/7/2024,low_gate,1,open,C,ALDE,1,0,,,,
5/7/2024,low_gate,1,open,C,ALDE,2,0,,,,
5/7/2024,low_gate,1,open,C,ALDE,3,0,,,,
5/7/2024,low_gate,1,open,C,BRTE,1,0,,,,
5/7/2024,low_gate,1,open,C,BRTE,2,0,,,,
5/7/2024,low_gate,1,open,C,BRTE,3,1,,1,2.4,
5/7/2024,low_gate,1,open,C,COPA,1,0,,,,
5/7/2024,low_gate,1,open,C,COPA,2,1,,1,0.9,
5/7/2024,low_gate,1,open,C,COPA,3,0,,,,
5/7/2024,low_gate,1,shrub,R,ALDE,1,1,,1,0.4,
5/7/2024,low_gate,1,shrub,R,ALDE,2,0,,,,
5/7/2024,low_gate,1,shrub,R,ALDE,3,0,,,,
5/7/2024,low_gate,1,shrub,R,BRTE,1,1,,1,4.1,
5/7/2024,low_gate,1,shrub,R,BRTE,2,0,,,,
5/7/2024,low_gate,1,shrub,R,BRTE,3,0,,,,
5/7/2024,low_gate,1,shrub,R,COPA,1,1,,2,1.9,
5/7/2024,low_gate,1,shrub,R,COPA,2,0,,,,
5/7/2024,low_gate,1,shrub,R,COPA,3,1,50-75%,1,0.6,
5/7/2024,low_gate,1,shrub,C,ALDE,1,0,,,,
5/7/2024,low_gate,1,shrub,C,ALDE,2,0,,,,
5/7/2024,low_gate,1,shrub,C,ALDE,3,0,,,,
5/7/2024,low_gate,1,shrub,C,BRTE,1,0,,,,
5/7/2024,low_gate,1,shrub,C,BRTE,2,1,,1,2.4,
5/7/2024,low_gate,1,shrub,C,BRTE,3,1,,1,5.1,
5/7/2024,low_gate,1,shrub,C,COPA,1,0,,,,
5/7/2024,low_gate,1,shrub,C,COPA,2,0,,,,
5/7/2024,low_gate,1,shrub,C,COPA,3,1,,2,1.5,
5/7/2024,low_gate,2,open,R,ALDE,1,1,,1,0.6,
5/7/2024,low_gate,2,open,R,ALDE,2,0,,,,
5/7/2024,low_gate,2,open,R,ALDE,3,0,,,,
5/7/2024,low_gate,2,open,R,BRTE,1,0,,,,
5/7/2024,low_gate,2,open,R,BRTE,2,0,,,,
5/7/2024,low_gate,2,open,R,BRTE,3,0,,,,
5/7/2024,low_gate,2,open,R,COPA,1,0,,,,
5/7/2024,low_gate,2,open,R,COPA,2,0,,,,
5/7/2024,low_gate,2,open,R,COPA,3,0,,,,
5/7/2024,low_gate,2,open,C,ALDE,1,0,,,,
5/7/2024,low_gate,2,open,C,ALDE,2,0,,,,
5/7/2024,low_gate,2,open,C,ALDE,3,0,,,,
5/7/2024,low_gate,2,open,C,BRTE,1,1,,1,1.9,
5/7/2024,low_gate,2,open,C,BRTE,2,0,,,,
5/7/2024,low_gate,2,open,C,BRTE,3,0,,,,
5/7/2024,low_gate,2,open,C,COPA,1,1,,1,0.8,
5/7/2024,low_gate,2,open,C,COPA,2,0,,,,
5/7/2024,low_gate,2,open,C,COPA,3,0,,,,
5/7/2024,low_gate,2,shrub,R,ALDE,1,0,,,,
5/7/2024,low_gate,2,shrub,R,ALDE,2,0,,,,
5/7/2024,low_gate,2,shrub,R,ALDE,3,0,,,,
5/7/2024,low_gate,2,shrub,R,BRTE,1,0,,,,
5/7/2024,low_gate,2,shrub,R,BRTE,2,1,,1,1.6,
5/7/2024,low_gate,2,shrub,R,BRTE,3,0,,,,
5/7/2024,low_gate,2,shrub,R,COPA,1,1,,2,2,
5/7/2024,low_gate,2,shrub,R,COPA,2,0,,,,
5/7/2024,low_gate,2,shrub,R,COPA,3,1,,2,1.4,
5/7/2024,low_gate,2,shrub,C,ALDE,1,0,,,,
5/7/2024,low_gate,2,shrub,C,ALDE,2,0,,,,
5/7/2024,low_gate,2,shrub,C,ALDE,3,0,,,,
5/7/2024,low_gate,2,shrub,C,BRTE,1,0,,,,
5/7/2024,low_gate,2,shrub,C,BRTE,2,0,,,,
5/7/2024,low_gate,2,shrub,C,BRTE,3,0,,,,
5/7/2024,low_gate,2,shrub,C,COPA,1,0,,,,
5/7/2024,low_gate,2,shrub,C,COPA,2,0,,,,
5/7/2024,low_gate,2,shrub,C,COPA,3,0,,,,
5/7/2024,low_gate,3,open,R,ALDE,1,0,,,,
5/7/2024,low_gate,3,open,R,ALDE,2,0,,,,
5/7/2024,low_gate,3,open,R,ALDE,3,0,,,,
5/7/2024,low_gate,3,open,R,BRTE,1,0,,,,
5/7/2024,low_gate,3,open,R,BRTE,2,0,,,,
5/7/2024,low_gate,3,open,R,BRTE,3,1,,1,2.5,
5/7/2024,low_gate,3,open,R,COPA,1,0,,,,
5/7/2024,low_gate,3,open,R,COPA,2,0,,,,
5/7/2024,low_gate,3,open,R,COPA,3,1,<10%,2,0.9,
5/7/2024,low_gate,3,open,C,ALDE,1,0,,,,
5/7/2024,low_gate,3,open,C,ALDE,2,0,,,,
5/7/2024,low_gate,3,open,C,ALDE,3,0,,,,
5/7/2024,low_gate,3,open,C,BRTE,1,1,,1,2.7,
5/7/2024,low_gate,3,open,C,BRTE,2,0,,,,
5/7/2024,low_gate,3,open,C,BRTE,3,0,,,,
5/7/2024,low_gate,3,open,C,COPA,1,0,,,,
5/7/2024,low_gate,3,open,C,COPA,2,1,,2,0.8,
5/7/2024,low_gate,3,open,C,COPA,3,1,,2,1.2,
5/7/2024,low_gate,3,shrub,R,ALDE,1,0,,,,
5/7/2024,low_gate,3,shrub,R,ALDE,2,0,,,,
5/7/2024,low_gate,3,shrub,R,ALDE,3,0,,,,
5/7/2024,low_gate,3,shrub,R,BRTE,1,1,,1,5,
5/7/2024,low_gate,3,shrub,R,BRTE,2,0,,,,
5/7/2024,low_gate,3,shrub,R,BRTE,3,0,,,,
5/7/2024,low_gate,3,shrub,R,COPA,1,1,,2,1.4,
5/7/2024,low_gate,3,shrub,R,COPA,2,1,,2,1.9,
5/7/2024,low_gate,3,shrub,R,COPA,3,1,,3,2,
5/7/2024,low_gate,3,shrub,C,ALDE,1,0,,,,
5/7/2024,low_gate,3,shrub,C,ALDE,2,0,,,,
5/7/2024,low_gate,3,shrub,C,ALDE,3,0,,,,
5/7/2024,low_gate,3,shrub,C,BRTE,1,0,,,,
5/7/2024,low_gate,3,shrub,C,BRTE,2,1,,1,3.6,
5/7/2024,low_gate,3,shrub,C,BRTE,3,0,,,,
5/7/2024,low_gate,3,shrub,C,COPA,1,0,,,,
5/7/2024,low_gate,3,shrub,C,COPA,2,1,,1,0.5,
5/7/2024,low_gate,3,shrub,C,COPA,3,0,,,,
5/7/2024,low_gate,4,open,R,ALDE,1,0,,,,
5/7/2024,low_gate,4,open,R,ALDE,2,0,,,,
5/7/2024,low_gate,4,open,R,ALDE,3,0,,,,
5/7/2024,low_gate,4,open,R,BRTE,1,0,,,,
5/7/2024,low_gate,4,open,R,BRTE,2,1,,1,1.9,
5/7/2024,low_gate,4,open,R,BRTE,3,0,,,,
5/7/2024,low_gate,4,open,R,COPA,1,0,,,,
5/7/2024,low_gate,4,open,R,COPA,2,1,,2,2.1,
5/7/2024,low_gate,4,open,R,COPA,3,1,,2,1.5,
5/7/2024,low_gate,4,open,C,ALDE,1,0,,,,
5/7/2024,low_gate,4,open,C,ALDE,2,0,,,,
5/7/2024,low_gate,4,open,C,ALDE,3,0,,,,
5/7/2024,low_gate,4,open,C,BRTE,1,0,,,,
5/7/2024,low_gate,4,open,C,BRTE,2,0,,,,
5/7/2024,low_gate,4,open,C,BRTE,3,0,,,,
5/7/2024,low_gate,4,open,C,COPA,1,0,,,,
5/7/2024,low_gate,4,open,C,COPA,2,0,,,,
5/7/2024,low_gate,4,open,C,COPA,3,0,,,,
5/7/2024,low_gate,4,shrub,R,ALDE,1,0,,,,
5/7/2024,low_gate,4,shrub,R,ALDE,2,0,,,,
5/7/2024,low_gate,4,shrub,R,ALDE,3,0,,,,
5/7/2024,low_gate,4,shrub,R,BRTE,1,1,,1,6.2,
5/7/2024,low_gate,4,shrub,R,BRTE,2,0,,,,
5/7/2024,low_gate,4,shrub,R,BRTE,3,1,,1,4.9,
5/7/2024,low_gate,4,shrub,R,COPA,1,0,,,,
5/7/2024,low_gate,4,shrub,R,COPA,2,0,,,,
5/7/2024,low_gate,4,shrub,R,COPA,3,0,,,,
5/7/2024,low_gate,4,shrub,C,ALDE,1,0,,,,
5/7/2024,low_gate,4,shrub,C,ALDE,2,0,,,,
5/7/2024,low_gate,4,shrub,C,ALDE,3,0,,,,
5/7/2024,low_gate,4,shrub,C,BRTE,1,1,,1,1.9,
5/7/2024,low_gate,4,shrub,C,BRTE,2,0,,,,
5/7/2024,low_gate,4,shrub,C,BRTE,3,0,,,,
5/7/2024,low_gate,4,shrub,C,COPA,1,0,,,,
5/7/2024,low_gate,4,shrub,C,COPA,2,0,,,,
5/7/2024,low_gate,4,shrub,C,COPA,3,1,,3,2.1,
5/7/2024,high_north,1,open,R,ALDE,1,0,,,,
5/7/2024,high_north,1,open,R,ALDE,2,0,,,,
5/7/2024,high_north,1,open,R,ALDE,3,0,,,,
5/7/2024,high_north,1,open,R,BRTE,1,0,,,,
5/7/2024,high_north,1,open,R,BRTE,2,0,,,,
5/7/2024,high_north,1,open,R,BRTE,3,0,,,,
5/7/2024,high_north,1,open,R,COPA,1,1,,1,,
5/7/2024,high_north,1,open,R,COPA,2,0,,,,
5/7/2024,high_north,1,open,R,COPA,3,0,,,,
5/7/2024,high_north,1,open,C,ALDE,1,,,,,trampled
5/7/2024,high_north,1,open,C,ALDE,2,0,,,,
5/7/2024,high_north,1,open,C,ALDE,3,0,,,,
5/7/2024,high_north,1,open,C,BRTE,1,0,,,,
5/7/2024,high_north,1,open,C,BRTE,2,0,,,,
5/7/2024,high_north,1,open,C,BRTE,3,0,,,,
5/7/2024,high_north,1,open,C,COPA,1,0,,,,
5/7/2024,high_north,1,open,C,COPA,2,,,,,trampled
5/7/2024,high_north,1,open,C,COPA,3,,,,,trampled
5/7/2024,high_north,1,shrub,R,ALDE,1,0,,,,
5/7/2024,high_north,1,shrub,R,ALDE,2,0,,,,
5/7/2024,high_north,1,shrub,R,ALDE,3,0,,,,
5/7/2024,high_north,1,shrub,R,BRTE,1,0,,,,
5/7/2024,high_north,1,shrub,R,BRTE,2,0,,,,
5/7/2024,high_north,1,shrub,R,BRTE,3,1,,1,,
5/7/2024,high_north,1,shrub,R,COPA,1,1,,1,,
5/7/2024,high_north,1,shrub,R,COPA,2,0,,,,
5/7/2024,high_north,1,shrub,R,COPA,3,1,,1,,
5/7/2024,high_north,1,shrub,C,ALDE,1,0,,,,
5/7/2024,high_north,1,shrub,C,ALDE,2,0,,,,
5/7/2024,high_north,1,shrub,C,ALDE,3,0,,,,
5/7/2024,high_north,1,shrub,C,BRTE,1,1,,1,,
5/7/2024,high_north,1,shrub,C,BRTE,2,0,,,,
5/7/2024,high_north,1,shrub,C,BRTE,3,0,,,,
5/7/2024,high_north,1,shrub,C,COPA,1,1,,1,,
5/7/2024,high_north,1,shrub,C,COPA,2,0,,,,
5/7/2024,high_north,1,shrub,C,COPA,3,0,,,,
5/7/2024,high_north,2,open,R,ALDE,1,0,,,,
5/7/2024,high_north,2,open,R,ALDE,2,0,,,,
5/7/2024,high_north,2,open,R,ALDE,3,0,,,,
5/7/2024,high_north,2,open,R,BRTE,1,0,,,,
5/7/2024,high_north,2,open,R,BRTE,2,0,,,,
5/7/2024,high_north,2,open,R,BRTE,3,0,,,,
5/7/2024,high_north,2,open,R,COPA,1,0,,,,
5/7/2024,high_north,2,open,R,COPA,2,0,,,,
5/7/2024,high_north,2,open,R,COPA,3,1,,1,,
5/7/2024,high_north,2,open,C,ALDE,1,0,,,,
5/7/2024,high_north,2,open,C,ALDE,2,0,,,,
5/7/2024,high_north,2,open,C,ALDE,3,0,,,,
5/7/2024,high_north,2,open,C,BRTE,1,0,,,,
5/7/2024,high_north,2,open,C,BRTE,2,,,,,missing
5/7/2024,high_north,2,open,C,BRTE,3,,,,,missing
5/7/2024,high_north,2,open,C,COPA,1,0,,,,
5/7/2024,high_north,2,open,C,COPA,2,0,,,,
5/7/2024,high_north,2,open,C,COPA,3,0,,,,
5/7/2024,high_north,2,shrub,R,ALDE,1,0,,,,
5/7/2024,high_north,2,shrub,R,ALDE,2,0,,,,
5/7/2024,high_north,2,shrub,R,ALDE,3,0,,,,
5/7/2024,high_north,2,shrub,R,BRTE,1,0,,,,
5/7/2024,high_north,2,shrub,R,BRTE,2,0,,,,
5/7/2024,high_north,2,shrub,R,BRTE,3,0,,,,
5/7/2024,high_north,2,shrub,R,COPA,1,0,,,,
5/7/2024,high_north,2,shrub,R,COPA,2,0,,,,
5/7/2024,high_north,2,shrub,R,COPA,3,0,,,,
5/7/2024,high_north,2,shrub,C,ALDE,1,0,,,,
5/7/2024,high_north,2,shrub,C,ALDE,2,0,,,,
5/7/2024,high_north,2,shrub,C,ALDE,3,0,,,,
5/7/2024,high_north,2,shrub,C,BRTE,1,0,,,,
5/7/2024,high_north,2,shrub,C,BRTE,2,0,,,,
5/7/2024,high_north,2,shrub,C,BRTE,3,0,,,,
5/7/2024,high_north,2,shrub,C,COPA,1,0,,,,
5/7/2024,high_north,2,shrub,C,COPA,2,0,,,,
5/7/2024,high_north,2,shrub,C,COPA,3,0,,,,
5/7/2024,high_north,3,open,R,ALDE,1,0,,,,
5/7/2024,high_north,3,open,R,ALDE,2,0,,,,
5/7/2024,high_north,3,open,R,ALDE,3,0,,,,
5/7/2024,high_north,3,open,R,BRTE,1,0,,,,
5/7/2024,high_north,3,open,R,BRTE,2,0,,,,
5/7/2024,high_north,3,open,R,BRTE,3,0,,,,
5/7/2024,high_north,3,open,R,COPA,1,0,,,,
5/7/2024,high_north,3,open,R,COPA,2,0,,,,
5/7/2024,high_north,3,open,R,COPA,3,0,,,,
5/7/2024,high_north,3,open,C,ALDE,1,0,,,,
5/7/2024,high_north,3,open,C,ALDE,2,0,,,,
5/7/2024,high_north,3,open,C,ALDE,3,0,,,,
5/7/2024,high_north,3,open,C,BRTE,1,1,,1,,
5/7/2024,high_north,3,open,C,BRTE,2,0,,,,
5/7/2024,high_north,3,open,C,BRTE,3,0,,,,
5/7/2024,high_north,3,open,C,COPA,1,0,,,,
5/7/2024,high_north,3,open,C,COPA,2,0,,,,
5/7/2024,high_north,3,open,C,COPA,3,0,,,,
5/7/2024,high_north,3,shrub,R,ALDE,1,0,,,,
5/7/2024,high_north,3,shrub,R,ALDE,2,0,,,,
5/7/2024,high_north,3,shrub,R,ALDE,3,0,,,,
5/7/2024,high_north,3,shrub,R,BRTE,1,0,,,,
5/7/2024,high_north,3,shrub,R,BRTE,2,1,,1,,
5/7/2024,high_north,3,shrub,R,BRTE,3,0,,,,
5/7/2024,high_north,3,shrub,R,COPA,1,0,,,,
5/7/2024,high_north,3,shrub,R,COPA,2,0,,,,
5/7/2024,high_north,3,shrub,R,COPA,3,0,,,,
5/7/2024,high_north,3,shrub,C,ALDE,1,0,,,,
5/7/2024,high_north,3,shrub,C,ALDE,2,0,,,,
5/7/2024,high_north,3,shrub,C,ALDE,3,0,,,,
5/7/2024,high_north,3,shrub,C,BRTE,1,0,,,,
5/7/2024,high_north,3,shrub,C,BRTE,2,1,,1,,
5/7/2024,high_north,3,shrub,C,BRTE,3,1,,1,,
5/7/2024,high_north,3,shrub,C,COPA,1,1,,1,,
5/7/2024,high_north,3,shrub,C,COPA,2,1,,1,,
5/7/2024,high_north,3,shrub,C,COPA,3,0,,,,
5/7/2024,high_north,4,open,R,ALDE,1,0,,,,
5/7/2024,high_north,4,open,R,ALDE,2,0,,,,
5/7/2024,high_north,4,open,R,ALDE,3,0,,,,
5/7/2024,high_north,4,open,R,BRTE,1,0,,,,
5/7/2024,high_north,4,open,R,BRTE,2,0,,,,
5/7/2024,high_north,4,open,R,BRTE,3,1,,1,,
5/7/2024,high_north,4,open,R,COPA,1,0,,,,
5/7/2024,high_north,4,open,R,COPA,2,0,,,,
5/7/2024,high_north,4,open,R,COPA,3,0,,,,
5/7/2024,high_north,4,open,C,ALDE,1,0,,,,
5/7/2024,high_north,4,open,C,ALDE,2,0,,,,
5/7/2024,high_north,4,open,C,ALDE,3,0,,,,
5/7/2024,high_north,4,open,C,BRTE,1,0,,,,
5/7/2024,high_north,4,open,C,BRTE,2,0,,,,
5/7/2024,high_north,4,open,C,BRTE,3,0,,,,
5/7/2024,high_north,4,open,C,COPA,1,0,,,,
5/7/2024,high_north,4,open,C,COPA,2,0,,,,
5/7/2024,high_north,4,open,C,COPA,3,0,,,,
5/7/2024,high_north,4,shrub,R,ALDE,1,0,,,,
5/7/2024,high_north,4,shrub,R,ALDE,2,0,,,,
5/7/2024,high_north,4,shrub,R,ALDE,3,0,,,,
5/7/2024,high_north,4,shrub,R,BRTE,1,0,,,,
5/7/2024,high_north,4,shrub,R,BRTE,2,1,,1,,
5/7/2024,high_north,4,shrub,R,BRTE,3,0,,,,
5/7/2024,high_north,4,shrub,R,COPA,1,0,,,,
5/7/2024,high_north,4,shrub,R,COPA,2,0,,,,
5/7/2024,high_north,4,shrub,R,COPA,3,1,,1,,
5/7/2024,high_north,4,shrub,C,ALDE,1,0,,,,
5/7/2024,high_north,4,shrub,C,ALDE,2,0,,,,
5/7/2024,high_north,4,shrub,C,ALDE,3,0,,,,
5/7/2024,high_north,4,shrub,C,BRTE,1,0,,,,
5/7/2024,high_north,4,shrub,C,BRTE,2,0,,,,
5/7/2024,high_north,4,shrub,C,BRTE,3,0,,,,
5/7/2024,high_north,4,shrub,C,COPA,1,0,,,,
5/7/2024,high_north,4,shrub,C,COPA,2,0,,,,
5/7/2024,high_north,4,shrub,C,COPA,3,0,,,,
5/7/2024,high_gate,1,open,R,ALDE,1,0,,,,
5/7/2024,high_gate,1,open,R,ALDE,2,0,,,,
5/7/2024,high_gate,1,open,R,ALDE,3,0,,,,
5/7/2024,high_gate,1,open,R,BRTE,1,0,,,,
5/7/2024,high_gate,1,open,R,BRTE,2,0,,,,
5/7/2024,high_gate,1,open,R,BRTE,3,0,,,,
5/7/2024,high_gate,1,open,R,COPA,1,0,,,,
5/7/2024,high_gate,1,open,R,COPA,2,0,,,,
5/7/2024,high_gate,1,open,R,COPA,3,0,,,,
5/7/2024,high_gate,1,open,R,PODO,1,0,,,,
5/7/2024,high_gate,1,open,R,PODO,2,0,,,,
5/7/2024,high_gate,1,open,R,PODO,3,0,,,,
5/7/2024,high_gate,1,open,C,ALDE,1,0,,,,
5/7/2024,high_gate,1,open,C,ALDE,2,0,,,,
5/7/2024,high_gate,1,open,C,ALDE,3,0,,,,
5/7/2024,high_gate,1,open,C,BRTE,1,0,,,,
5/7/2024,high_gate,1,open,C,BRTE,2,0,,,,
5/7/2024,high_gate,1,open,C,BRTE,3,0,,,,
5/7/2024,high_gate,1,open,C,COPA,1,0,,,,
5/7/2024,high_gate,1,open,C,COPA,2,0,,,,
5/7/2024,high_gate,1,open,C,COPA,3,0,,,,
5/7/2024,high_gate,1,open,C,PODO,1,0,,,,
5/7/2024,high_gate,1,open,C,PODO,2,0,,,,
5/7/2024,high_gate,1,open,C,PODO,3,0,,,,
5/7/2024,high_gate,1,shrub,R,ALDE,1,0,,,,
5/7/2024,high_gate,1,shrub,R,ALDE,2,0,,,,
5/7/2024,high_gate,1,shrub,R,ALDE,3,0,,,,
5/7/2024,high_gate,1,shrub,R,BRTE,1,1,,1,,
5/7/2024,high_gate,1,shrub,R,BRTE,2,1,,1,,
5/7/2024,high_gate,1,shrub,R,BRTE,3,1,,1,,
5/7/2024,high_gate,1,shrub,R,COPA,1,0,,,,
5/7/2024,high_gate,1,shrub,R,COPA,2,0,,,,
5/7/2024,high_gate,1,shrub,R,COPA,3,1,,1,,
5/7/2024,high_gate,1,shrub,R,PODO,1,0,,,,
5/7/2024,high_gate,1,shrub,R,PODO,2,0,,,,
5/7/2024,high_gate,1,shrub,R,PODO,3,0,,,,
5/7/2024,high_gate,1,shrub,C,ALDE,1,0,,,,
5/7/2024,high_gate,1,shrub,C,ALDE,2,0,,,,
5/7/2024,high_gate,1,shrub,C,ALDE,3,0,,,,
5/7/2024,high_gate,1,shrub,C,BRTE,1,1,,1,,
5/7/2024,high_gate,1,shrub,C,BRTE,2,0,,,,
5/7/2024,high_gate,1,shrub,C,BRTE,3,0,,,,
5/7/2024,high_gate,1,shrub,C,COPA,1,1,,1,,
5/7/2024,high_gate,1,shrub,C,COPA,2,0,,,,
5/7/2024,high_gate,1,shrub,C,COPA,3,1,,1,,
5/7/2024,high_gate,1,shrub,C,PODO,1,0,,,,
5/7/2024,high_gate,1,shrub,C,PODO,2,0,,,,
5/7/2024,high_gate,1,shrub,C,PODO,3,0,,,,
5/7/2024,high_gate,2,open,R,ALDE,1,0,,,,
5/7/2024,high_gate,2,open,R,ALDE,2,0,,,,
5/7/2024,high_gate,2,open,R,ALDE,3,0,,,,
5/7/2024,high_gate,2,open,R,BRTE,1,0,,,,
5/7/2024,high_gate,2,open,R,BRTE,2,0,,,,
5/7/2024,high_gate,2,open,R,BRTE,3,1,,1,,
5/7/2024,high_gate,2,open,R,COPA,1,,,,,missing
5/7/2024,high_gate,2,open,R,COPA,2,0,,,,
5/7/2024,high_gate,2,open,R,COPA,3,0,,,,
5/7/2024,high_gate,2,open,R,PODO,1,0,,,,
5/7/2024,high_gate,2,open,R,PODO,2,0,,,,
5/7/2024,high_gate,2,open,R,PODO,3,0,,,,
5/7/2024,high_gate,2,open,C,ALDE,1,0,,,,
5/7/2024,high_gate,2,open,C,ALDE,2,0,,,,
5/7/2024,high_gate,2,open,C,ALDE,3,0,,,,
5/7/2024,high_gate,2,open,C,BRTE,1,0,,,,
5/7/2024,high_gate,2,open,C,BRTE,2,0,,,,
5/7/2024,high_gate,2,open,C,BRTE,3,0,,,,
5/7/2024,high_gate,2,open,C,COPA,1,1,,1,,
5/7/2024,high_gate,2,open,C,COPA,2,0,,,,
5/7/2024,high_gate,2,open,C,COPA,3,,,,,trampled
5/7/2024,high_gate,2,open,C,PODO,1,0,,,,
5/7/2024,high_gate,2,open,C,PODO,2,0,,,,
5/7/2024,high_gate,2,open,C,PODO,3,0,,,,
5/7/2024,high_gate,2,shrub,R,ALDE,1,0,,,,
5/7/2024,high_gate,2,shrub,R,ALDE,2,0,,,,
5/7/2024,high_gate,2,shrub,R,ALDE,3,0,,,,
5/7/2024,high_gate,2,shrub,R,BRTE,1,0,,,,
5/7/2024,high_gate,2,shrub,R,BRTE,2,0,,,,
5/7/2024,high_gate,2,shrub,R,BRTE,3,1,,1,,
5/7/2024,high_gate,2,shrub,R,COPA,1,0,,,,
5/7/2024,high_gate,2,shrub,R,COPA,2,0,,,,
5/7/2024,high_gate,2,shrub,R,COPA,3,0,,,,
5/7/2024,high_gate,2,shrub,R,PODO,1,0,,,,
5/7/2024,high_gate,2,shrub,R,PODO,2,0,,,,
5/7/2024,high_gate,2,shrub,R,PODO,3,0,,,,
5/7/2024,high_gate,2,shrub,C,ALDE,1,0,,,,
5/7/2024,high_gate,2,shrub,C,ALDE,2,0,,,,
5/7/2024,high_gate,2,shrub,C,ALDE,3,0,,,,
5/7/2024,high_gate,2,shrub,C,BRTE,1,0,,,,
5/7/2024,high_gate,2,shrub,C,BRTE,2,0,,,,
5/7/2024,high_gate,2,shrub,C,BRTE,3,0,,,,
5/7/2024,high_gate,2,shrub,C,COPA,1,1,,1,,
5/7/2024,high_gate,2,shrub,C,COPA,2,0,,,,
5/7/2024,high_gate,2,shrub,C,COPA,3,0,,,,
5/7/2024,high_gate,2,shrub,C,PODO,1,0,,,,
5/7/2024,high_gate,2,shrub,C,PODO,2,0,,,,
5/7/2024,high_gate,2,shrub,C,PODO,3,0,,,,
5/7/2024,high_gate,3,open,R,ALDE,1,0,,,,
5/7/2024,high_gate,3,open,R,ALDE,2,0,,,,
5/7/2024,high_gate,3,open,R,ALDE,3,0,,,,
5/7/2024,high_gate,3,open,R,BRTE,1,0,,,,
5/7/2024,high_gate,3,open,R,BRTE,2,0,,,,
5/7/2024,high_gate,3,open,R,BRTE,3,1,,1,,
5/7/2024,high_gate,3,open,R,COPA,1,0,,,,
5/7/2024,high_gate,3,open,R,COPA,2,0,,,,
5/7/2024,high_gate,3,open,R,COPA,3,0,,,,
5/7/2024,high_gate,3,open,R,PODO,1,0,,,,
5/7/2024,high_gate,3,open,R,PODO,2,0,,,,
5/7/2024,high_gate,3,open,R,PODO,3,0,,,,
5/7/2024,high_gate,3,open,C,ALDE,1,0,,,,
5/7/2024,high_gate,3,open,C,ALDE,2,0,,,,
5/7/2024,high_gate,3,open,C,ALDE,3,0,,,,
5/7/2024,high_gate,3,open,C,BRTE,1,0,,,,
5/7/2024,high_gate,3,open,C,BRTE,2,0,,,,
5/7/2024,high_gate,3,open,C,BRTE,3,0,,,,
5/7/2024,high_gate,3,open,C,COPA,1,0,,,,
5/7/2024,high_gate,3,open,C,COPA,2,1,,1,,
5/7/2024,high_gate,3,open,C,COPA,3,0,,,,
5/7/2024,high_gate,3,open,C,PODO,1,0,,,,
5/7/2024,high_gate,3,open,C,PODO,2,0,,,,
5/7/2024,high_gate,3,open,C,PODO,3,0,,,,
5/7/2024,high_gate,3,shrub,R,ALDE,1,0,,,,
5/7/2024,high_gate,3,shrub,R,ALDE,2,0,,,,
5/7/2024,high_gate,3,shrub,R,ALDE,3,0,,,,
5/7/2024,high_gate,3,shrub,R,BRTE,1,0,,,,
5/7/2024,high_gate,3,shrub,R,BRTE,2,0,,,,
5/7/2024,high_gate,3,shrub,R,BRTE,3,0,,,,
5/7/2024,high_gate,3,shrub,R,COPA,1,1,,1,,
5/7/2024,high_gate,3,shrub,R,COPA,2,0,,,,
5/7/2024,high_gate,3,shrub,R,COPA,3,0,,,,
5/7/2024,high_gate,3,shrub,R,PODO,1,0,,,,
5/7/2024,high_gate,3,shrub,R,PODO,2,0,,,,
5/7/2024,high_gate,3,shrub,R,PODO,3,0,,,,
5/7/2024,high_gate,3,shrub,C,ALDE,1,0,,,,
5/7/2024,high_gate,3,shrub,C,ALDE,2,0,,,,
5/7/2024,high_gate,3,shrub,C,ALDE,3,0,,,,
5/7/2024,high_gate,3,shrub,C,BRTE,1,0,,,,
5/7/2024,high_gate,3,shrub,C,BRTE,2,0,,,,
5/7/2024,high_gate,3,shrub,C,BRTE,3,0,,,,
5/7/2024,high_gate,3,shrub,C,COPA,1,0,,,,
5/7/2024,high_gate,3,shrub,C,COPA,2,0,,,,
5/7/2024,high_gate,3,shrub,C,COPA,3,1,,1,,
5/7/2024,high_gate,3,shrub,C,PODO,1,0,,,,
5/7/2024,high_gate,3,shrub,C,PODO,2,0,,,,
5/7/2024,high_gate,3,shrub,C,PODO,3,0,,,,
5/7/2024,high_gate,4,open,R,ALDE,1,0,,,,
5/7/2024,high_gate,4,open,R,ALDE,2,0,,,,
5/7/2024,high_gate,4,open,R,ALDE,3,0,,,,
5/7/2024,high_gate,4,open,R,BRTE,1,1,,1,,
5/7/2024,high_gate,4,open,R,BRTE,2,0,,,,
5/7/2024,high_gate,4,open,R,BRTE,3,0,,,,
5/7/2024,high_gate,4,open,R,COPA,1,0,,,,
5/7/2024,high_gate,4,open,R,COPA,2,0,,,,
5/7/2024,high_gate,4,open,R,COPA,3,0,,,,
5/7/2024,high_gate,4,open,R,PODO,1,0,,,,
5/7/2024,high_gate,4,open,R,PODO,2,0,,,,
5/7/2024,high_gate,4,open,R,PODO,3,0,,,,
5/7/2024,high_gate,4,open,C,ALDE,1,0,,,,
5/7/2024,high_gate,4,open,C,ALDE,2,0,,,,
5/7/2024,high_gate,4,open,C,ALDE,3,0,,,,
5/7/2024,high_gate,4,open,C,BRTE,1,0,,,,
5/7/2024,high_gate,4,open,C,BRTE,2,0,,,,
5/7/2024,high_gate,4,open,C,BRTE,3,0,,,,
5/7/2024,high_gate,4,open,C,COPA,1,0,,,,
5/7/2024,high_gate,4,open,C,COPA,2,0,,,,
5/7/2024,high_gate,4,open,C,COPA,3,1,,2,,
5/7/2024,high_gate,4,open,C,PODO,1,0,,,,
5/7/2024,high_gate,4,open,C,PODO,2,0,,,,
5/7/2024,high_gate,4,open,C,PODO,3,0,,,,
5/7/2024,high_gate,4,shrub,R,ALDE,1,0,,,,
5/7/2024,high_gate,4,shrub,R,ALDE,2,0,,,,
5/7/2024,high_gate,4,shrub,R,ALDE,3,0,,,,
5/7/2024,high_gate,4,shrub,R,BRTE,1,0,,,,
5/7/2024,high_gate,4,shrub,R,BRTE,2,0,,,,
5/7/2024,high_gate,4,shrub,R,BRTE,3,0,,,,
5/7/2024,high_gate,4,shrub,R,COPA,1,0,,,,
5/7/2024,high_gate,4,shrub,R,COPA,2,,,,,missing
5/7/2024,high_gate,4,shrub,R,COPA,3,0,,,,
5/7/2024,high_gate,4,shrub,R,PODO,1,0,,,,
5/7/2024,high_gate,4,shrub,R,PODO,2,0,,,,
5/7/2024,high_gate,4,shrub,R,PODO,3,0,,,,
5/7/2024,high_gate,4,shrub,C,ALDE,1,0,,,,
5/7/2024,high_gate,4,shrub,C,ALDE,2,0,,,,
5/7/2024,high_gate,4,shrub,C,ALDE,3,0,,,,
5/7/2024,high_gate,4,shrub,C,BRTE,1,0,,,,
5/7/2024,high_gate,4,shrub,C,BRTE,2,0,,,,
5/7/2024,high_gate,4,shrub,C,BRTE,3,0,,,,
5/7/2024,high_gate,4,shrub,C,COPA,1,0,,,,
5/7/2024,high_gate,4,shrub,C,COPA,2,0,,,,
5/7/2024,high_gate,4,shrub,C,COPA,3,1,,1,,
5/7/2024,high_gate,4,shrub,C,PODO,1,0,,,,
5/7/2024,high_gate,4,shrub,C,PODO,2,0,,,,
5/7/2024,high_gate,4,shrub,C,PODO,3,0,,,,
5/7/2024,high_east,1,shrub,R,ALDE,1,0,,,,
5/7/2024,high_east,1,shrub,R,ALDE,2,0,,,,
5/7/2024,high_east,1,shrub,R,ALDE,3,0,,,,
5/7/2024,high_east,1,shrub,R,BRTE,1,0,,,,
5/7/2024,high_east,1,shrub,R,BRTE,2,1,,1,,
5/7/2024,high_east,1,shrub,R,BRTE,3,0,,,,
5/7/2024,high_east,1,shrub,R,COPA,1,0,,,,
5/7/2024,high_east,1,shrub,R,COPA,2,0,,,,
5/7/2024,high_east,1,shrub,R,COPA,3,1,,1,,
5/7/2024,high_east,1,shrub,C,ALDE,1,0,,,,
5/7/2024,high_east,1,shrub,C,ALDE,2,0,,,,
5/7/2024,high_east,1,shrub,C,ALDE,3,0,,,,
5/7/2024,high_east,1,shrub,C,BRTE,1,0,,,,
5/7/2024,high_east,1,shrub,C,BRTE,2,0,,,,
5/7/2024,high_east,1,shrub,C,BRTE,3,0,,,,
5/7/2024,high_east,1,shrub,C,COPA,1,0,,,,
5/7/2024,high_east,1,shrub,C,COPA,2,0,,,,
5/7/2024,high_east,1,shrub,C,COPA,3,1,,1,,
5/7/2024,high_east,1,open,R,ALDE,1,0,,,,
5/7/2024,high_east,1,open,R,ALDE,2,0,,,,
5/7/2024,high_east,1,open,R,ALDE,3,0,,,,
5/7/2024,high_east,1,open,R,BRTE,1,,,,,trampled
5/7/2024,high_east,1,open,R,BRTE,2,1,,1,,
5/7/2024,high_east,1,open,R,BRTE,3,0,,,,
5/7/2024,high_east,1,open,R,COPA,1,0,,,,
5/7/2024,high_east,1,open,R,COPA,2,1,,1,,
5/7/2024,high_east,1,open,R,COPA,3,0,,,,
5/7/2024,high_east,1,open,C,ALDE,1,0,,,,
5/7/2024,high_east,1,open,C,ALDE,2,0,,,,
5/7/2024,high_east,1,open,C,ALDE,3,0,,,,
5/7/2024,high_east,1,open,C,BRTE,1,0,,,,
5/7/2024,high_east,1,open,C,BRTE,2,0,,,,
5/7/2024,high_east,1,open,C,BRTE,3,0,,,,
5/7/2024,high_east,1,open,C,COPA,1,0,,,,
5/7/2024,high_east,1,open,C,COPA,2,0,,,,
5/7/2024,high_east,1,open,C,COPA,3,1,,1,,
5/7/2024,high_east,2,shrub,R,ALDE,1,0,,,,
5/7/2024,high_east,2,shrub,R,ALDE,2,0,,,,
5/7/2024,high_east,2,shrub,R,ALDE,3,0,,,,
5/7/2024,high_east,2,shrub,R,BRTE,1,0,,,,
5/7/2024,high_east,2,shrub,R,BRTE,2,0,,,,
5/7/2024,high_east,2,shrub,R,BRTE,3,0,,,,
5/7/2024,high_east,2,shrub,R,COPA,1,0,,,,
5/7/2024,high_east,2,shrub,R,COPA,2,1,,1,,
5/7/2024,high_east,2,shrub,R,COPA,3,1,,1,,
5/7/2024,high_east,2,shrub,C,ALDE,1,0,,,,
5/7/2024,high_east,2,shrub,C,ALDE,2,0,,,,
5/7/2024,high_east,2,shrub,C,ALDE,3,0,,,,
5/7/2024,high_east,2,shrub,C,BRTE,1,1,,1,,
5/7/2024,high_east,2,shrub,C,BRTE,2,0,,,,
5/7/2024,high_east,2,shrub,C,BRTE,3,1,,1,,
5/7/2024,high_east,2,shrub,C,COPA,1,0,,,,
5/7/2024,high_east,2,shrub,C,COPA,2,0,,,,
5/7/2024,high_east,2,shrub,C,COPA,3,1,,1,,
5/7/2024,high_east,2,open,R,ALDE,1,0,,,,
5/7/2024,high_east,2,open,R,ALDE,2,0,,,,
5/7/2024,high_east,2,open,R,ALDE,3,0,,,,
5/7/2024,high_east,2,open,R,BRTE,1,0,,,,
5/7/2024,high_east,2,open,R,BRTE,2,0,,,,
5/7/2024,high_east,2,open,R,BRTE,3,0,,,,
5/7/2024,high_east,2,open,R,COPA,1,0,,,,
5/7/2024,high_east,2,open,R,COPA,2,1,,1,,
5/7/2024,high_east,2,open,R,COPA,3,0,,,,
5/7/2024,high_east,2,open,C,ALDE,1,,,,,trampled
5/7/2024,high_east,2,open,C,ALDE,2,,,,,trampled
5/7/2024,high_east,2,open,C,ALDE,3,0,,,,
5/7/2024,high_east,2,open,C,BRTE,1,,,,,trampled
5/7/2024,high_east,2,open,C,BRTE,2,,,,,trampled
5/7/2024,high_east,2,open,C,BRTE,3,0,,,,
5/7/2024,high_east,2,open,C,COPA,1,1,,1,,
5/7/2024,high_east,2,open,C,COPA,2,,,,,trampled
5/7/2024,high_east,2,open,C,COPA,3,,,,,trampled
5/7/2024,high_east,3,shrub,R,ALDE,1,0,,,,
5/7/2024,high_east,3,shrub,R,ALDE,2,0,,,,
5/7/2024,high_east,3,shrub,R,ALDE,3,1,,1,,
5/7/2024,high_east,3,shrub,R,BRTE,1,0,,,,
5/7/2024,high_east,3,shrub,R,BRTE,2,1,,1,,
5/7/2024,high_east,3,shrub,R,BRTE,3,0,,,,
5/7/2024,high_east,3,shrub,R,COPA,1,0,,,,
5/7/2024,high_east,3,shrub,R,COPA,2,1,,1,,
5/7/2024,high_east,3,shrub,R,COPA,3,1,,1,,
5/7/2024,high_east,3,shrub,C,ALDE,1,0,,,,
5/7/2024,high_east,3,shrub,C,ALDE,2,0,,,,
5/7/2024,high_east,3,shrub,C,ALDE,3,0,,,,
5/7/2024,high_east,3,shrub,C,BRTE,1,1,,1,,
5/7/2024,high_east,3,shrub,C,BRTE,2,0,,,,
5/7/2024,high_east,3,shrub,C,BRTE,3,0,,,,
5/7/2024,high_east,3,shrub,C,COPA,1,1,,1,,
5/7/2024,high_east,3,shrub,C,COPA,2,0,,,,
5/7/2024,high_east,3,shrub,C,COPA,3,0,,,,
5/7/2024,high_east,3,open,R,ALDE,1,0,,,,
5/7/2024,high_east,3,open,R,ALDE,2,0,,,,
5/7/2024,high_east,3,open,R,ALDE,3,0,,,,
5/7/2024,high_east,3,open,R,BRTE,1,0,,,,
5/7/2024,high_east,3,open,R,BRTE,2,0,,,,
5/7/2024,high_east,3,open,R,BRTE,3,0,,,,
5/7/2024,high_east,3,open,R,COPA,1,0,,,,
5/7/2024,high_east,3,open,R,COPA,2,0,,,,
5/7/2024,high_east,3,open,R,COPA,3,0,,,,
5/7/2024,high_east,3,open,C,ALDE,1,0,,,,
5/7/2024,high_east,3,open,C,ALDE,2,0,,,,
5/7/2024,high_east,3,open,C,ALDE,3,0,,,,
5/7/2024,high_east,3,open,C,BRTE,1,0,,,,
5/7/2024,high_east,3,open,C,BRTE,2,0,,,,
5/7/2024,high_east,3,open,C,BRTE,3,1,,1,,
5/7/2024,high_east,3,open,C,COPA,1,0,,,,
5/7/2024,high_east,3,open,C,COPA,2,0,,,,
5/7/2024,high_east,3,open,C,COPA,3,0,,,,
5/7/2024,high_east,4,shrub,R,ALDE,1,0,,,,
5/7/2024,high_east,4,shrub,R,ALDE,2,0,,,,
5/7/2024,high_east,4,shrub,R,ALDE,3,0,,,,
5/7/2024,high_east,4,shrub,R,BRTE,1,0,,,,
5/7/2024,high_east,4,shrub,R,BRTE,2,1,,1,,
5/7/2024,high_east,4,shrub,R,BRTE,3,0,,,,
5/7/2024,high_east,4,shrub,R,COPA,1,1,,1,,
5/7/2024,high_east,4,shrub,R,COPA,2,0,,,,
5/7/2024,high_east,4,shrub,R,COPA,3,0,,,,
5/7/2024,high_east,4,shrub,C,ALDE,1,0,,,,
5/7/2024,high_east,4,shrub,C,ALDE,2,0,,,,
5/7/2024,high_east,4,shrub,C,ALDE,3,0,,,,
5/7/2024,high_east,4,shrub,C,BRTE,1,0,,,,
5/7/2024,high_east,4,shrub,C,BRTE,2,1,,1,,
5/7/2024,high_east,4,shrub,C,BRTE,3,0,,,,
5/7/2024,high_east,4,shrub,C,COPA,1,0,,,,
5/7/2024,high_east,4,shrub,C,COPA,2,1,,1,,
5/7/2024,high_east,4,shrub,C,COPA,3,0,,,,
5/7/2024,high_east,4,open,R,ALDE,1,0,,,,
5/7/2024,high_east,4,open,R,ALDE,2,0,,,,
5/7/2024,high_east,4,open,R,ALDE,3,0,,,,
5/7/2024,high_east,4,open,R,BRTE,1,0,,,,
5/7/2024,high_east,4,open,R,BRTE,2,0,,,,
5/7/2024,high_east,4,open,R,BRTE,3,0,,,,
5/7/2024,high_east,4,open,R,COPA,1,1,,1,,
5/7/2024,high_east,4,open,R,COPA,2,0,,,,
5/7/2024,high_east,4,open,R,COPA,3,1,,1,,
5/7/2024,high_east,4,open,C,ALDE,1,0,,,,
5/7/2024,high_east,4,open,C,ALDE,2,0,,,,
5/7/2024,high_east,4,open,C,ALDE,3,0,,,,
5/7/2024,high_east,4,open,C,BRTE,1,0,,,,
5/7/2024,high_east,4,open,C,BRTE,2,0,,,,
5/7/2024,high_east,4,open,C,BRTE,3,0,,,,
5/7/2024,high_east,4,open,C,COPA,1,0,,,,
5/7/2024,high_east,4,open,C,COPA,2,1,,1,,
5/7/2024,high_east,4,open,C,COPA,3,0,,,,
5/15/2024,low_gate,1,open,R,ALDE,1,0,,,,
5/15/2024,low_gate,1,open,R,ALDE,2,0,,,,
5/15/2024,low_gate,1,open,R,ALDE,3,0,,,,
5/15/2024,low_gate,1,open,R,BRTE,1,0,,,,
5/15/2024,low_gate,1,open,R,BRTE,2,0,,,,
5/15/2024,low_gate,1,open,R,BRTE,3,0,,,,
5/15/2024,low_gate,1,open,R,COPA,1,0,,,,
5/15/2024,low_gate,1,open,R,COPA,2,1,,3,2.6,
5/15/2024,low_gate,1,open,R,COPA,3,1,,3,2.5,
5/15/2024,low_gate,1,open,C,ALDE,1,0,,,,
5/15/2024,low_gate,1,open,C,ALDE,2,0,,,,
5/15/2024,low_gate,1,open,C,ALDE,3,0,,,,
5/15/2024,low_gate,1,open,C,BRTE,1,0,,,,
5/15/2024,low_gate,1,open,C,BRTE,2,0,,,,
5/15/2024,low_gate,1,open,C,BRTE,3,1,,3,1.6,
5/15/2024,low_gate,1,open,C,COPA,1,0,,,,
5/15/2024,low_gate,1,open,C,COPA,2,1,,1,3.2,
5/15/2024,low_gate,1,open,C,COPA,3,0,,,,
5/15/2024,low_gate,1,shrub,R,ALDE,1,1,,1,1.2,
5/15/2024,low_gate,1,shrub,R,ALDE,2,0,,,,
5/15/2024,low_gate,1,shrub,R,ALDE,3,0,,,,
5/15/2024,low_gate,1,shrub,R,BRTE,1,1,,1,3.7,
5/15/2024,low_gate,1,shrub,R,BRTE,2,0,,,,
5/15/2024,low_gate,1,shrub,R,BRTE,3,0,,,,
5/15/2024,low_gate,1,shrub,R,COPA,1,1,,3,2.8,
5/15/2024,low_gate,1,shrub,R,COPA,2,0,,,,
5/15/2024,low_gate,1,shrub,R,COPA,3,1,50-75%,1,0.9,
5/15/2024,low_gate,1,shrub,C,ALDE,1,0,,,,
5/15/2024,low_gate,1,shrub,C,ALDE,2,0,,,,
5/15/2024,low_gate,1,shrub,C,ALDE,3,0,,,,
5/15/2024,low_gate,1,shrub,C,BRTE,1,0,,,,
5/15/2024,low_gate,1,shrub,C,BRTE,2,1,,1,2.6,
5/15/2024,low_gate,1,shrub,C,BRTE,3,1,,1,4.7,
5/15/2024,low_gate,1,shrub,C,COPA,1,0,,,,
5/15/2024,low_gate,1,shrub,C,COPA,2,0,,,,
5/15/2024,low_gate,1,shrub,C,COPA,3,1,,3,2.4,
5/15/2024,low_gate,2,open,R,ALDE,1,1,,1,2.8,
5/15/2024,low_gate,2,open,R,ALDE,2,0,,,,
5/15/2024,low_gate,2,open,R,ALDE,3,0,,,,
5/15/2024,low_gate,2,open,R,BRTE,1,0,,,,
5/15/2024,low_gate,2,open,R,BRTE,2,0,,,,
5/15/2024,low_gate,2,open,R,BRTE,3,0,,,,
5/15/2024,low_gate,2,open,R,COPA,1,0,,,,
5/15/2024,low_gate,2,open,R,COPA,2,0,,,,
5/15/2024,low_gate,2,open,R,COPA,3,0,,,,
5/15/2024,low_gate,2,open,C,ALDE,1,0,,,,
5/15/2024,low_gate,2,open,C,ALDE,2,0,,,,
5/15/2024,low_gate,2,open,C,ALDE,3,0,,,,
5/15/2024,low_gate,2,open,C,BRTE,1,1,,1,1.8,
5/15/2024,low_gate,2,open,C,BRTE,2,0,,,,
5/15/2024,low_gate,2,open,C,BRTE,3,0,,,,
5/15/2024,low_gate,2,open,C,COPA,1,1,,3,1.7,
5/15/2024,low_gate,2,open,C,COPA,2,0,,,,
5/15/2024,low_gate,2,open,C,COPA,3,0,,,,
5/15/2024,low_gate,2,shrub,R,ALDE,1,,,,,trampled
5/15/2024,low_gate,2,shrub,R,ALDE,2,0,,,,
5/15/2024,low_gate,2,shrub,R,ALDE,3,0,,,,
5/15/2024,low_gate,2,shrub,R,BRTE,1,0,,,,
5/15/2024,low_gate,2,shrub,R,BRTE,2,1,,1,2.8,
5/15/2024,low_gate,2,shrub,R,BRTE,3,0,,,,
5/15/2024,low_gate,2,shrub,R,COPA,1,1,,3,4.6,
5/15/2024,low_gate,2,shrub,R,COPA,2,,,,,trampled
5/15/2024,low_gate,2,shrub,R,COPA,3,1,,3,2.9,
5/15/2024,low_gate,2,shrub,C,ALDE,1,0,,,,
5/15/2024,low_gate,2,shrub,C,ALDE,2,0,,,,
5/15/2024,low_gate,2,shrub,C,ALDE,3,0,,,,
5/15/2024,low_gate,2,shrub,C,BRTE,1,0,,,,
5/15/2024,low_gate,2,shrub,C,BRTE,2,0,,,,
5/15/2024,low_gate,2,shrub,C,BRTE,3,0,,,,
5/15/2024,low_gate,2,shrub,C,COPA,1,0,,,,
5/15/2024,low_gate,2,shrub,C,COPA,2,0,,,,
5/15/2024,low_gate,2,shrub,C,COPA,3,0,,,,
5/15/2024,low_gate,3,open,R,ALDE,1,0,,,,
5/15/2024,low_gate,3,open,R,ALDE,2,0,,,,
5/15/2024,low_gate,3,open,R,ALDE,3,0,,,,
5/15/2024,low_gate,3,open,R,BRTE,1,0,,,,
5/15/2024,low_gate,3,open,R,BRTE,2,0,,,,
5/15/2024,low_gate,3,open,R,BRTE,3,1,,1,3,
5/15/2024,low_gate,3,open,R,COPA,1,0,,,,
5/15/2024,low_gate,3,open,R,COPA,2,0,,,,
5/15/2024,low_gate,3,open,R,COPA,3,1,,3,2.4,
5/15/2024,low_gate,3,open,C,ALDE,1,0,,,,
5/15/2024,low_gate,3,open,C,ALDE,2,0,,,,
5/15/2024,low_gate,3,open,C,ALDE,3,0,,,,
5/15/2024,low_gate,3,open,C,BRTE,1,0,,,,
5/15/2024,low_gate,3,open,C,BRTE,2,1,,1,5.1,
5/15/2024,low_gate,3,open,C,BRTE,3,0,,,,
5/15/2024,low_gate,3,open,C,COPA,1,0,,,,
5/15/2024,low_gate,3,open,C,COPA,2,1,,3,2,
5/15/2024,low_gate,3,open,C,COPA,3,1,,3,1.9,
5/15/2024,low_gate,3,shrub,R,ALDE,1,0,,,,
5/15/2024,low_gate,3,shrub,R,ALDE,2,,,,,trampled
5/15/2024,low_gate,3,shrub,R,ALDE,3,0,,,,
5/15/2024,low_gate,3,shrub,R,BRTE,1,1,,1,5.2,
5/15/2024,low_gate,3,shrub,R,BRTE,2,0,,,,
5/15/2024,low_gate,3,shrub,R,BRTE,3,0,,,,
5/15/2024,low_gate,3,shrub,R,COPA,1,1,,3,2.5,
5/15/2024,low_gate,3,shrub,R,COPA,2,1,,3,2.7,
5/15/2024,low_gate,3,shrub,R,COPA,3,1,,3,5.5,
5/15/2024,low_gate,3,shrub,C,ALDE,1,0,,,,
5/15/2024,low_gate,3,shrub,C,ALDE,2,1,,1,2.1,
5/15/2024,low_gate,3,shrub,C,ALDE,3,0,,,,
5/15/2024,low_gate,3,shrub,C,BRTE,1,0,,,,
5/15/2024,low_gate,3,shrub,C,BRTE,2,1,,1,4.2,
5/15/2024,low_gate,3,shrub,C,BRTE,3,0,,,,
5/15/2024,low_gate,3,shrub,C,COPA,1,0,,,,
5/15/2024,low_gate,3,shrub,C,COPA,2,1,,2,2.3,
5/15/2024,low_gate,3,shrub,C,COPA,3,0,,,,
5/15/2024,low_gate,4,open,R,ALDE,1,0,,,,
5/15/2024,low_gate,4,open,R,ALDE,2,0,,,,
5/15/2024,low_gate,4,open,R,ALDE,3,0,,,,
5/15/2024,low_gate,4,open,R,BRTE,1,0,,,,
5/15/2024,low_gate,4,open,R,BRTE,2,1,,1,2.2,
5/15/2024,low_gate,4,open,R,BRTE,3,0,,,,
5/15/2024,low_gate,4,open,R,COPA,1,0,,,,
5/15/2024,low_gate,4,open,R,COPA,2,1,,3,2.5,
5/15/2024,low_gate,4,open,R,COPA,3,1,,3,2.6,
5/15/2024,low_gate,4,open,C,ALDE,1,0,,,,
5/15/2024,low_gate,4,open,C,ALDE,2,0,,,,
5/15/2024,low_gate,4,open,C,ALDE,3,0,,,,
5/15/2024,low_gate,4,open,C,BRTE,1,0,,,,
5/15/2024,low_gate,4,open,C,BRTE,2,0,,,,
5/15/2024,low_gate,4,open,C,BRTE,3,0,,,,
5/15/2024,low_gate,4,open,C,COPA,1,0,,,,
5/15/2024,low_gate,4,open,C,COPA,2,0,,,,
5/15/2024,low_gate,4,open,C,COPA,3,0,,,,
5/15/2024,low_gate,4,shrub,R,ALDE,1,0,,,,
5/15/2024,low_gate,4,shrub,R,ALDE,2,0,,,,
5/15/2024,low_gate,4,shrub,R,ALDE,3,0,,,,
5/15/2024,low_gate,4,shrub,R,BRTE,1,1,,1,8.3,
5/15/2024,low_gate,4,shrub,R,BRTE,2,0,,,,
5/15/2024,low_gate,4,shrub,R,BRTE,3,1,,1,5.2,
5/15/2024,low_gate,4,shrub,R,COPA,1,0,,,,
5/15/2024,low_gate,4,shrub,R,COPA,2,0,,,,
5/15/2024,low_gate,4,shrub,R,COPA,3,0,,,,
5/15/2024,low_gate,4,shrub,C,ALDE,1,0,,,,
5/15/2024,low_gate,4,shrub,C,ALDE,2,0,,,,
5/15/2024,low_gate,4,shrub,C,ALDE,3,0,,,,
5/15/2024,low_gate,4,shrub,C,BRTE,1,0,,,,
5/15/2024,low_gate,4,shrub,C,BRTE,2,0,,,,
5/15/2024,low_gate,4,shrub,C,BRTE,3,0,,,,
5/15/2024,low_gate,4,shrub,C,COPA,1,0,,,,
5/15/2024,low_gate,4,shrub,C,COPA,2,0,,,,
5/15/2024,low_gate,4,shrub,C,COPA,3,1,,3,3.3,
5/15/2024,low_north,1,open,R,ALDE,1,0,,,,
5/15/2024,low_north,1,open,R,ALDE,2,0,,,,
5/15/2024,low_north,1,open,R,ALDE,3,0,,,,
5/15/2024,low_north,1,open,R,BRTE,1,1,,1,2.1,
5/15/2024,low_north,1,open,R,BRTE,2,0,,,,
5/15/2024,low_north,1,open,R,BRTE,3,0,,,,
5/15/2024,low_north,1,open,R,COPA,1,0,,,,
5/15/2024,low_north,1,open,R,COPA,2,1,,2,1.2,
5/15/2024,low_north,1,open,R,COPA,3,0,,,,
5/15/2024,low_north,1,open,R,PODO,1,0,,,,
5/15/2024,low_north,1,open,R,PODO,2,0,,,,
5/15/2024,low_north,1,open,R,PODO,3,0,,,,
5/15/2024,low_north,1,open,C,ALDE,1,0,,,,
5/15/2024,low_north,1,open,C,ALDE,2,0,,,,
5/15/2024,low_north,1,open,C,ALDE,3,1,,1,1.5,
5/15/2024,low_north,1,open,C,BRTE,1,0,,,,
5/15/2024,low_north,1,open,C,BRTE,2,0,,,,
5/15/2024,low_north,1,open,C,BRTE,3,0,,,,
5/15/2024,low_north,1,open,C,COPA,1,0,,,,
5/15/2024,low_north,1,open,C,COPA,2,0,,,,
5/15/2024,low_north,1,open,C,COPA,3,0,,,,
5/15/2024,low_north,1,open,C,PODO,1,0,,,,
5/15/2024,low_north,1,open,C,PODO,2,0,,,,
5/15/2024,low_north,1,open,C,PODO,3,0,,,,
5/15/2024,low_north,1,shrub,R,ALDE,1,0,,,,
5/15/2024,low_north,1,shrub,R,ALDE,2,1,,3,1.9,
5/15/2024,low_north,1,shrub,R,ALDE,3,0,,,,
5/15/2024,low_north,1,shrub,R,BRTE,1,0,,,,
5/15/2024,low_north,1,shrub,R,BRTE,2,0,,,,
5/15/2024,low_north,1,shrub,R,BRTE,3,0,,,,
5/15/2024,low_north,1,shrub,R,COPA,1,1,,2,2,
5/15/2024,low_north,1,shrub,R,COPA,2,1,,1,1.3,
5/15/2024,low_north,1,shrub,R,COPA,3,0,,,,
5/15/2024,low_north,1,shrub,R,PODO,1,0,,,,
5/15/2024,low_north,1,shrub,R,PODO,2,1,,1,2.7,
5/15/2024,low_north,1,shrub,R,PODO,3,0,,,,
5/15/2024,low_north,1,shrub,C,ALDE,1,0,,,,
5/15/2024,low_north,1,shrub,C,ALDE,2,0,,,,
5/15/2024,low_north,1,shrub,C,ALDE,3,0,,,,
5/15/2024,low_north,1,shrub,C,BRTE,1,1,,1,2.6,
5/15/2024,low_north,1,shrub,C,BRTE,2,1,,1,2.7,
5/15/2024,low_north,1,shrub,C,BRTE,3,0,,,,
5/15/2024,low_north,1,shrub,C,COPA,1,1,,1,0.8,
5/15/2024,low_north,1,shrub,C,COPA,2,0,,,,
5/15/2024,low_north,1,shrub,C,COPA,3,1,,2,2.4,
5/15/2024,low_north,1,shrub,C,PODO,1,0,,,,
5/15/2024,low_north,1,shrub,C,PODO,2,0,,,,
5/15/2024,low_north,1,shrub,C,PODO,3,1,,1,1.1,
5/15/2024,low_north,2,open,R,ALDE,1,0,,,,
5/15/2024,low_north,2,open,R,ALDE,2,0,,,,
5/15/2024,low_north,2,open,R,ALDE,3,0,,,,
5/15/2024,low_north,2,open,R,BRTE,1,0,,,,
5/15/2024,low_north,2,open,R,BRTE,2,0,,,,
5/15/2024,low_north,2,open,R,BRTE,3,0,,,,
5/15/2024,low_north,2,open,R,COPA,1,1,,3,1.7,
5/15/2024,low_north,2,open,R,COPA,2,0,,,,
5/15/2024,low_north,2,open,R,COPA,3,1,,3,2.3,
5/15/2024,low_north,2,open,R,PODO,1,1,,1,1.1,
5/15/2024,low_north,2,open,R,PODO,2,0,,,,
5/15/2024,low_north,2,open,R,PODO,3,0,,,,
5/15/2024,low_north,2,open,C,ALDE,1,0,,,,
5/15/2024,low_north,2,open,C,ALDE,2,0,,,,
5/15/2024,low_north,2,open,C,ALDE,3,0,,,,
5/15/2024,low_north,2,open,C,BRTE,1,0,,,,
5/15/2024,low_north,2,open,C,BRTE,2,0,,,,
5/15/2024,low_north,2,open,C,BRTE,3,0,,,,
5/15/2024,low_north,2,open,C,COPA,1,0,,,,
5/15/2024,low_north,2,open,C,COPA,2,0,,,,
5/15/2024,low_north,2,open,C,COPA,3,0,,,,
5/15/2024,low_north,2,open,C,PODO,1,0,,,,
5/15/2024,low_north,2,open,C,PODO,2,0,,,,
5/15/2024,low_north,2,open,C,PODO,3,0,,,,
5/15/2024,low_north,2,shrub,R,ALDE,1,0,,,,
5/15/2024,low_north,2,shrub,R,ALDE,2,0,,,,
5/15/2024,low_north,2,shrub,R,ALDE,3,0,,,,
5/15/2024,low_north,2,shrub,R,BRTE,1,0,,,,
5/15/2024,low_north,2,shrub,R,BRTE,2,0,,,,
5/15/2024,low_north,2,shrub,R,BRTE,3,0,,,,
5/15/2024,low_north,2,shrub,R,COPA,1,0,,,,
5/15/2024,low_north,2,shrub,R,COPA,2,0,,,,
5/15/2024,low_north,2,shrub,R,COPA,3,1,,3,1.6,
5/15/2024,low_north,2,shrub,R,PODO,1,0,,,,
5/15/2024,low_north,2,shrub,R,PODO,2,0,,,,
5/15/2024,low_north,2,shrub,R,PODO,3,0,,,,
5/15/2024,low_north,2,shrub,C,ALDE,1,0,,,,
5/15/2024,low_north,2,shrub,C,ALDE,2,0,,,,
5/15/2024,low_north,2,shrub,C,ALDE,3,0,,,,
5/15/2024,low_north,2,shrub,C,BRTE,1,0,,,,
5/15/2024,low_north,2,shrub,C,BRTE,2,1,,1,2.2,
5/15/2024,low_north,2,shrub,C,BRTE,3,0,,,,
5/15/2024,low_north,2,shrub,C,COPA,1,1,,2,0.8,
5/15/2024,low_north,2,shrub,C,COPA,2,0,,,,
5/15/2024,low_north,2,shrub,C,COPA,3,0,,,,
5/15/2024,low_north,2,shrub,C,PODO,1,0,,,,
5/15/2024,low_north,2,shrub,C,PODO,2,0,,,,
5/15/2024,low_north,2,shrub,C,PODO,3,0,,,,
5/15/2024,low_north,3,open,R,ALDE,1,0,,,,
5/15/2024,low_north,3,open,R,ALDE,2,0,,,,
5/15/2024,low_north,3,open,R,ALDE,3,0,,,,
5/15/2024,low_north,3,open,R,BRTE,1,1,,1,2.9,
5/15/2024,low_north,3,open,R,BRTE,2,0,,,,
5/15/2024,low_north,3,open,R,BRTE,3,0,,,,
5/15/2024,low_north,3,open,R,COPA,1,,,,,
5/15/2024,low_north,3,open,R,COPA,2,0,,,,
5/15/2024,low_north,3,open,R,COPA,3,0,,,,
5/15/2024,low_north,3,open,R,PODO,1,0,,,,
5/15/2024,low_north,3,open,R,PODO,2,0,,,,
5/15/2024,low_north,3,open,R,PODO,3,0,,,,
5/15/2024,low_north,3,open,C,ALDE,1,0,,,,
5/15/2024,low_north,3,open,C,ALDE,2,0,,,,
5/15/2024,low_north,3,open,C,ALDE,3,0,,,,
5/15/2024,low_north,3,open,C,BRTE,1,0,,,,
5/15/2024,low_north,3,open,C,BRTE,2,1,,1,3.7,
5/15/2024,low_north,3,open,C,BRTE,3,1,,1,2.4,
5/15/2024,low_north,3,open,C,COPA,1,0,,,,
5/15/2024,low_north,3,open,C,COPA,2,0,,,,
5/15/2024,low_north,3,open,C,COPA,3,0,,,,
5/15/2024,low_north,3,open,C,PODO,1,0,,,,
5/15/2024,low_north,3,open,C,PODO,2,0,,,,
5/15/2024,low_north,3,open,C,PODO,3,0,,,,
5/15/2024,low_north,3,shrub,R,ALDE,1,0,,,,
5/15/2024,low_north,3,shrub,R,ALDE,2,0,,,,
5/15/2024,low_north,3,shrub,R,ALDE,3,0,,,,
5/15/2024,low_north,3,shrub,R,BRTE,1,0,,,,
5/15/2024,low_north,3,shrub,R,BRTE,2,0,,,,
5/15/2024,low_north,3,shrub,R,BRTE,3,0,,,,
5/15/2024,low_north,3,shrub,R,COPA,1,1,,3,1.9,
5/15/2024,low_north,3,shrub,R,COPA,2,0,,,,
5/15/2024,low_north,3,shrub,R,COPA,3,0,,,,
5/15/2024,low_north,3,shrub,R,PODO,1,0,,,,
5/15/2024,low_north,3,shrub,R,PODO,2,0,,,,
5/15/2024,low_north,3,shrub,R,PODO,3,0,,,,
5/15/2024,low_north,3,shrub,C,ALDE,1,0,,,,
5/15/2024,low_north,3,shrub,C,ALDE,2,0,,,,
5/15/2024,low_north,3,shrub,C,ALDE,3,0,,,,
5/15/2024,low_north,3,shrub,C,BRTE,1,1,,1,4.1,
5/15/2024,low_north,3,shrub,C,BRTE,2,0,,,,
5/15/2024,low_north,3,shrub,C,BRTE,3,0,,,,
5/15/2024,low_north,3,shrub,C,COPA,1,0,,,,
5/15/2024,low_north,3,shrub,C,COPA,2,0,,,,
5/15/2024,low_north,3,shrub,C,COPA,3,1,,3,3,
5/15/2024,low_north,3,shrub,C,PODO,1,0,,,,
5/15/2024,low_north,3,shrub,C,PODO,2,0,,,,
5/15/2024,low_north,3,shrub,C,PODO,3,0,,,,
5/15/2024,low_north,4,shrub,R,ALDE,1,0,,,,
5/15/2024,low_north,4,shrub,R,ALDE,2,1,,2,1.6,
5/15/2024,low_north,4,shrub,R,ALDE,3,0,,,,
5/15/2024,low_north,4,shrub,R,BRTE,1,0,,,,
5/15/2024,low_north,4,shrub,R,BRTE,2,0,,,,
5/15/2024,low_north,4,shrub,R,BRTE,3,0,,,,
5/15/2024,low_north,4,shrub,R,COPA,1,0,,,,
5/15/2024,low_north,4,shrub,R,COPA,2,0,,,,
5/15/2024,low_north,4,shrub,R,COPA,3,0,,,,
5/15/2024,low_north,4,shrub,R,PODO,1,0,,,,
5/15/2024,low_north,4,shrub,R,PODO,2,0,,,,
5/15/2024,low_north,4,shrub,R,PODO,3,0,,,,
5/15/2024,low_north,4,shrub,C,ALDE,1,0,,,,
5/15/2024,low_north,4,shrub,C,ALDE,2,0,,,,
5/15/2024,low_north,4,shrub,C,ALDE,3,0,,,,
5/15/2024,low_north,4,shrub,C,BRTE,1,1,,1,4,
5/15/2024,low_north,4,shrub,C,BRTE,2,1,,1,4.4,
5/15/2024,low_north,4,shrub,C,BRTE,3,1,,1,2.8,
5/15/2024,low_north,4,shrub,C,COPA,1,1,,3,2.6,
5/15/2024,low_north,4,shrub,C,COPA,2,0,,,,
5/15/2024,low_north,4,shrub,C,COPA,3,0,,,,
5/15/2024,low_north,4,shrub,C,PODO,1,0,,,,
5/15/2024,low_north,4,shrub,C,PODO,2,0,,,,
5/15/2024,low_north,4,shrub,C,PODO,3,0,,,,
5/16/2024,high_east,1,open,R,ALDE,1,0,,,,
5/16/2024,high_east,1,open,R,ALDE,2,0,,,,
5/16/2024,high_east,1,open,R,ALDE,3,0,,,,
5/16/2024,high_east,1,open,R,BRTE,1,0,,,,trampled
5/16/2024,high_east,1,open,R,BRTE,2,0,,,,
5/16/2024,high_east,1,open,R,BRTE,3,0,,,,
5/16/2024,high_east,1,open,R,COPA,1,0,,,,
5/16/2024,high_east,1,open,R,COPA,2,1,,1,1.5,
5/16/2024,high_east,1,open,R,COPA,3,0,,,,
5/16/2024,high_east,1,open,C,ALDE,1,0,,,,
5/16/2024,high_east,1,open,C,ALDE,2,0,,,,
5/16/2024,high_east,1,open,C,ALDE,3,0,,,,
5/16/2024,high_east,1,open,C,BRTE,1,0,,,,
5/16/2024,high_east,1,open,C,BRTE,2,0,,,,
5/16/2024,high_east,1,open,C,BRTE,3,1,,1,2,
5/16/2024,high_east,1,open,C,COPA,1,0,,,,
5/16/2024,high_east,1,open,C,COPA,2,0,,,,
5/16/2024,high_east,1,open,C,COPA,3,1,,1,0.5,
5/16/2024,high_east,1,shrub,R,ALDE,1,0,,,,
5/16/2024,high_east,1,shrub,R,ALDE,2,0,,,,
5/16/2024,high_east,1,shrub,R,ALDE,3,0,,,,
5/16/2024,high_east,1,shrub,R,BRTE,1,0,,,,
5/16/2024,high_east,1,shrub,R,BRTE,2,1,,1,2.8,
5/16/2024,high_east,1,shrub,R,BRTE,3,0,,,,
5/16/2024,high_east,1,shrub,R,COPA,1,0,,,,
5/16/2024,high_east,1,shrub,R,COPA,2,0,,,,
5/16/2024,high_east,1,shrub,R,COPA,3,1,,1,0.5,
5/16/2024,high_east,1,shrub,C,ALDE,1,0,,,,
5/16/2024,high_east,1,shrub,C,ALDE,2,0,,,,
5/16/2024,high_east,1,shrub,C,ALDE,3,0,,,,
5/16/2024,high_east,1,shrub,C,BRTE,1,0,,,,
5/16/2024,high_east,1,shrub,C,BRTE,2,0,,,,
5/16/2024,high_east,1,shrub,C,BRTE,3,0,,,,
5/16/2024,high_east,1,shrub,C,COPA,1,0,,,,
5/16/2024,high_east,1,shrub,C,COPA,2,0,,,,
5/16/2024,high_east,1,shrub,C,COPA,3,1,,1,1.7,
5/16/2024,high_east,2,open,R,ALDE,1,0,,,,
5/16/2024,high_east,2,open,R,ALDE,2,0,,,,
5/16/2024,high_east,2,open,R,ALDE,3,0,,,,
5/16/2024,high_east,2,open,R,BRTE,1,0,,,,
5/16/2024,high_east,2,open,R,BRTE,2,0,,,,
5/16/2024,high_east,2,open,R,BRTE,3,0,,,,
5/16/2024,high_east,2,open,R,COPA,1,0,,,,
5/16/2024,high_east,2,open,R,COPA,2,1,,3,1.9,
5/16/2024,high_east,2,open,R,COPA,3,0,,,,
5/16/2024,high_east,2,open,C,ALDE,1,,,,,trampled
5/16/2024,high_east,2,open,C,ALDE,2,,,,,trampled
5/16/2024,high_east,2,open,C,ALDE,3,0,,,,
5/16/2024,high_east,2,open,C,BRTE,1,1,,1,2.5,"previously noted as trampled, but growing despite that?"
5/16/2024,high_east,2,open,C,BRTE,2,,,,,trampled
5/16/2024,high_east,2,open,C,BRTE,3,0,,,,
5/16/2024,high_east,2,open,C,COPA,1,1,,2,1.4,
5/16/2024,high_east,2,open,C,COPA,2,,,,,trampled
5/16/2024,high_east,2,open,C,COPA,3,,,,,trampled
5/16/2024,high_east,2,shrub,R,ALDE,1,0,,,,
5/16/2024,high_east,2,shrub,R,ALDE,2,0,,,,
5/16/2024,high_east,2,shrub,R,ALDE,3,0,,,,
5/16/2024,high_east,2,shrub,R,BRTE,1,0,,,,
5/16/2024,high_east,2,shrub,R,BRTE,2,0,,,,
5/16/2024,high_east,2,shrub,R,BRTE,3,0,,,,
5/16/2024,high_east,2,shrub,R,COPA,1,0,,,,
5/16/2024,high_east,2,shrub,R,COPA,2,1,,3,2.8,
5/16/2024,high_east,2,shrub,R,COPA,3,1,,1,1.5,
5/16/2024,high_east,2,shrub,C,ALDE,1,0,,,,
5/16/2024,high_east,2,shrub,C,ALDE,2,0,,,,
5/16/2024,high_east,2,shrub,C,ALDE,3,0,,,,
5/16/2024,high_east,2,shrub,C,BRTE,1,0,,,,
5/16/2024,high_east,2,shrub,C,BRTE,2,0,,,,
5/16/2024,high_east,2,shrub,C,BRTE,3,0,,,,
5/16/2024,high_east,2,shrub,C,COPA,1,0,,,,
5/16/2024,high_east,2,shrub,C,COPA,2,1,,2,2.6,
5/16/2024,high_east,2,shrub,C,COPA,3,1,,2,2.2,
5/16/2024,high_east,3,open,R,ALDE,1,,,,,trampled
5/16/2024,high_east,3,open,R,ALDE,2,0,,,,
5/16/2024,high_east,3,open,R,ALDE,3,0,,,,
5/16/2024,high_east,3,open,R,BRTE,1,0,,,,
5/16/2024,high_east,3,open,R,BRTE,2,0,,,,
5/16/2024,high_east,3,open,R,BRTE,3,,,,,trampled
5/16/2024,high_east,3,open,R,COPA,1,0,,,,
5/16/2024,high_east,3,open,R,COPA,2,0,,,,
5/16/2024,high_east,3,open,R,COPA,3,0,,,,
5/16/2024,high_east,3,open,C,ALDE,1,0,,,,
5/16/2024,high_east,3,open,C,ALDE,2,0,,,,
5/16/2024,high_east,3,open,C,ALDE,3,0,,,,
5/16/2024,high_east,3,open,C,BRTE,1,0,,,,
5/16/2024,high_east,3,open,C,BRTE,2,0,,,,
5/16/2024,high_east,3,open,C,BRTE,3,0,,,,
5/16/2024,high_east,3,open,C,COPA,1,0,,,,
5/16/2024,high_east,3,open,C,COPA,2,0,,,,
5/16/2024,high_east,3,open,C,COPA,3,0,,,,
5/16/2024,high_east,3,shrub,R,ALDE,1,0,,,,
5/16/2024,high_east,3,shrub,R,ALDE,2,0,,,,
5/16/2024,high_east,3,shrub,R,ALDE,3,1,,1,0.4,
5/16/2024,high_east,3,shrub,R,BRTE,1,0,,,,
5/16/2024,high_east,3,shrub,R,BRTE,2,1,,1,2.8,
5/16/2024,high_east,3,shrub,R,BRTE,3,0,,,,
5/16/2024,high_east,3,shrub,R,COPA,1,0,,,,
5/16/2024,high_east,3,shrub,R,COPA,2,1,,1,1.6,no herbivory but doesn't look healthy
5/16/2024,high_east,3,shrub,R,COPA,3,1,,1,1,no herbivory but doesn't look healthy
5/16/2024,high_east,3,shrub,C,ALDE,1,0,,,,
5/16/2024,high_east,3,shrub,C,ALDE,2,0,,,,
5/16/2024,high_east,3,shrub,C,ALDE,3,0,,,,
5/16/2024,high_east,3,shrub,C,BRTE,1,0,,,,
5/16/2024,high_east,3,shrub,C,BRTE,2,0,,,,
5/16/2024,high_east,3,shrub,C,BRTE,3,0,,,,
5/16/2024,high_east,3,shrub,C,COPA,1,1,,1,2.7,
5/16/2024,high_east,3,shrub,C,COPA,2,0,,,,
5/16/2024,high_east,3,shrub,C,COPA,3,0,,,,
5/16/2024,high_east,4,open,R,ALDE,1,0,,,,
5/16/2024,high_east,4,open,R,ALDE,2,0,,,,
5/16/2024,high_east,4,open,R,ALDE,3,0,,,,
5/16/2024,high_east,4,open,R,BRTE,1,0,,,,
5/16/2024,high_east,4,open,R,BRTE,2,0,,,,
5/16/2024,high_east,4,open,R,BRTE,3,0,,,,
5/16/2024,high_east,4,open,R,COPA,1,1,,3,1.3,
5/16/2024,high_east,4,open,R,COPA,2,1,,1,0.3,
5/16/2024,high_east,4,open,R,COPA,3,0,,,,
5/16/2024,high_east,4,open,C,ALDE,1,0,,,,
5/16/2024,high_east,4,open,C,ALDE,2,0,,,,
5/16/2024,high_east,4,open,C,ALDE,3,0,,,,
5/16/2024,high_east,4,open,C,BRTE,1,0,,,,
5/16/2024,high_east,4,open,C,BRTE,2,0,,,,
5/16/2024,high_east,4,open,C,BRTE,3,0,,,,
5/16/2024,high_east,4,open,C,COPA,1,0,,,,
5/16/2024,high_east,4,open,C,COPA,2,0,,,,
5/16/2024,high_east,4,open,C,COPA,3,0,,,,
5/16/2024,high_east,4,shrub,R,ALDE,1,0,,,,
5/16/2024,high_east,4,shrub,R,ALDE,2,0,,,,
5/16/2024,high_east,4,shrub,R,ALDE,3,0,,,,
5/16/2024,high_east,4,shrub,R,BRTE,1,0,,,,
5/16/2024,high_east,4,shrub,R,BRTE,2,0,,,,
5/16/2024,high_east,4,shrub,R,BRTE,3,0,,,,
5/16/2024,high_east,4,shrub,R,COPA,1,1,,2,2.4,
5/16/2024,high_east,4,shrub,R,COPA,2,0,,,,
5/16/2024,high_east,4,shrub,R,COPA,3,0,,,,
5/16/2024,high_east,4,shrub,C,ALDE,1,0,,,,
5/16/2024,high_east,4,shrub,C,ALDE,2,0,,,,
5/16/2024,high_east,4,shrub,C,ALDE,3,0,,,,
5/16/2024,high_east,4,shrub,C,BRTE,1,0,,,,
5/16/2024,high_east,4,shrub,C,BRTE,2,0,,,,
5/16/2024,high_east,4,shrub,C,BRTE,3,0,,,,
5/16/2024,high_east,4,shrub,C,COPA,1,0,,,,
5/16/2024,high_east,4,shrub,C,COPA,2,0,,,,
5/16/2024,high_east,4,shrub,C,COPA,3,0,,,,
5/16/2024,high_gate,1,open,R,ALDE,1,0,,,,
5/16/2024,high_gate,1,open,R,ALDE,2,0,,,,
5/16/2024,high_gate,1,open,R,ALDE,3,0,,,,
5/16/2024,high_gate,1,open,R,BRTE,1,0,,,,
5/16/2024,high_gate,1,open,R,BRTE,2,0,,,,
5/16/2024,high_gate,1,open,R,BRTE,3,0,,,,
5/16/2024,high_gate,1,open,R,COPA,1,0,,,,
5/16/2024,high_gate,1,open,R,COPA,2,0,,,,
5/16/2024,high_gate,1,open,R,COPA,3,0,,,,
5/16/2024,high_gate,1,open,R,PODO,1,0,,,,
5/16/2024,high_gate,1,open,R,PODO,2,0,,,,
5/16/2024,high_gate,1,open,R,PODO,3,0,,,,
5/16/2024,high_gate,1,open,C,ALDE,1,0,,,,
5/16/2024,high_gate,1,open,C,ALDE,2,0,,,,
5/16/2024,high_gate,1,open,C,ALDE,3,0,,,,
5/16/2024,high_gate,1,open,C,BRTE,1,0,,,,
5/16/2024,high_gate,1,open,C,BRTE,2,0,,,,
5/16/2024,high_gate,1,open,C,BRTE,3,0,,,,
5/16/2024,high_gate,1,open,C,COPA,1,0,,,,
5/16/2024,high_gate,1,open,C,COPA,2,0,,,,
5/16/2024,high_gate,1,open,C,COPA,3,0,,,,
5/16/2024,high_gate,1,open,C,PODO,1,0,,,,
5/16/2024,high_gate,1,open,C,PODO,2,0,,,,
5/16/2024,high_gate,1,open,C,PODO,3,0,,,,
5/16/2024,high_gate,1,shrub,R,ALDE,1,0,,,,
5/16/2024,high_gate,1,shrub,R,ALDE,2,0,,,,
5/16/2024,high_gate,1,shrub,R,ALDE,3,0,,,,
5/16/2024,high_gate,1,shrub,R,BRTE,1,1,,1,1.9,
5/16/2024,high_gate,1,shrub,R,BRTE,2,1,,1,3,
5/16/2024,high_gate,1,shrub,R,BRTE,3,1,,1,2.4,
5/16/2024,high_gate,1,shrub,R,COPA,1,0,,,,
5/16/2024,high_gate,1,shrub,R,COPA,2,0,,,,
5/16/2024,high_gate,1,shrub,R,COPA,3,1,25-50%,2,0.6,
5/16/2024,high_gate,1,shrub,R,PODO,1,0,,,,
5/16/2024,high_gate,1,shrub,R,PODO,2,0,,,,
5/16/2024,high_gate,1,shrub,R,PODO,3,0,,,,
5/16/2024,high_gate,1,shrub,C,ALDE,1,0,,,,
5/16/2024,high_gate,1,shrub,C,ALDE,2,0,,,,
5/16/2024,high_gate,1,shrub,C,ALDE,3,0,,,,
5/16/2024,high_gate,1,shrub,C,BRTE,1,1,,1,3.4,
5/16/2024,high_gate,1,shrub,C,BRTE,2,0,,,,
5/16/2024,high_gate,1,shrub,C,BRTE,3,1,,1,2.2,
5/16/2024,high_gate,1,shrub,C,COPA,1,1,,1,1.1,
5/16/2024,high_gate,1,shrub,C,COPA,2,0,,,,
5/16/2024,high_gate,1,shrub,C,COPA,3,1,75-100%,1,2.1,
5/16/2024,high_gate,1,shrub,C,PODO,1,0,,,,
5/16/2024,high_gate,1,shrub,C,PODO,2,0,,,,
5/16/2024,high_gate,1,shrub,C,PODO,3,0,,,,
5/16/2024,high_gate,2,open,R,ALDE,1,0,,,,
5/16/2024,high_gate,2,open,R,ALDE,2,0,,,,
5/16/2024,high_gate,2,open,R,ALDE,3,0,,,,
5/16/2024,high_gate,2,open,R,BRTE,1,0,,,,
5/16/2024,high_gate,2,open,R,BRTE,2,0,,,,
5/16/2024,high_gate,2,open,R,BRTE,3,1,,1,1.5,
5/16/2024,high_gate,2,open,R,COPA,1,,,,,missing
5/16/2024,high_gate,2,open,R,COPA,2,0,,,,
5/16/2024,high_gate,2,open,R,COPA,3,0,,,,
5/16/2024,high_gate,2,open,R,PODO,1,0,,,,
5/16/2024,high_gate,2,open,R,PODO,2,0,,,,
5/16/2024,high_gate,2,open,R,PODO,3,0,,,,
5/16/2024,high_gate,2,open,C,ALDE,1,0,,,,
5/16/2024,high_gate,2,open,C,ALDE,2,0,,,,
5/16/2024,high_gate,2,open,C,ALDE,3,0,,,,
5/16/2024,high_gate,2,open,C,BRTE,1,0,,,,
5/16/2024,high_gate,2,open,C,BRTE,2,0,,,,
5/16/2024,high_gate,2,open,C,BRTE,3,0,,,,
5/16/2024,high_gate,2,open,C,COPA,1,0,,,,
5/16/2024,high_gate,2,open,C,COPA,2,0,,,,
5/16/2024,high_gate,2,open,C,COPA,3,,,,,trampled
5/16/2024,high_gate,2,open,C,PODO,1,0,,,,
5/16/2024,high_gate,2,open,C,PODO,2,0,,,,
5/16/2024,high_gate,2,open,C,PODO,3,0,,,,
5/16/2024,high_gate,2,shrub,R,ALDE,1,0,,,,
5/16/2024,high_gate,2,shrub,R,ALDE,2,0,,,,
5/16/2024,high_gate,2,shrub,R,ALDE,3,0,,,,
5/16/2024,high_gate,2,shrub,R,BRTE,1,0,,,,
5/16/2024,high_gate,2,shrub,R,BRTE,2,0,,,,
5/16/2024,high_gate,2,shrub,R,BRTE,3,1,,1,2.5,
5/16/2024,high_gate,2,shrub,R,COPA,1,0,,,,
5/16/2024,high_gate,2,shrub,R,COPA,2,0,,,,
5/16/2024,high_gate,2,shrub,R,COPA,3,0,,,,
5/16/2024,high_gate,2,shrub,R,PODO,1,0,,,,
5/16/2024,high_gate,2,shrub,R,PODO,2,0,,,,
5/16/2024,high_gate,2,shrub,R,PODO,3,0,,,,
5/16/2024,high_gate,2,shrub,C,ALDE,1,0,,,,
5/16/2024,high_gate,2,shrub,C,ALDE,2,1,,1,0.4,
5/16/2024,high_gate,2,shrub,C,ALDE,3,0,,,,
5/16/2024,high_gate,2,shrub,C,BRTE,1,0,,,,
5/16/2024,high_gate,2,shrub,C,BRTE,2,0,,,,
5/16/2024,high_gate,2,shrub,C,BRTE,3,0,,,,
5/16/2024,high_gate,2,shrub,C,COPA,1,0,,,,
5/16/2024,high_gate,2,shrub,C,COPA,2,0,,,,
5/16/2024,high_gate,2,shrub,C,COPA,3,0,,,,
5/16/2024,high_gate,2,shrub,C,PODO,1,0,,,,
5/16/2024,high_gate,2,shrub,C,PODO,2,0,,,,
5/16/2024,high_gate,2,shrub,C,PODO,3,0,,,,
5/16/2024,high_gate,3,open,R,ALDE,1,0,,,,
5/16/2024,high_gate,3,open,R,ALDE,2,0,,,,
5/16/2024,high_gate,3,open,R,ALDE,3,0,,,,
5/16/2024,high_gate,3,open,R,BRTE,1,0,,,,
5/16/2024,high_gate,3,open,R,BRTE,2,0,,,,
5/16/2024,high_gate,3,open,R,BRTE,3,1,,1,2.3,
5/16/2024,high_gate,3,open,R,COPA,1,0,,,,
5/16/2024,high_gate,3,open,R,COPA,2,0,,,,
5/16/2024,high_gate,3,open,R,COPA,3,0,,,,
5/16/2024,high_gate,3,open,R,PODO,1,0,,,,
5/16/2024,high_gate,3,open,R,PODO,2,,,,,trampled
5/16/2024,high_gate,3,open,R,PODO,3,0,,,,
5/16/2024,high_gate,3,open,C,ALDE,1,0,,,,
5/16/2024,high_gate,3,open,C,ALDE,2,,,,,trampled
5/16/2024,high_gate,3,open,C,ALDE,3,,,,,trampled
5/16/2024,high_gate,3,open,C,BRTE,1,0,,,,
5/16/2024,high_gate,3,open,C,BRTE,2,,,,,trampled
5/16/2024,high_gate,3,open,C,BRTE,3,0,,,,
5/16/2024,high_gate,3,open,C,COPA,1,0,,,,
5/16/2024,high_gate,3,open,C,COPA,2,0,,,,
5/16/2024,high_gate,3,open,C,COPA,3,,,,,trampled
5/16/2024,high_gate,3,open,C,PODO,1,0,,,,
5/16/2024,high_gate,3,open,C,PODO,2,0,,,,
5/16/2024,high_gate,3,open,C,PODO,3,0,,,,
5/16/2024,high_gate,3,shrub,R,ALDE,1,0,,,,
5/16/2024,high_gate,3,shrub,R,ALDE,2,0,,,,
5/16/2024,high_gate,3,shrub,R,ALDE,3,0,,,,
5/16/2024,high_gate,3,shrub,R,BRTE,1,0,,,,
5/16/2024,high_gate,3,shrub,R,BRTE,2,0,,,,
5/16/2024,high_gate,3,shrub,R,BRTE,3,0,,,,
5/16/2024,high_gate,3,shrub,R,COPA,1,0,,,,
5/16/2024,high_gate,3,shrub,R,COPA,2,0,,,,
5/16/2024,high_gate,3,shrub,R,COPA,3,0,,,,
5/16/2024,high_gate,3,shrub,R,PODO,1,0,,,,
5/16/2024,high_gate,3,shrub,R,PODO,2,0,,,,
5/16/2024,high_gate,3,shrub,R,PODO,3,0,,,,
5/16/2024,high_gate,3,shrub,C,ALDE,1,0,,,,
5/16/2024,high_gate,3,shrub,C,ALDE,2,0,,,,
5/16/2024,high_gate,3,shrub,C,ALDE,3,0,,,,
5/16/2024,high_gate,3,shrub,C,BRTE,1,0,,,,
5/16/2024,high_gate,3,shrub,C,BRTE,2,0,,,,
5/16/2024,high_gate,3,shrub,C,BRTE,3,0,,,,
5/16/2024,high_gate,3,shrub,C,COPA,1,0,,,,
5/16/2024,high_gate,3,shrub,C,COPA,2,0,,,,
5/16/2024,high_gate,3,shrub,C,COPA,3,0,,,,
5/16/2024,high_gate,3,shrub,C,PODO,1,0,,,,
5/16/2024,high_gate,3,shrub,C,PODO,2,0,,,,
5/16/2024,high_gate,3,shrub,C,PODO,3,0,,,,
5/16/2024,high_gate,4,open,R,ALDE,1,0,,,,
5/16/2024,high_gate,4,open,R,ALDE,2,0,,,,
5/16/2024,high_gate,4,open,R,ALDE,3,0,,,,
5/16/2024,high_gate,4,open,R,BRTE,1,1,,1,2.4,
5/16/2024,high_gate,4,open,R,BRTE,2,0,,,,
5/16/2024,high_gate,4,open,R,BRTE,3,0,,,,
5/16/2024,high_gate,4,open,R,COPA,1,0,,,,
5/16/2024,high_gate,4,open,R,COPA,2,0,,,,
5/16/2024,high_gate,4,open,R,COPA,3,0,,,,
5/16/2024,high_gate,4,open,R,PODO,1,0,,,,
5/16/2024,high_gate,4,open,R,PODO,2,0,,,,
5/16/2024,high_gate,4,open,R,PODO,3,0,,,,
5/16/2024,high_gate,4,open,C,ALDE,1,0,,,,
5/16/2024,high_gate,4,open,C,ALDE,2,0,,,,
5/16/2024,high_gate,4,open,C,ALDE,3,0,,,,
5/16/2024,high_gate,4,open,C,BRTE,1,0,,,,
5/16/2024,high_gate,4,open,C,BRTE,2,0,,,,
5/16/2024,high_gate,4,open,C,BRTE,3,0,,,,
5/16/2024,high_gate,4,open,C,COPA,1,0,,,,
5/16/2024,high_gate,4,open,C,COPA,2,0,,,,
5/16/2024,high_gate,4,open,C,COPA,3,0,,,,germinated then died
5/16/2024,high_gate,4,open,C,PODO,1,0,,,,
5/16/2024,high_gate,4,open,C,PODO,2,0,,,,
5/16/2024,high_gate,4,open,C,PODO,3,0,,,,
5/16/2024,high_gate,4,shrub,R,ALDE,1,0,,,,
5/16/2024,high_gate,4,shrub,R,ALDE,2,0,,,,
5/16/2024,high_gate,4,shrub,R,ALDE,3,0,,,,
5/16/2024,high_gate,4,shrub,R,BRTE,1,0,,,,
5/16/2024,high_gate,4,shrub,R,BRTE,2,0,,,,
5/16/2024,high_gate,4,shrub,R,BRTE,3,0,,,,
5/16/2024,high_gate,4,shrub,R,COPA,1,0,,,,
5/16/2024,high_gate,4,shrub,R,COPA,2,,,,,missing
5/16/2024,high_gate,4,shrub,R,COPA,3,0,,,,
5/16/2024,high_gate,4,shrub,R,PODO,1,0,,,,
5/16/2024,high_gate,4,shrub,R,PODO,2,0,,,,
5/16/2024,high_gate,4,shrub,R,PODO,3,0,,,,
5/16/2024,high_gate,4,shrub,C,ALDE,1,0,,,,
5/16/2024,high_gate,4,shrub,C,ALDE,2,0,,,,
5/16/2024,high_gate,4,shrub,C,ALDE,3,0,,,,
5/16/2024,high_gate,4,shrub,C,BRTE,1,0,,,,
5/16/2024,high_gate,4,shrub,C,BRTE,2,0,,,,
5/16/2024,high_gate,4,shrub,C,BRTE,3,0,,,,
5/16/2024,high_gate,4,shrub,C,COPA,1,0,,,,
5/16/2024,high_gate,4,shrub,C,COPA,2,0,,,,
5/16/2024,high_gate,4,shrub,C,COPA,3,0,,,,
5/16/2024,high_gate,4,shrub,C,PODO,1,0,,,,
5/16/2024,high_gate,4,shrub,C,PODO,2,0,,,,
5/16/2024,high_gate,4,shrub,C,PODO,3,0,,,,
5/16/2024,high_north,1,open,R,ALDE,1,0,,,,
5/16/2024,high_north,1,open,R,ALDE,2,0,,,,
5/16/2024,high_north,1,open,R,ALDE,3,0,,,,
5/16/2024,high_north,1,open,R,BRTE,1,0,,,,
5/16/2024,high_north,1,open,R,BRTE,2,,,,,trampled
5/16/2024,high_north,1,open,R,BRTE,3,0,,,,
5/16/2024,high_north,1,open,R,COPA,1,1,,1,0.3,
5/16/2024,high_north,1,open,R,COPA,2,0,,,,
5/16/2024,high_north,1,open,R,COPA,3,0,,,,
5/16/2024,high_north,1,open,C,ALDE,1,,,,,trampled
5/16/2024,high_north,1,open,C,ALDE,2,0,,,,
5/16/2024,high_north,1,open,C,ALDE,3,0,,,,
5/16/2024,high_north,1,open,C,BRTE,1,0,,,,
5/16/2024,high_north,1,open,C,BRTE,2,0,,,,
5/16/2024,high_north,1,open,C,BRTE,3,0,,,,
5/16/2024,high_north,1,open,C,COPA,1,0,,,,
5/16/2024,high_north,1,open,C,COPA,2,,,,,trampled
5/16/2024,high_north,1,open,C,COPA,3,,,,,trampled
5/16/2024,high_north,1,shrub,R,ALDE,1,0,,,,
5/16/2024,high_north,1,shrub,R,ALDE,2,0,,,,
5/16/2024,high_north,1,shrub,R,ALDE,3,0,,,,
5/16/2024,high_north,1,shrub,R,BRTE,1,0,,,,
5/16/2024,high_north,1,shrub,R,BRTE,2,1,,1,1.9,
5/16/2024,high_north,1,shrub,R,BRTE,3,1,,1,3,
5/16/2024,high_north,1,shrub,R,COPA,1,0,,,,
5/16/2024,high_north,1,shrub,R,COPA,2,0,,,,
5/16/2024,high_north,1,shrub,R,COPA,3,0,,,,
5/16/2024,high_north,1,shrub,C,ALDE,1,0,,,,
5/16/2024,high_north,1,shrub,C,ALDE,2,0,,,,
5/16/2024,high_north,1,shrub,C,ALDE,3,0,,,,
5/16/2024,high_north,1,shrub,C,BRTE,1,1,,1,3,
5/16/2024,high_north,1,shrub,C,BRTE,2,0,,,,
5/16/2024,high_north,1,shrub,C,BRTE,3,0,,,,
5/16/2024,high_north,1,shrub,C,COPA,1,0,,,,
5/16/2024,high_north,1,shrub,C,COPA,2,0,,,,
5/16/2024,high_north,1,shrub,C,COPA,3,0,,,,
5/16/2024,high_north,2,open,R,ALDE,1,0,,,,
5/16/2024,high_north,2,open,R,ALDE,2,0,,,,
5/16/2024,high_north,2,open,R,ALDE,3,0,,,,
5/16/2024,high_north,2,open,R,BRTE,1,0,,,,
5/16/2024,high_north,2,open,R,BRTE,2,0,,,,
5/16/2024,high_north,2,open,R,BRTE,3,0,,,,
5/16/2024,high_north,2,open,R,COPA,1,0,,,,
5/16/2024,high_north,2,open,R,COPA,2,0,,,,
5/16/2024,high_north,2,open,R,COPA,3,1,,1,0.4,
5/16/2024,high_north,2,open,C,ALDE,1,0,,,,
5/16/2024,high_north,2,open,C,ALDE,2,0,,,,
5/16/2024,high_north,2,open,C,ALDE,3,0,,,,
5/16/2024,high_north,2,open,C,BRTE,1,0,,,,
5/16/2024,high_north,2,open,C,BRTE,2,,,,,missing
5/16/2024,high_north,2,open,C,BRTE,3,,,,,missing
5/16/2024,high_north,2,open,C,COPA,1,0,,,,
5/16/2024,high_north,2,open,C,COPA,2,0,,,,
5/16/2024,high_north,2,open,C,COPA,3,0,,,,
5/16/2024,high_north,2,shrub,R,ALDE,1,0,,,,
5/16/2024,high_north,2,shrub,R,ALDE,2,0,,,,
5/16/2024,high_north,2,shrub,R,ALDE,3,0,,,,
5/16/2024,high_north,2,shrub,R,BRTE,1,0,,,,
5/16/2024,high_north,2,shrub,R,BRTE,2,0,,,,
5/16/2024,high_north,2,shrub,R,BRTE,3,0,,,,
5/16/2024,high_north,2,shrub,R,COPA,1,0,,,,
5/16/2024,high_north,2,shrub,R,COPA,2,0,,,,
5/16/2024,high_north,2,shrub,R,COPA,3,0,,,,
5/16/2024,high_north,2,shrub,C,ALDE,1,0,,,,
5/16/2024,high_north,2,shrub,C,ALDE,2,0,,,,
5/16/2024,high_north,2,shrub,C,ALDE,3,0,,,,
5/16/2024,high_north,2,shrub,C,BRTE,1,0,,,,
5/16/2024,high_north,2,shrub,C,BRTE,2,0,,,,
5/16/2024,high_north,2,shrub,C,BRTE,3,0,,,,
5/16/2024,high_north,2,shrub,C,COPA,1,0,,,,
5/16/2024,high_north,2,shrub,C,COPA,2,0,,,,
5/16/2024,high_north,2,shrub,C,COPA,3,0,,,,
5/16/2024,high_north,3,open,R,ALDE,1,0,,,,
5/16/2024,high_north,3,open,R,ALDE,2,0,,,,
5/16/2024,high_north,3,open,R,ALDE,3,0,,,,
5/16/2024,high_north,3,open,R,BRTE,1,0,,,,
5/16/2024,high_north,3,open,R,BRTE,2,0,,,,
5/16/2024,high_north,3,open,R,BRTE,3,0,,,,
5/16/2024,high_north,3,open,R,COPA,1,0,,,,
5/16/2024,high_north,3,open,R,COPA,2,0,,,,
5/16/2024,high_north,3,open,R,COPA,3,0,,,,
5/16/2024,high_north,3,open,C,ALDE,1,0,,,,
5/16/2024,high_north,3,open,C,ALDE,2,0,,,,
5/16/2024,high_north,3,open,C,ALDE,3,0,,,,
5/16/2024,high_north,3,open,C,BRTE,1,0,,,,
5/16/2024,high_north,3,open,C,BRTE,2,0,,,,
5/16/2024,high_north,3,open,C,BRTE,3,0,,,,
5/16/2024,high_north,3,open,C,COPA,1,0,,,,
5/16/2024,high_north,3,open,C,COPA,2,0,,,,
5/16/2024,high_north,3,open,C,COPA,3,0,,,,
5/16/2024,high_north,3,shrub,R,ALDE,1,0,,,,
5/16/2024,high_north,3,shrub,R,ALDE,2,0,,,,
5/16/2024,high_north,3,shrub,R,ALDE,3,0,,,,
5/16/2024,high_north,3,shrub,R,BRTE,1,0,,,,
5/16/2024,high_north,3,shrub,R,BRTE,2,1,,1,3.1,
5/16/2024,high_north,3,shrub,R,BRTE,3,0,,,,
5/16/2024,high_north,3,shrub,R,COPA,1,0,,,,
5/16/2024,high_north,3,shrub,R,COPA,2,0,,,,
5/16/2024,high_north,3,shrub,R,COPA,3,0,,,,
5/16/2024,high_north,3,shrub,C,ALDE,1,0,,,,
5/16/2024,high_north,3,shrub,C,ALDE,2,0,,,,
5/16/2024,high_north,3,shrub,C,ALDE,3,0,,,,
5/16/2024,high_north,3,shrub,C,BRTE,1,0,,,,
5/16/2024,high_north,3,shrub,C,BRTE,2,1,,1,2.6,
5/16/2024,high_north,3,shrub,C,BRTE,3,0,,,,did this one die?
5/16/2024,high_north,3,shrub,C,COPA,1,0,,,,did this one die?
5/16/2024,high_north,3,shrub,C,COPA,2,1,,1,0.5,
5/16/2024,high_north,3,shrub,C,COPA,3,0,,,,
5/16/2024,high_north,4,open,R,ALDE,1,0,,,,
5/16/2024,high_north,4,open,R,ALDE,2,0,,,,
5/16/2024,high_north,4,open,R,ALDE,3,0,,,,
5/16/2024,high_north,4,open,R,BRTE,1,0,,,,
5/16/2024,high_north,4,open,R,BRTE,2,0,,,,
5/16/2024,high_north,4,open,R,BRTE,3,0,,,,
5/16/2024,high_north,4,open,R,COPA,1,0,,,,
5/16/2024,high_north,4,open,R,COPA,2,0,,,,
5/16/2024,high_north,4,open,R,COPA,3,0,,,,
5/16/2024,high_north,4,open,C,ALDE,1,0,,,,
5/16/2024,high_north,4,open,C,ALDE,2,0,,,,
5/16/2024,high_north,4,open,C,ALDE,3,0,,,,
5/16/2024,high_north,4,open,C,BRTE,1,0,,,,
5/16/2024,high_north,4,open,C,BRTE,2,0,,,,
5/16/2024,high_north,4,open,C,BRTE,3,0,,,,
5/16/2024,high_north,4,open,C,COPA,1,0,,,,
5/16/2024,high_north,4,open,C,COPA,2,0,,,,
5/16/2024,high_north,4,open,C,COPA,3,0,,,,
5/16/2024,high_north,4,shrub,R,ALDE,1,0,,,,
5/16/2024,high_north,4,shrub,R,ALDE,2,0,,,,
5/16/2024,high_north,4,shrub,R,ALDE,3,0,,,,
5/16/2024,high_north,4,shrub,R,BRTE,1,1,,1,2.1,
5/16/2024,high_north,4,shrub,R,BRTE,2,1,,1,2.1,
5/16/2024,high_north,4,shrub,R,BRTE,3,0,,,,
5/16/2024,high_north,4,shrub,R,COPA,1,0,,,,
5/16/2024,high_north,4,shrub,R,COPA,2,0,,,,
5/16/2024,high_north,4,shrub,R,COPA,3,0,,,,
5/16/2024,high_north,4,shrub,C,ALDE,1,0,,,,
5/16/2024,high_north,4,shrub,C,ALDE,2,0,,,,
5/16/2024,high_north,4,shrub,C,ALDE,3,0,,,,
5/16/2024,high_north,4,shrub,C,BRTE,1,0,,,,
5/16/2024,high_north,4,shrub,C,BRTE,2,0,,,,
5/16/2024,high_north,4,shrub,C,BRTE,3,0,,,,
5/16/2024,high_north,4,shrub,C,COPA,1,0,,,,
5/16/2024,high_north,4,shrub,C,COPA,2,0,,,,
5/16/2024,high_north,4,shrub,C,COPA,3,0,,,,
5/20/2024,low_north,1,open,R,ALDE,1,0,,,,
5/20/2024,low_north,1,open,R,ALDE,2,0,,,,
5/20/2024,low_north,1,open,R,ALDE,3,0,,,,
5/20/2024,low_north,1,open,R,BRTE,1,1,,1,2.4,
5/20/2024,low_north,1,open,R,BRTE,2,0,,,,
5/20/2024,low_north,1,open,R,BRTE,3,0,,,,
5/20/2024,low_north,1,open,R,COPA,1,0,,,,
5/20/2024,low_north,1,open,R,COPA,2,1,,3,1.3,
5/20/2024,low_north,1,open,R,COPA,3,0,,,,
5/20/2024,low_north,1,open,R,PODO,1,0,,,,
5/20/2024,low_north,1,open,R,PODO,2,0,,,,
5/20/2024,low_north,1,open,R,PODO,3,0,,,,
5/20/2024,low_north,1,open,C,ALDE,1,0,,,,
5/20/2024,low_north,1,open,C,ALDE,2,0,,,,
5/20/2024,low_north,1,open,C,ALDE,3,1,,1,2.1,
5/20/2024,low_north,1,open,C,BRTE,1,0,,,,
5/20/2024,low_north,1,open,C,BRTE,2,0,,,,
5/20/2024,low_north,1,open,C,BRTE,3,0,,,,
5/20/2024,low_north,1,open,C,COPA,1,0,,,,
5/20/2024,low_north,1,open,C,COPA,2,0,,,,
5/20/2024,low_north,1,open,C,COPA,3,0,,,,
5/20/2024,low_north,1,open,C,PODO,1,0,,,,
5/20/2024,low_north,1,open,C,PODO,2,0,,,,
5/20/2024,low_north,1,open,C,PODO,3,0,,,,
5/20/2024,low_north,1,shrub,R,ALDE,1,0,,,,
5/20/2024,low_north,1,shrub,R,ALDE,2,1,,2,2.4,
5/20/2024,low_north,1,shrub,R,ALDE,3,0,,,,
5/20/2024,low_north,1,shrub,R,BRTE,1,0,,,,
5/20/2024,low_north,1,shrub,R,BRTE,2,0,,,,
5/20/2024,low_north,1,shrub,R,BRTE,3,0,,,,
5/20/2024,low_north,1,shrub,R,COPA,1,1,,2,2.8,
5/20/2024,low_north,1,shrub,R,COPA,2,1,,1,1.5,
5/20/2024,low_north,1,shrub,R,COPA,3,0,,,,
5/20/2024,low_north,1,shrub,R,PODO,1,0,,,,
5/20/2024,low_north,1,shrub,R,PODO,2,1,,1,3.1,
5/20/2024,low_north,1,shrub,R,PODO,3,0,,,,
5/20/2024,low_north,1,shrub,C,ALDE,1,0,,,,
5/20/2024,low_north,1,shrub,C,ALDE,2,0,,,,
5/20/2024,low_north,1,shrub,C,ALDE,3,0,,,,
5/20/2024,low_north,1,shrub,C,BRTE,1,1,,1,2.2,
5/20/2024,low_north,1,shrub,C,BRTE,2,1,,1,2.6,
5/20/2024,low_north,1,shrub,C,BRTE,3,0,,,,
5/20/2024,low_north,1,shrub,C,COPA,1,1,,1,0.7,
5/20/2024,low_north,1,shrub,C,COPA,2,0,,,,
5/20/2024,low_north,1,shrub,C,COPA,3,1,,3,2.7,
5/20/2024,low_north,1,shrub,C,PODO,1,0,,,,
5/20/2024,low_north,1,shrub,C,PODO,2,0,,,,
5/20/2024,low_north,1,shrub,C,PODO,3,1,,1,1.4,
5/20/2024,low_north,2,open,R,ALDE,1,0,,,,
5/20/2024,low_north,2,open,R,ALDE,2,0,,,,
5/20/2024,low_north,2,open,R,ALDE,3,0,,,,
5/20/2024,low_north,2,open,R,BRTE,1,0,,,,
5/20/2024,low_north,2,open,R,BRTE,2,0,,,,
5/20/2024,low_north,2,open,R,BRTE,3,0,,,,
5/20/2024,low_north,2,open,R,COPA,1,1,,3,1.6,
5/20/2024,low_north,2,open,R,COPA,2,0,,,,
5/20/2024,low_north,2,open,R,COPA,3,1,,3,1.9,
5/20/2024,low_north,2,open,R,PODO,1,1,,1,0.8,
5/20/2024,low_north,2,open,R,PODO,2,0,,,,
5/20/2024,low_north,2,open,R,PODO,3,0,,,,
5/20/2024,low_north,2,open,C,ALDE,1,0,,,,
5/20/2024,low_north,2,open,C,ALDE,2,0,,,,
5/20/2024,low_north,2,open,C,ALDE,3,0,,,,
5/20/2024,low_north,2,open,C,BRTE,1,0,,,,
5/20/2024,low_north,2,open,C,BRTE,2,1,,1,3.7,
5/20/2024,low_north,2,open,C,BRTE,3,1,,1,6,
5/20/2024,low_north,2,open,C,COPA,1,0,,,,
5/20/2024,low_north,2,open,C,COPA,2,0,,,,
5/20/2024,low_north,2,open,C,COPA,3,0,,,,
5/20/2024,low_north,2,open,C,PODO,1,0,,,,
5/20/2024,low_north,2,open,C,PODO,2,0,,,,
5/20/2024,low_north,2,open,C,PODO,3,0,,,,
5/20/2024,low_north,2,shrub,R,ALDE,1,0,,,,
5/20/2024,low_north,2,shrub,R,ALDE,2,0,,,,
5/20/2024,low_north,2,shrub,R,ALDE,3,0,,,,
5/20/2024,low_north,2,shrub,R,BRTE,1,0,,,,
5/20/2024,low_north,2,shrub,R,BRTE,2,0,,,,
5/20/2024,low_north,2,shrub,R,BRTE,3,0,,,,
5/20/2024,low_north,2,shrub,R,COPA,1,0,,,,
5/20/2024,low_north,2,shrub,R,COPA,2,0,,,,
5/20/2024,low_north,2,shrub,R,COPA,3,1,,4,1,phenophase may be 3 still
5/20/2024,low_north,2,shrub,R,PODO,1,0,,,,
5/20/2024,low_north,2,shrub,R,PODO,2,0,,,,
5/20/2024,low_north,2,shrub,R,PODO,3,0,,,,
5/20/2024,low_north,2,shrub,C,ALDE,1,0,,,,
5/20/2024,low_north,2,shrub,C,ALDE,2,0,,,,
5/20/2024,low_north,2,shrub,C,ALDE,3,0,,,,
5/20/2024,low_north,2,shrub,C,BRTE,1,0,,,,
5/20/2024,low_north,2,shrub,C,BRTE,2,1,,1,2.2,
5/20/2024,low_north,2,shrub,C,BRTE,3,0,,,,
5/20/2024,low_north,2,shrub,C,COPA,1,1,,3,1.7,
5/20/2024,low_north,2,shrub,C,COPA,2,0,,,,
5/20/2024,low_north,2,shrub,C,COPA,3,0,,,,
5/20/2024,low_north,2,shrub,C,PODO,1,0,,,,
5/20/2024,low_north,2,shrub,C,PODO,2,0,,,,
5/20/2024,low_north,2,shrub,C,PODO,3,0,,,,
5/20/2024,low_north,3,open,R,ALDE,1,0,,,,
5/20/2024,low_north,3,open,R,ALDE,2,0,,,,
5/20/2024,low_north,3,open,R,ALDE,3,0,,,,
5/20/2024,low_north,3,open,R,BRTE,1,1,,1,3,
5/20/2024,low_north,3,open,R,BRTE,2,0,,,,
5/20/2024,low_north,3,open,R,BRTE,3,0,,,,
5/20/2024,low_north,3,open,R,COPA,1,,,,,missing
5/20/2024,low_north,3,open,R,COPA,2,0,,,,
5/20/2024,low_north,3,open,R,COPA,3,,,,,missing
5/20/2024,low_north,3,open,R,PODO,1,0,,,,
5/20/2024,low_north,3,open,R,PODO,2,0,,,,
5/20/2024,low_north,3,open,R,PODO,3,0,,,,
5/20/2024,low_north,3,open,C,ALDE,1,0,,,,
5/20/2024,low_north,3,open,C,ALDE,2,0,,,,
5/20/2024,low_north,3,open,C,ALDE,3,0,,,,
5/20/2024,low_north,3,open,C,BRTE,1,0,,,,
5/20/2024,low_north,3,open,C,BRTE,2,1,,1,4.1,
5/20/2024,low_north,3,open,C,BRTE,3,1,,1,2.9,
5/20/2024,low_north,3,open,C,COPA,1,0,,,,
5/20/2024,low_north,3,open,C,COPA,2,0,,,,
5/20/2024,low_north,3,open,C,COPA,3,0,,,,
5/20/2024,low_north,3,open,C,PODO,1,0,,,,
5/20/2024,low_north,3,open,C,PODO,2,0,,,,
5/20/2024,low_north,3,open,C,PODO,3,0,,,,
5/20/2024,low_north,3,shrub,R,ALDE,1,0,,,,
5/20/2024,low_north,3,shrub,R,ALDE,2,0,,,,
5/20/2024,low_north,3,shrub,R,ALDE,3,0,,,,
5/20/2024,low_north,3,shrub,R,BRTE,1,0,,,,
5/20/2024,low_north,3,shrub,R,BRTE,2,0,,,,
5/20/2024,low_north,3,shrub,R,BRTE,3,0,,,,
5/20/2024,low_north,3,shrub,R,COPA,1,1,,3,1.5,
5/20/2024,low_north,3,shrub,R,COPA,2,0,,,,
5/20/2024,low_north,3,shrub,R,COPA,3,0,,,,
5/20/2024,low_north,3,shrub,R,PODO,1,0,,,,
5/20/2024,low_north,3,shrub,R,PODO,2,0,,,,
5/20/2024,low_north,3,shrub,R,PODO,3,0,,,,
5/20/2024,low_north,3,shrub,C,ALDE,1,0,,,,
5/20/2024,low_north,3,shrub,C,ALDE,2,0,,,,
5/20/2024,low_north,3,shrub,C,ALDE,3,0,,,,
5/20/2024,low_north,3,shrub,C,BRTE,1,1,,1,4.2,
5/20/2024,low_north,3,shrub,C,BRTE,2,0,,,,
5/20/2024,low_north,3,shrub,C,BRTE,3,0,,,,
5/20/2024,low_north,3,shrub,C,COPA,1,0,,,,
5/20/2024,low_north,3,shrub,C,COPA,2,0,,,,
5/20/2024,low_north,3,shrub,C,COPA,3,1,,3,3.1,
5/20/2024,low_north,3,shrub,C,PODO,1,0,,,,
5/20/2024,low_north,3,shrub,C,PODO,2,0,,,,
5/20/2024,low_north,3,shrub,C,PODO,3,0,,,,
5/20/2024,low_north,4,shrub,R,ALDE,1,0,,,,
5/20/2024,low_north,4,shrub,R,ALDE,2,1,,2,2.3,
5/20/2024,low_north,4,shrub,R,ALDE,3,0,,,,
5/20/2024,low_north,4,shrub,R,BRTE,1,0,,,,
5/20/2024,low_north,4,shrub,R,BRTE,2,0,,,,
5/20/2024,low_north,4,shrub,R,BRTE,3,0,,,,
5/20/2024,low_north,4,shrub,R,COPA,1,0,,,,
5/20/2024,low_north,4,shrub,R,COPA,2,0,,,,
5/20/2024,low_north,4,shrub,R,COPA,3,0,,,,
5/20/2024,low_north,4,shrub,R,PODO,1,0,,,,
5/20/2024,low_north,4,shrub,R,PODO,2,0,,,,
5/20/2024,low_north,4,shrub,R,PODO,3,0,,,,
5/20/2024,low_north,4,shrub,C,ALDE,1,0,,,,
5/20/2024,low_north,4,shrub,C,ALDE,2,0,,,,
5/20/2024,low_north,4,shrub,C,ALDE,3,0,,,,
5/20/2024,low_north,4,shrub,C,BRTE,1,1,,1,4.1,
5/20/2024,low_north,4,shrub,C,BRTE,2,1,,1,5.2,
5/20/2024,low_north,4,shrub,C,BRTE,3,1,,1,3.5,
5/20/2024,low_north,4,shrub,C,COPA,1,1,,3,2.8,
5/20/2024,low_north,4,shrub,C,COPA,2,0,,,,
5/20/2024,low_north,4,shrub,C,COPA,3,0,,,,
5/20/2024,low_north,4,shrub,C,PODO,1,0,,,,
5/20/2024,low_north,4,shrub,C,PODO,2,0,,,,
5/20/2024,low_north,4,shrub,C,PODO,3,0,,,,
5/20/2024,low_gate,1,open,R,ALDE,1,0,,,,
5/20/2024,low_gate,1,open,R,ALDE,2,0,,,,
5/20/2024,low_gate,1,open,R,ALDE,3,0,,,,
5/20/2024,low_gate,1,open,R,BRTE,1,0,,,,
5/20/2024,low_gate,1,open,R,BRTE,2,0,,,,
5/20/2024,low_gate,1,open,R,BRTE,3,0,,,,
5/20/2024,low_gate,1,open,R,COPA,1,0,,,,
5/20/2024,low_gate,1,open,R,COPA,2,1,<10%,3,2.9,
5/20/2024,low_gate,1,open,R,COPA,3,1,<10%,3,3.3,
5/20/2024,low_gate,1,open,C,ALDE,1,0,,,,
5/20/2024,low_gate,1,open,C,ALDE,2,0,,,,
5/20/2024,low_gate,1,open,C,ALDE,3,0,,,,
5/20/2024,low_gate,1,open,C,BRTE,1,0,,,,
5/20/2024,low_gate,1,open,C,BRTE,2,0,,,,
5/20/2024,low_gate,1,open,C,BRTE,3,0,,,,
5/20/2024,low_gate,1,open,C,COPA,1,0,,,,
5/20/2024,low_gate,1,open,C,COPA,2,1,,3,1.4,
5/20/2024,low_gate,1,open,C,COPA,3,0,,,,
5/20/2024,low_gate,1,shrub,R,ALDE,1,0,,,,
5/20/2024,low_gate,1,shrub,R,ALDE,2,0,,,,
5/20/2024,low_gate,1,shrub,R,ALDE,3,0,,,,
5/20/2024,low_gate,1,shrub,R,BRTE,1,1,,1,4.7,
5/20/2024,low_gate,1,shrub,R,BRTE,2,0,,,,
5/20/2024,low_gate,1,shrub,R,BRTE,3,0,,,,
5/20/2024,low_gate,1,shrub,R,COPA,1,1,<10%,3,3.4,
5/20/2024,low_gate,1,shrub,R,COPA,2,0,,,,
5/20/2024,low_gate,1,shrub,R,COPA,3,0,,,,
5/20/2024,low_gate,1,shrub,C,ALDE,1,0,,,,
5/20/2024,low_gate,1,shrub,C,ALDE,2,0,,,,
5/20/2024,low_gate,1,shrub,C,ALDE,3,0,,,,
5/20/2024,low_gate,1,shrub,C,BRTE,1,0,,,,
5/20/2024,low_gate,1,shrub,C,BRTE,2,0,,,,
5/20/2024,low_gate,1,shrub,C,BRTE,3,1,,1,5.4,
5/20/2024,low_gate,1,shrub,C,COPA,1,0,,,,
5/20/2024,low_gate,1,shrub,C,COPA,2,0,,,,
5/20/2024,low_gate,1,shrub,C,COPA,3,1,,3,2.8,
5/20/2024,low_gate,2,open,R,ALDE,1,1,,1,1.4,
5/20/2024,low_gate,2,open,R,ALDE,2,0,,,,
5/20/2024,low_gate,2,open,R,ALDE,3,0,,,,
5/20/2024,low_gate,2,open,R,BRTE,1,0,,,,
5/20/2024,low_gate,2,open,R,BRTE,2,0,,,,
5/20/2024,low_gate,2,open,R,BRTE,3,0,,,,
5/20/2024,low_gate,2,open,R,COPA,1,0,,,,
5/20/2024,low_gate,2,open,R,COPA,2,0,,,,
5/20/2024,low_gate,2,open,R,COPA,3,0,,,,
5/20/2024,low_gate,2,open,C,ALDE,1,0,,,,
5/20/2024,low_gate,2,open,C,ALDE,2,0,,,,
5/20/2024,low_gate,2,open,C,ALDE,3,0,,,,
5/20/2024,low_gate,2,open,C,BRTE,1,1,,1,2.6,
5/20/2024,low_gate,2,open,C,BRTE,2,0,,,,
5/20/2024,low_gate,2,open,C,BRTE,3,0,,,,
5/20/2024,low_gate,2,open,C,COPA,1,1,,2,1.7,
5/20/2024,low_gate,2,open,C,COPA,2,0,,,,
5/20/2024,low_gate,2,open,C,COPA,3,0,,,,
5/20/2024,low_gate,2,shrub,R,ALDE,1,,,,,trampled
5/20/2024,low_gate,2,shrub,R,ALDE,2,0,,,,
5/20/2024,low_gate,2,shrub,R,ALDE,3,0,,,,
5/20/2024,low_gate,2,shrub,R,BRTE,1,0,,,,
5/20/2024,low_gate,2,shrub,R,BRTE,2,1,,1,2.1,
5/20/2024,low_gate,2,shrub,R,BRTE,3,0,,,,
5/20/2024,low_gate,2,shrub,R,COPA,1,1,,3,5.5,
5/20/2024,low_gate,2,shrub,R,COPA,2,,,,,trampled; sheep?
5/20/2024,low_gate,2,shrub,R,COPA,3,1,,3,4,
5/20/2024,low_gate,2,shrub,C,ALDE,1,0,,,,
5/20/2024,low_gate,2,shrub,C,ALDE,2,0,,,,
5/20/2024,low_gate,2,shrub,C,ALDE,3,0,,,,
5/20/2024,low_gate,2,shrub,C,BRTE,1,0,,,,
5/20/2024,low_gate,2,shrub,C,BRTE,2,0,,,,
5/20/2024,low_gate,2,shrub,C,BRTE,3,0,,,,
5/20/2024,low_gate,2,shrub,C,COPA,1,0,,,,
5/20/2024,low_gate,2,shrub,C,COPA,2,0,,,,
5/20/2024,low_gate,2,shrub,C,COPA,3,0,,,,
5/20/2024,low_gate,3,open,R,ALDE,1,0,,,,
5/20/2024,low_gate,3,open,R,ALDE,2,0,,,,
5/20/2024,low_gate,3,open,R,ALDE,3,0,,,,
5/20/2024,low_gate,3,open,R,BRTE,1,0,,,,
5/20/2024,low_gate,3,open,R,BRTE,2,0,,,,
5/20/2024,low_gate,3,open,R,BRTE,3,1,,1,4.9,
5/20/2024,low_gate,3,open,R,COPA,1,0,,,,
5/20/2024,low_gate,3,open,R,COPA,2,0,,,,
5/20/2024,low_gate,3,open,R,COPA,3,1,,3,2.4,
5/20/2024,low_gate,3,open,C,ALDE,1,0,,,,
5/20/2024,low_gate,3,open,C,ALDE,2,0,,,,
5/20/2024,low_gate,3,open,C,ALDE,3,0,,,,
5/20/2024,low_gate,3,open,C,BRTE,1,0,,,,
5/20/2024,low_gate,3,open,C,BRTE,2,0,,,,
5/20/2024,low_gate,3,open,C,BRTE,3,0,,,,
5/20/2024,low_gate,3,open,C,COPA,1,0,,,,
5/20/2024,low_gate,3,open,C,COPA,2,1,,3,2.4,
5/20/2024,low_gate,3,open,C,COPA,3,1,,3,2.7,
5/20/2024,low_gate,3,shrub,R,ALDE,1,0,,,,
5/20/2024,low_gate,3,shrub,R,ALDE,2,,,,,trampled
5/20/2024,low_gate,3,shrub,R,ALDE,3,0,,,,
5/20/2024,low_gate,3,shrub,R,BRTE,1,1,,1,5.8,
5/20/2024,low_gate,3,shrub,R,BRTE,2,0,,,,
5/20/2024,low_gate,3,shrub,R,BRTE,3,0,,,,
5/20/2024,low_gate,3,shrub,R,COPA,1,1,,3,3.5,
5/20/2024,low_gate,3,shrub,R,COPA,2,1,,3,3,
5/20/2024,low_gate,3,shrub,R,COPA,3,1,,3,7.6,
5/20/2024,low_gate,3,shrub,C,ALDE,1,0,,,,
5/20/2024,low_gate,3,shrub,C,ALDE,2,0,,,,
5/20/2024,low_gate,3,shrub,C,ALDE,3,0,,,,
5/20/2024,low_gate,3,shrub,C,BRTE,1,0,,,,
5/20/2024,low_gate,3,shrub,C,BRTE,2,1,,1,4.3,
5/20/2024,low_gate,3,shrub,C,BRTE,3,0,,,,
5/20/2024,low_gate,3,shrub,C,COPA,1,0,,,,
5/20/2024,low_gate,3,shrub,C,COPA,2,1,,3,2.5,
5/20/2024,low_gate,3,shrub,C,COPA,3,0,,,,
5/20/2024,low_gate,4,open,R,ALDE,1,0,,,,
5/20/2024,low_gate,4,open,R,ALDE,2,0,,,,
5/20/2024,low_gate,4,open,R,ALDE,3,0,,,,
5/20/2024,low_gate,4,open,R,BRTE,1,0,,,,
5/20/2024,low_gate,4,open,R,BRTE,2,1,,1,1.7,
5/20/2024,low_gate,4,open,R,BRTE,3,0,,,,
5/20/2024,low_gate,4,open,R,COPA,1,0,,,,
5/20/2024,low_gate,4,open,R,COPA,2,1,<10%,3,2.5,
5/20/2024,low_gate,4,open,R,COPA,3,1,<10%,3,2.4,
5/20/2024,low_gate,4,open,C,ALDE,1,0,,,,
5/20/2024,low_gate,4,open,C,ALDE,2,0,,,,
5/20/2024,low_gate,4,open,C,ALDE,3,0,,,,
5/20/2024,low_gate,4,open,C,BRTE,1,0,,,,
5/20/2024,low_gate,4,open,C,BRTE,2,0,,,,
5/20/2024,low_gate,4,open,C,BRTE,3,0,,,,
5/20/2024,low_gate,4,open,C,COPA,1,0,,,,
5/20/2024,low_gate,4,open,C,COPA,2,0,,,,
5/20/2024,low_gate,4,open,C,COPA,3,0,,,,
5/20/2024,low_gate,4,shrub,R,ALDE,1,0,,,,
5/20/2024,low_gate,4,shrub,R,ALDE,2,0,,,,
5/20/2024,low_gate,4,shrub,R,ALDE,3,0,,,,
5/20/2024,low_gate,4,shrub,R,BRTE,1,1,,1,8.6,
5/20/2024,low_gate,4,shrub,R,BRTE,2,0,,,,
5/20/2024,low_gate,4,shrub,R,BRTE,3,1,,1,5.4,
5/20/2024,low_gate,4,shrub,R,COPA,1,0,,,,
5/20/2024,low_gate,4,shrub,R,COPA,2,0,,,,
5/20/2024,low_gate,4,shrub,R,COPA,3,0,,,,
5/20/2024,low_gate,4,shrub,C,ALDE,1,0,,,,
5/20/2024,low_gate,4,shrub,C,ALDE,2,0,,,,
5/20/2024,low_gate,4,shrub,C,ALDE,3,0,,,,
5/20/2024,low_gate,4,shrub,C,BRTE,1,0,,,,
5/20/2024,low_gate,4,shrub,C,BRTE,2,0,,,,
5/20/2024,low_gate,4,shrub,C,BRTE,3,0,,,,
5/20/2024,low_gate,4,shrub,C,COPA,1,0,,,,
5/20/2024,low_gate,4,shrub,C,COPA,2,0,,,,
5/20/2024,low_gate,4,shrub,C,COPA,3,1,,,,missing data on height and phenophase
5/21/2024,high_east,1,open,R,ALDE,1,0,,,,
5/21/2024,high_east,1,open,R,ALDE,2,0,,,,
5/21/2024,high_east,1,open,R,ALDE,3,0,,,,
5/21/2024,high_east,1,open,R,BRTE,1,0,,,,trampled
5/21/2024,high_east,1,open,R,BRTE,2,1,,1,2.3,
5/21/2024,high_east,1,open,R,BRTE,3,0,,,,
5/21/2024,high_east,1,open,R,COPA,1,0,,,,
5/21/2024,high_east,1,open,R,COPA,2,1,,2,1.8,
5/21/2024,high_east,1,open,R,COPA,3,0,,,,
5/21/2024,high_east,1,open,C,ALDE,1,0,,,,
5/21/2024,high_east,1,open,C,ALDE,2,0,,,,
5/21/2024,high_east,1,open,C,ALDE,3,0,,,,
5/21/2024,high_east,1,open,C,BRTE,1,0,,,,
5/21/2024,high_east,1,open,C,BRTE,2,0,,,,
5/21/2024,high_east,1,open,C,BRTE,3,1,,1,2.1,
5/21/2024,high_east,1,open,C,COPA,1,0,,,,
5/21/2024,high_east,1,open,C,COPA,2,0,,,,
5/21/2024,high_east,1,open,C,COPA,3,0,,,,
5/21/2024,high_east,1,shrub,R,ALDE,1,0,,,,
5/21/2024,high_east,1,shrub,R,ALDE,2,0,,,,
5/21/2024,high_east,1,shrub,R,ALDE,3,0,,,,
5/21/2024,high_east,1,shrub,R,BRTE,1,0,,,,
5/21/2024,high_east,1,shrub,R,BRTE,2,0,,,,
5/21/2024,high_east,1,shrub,R,BRTE,3,0,,,,
5/21/2024,high_east,1,shrub,R,COPA,1,0,,,,
5/21/2024,high_east,1,shrub,R,COPA,2,0,,,,
5/21/2024,high_east,1,shrub,R,COPA,3,1,,1,0.6,
5/21/2024,high_east,1,shrub,C,ALDE,1,0,,,,
5/21/2024,high_east,1,shrub,C,ALDE,2,0,,,,
5/21/2024,high_east,1,shrub,C,ALDE,3,0,,,,
5/21/2024,high_east,1,shrub,C,BRTE,1,0,,,,
5/21/2024,high_east,1,shrub,C,BRTE,2,0,,,,
5/21/2024,high_east,1,shrub,C,BRTE,3,0,,,,
5/21/2024,high_east,1,shrub,C,COPA,1,0,,,,
5/21/2024,high_east,1,shrub,C,COPA,2,0,,,,
5/21/2024,high_east,1,shrub,C,COPA,3,1,,2,1.7,
5/21/2024,high_east,2,open,R,ALDE,1,0,,,,
5/21/2024,high_east,2,open,R,ALDE,2,0,,,,
5/21/2024,high_east,2,open,R,ALDE,3,0,,,,
5/21/2024,high_east,2,open,R,BRTE,1,0,,,,
5/21/2024,high_east,2,open,R,BRTE,2,0,,,,
5/21/2024,high_east,2,open,R,BRTE,3,0,,,,
5/21/2024,high_east,2,open,R,COPA,1,0,,,,
5/21/2024,high_east,2,open,R,COPA,2,1,,4,1.6,maybe in 3 still
5/21/2024,high_east,2,open,R,COPA,3,0,,,,
5/21/2024,high_east,2,open,C,ALDE,1,,,,,trampled
5/21/2024,high_east,2,open,C,ALDE,2,,,,,trampled
5/21/2024,high_east,2,open,C,ALDE,3,0,,,,
5/21/2024,high_east,2,open,C,BRTE,1,1,,1,1.1,"previously noted as trampled, but growing despite that?"
5/21/2024,high_east,2,open,C,BRTE,2,,,,,trampled
5/21/2024,high_east,2,open,C,BRTE,3,0,,,,
5/21/2024,high_east,2,open,C,COPA,1,1,,4,1.1,maybe in 3 still
5/21/2024,high_east,2,open,C,COPA,2,,,,,trampled
5/21/2024,high_east,2,open,C,COPA,3,,,,,trampled
5/21/2024,high_east,2,shrub,R,ALDE,1,0,,,,
5/21/2024,high_east,2,shrub,R,ALDE,2,0,,,,
5/21/2024,high_east,2,shrub,R,ALDE,3,0,,,,
5/21/2024,high_east,2,shrub,R,BRTE,1,0,,,,
5/21/2024,high_east,2,shrub,R,BRTE,2,0,,,,
5/21/2024,high_east,2,shrub,R,BRTE,3,0,,,,
5/21/2024,high_east,2,shrub,R,COPA,1,0,,,,
5/21/2024,high_east,2,shrub,R,COPA,2,1,,3,3.9,
5/21/2024,high_east,2,shrub,R,COPA,3,1,,2,1.4,
5/21/2024,high_east,2,shrub,C,ALDE,1,0,,,,
5/21/2024,high_east,2,shrub,C,ALDE,2,0,,,,
5/21/2024,high_east,2,shrub,C,ALDE,3,0,,,,
5/21/2024,high_east,2,shrub,C,BRTE,1,0,,,,
5/21/2024,high_east,2,shrub,C,BRTE,2,0,,,,
5/21/2024,high_east,2,shrub,C,BRTE,3,0,,,,
5/21/2024,high_east,2,shrub,C,COPA,1,0,,,,
5/21/2024,high_east,2,shrub,C,COPA,2,0,,,,
5/21/2024,high_east,2,shrub,C,COPA,3,1,,2,2,
5/21/2024,high_east,3,open,R,ALDE,1,,,,,trampled
5/21/2024,high_east,3,open,R,ALDE,2,0,,,,
5/21/2024,high_east,3,open,R,ALDE,3,0,,,,
5/21/2024,high_east,3,open,R,BRTE,1,0,,,,
5/21/2024,high_east,3,open,R,BRTE,2,0,,,,
5/21/2024,high_east,3,open,R,BRTE,3,,,,,trampled
5/21/2024,high_east,3,open,R,COPA,1,0,,,,
5/21/2024,high_east,3,open,R,COPA,2,0,,,,
5/21/2024,high_east,3,open,R,COPA,3,0,,,,
5/21/2024,high_east,3,open,C,ALDE,1,0,,,,
5/21/2024,high_east,3,open,C,ALDE,2,0,,,,
5/21/2024,high_east,3,open,C,ALDE,3,0,,,,
5/21/2024,high_east,3,open,C,BRTE,1,0,,,,
5/21/2024,high_east,3,open,C,BRTE,2,0,,,,
5/21/2024,high_east,3,open,C,BRTE,3,0,,,,
5/21/2024,high_east,3,open,C,COPA,1,0,,,,
5/21/2024,high_east,3,open,C,COPA,2,0,,,,
5/21/2024,high_east,3,open,C,COPA,3,0,,,,
5/21/2024,high_east,3,shrub,R,ALDE,1,0,,,,
5/21/2024,high_east,3,shrub,R,ALDE,2,0,,,,
5/21/2024,high_east,3,shrub,R,ALDE,3,1,,1,0.5,
5/21/2024,high_east,3,shrub,R,BRTE,1,0,,,,
5/21/2024,high_east,3,shrub,R,BRTE,2,1,,1,2,
5/21/2024,high_east,3,shrub,R,BRTE,3,0,,,,
5/21/2024,high_east,3,shrub,R,COPA,1,0,,,,
5/21/2024,high_east,3,shrub,R,COPA,2,1,,1,1.6,no herbivory but doesn't look healthy
5/21/2024,high_east,3,shrub,R,COPA,3,1,<10%,1,0.6,no herbivory but doesn't look healthy
5/21/2024,high_east,3,shrub,C,ALDE,1,0,,,,
5/21/2024,high_east,3,shrub,C,ALDE,2,0,,,,
5/21/2024,high_east,3,shrub,C,ALDE,3,0,,,,
5/21/2024,high_east,3,shrub,C,BRTE,1,0,,,,
5/21/2024,high_east,3,shrub,C,BRTE,2,0,,,,
5/21/2024,high_east,3,shrub,C,BRTE,3,0,,,,
5/21/2024,high_east,3,shrub,C,COPA,1,1,,1,2.1,no herbivory but doesn't look good
5/21/2024,high_east,3,shrub,C,COPA,2,0,,,,
5/21/2024,high_east,3,shrub,C,COPA,3,0,,,,
5/21/2024,high_east,4,open,R,ALDE,1,0,,,,
5/21/2024,high_east,4,open,R,ALDE,2,0,,,,
5/21/2024,high_east,4,open,R,ALDE,3,0,,,,
5/21/2024,high_east,4,open,R,BRTE,1,0,,,,
5/21/2024,high_east,4,open,R,BRTE,2,0,,,,
5/21/2024,high_east,4,open,R,BRTE,3,0,,,,
5/21/2024,high_east,4,open,R,COPA,1,1,,4,1.3,
5/21/2024,high_east,4,open,R,COPA,2,1,<10%,1,1,
5/21/2024,high_east,4,open,R,COPA,3,0,,,,
5/21/2024,high_east,4,open,C,ALDE,1,0,,,,
5/21/2024,high_east,4,open,C,ALDE,2,0,,,,
5/21/2024,high_east,4,open,C,ALDE,3,0,,,,
5/21/2024,high_east,4,open,C,BRTE,1,0,,,,
5/21/2024,high_east,4,open,C,BRTE,2,0,,,,
5/21/2024,high_east,4,open,C,BRTE,3,0,,,,
5/21/2024,high_east,4,open,C,COPA,1,0,,,,
5/21/2024,high_east,4,open,C,COPA,2,0,,,,
5/21/2024,high_east,4,open,C,COPA,3,0,,,,
5/21/2024,high_east,4,shrub,R,ALDE,1,0,,,,
5/21/2024,high_east,4,shrub,R,ALDE,2,0,,,,
5/21/2024,high_east,4,shrub,R,ALDE,3,0,,,,
5/21/2024,high_east,4,shrub,R,BRTE,1,0,,,,
5/21/2024,high_east,4,shrub,R,BRTE,2,1,,1,2.1,
5/21/2024,high_east,4,shrub,R,BRTE,3,0,,,,
5/21/2024,high_east,4,shrub,R,COPA,1,1,,2,2.4,
5/21/2024,high_east,4,shrub,R,COPA,2,0,,,,
5/21/2024,high_east,4,shrub,R,COPA,3,0,,,,
5/21/2024,high_east,4,shrub,C,ALDE,1,0,,,,
5/21/2024,high_east,4,shrub,C,ALDE,2,0,,,,
5/21/2024,high_east,4,shrub,C,ALDE,3,0,,,,
5/21/2024,high_east,4,shrub,C,BRTE,1,0,,,,
5/21/2024,high_east,4,shrub,C,BRTE,2,0,,,,
5/21/2024,high_east,4,shrub,C,BRTE,3,0,,,,
5/21/2024,high_east,4,shrub,C,COPA,1,0,,,,
5/21/2024,high_east,4,shrub,C,COPA,2,0,,,,
5/21/2024,high_east,4,shrub,C,COPA,3,0,,,,
5/21/2024,high_gate,1,open,R,ALDE,1,0,,,,
5/21/2024,high_gate,1,open,R,ALDE,2,0,,,,
5/21/2024,high_gate,1,open,R,ALDE,3,0,,,,
5/21/2024,high_gate,1,open,R,BRTE,1,0,,,,
5/21/2024,high_gate,1,open,R,BRTE,2,0,,,,
5/21/2024,high_gate,1,open,R,BRTE,3,0,,,,
5/21/2024,high_gate,1,open,R,COPA,1,0,,,,
5/21/2024,high_gate,1,open,R,COPA,2,0,,,,
5/21/2024,high_gate,1,open,R,COPA,3,0,,,,
5/21/2024,high_gate,1,open,R,PODO,1,0,,,,
5/21/2024,high_gate,1,open,R,PODO,2,0,,,,
5/21/2024,high_gate,1,open,R,PODO,3,0,,,,
5/21/2024,high_gate,1,open,C,ALDE,1,0,,,,
5/21/2024,high_gate,1,open,C,ALDE,2,0,,,,
5/21/2024,high_gate,1,open,C,ALDE,3,0,,,,
5/21/2024,high_gate,1,open,C,BRTE,1,0,,,,
5/21/2024,high_gate,1,open,C,BRTE,2,0,,,,
5/21/2024,high_gate,1,open,C,BRTE,3,0,,,,
5/21/2024,high_gate,1,open,C,COPA,1,0,,,,
5/21/2024,high_gate,1,open,C,COPA,2,0,,,,
5/21/2024,high_gate,1,open,C,COPA,3,0,,,,
5/21/2024,high_gate,1,open,C,PODO,1,0,,,,
5/21/2024,high_gate,1,open,C,PODO,2,0,,,,
5/21/2024,high_gate,1,open,C,PODO,3,0,,,,
5/21/2024,high_gate,1,shrub,R,ALDE,1,0,,,,
5/21/2024,high_gate,1,shrub,R,ALDE,2,0,,,,
5/21/2024,high_gate,1,shrub,R,ALDE,3,0,,,,
5/21/2024,high_gate,1,shrub,R,BRTE,1,1,,1,1.3,
5/21/2024,high_gate,1,shrub,R,BRTE,2,1,,1,1.9,
5/21/2024,high_gate,1,shrub,R,BRTE,3,1,,1,2.5,
5/21/2024,high_gate,1,shrub,R,COPA,1,0,,,,
5/21/2024,high_gate,1,shrub,R,COPA,2,0,,,,
5/21/2024,high_gate,1,shrub,R,COPA,3,1,75-100%,1,1,
5/21/2024,high_gate,1,shrub,R,PODO,1,0,,,,
5/21/2024,high_gate,1,shrub,R,PODO,2,0,,,,
5/21/2024,high_gate,1,shrub,R,PODO,3,0,,,,
5/21/2024,high_gate,1,shrub,C,ALDE,1,0,,,,
5/21/2024,high_gate,1,shrub,C,ALDE,2,0,,,,
5/21/2024,high_gate,1,shrub,C,ALDE,3,0,,,,
5/21/2024,high_gate,1,shrub,C,BRTE,1,1,,1,3.2,
5/21/2024,high_gate,1,shrub,C,BRTE,2,0,,,,
5/21/2024,high_gate,1,shrub,C,BRTE,3,1,,1,3.4,
5/21/2024,high_gate,1,shrub,C,COPA,1,0,,,,
5/21/2024,high_gate,1,shrub,C,COPA,2,0,,,,
5/21/2024,high_gate,1,shrub,C,COPA,3,1,75-100%,1,2.2,
5/21/2024,high_gate,1,shrub,C,PODO,1,0,,,,
5/21/2024,high_gate,1,shrub,C,PODO,2,0,,,,
5/21/2024,high_gate,1,shrub,C,PODO,3,0,,,,
5/21/2024,high_gate,2,open,R,ALDE,1,0,,,,
5/21/2024,high_gate,2,open,R,ALDE,2,0,,,,
5/21/2024,high_gate,2,open,R,ALDE,3,0,,,,
5/21/2024,high_gate,2,open,R,BRTE,1,0,,,,
5/21/2024,high_gate,2,open,R,BRTE,2,0,,,,
5/21/2024,high_gate,2,open,R,BRTE,3,1,,1,1.9,
5/21/2024,high_gate,2,open,R,COPA,1,,,,,missing
5/21/2024,high_gate,2,open,R,COPA,2,0,,,,
5/21/2024,high_gate,2,open,R,COPA,3,0,,,,
5/21/2024,high_gate,2,open,R,PODO,1,0,,,,
5/21/2024,high_gate,2,open,R,PODO,2,0,,,,
5/21/2024,high_gate,2,open,R,PODO,3,0,,,,
5/21/2024,high_gate,2,open,C,ALDE,1,0,,,,
5/21/2024,high_gate,2,open,C,ALDE,2,0,,,,
5/21/2024,high_gate,2,open,C,ALDE,3,,,,,trampled
5/21/2024,high_gate,2,open,C,BRTE,1,0,,,,
5/21/2024,high_gate,2,open,C,BRTE,2,0,,,,
5/21/2024,high_gate,2,open,C,BRTE,3,0,,,,
5/21/2024,high_gate,2,open,C,COPA,1,1,<10%,3,1.2,
5/21/2024,high_gate,2,open,C,COPA,2,0,,,,
5/21/2024,high_gate,2,open,C,COPA,3,,,,,trampled
5/21/2024,high_gate,2,open,C,PODO,1,0,,,,
5/21/2024,high_gate,2,open,C,PODO,2,0,,,,
5/21/2024,high_gate,2,open,C,PODO,3,0,,,,
5/21/2024,high_gate,2,shrub,R,ALDE,1,0,,,,
5/21/2024,high_gate,2,shrub,R,ALDE,2,0,,,,
5/21/2024,high_gate,2,shrub,R,ALDE,3,0,,,,
5/21/2024,high_gate,2,shrub,R,BRTE,1,0,,,,
5/21/2024,high_gate,2,shrub,R,BRTE,2,0,,,,
5/21/2024,high_gate,2,shrub,R,BRTE,3,1,,1,2,
5/21/2024,high_gate,2,shrub,R,COPA,1,0,,,,
5/21/2024,high_gate,2,shrub,R,COPA,2,0,,,,
5/21/2024,high_gate,2,shrub,R,COPA,3,0,,,,
5/21/2024,high_gate,2,shrub,R,PODO,1,0,,,,
5/21/2024,high_gate,2,shrub,R,PODO,2,0,,,,
5/21/2024,high_gate,2,shrub,R,PODO,3,0,,,,
5/21/2024,high_gate,2,shrub,C,ALDE,1,0,,,,
5/21/2024,high_gate,2,shrub,C,ALDE,2,0,,,,
5/21/2024,high_gate,2,shrub,C,ALDE,3,0,,,,
5/21/2024,high_gate,2,shrub,C,BRTE,1,0,,,,
5/21/2024,high_gate,2,shrub,C,BRTE,2,0,,,,
5/21/2024,high_gate,2,shrub,C,BRTE,3,0,,,,
5/21/2024,high_gate,2,shrub,C,COPA,1,0,,,,
5/21/2024,high_gate,2,shrub,C,COPA,2,0,,,,
5/21/2024,high_gate,2,shrub,C,COPA,3,0,,,,
5/21/2024,high_gate,2,shrub,C,PODO,1,0,,,,
5/21/2024,high_gate,2,shrub,C,PODO,2,0,,,,
5/21/2024,high_gate,2,shrub,C,PODO,3,0,,,,
5/21/2024,high_gate,3,open,R,ALDE,1,0,,,,
5/21/2024,high_gate,3,open,R,ALDE,2,0,,,,
5/21/2024,high_gate,3,open,R,ALDE,3,0,,,,
5/21/2024,high_gate,3,open,R,BRTE,1,0,,,,
5/21/2024,high_gate,3,open,R,BRTE,2,0,,,,
5/21/2024,high_gate,3,open,R,BRTE,3,1,,1,2.6,
5/21/2024,high_gate,3,open,R,COPA,1,0,,,,
5/21/2024,high_gate,3,open,R,COPA,2,0,,,,
5/21/2024,high_gate,3,open,R,COPA,3,0,,,,
5/21/2024,high_gate,3,open,R,PODO,1,0,,,,
5/21/2024,high_gate,3,open,R,PODO,2,,,,,trampled
5/21/2024,high_gate,3,open,R,PODO,3,0,,,,
5/21/2024,high_gate,3,open,C,ALDE,1,0,,,,
5/21/2024,high_gate,3,open,C,ALDE,2,,,,,trampled
5/21/2024,high_gate,3,open,C,ALDE,3,,,,,trampled
5/21/2024,high_gate,3,open,C,BRTE,1,0,,,,
5/21/2024,high_gate,3,open,C,BRTE,2,,,,,trampled
5/21/2024,high_gate,3,open,C,BRTE,3,0,,,,
5/21/2024,high_gate,3,open,C,COPA,1,0,,,,
5/21/2024,high_gate,3,open,C,COPA,2,0,,,,
5/21/2024,high_gate,3,open,C,COPA,3,,,,,trampled
5/21/2024,high_gate,3,open,C,PODO,1,0,,,,
5/21/2024,high_gate,3,open,C,PODO,2,0,,,,
5/21/2024,high_gate,3,open,C,PODO,3,0,,,,
5/21/2024,high_gate,3,shrub,R,ALDE,1,0,,,,
5/21/2024,high_gate,3,shrub,R,ALDE,2,0,,,,
5/21/2024,high_gate,3,shrub,R,ALDE,3,0,,,,
5/21/2024,high_gate,3,shrub,R,BRTE,1,0,,,,
5/21/2024,high_gate,3,shrub,R,BRTE,2,0,,,,
5/21/2024,high_gate,3,shrub,R,BRTE,3,0,,,,
5/21/2024,high_gate,3,shrub,R,COPA,1,0,,,,
5/21/2024,high_gate,3,shrub,R,COPA,2,0,,,,
5/21/2024,high_gate,3,shrub,R,COPA,3,0,,,,
5/21/2024,high_gate,3,shrub,R,PODO,1,0,,,,
5/21/2024,high_gate,3,shrub,R,PODO,2,0,,,,
5/21/2024,high_gate,3,shrub,R,PODO,3,0,,,,
5/21/2024,high_gate,3,shrub,C,ALDE,1,0,,,,
5/21/2024,high_gate,3,shrub,C,ALDE,2,0,,,,
5/21/2024,high_gate,3,shrub,C,ALDE,3,0,,,,
5/21/2024,high_gate,3,shrub,C,BRTE,1,0,,,,
5/21/2024,high_gate,3,shrub,C,BRTE,2,0,,,,
5/21/2024,high_gate,3,shrub,C,BRTE,3,0,,,,
5/21/2024,high_gate,3,shrub,C,COPA,1,0,,,,
5/21/2024,high_gate,3,shrub,C,COPA,2,0,,,,
5/21/2024,high_gate,3,shrub,C,COPA,3,0,,,,
5/21/2024,high_gate,3,shrub,C,PODO,1,0,,,,
5/21/2024,high_gate,3,shrub,C,PODO,2,0,,,,
5/21/2024,high_gate,3,shrub,C,PODO,3,0,,,,
5/21/2024,high_gate,4,open,R,ALDE,1,0,,,,
5/21/2024,high_gate,4,open,R,ALDE,2,0,,,,
5/21/2024,high_gate,4,open,R,ALDE,3,0,,,,
5/21/2024,high_gate,4,open,R,BRTE,1,1,,1,3,
5/21/2024,high_gate,4,open,R,BRTE,2,0,,,,
5/21/2024,high_gate,4,open,R,BRTE,3,0,,,,
5/21/2024,high_gate,4,open,R,COPA,1,0,,,,
5/21/2024,high_gate,4,open,R,COPA,2,0,,,,
5/21/2024,high_gate,4,open,R,COPA,3,0,,,,
5/21/2024,high_gate,4,open,R,PODO,1,0,,,,
5/21/2024,high_gate,4,open,R,PODO,2,0,,,,
5/21/2024,high_gate,4,open,R,PODO,3,0,,,,
5/21/2024,high_gate,4,open,C,ALDE,1,0,,,,
5/21/2024,high_gate,4,open,C,ALDE,2,0,,,,
5/21/2024,high_gate,4,open,C,ALDE,3,0,,,,
5/21/2024,high_gate,4,open,C,BRTE,1,0,,,,
5/21/2024,high_gate,4,open,C,BRTE,2,0,,,,
5/21/2024,high_gate,4,open,C,BRTE,3,0,,,,
5/21/2024,high_gate,4,open,C,COPA,1,0,,,,
5/21/2024,high_gate,4,open,C,COPA,2,0,,,,
5/21/2024,high_gate,4,open,C,COPA,3,0,,,,germinated then died
5/21/2024,high_gate,4,open,C,PODO,1,0,,,,
5/21/2024,high_gate,4,open,C,PODO,2,0,,,,
5/21/2024,high_gate,4,open,C,PODO,3,0,,,,
5/21/2024,high_gate,4,shrub,R,ALDE,1,0,,,,
5/21/2024,high_gate,4,shrub,R,ALDE,2,0,,,,
5/21/2024,high_gate,4,shrub,R,ALDE,3,0,,,,
5/21/2024,high_gate,4,shrub,R,BRTE,1,0,,,,
5/21/2024,high_gate,4,shrub,R,BRTE,2,0,,,,
5/21/2024,high_gate,4,shrub,R,BRTE,3,0,,,,
5/21/2024,high_gate,4,shrub,R,COPA,1,0,,,,
5/21/2024,high_gate,4,shrub,R,COPA,2,,,,,missing
5/21/2024,high_gate,4,shrub,R,COPA,3,0,,,,
5/21/2024,high_gate,4,shrub,R,PODO,1,0,,,,
5/21/2024,high_gate,4,shrub,R,PODO,2,0,,,,
5/21/2024,high_gate,4,shrub,R,PODO,3,0,,,,
5/21/2024,high_gate,4,shrub,C,ALDE,1,0,,,,
5/21/2024,high_gate,4,shrub,C,ALDE,2,0,,,,
5/21/2024,high_gate,4,shrub,C,ALDE,3,0,,,,
5/21/2024,high_gate,4,shrub,C,BRTE,1,0,,,,
5/21/2024,high_gate,4,shrub,C,BRTE,2,0,,,,
5/21/2024,high_gate,4,shrub,C,BRTE,3,0,,,,
5/21/2024,high_gate,4,shrub,C,COPA,1,0,,,,
5/21/2024,high_gate,4,shrub,C,COPA,2,0,,,,
5/21/2024,high_gate,4,shrub,C,COPA,3,0,,,,
5/21/2024,high_gate,4,shrub,C,PODO,1,0,,,,
5/21/2024,high_gate,4,shrub,C,PODO,2,0,,,,
5/21/2024,high_gate,4,shrub,C,PODO,3,0,,,,
5/21/2024,high_north,1,open,R,ALDE,1,0,,,,
5/21/2024,high_north,1,open,R,ALDE,2,0,,,,
5/21/2024,high_north,1,open,R,ALDE,3,0,,,,
5/21/2024,high_north,1,open,R,BRTE,1,0,,,,
5/21/2024,high_north,1,open,R,BRTE,2,,,,,trampled
5/21/2024,high_north,1,open,R,BRTE,3,0,,,,
5/21/2024,high_north,1,open,R,COPA,1,1,,1,0.3,
5/21/2024,high_north,1,open,R,COPA,2,0,,,,
5/21/2024,high_north,1,open,R,COPA,3,0,,,,
5/21/2024,high_north,1,open,C,ALDE,1,,,,,trampled
5/21/2024,high_north,1,open,C,ALDE,2,0,,,,
5/21/2024,high_north,1,open,C,ALDE,3,0,,,,
5/21/2024,high_north,1,open,C,BRTE,1,0,,,,
5/21/2024,high_north,1,open,C,BRTE,2,0,,,,
5/21/2024,high_north,1,open,C,BRTE,3,0,,,,
5/21/2024,high_north,1,open,C,COPA,1,0,,,,
5/21/2024,high_north,1,open,C,COPA,2,,,,,trampled
5/21/2024,high_north,1,open,C,COPA,3,,,,,trampled
5/21/2024,high_north,1,shrub,R,ALDE,1,0,,,,
5/21/2024,high_north,1,shrub,R,ALDE,2,0,,,,
5/21/2024,high_north,1,shrub,R,ALDE,3,0,,,,
5/21/2024,high_north,1,shrub,R,BRTE,1,0,,,,
5/21/2024,high_north,1,shrub,R,BRTE,2,1,,1,1.6,
5/21/2024,high_north,1,shrub,R,BRTE,3,1,,1,2.6,
5/21/2024,high_north,1,shrub,R,COPA,1,0,,,,
5/21/2024,high_north,1,shrub,R,COPA,2,0,,,,
5/21/2024,high_north,1,shrub,R,COPA,3,0,,,,
5/21/2024,high_north,1,shrub,C,ALDE,1,0,,,,
5/21/2024,high_north,1,shrub,C,ALDE,2,0,,,,
5/21/2024,high_north,1,shrub,C,ALDE,3,0,,,,
5/21/2024,high_north,1,shrub,C,BRTE,1,1,,1,3.1,
5/21/2024,high_north,1,shrub,C,BRTE,2,0,,,,
5/21/2024,high_north,1,shrub,C,BRTE,3,0,,,,
5/21/2024,high_north,1,shrub,C,COPA,1,0,,,,
5/21/2024,high_north,1,shrub,C,COPA,2,0,,,,
5/21/2024,high_north,1,shrub,C,COPA,3,0,,,,
5/21/2024,high_north,2,open,R,ALDE,1,0,,,,
5/21/2024,high_north,2,open,R,ALDE,2,0,,,,
5/21/2024,high_north,2,open,R,ALDE,3,0,,,,
5/21/2024,high_north,2,open,R,BRTE,1,0,,,,
5/21/2024,high_north,2,open,R,BRTE,2,0,,,,
5/21/2024,high_north,2,open,R,BRTE,3,0,,,,
5/21/2024,high_north,2,open,R,COPA,1,0,,,,
5/21/2024,high_north,2,open,R,COPA,2,0,,,,
5/21/2024,high_north,2,open,R,COPA,3,0,,,,germinated then died
5/21/2024,high_north,2,open,C,ALDE,1,0,,,,
5/21/2024,high_north,2,open,C,ALDE,2,0,,,,
5/21/2024,high_north,2,open,C,ALDE,3,0,,,,
5/21/2024,high_north,2,open,C,BRTE,1,0,,,,
5/21/2024,high_north,2,open,C,BRTE,2,,,,,missing
5/21/2024,high_north,2,open,C,BRTE,3,,,,,missing
5/21/2024,high_north,2,open,C,COPA,1,0,,,,
5/21/2024,high_north,2,open,C,COPA,2,0,,,,
5/21/2024,high_north,2,open,C,COPA,3,0,,,,
5/21/2024,high_north,2,shrub,R,ALDE,1,0,,,,
5/21/2024,high_north,2,shrub,R,ALDE,2,0,,,,
5/21/2024,high_north,2,shrub,R,ALDE,3,0,,,,
5/21/2024,high_north,2,shrub,R,BRTE,1,0,,,,
5/21/2024,high_north,2,shrub,R,BRTE,2,0,,,,
5/21/2024,high_north,2,shrub,R,BRTE,3,0,,,,
5/21/2024,high_north,2,shrub,R,COPA,1,0,,,,
5/21/2024,high_north,2,shrub,R,COPA,2,0,,,,
5/21/2024,high_north,2,shrub,R,COPA,3,0,,,,
5/21/2024,high_north,2,shrub,C,ALDE,1,0,,,,
5/21/2024,high_north,2,shrub,C,ALDE,2,0,,,,
5/21/2024,high_north,2,shrub,C,ALDE,3,0,,,,
5/21/2024,high_north,2,shrub,C,BRTE,1,0,,,,
5/21/2024,high_north,2,shrub,C,BRTE,2,0,,,,
5/21/2024,high_north,2,shrub,C,BRTE,3,0,,,,
5/21/2024,high_north,2,shrub,C,COPA,1,0,,,,
5/21/2024,high_north,2,shrub,C,COPA,2,0,,,,
5/21/2024,high_north,2,shrub,C,COPA,3,0,,,,
5/21/2024,high_north,3,open,R,ALDE,1,0,,,,
5/21/2024,high_north,3,open,R,ALDE,2,0,,,,
5/21/2024,high_north,3,open,R,ALDE,3,0,,,,
5/21/2024,high_north,3,open,R,BRTE,1,0,,,,
5/21/2024,high_north,3,open,R,BRTE,2,0,,,,
5/21/2024,high_north,3,open,R,BRTE,3,0,,,,
5/21/2024,high_north,3,open,R,COPA,1,0,,,,
5/21/2024,high_north,3,open,R,COPA,2,0,,,,
5/21/2024,high_north,3,open,R,COPA,3,0,,,,
5/21/2024,high_north,3,open,C,ALDE,1,0,,,,
5/21/2024,high_north,3,open,C,ALDE,2,0,,,,
5/21/2024,high_north,3,open,C,ALDE,3,0,,,,
5/21/2024,high_north,3,open,C,BRTE,1,0,,,,
5/21/2024,high_north,3,open,C,BRTE,2,0,,,,
5/21/2024,high_north,3,open,C,BRTE,3,0,,,,
5/21/2024,high_north,3,open,C,COPA,1,0,,,,
5/21/2024,high_north,3,open,C,COPA,2,0,,,,
5/21/2024,high_north,3,open,C,COPA,3,0,,,,
5/21/2024,high_north,3,shrub,R,ALDE,1,0,,,,
5/21/2024,high_north,3,shrub,R,ALDE,2,0,,,,
5/21/2024,high_north,3,shrub,R,ALDE,3,0,,,,
5/21/2024,high_north,3,shrub,R,BRTE,1,0,,,,
5/21/2024,high_north,3,shrub,R,BRTE,2,1,,1,3.1,
5/21/2024,high_north,3,shrub,R,BRTE,3,0,,,,
5/21/2024,high_north,3,shrub,R,COPA,1,0,,,,
5/21/2024,high_north,3,shrub,R,COPA,2,0,,,,
5/21/2024,high_north,3,shrub,R,COPA,3,0,,,,
5/21/2024,high_north,3,shrub,C,ALDE,1,0,,,,
5/21/2024,high_north,3,shrub,C,ALDE,2,0,,,,
5/21/2024,high_north,3,shrub,C,ALDE,3,0,,,,
5/21/2024,high_north,3,shrub,C,BRTE,1,0,,,,
5/21/2024,high_north,3,shrub,C,BRTE,2,1,,1,2.6,
5/21/2024,high_north,3,shrub,C,BRTE,3,0,,,,
5/21/2024,high_north,3,shrub,C,COPA,1,0,,,,
5/21/2024,high_north,3,shrub,C,COPA,2,0,,,,
5/21/2024,high_north,3,shrub,C,COPA,3,0,,,,
5/21/2024,high_north,4,open,R,ALDE,1,0,,,,
5/21/2024,high_north,4,open,R,ALDE,2,0,,,,
5/21/2024,high_north,4,open,R,ALDE,3,0,,,,
5/21/2024,high_north,4,open,R,BRTE,1,0,,,,
5/21/2024,high_north,4,open,R,BRTE,2,0,,,,
5/21/2024,high_north,4,open,R,BRTE,3,0,,,,
5/21/2024,high_north,4,open,R,COPA,1,0,,,,
5/21/2024,high_north,4,open,R,COPA,2,0,,,,
5/21/2024,high_north,4,open,R,COPA,3,0,,,,
5/21/2024,high_north,4,open,C,ALDE,1,0,,,,
5/21/2024,high_north,4,open,C,ALDE,2,0,,,,
5/21/2024,high_north,4,open,C,ALDE,3,0,,,,
5/21/2024,high_north,4,open,C,BRTE,1,0,,,,
5/21/2024,high_north,4,open,C,BRTE,2,0,,,,
5/21/2024,high_north,4,open,C,BRTE,3,0,,,,
5/21/2024,high_north,4,open,C,COPA,1,0,,,,
5/21/2024,high_north,4,open,C,COPA,2,0,,,,
5/21/2024,high_north,4,open,C,COPA,3,0,,,,
5/21/2024,high_north,4,shrub,R,ALDE,1,0,,,,
5/21/2024,high_north,4,shrub,R,ALDE,2,0,,,,
5/21/2024,high_north,4,shrub,R,ALDE,3,0,,,,
5/21/2024,high_north,4,shrub,R,BRTE,1,0,,,,
5/21/2024,high_north,4,shrub,R,BRTE,2,1,,1,2.3,
5/21/2024,high_north,4,shrub,R,BRTE,3,0,,,,
5/21/2024,high_north,4,shrub,R,COPA,1,0,,,,
5/21/2024,high_north,4,shrub,R,COPA,2,0,,,,
5/21/2024,high_north,4,shrub,R,COPA,3,1,<10%,1,0.5,
5/21/2024,high_north,4,shrub,C,ALDE,1,0,,,,
5/21/2024,high_north,4,shrub,C,ALDE,2,0,,,,
5/21/2024,high_north,4,shrub,C,ALDE,3,0,,,,
5/21/2024,high_north,4,shrub,C,BRTE,1,0,,,,
5/21/2024,high_north,4,shrub,C,BRTE,2,0,,,,
5/21/2024,high_north,4,shrub,C,BRTE,3,0,,,,
5/21/2024,high_north,4,shrub,C,COPA,1,0,,,,
5/21/2024,high_north,4,shrub,C,COPA,2,0,,,,
5/21/2024,high_north,4,shrub,C,COPA,3,0,,,,
5/28/2024,low_north,1,open,R,ALDE,1,0,,,,supplemental: no PDs for shrub 1; so many grasshoppers :(
5/28/2024,low_north,1,open,R,ALDE,2,0,,,,
5/28/2024,low_north,1,open,R,ALDE,3,0,,,,
5/28/2024,low_north,1,open,R,BRTE,1,1,,1,2.4,
5/28/2024,low_north,1,open,R,BRTE,2,0,,,,
5/28/2024,low_north,1,open,R,BRTE,3,0,,,,
5/28/2024,low_north,1,open,R,COPA,1,0,,,,
5/28/2024,low_north,1,open,R,COPA,2,1,,3,1.6,
5/28/2024,low_north,1,open,R,COPA,3,0,,,,
5/28/2024,low_north,1,open,R,PODO,1,0,,,,
5/28/2024,low_north,1,open,R,PODO,2,0,,,,
5/28/2024,low_north,1,open,R,PODO,3,0,,,,
5/28/2024,low_north,1,open,C,ALDE,1,0,,,,
5/28/2024,low_north,1,open,C,ALDE,2,0,,,,
5/28/2024,low_north,1,open,C,ALDE,3,1,,3,2.6,
5/28/2024,low_north,1,open,C,BRTE,1,0,,,,
5/28/2024,low_north,1,open,C,BRTE,2,0,,,,
5/28/2024,low_north,1,open,C,BRTE,3,0,,,,
5/28/2024,low_north,1,open,C,COPA,1,0,,,,
5/28/2024,low_north,1,open,C,COPA,2,0,,,,
5/28/2024,low_north,1,open,C,COPA,3,0,,,,
5/28/2024,low_north,1,open,C,PODO,1,0,,,,
5/28/2024,low_north,1,open,C,PODO,2,0,,,,
5/28/2024,low_north,1,open,C,PODO,3,0,,,,
5/28/2024,low_north,1,shrub,R,ALDE,1,0,,,,
5/28/2024,low_north,1,shrub,R,ALDE,2,1,,3,2.2,collect leaves next week
5/28/2024,low_north,1,shrub,R,ALDE,3,0,,,,
5/28/2024,low_north,1,shrub,R,BRTE,1,0,,,,
5/28/2024,low_north,1,shrub,R,BRTE,2,0,,,,
5/28/2024,low_north,1,shrub,R,BRTE,3,0,,,,
5/28/2024,low_north,1,shrub,R,COPA,1,1,,3,3.1,
5/28/2024,low_north,1,shrub,R,COPA,2,1,,3,2.1,
5/28/2024,low_north,1,shrub,R,COPA,3,0,,,,
5/28/2024,low_north,1,shrub,R,PODO,1,0,,,,
5/28/2024,low_north,1,shrub,R,PODO,2,1,,1,3.6,
5/28/2024,low_north,1,shrub,R,PODO,3,0,,,,
5/28/2024,low_north,1,shrub,C,ALDE,1,0,,,,
5/28/2024,low_north,1,shrub,C,ALDE,2,0,,,,
5/28/2024,low_north,1,shrub,C,ALDE,3,0,,,,
5/28/2024,low_north,1,shrub,C,BRTE,1,1,,1,2.7,
5/28/2024,low_north,1,shrub,C,BRTE,2,1,,1,2.4,
5/28/2024,low_north,1,shrub,C,BRTE,3,0,,,,
5/28/2024,low_north,1,shrub,C,COPA,1,1,,2,1.5,
5/28/2024,low_north,1,shrub,C,COPA,2,0,,,,
5/28/2024,low_north,1,shrub,C,COPA,3,1,,3,3.6,collect leaves next week
5/28/2024,low_north,1,shrub,C,PODO,1,0,,,,
5/28/2024,low_north,1,shrub,C,PODO,2,0,,,,
5/28/2024,low_north,1,shrub,C,PODO,3,1,,1,2.1,
5/28/2024,low_north,2,open,R,ALDE,1,0,,,,supplemental: no CPs or PDs in open patch 2
5/28/2024,low_north,2,open,R,ALDE,2,0,,,,
5/28/2024,low_north,2,open,R,ALDE,3,0,,,,
5/28/2024,low_north,2,open,R,BRTE,1,0,,,,
5/28/2024,low_north,2,open,R,BRTE,2,0,,,,
5/28/2024,low_north,2,open,R,BRTE,3,0,,,,
5/28/2024,low_north,2,open,R,COPA,1,1,,3,2.3,
5/28/2024,low_north,2,open,R,COPA,2,0,,,,
5/28/2024,low_north,2,open,R,COPA,3,1,,3,1.9,
5/28/2024,low_north,2,open,R,PODO,1,1,,1,2,
5/28/2024,low_north,2,open,R,PODO,2,0,,,,
5/28/2024,low_north,2,open,R,PODO,3,0,,,,
5/28/2024,low_north,2,open,C,ALDE,1,0,,,,
5/28/2024,low_north,2,open,C,ALDE,2,0,,,,
5/28/2024,low_north,2,open,C,ALDE,3,0,,,,
5/28/2024,low_north,2,open,C,BRTE,1,0,,,,
5/28/2024,low_north,2,open,C,BRTE,2,1,,1,5.5,
5/28/2024,low_north,2,open,C,BRTE,3,1,,2,7,
5/28/2024,low_north,2,open,C,COPA,1,0,,,,
5/28/2024,low_north,2,open,C,COPA,2,0,,,,
5/28/2024,low_north,2,open,C,COPA,3,0,,,,
5/28/2024,low_north,2,open,C,PODO,1,0,,,,
5/28/2024,low_north,2,open,C,PODO,2,0,,,,
5/28/2024,low_north,2,open,C,PODO,3,0,,,,
5/28/2024,low_north,2,shrub,R,ALDE,1,0,,,,supplemental: no PDs in shrub patch 2
5/28/2024,low_north,2,shrub,R,ALDE,2,0,,,,
5/28/2024,low_north,2,shrub,R,ALDE,3,0,,,,
5/28/2024,low_north,2,shrub,R,BRTE,1,0,,,,
5/28/2024,low_north,2,shrub,R,BRTE,2,0,,,,
5/28/2024,low_north,2,shrub,R,BRTE,3,0,,,,
5/28/2024,low_north,2,shrub,R,COPA,1,0,,,,
5/28/2024,low_north,2,shrub,R,COPA,2,0,,,,
5/28/2024,low_north,2,shrub,R,COPA,3,1,,4,1.9,phenophase may be 3 still; leaves collected
5/28/2024,low_north,2,shrub,R,PODO,1,0,,,,
5/28/2024,low_north,2,shrub,R,PODO,2,0,,,,
5/28/2024,low_north,2,shrub,R,PODO,3,0,,,,
5/28/2024,low_north,2,shrub,C,ALDE,1,0,,,,
5/28/2024,low_north,2,shrub,C,ALDE,2,0,,,,
5/28/2024,low_north,2,shrub,C,ALDE,3,0,,,,
5/28/2024,low_north,2,shrub,C,BRTE,1,0,,,,
5/28/2024,low_north,2,shrub,C,BRTE,2,0,,,,
5/28/2024,low_north,2,shrub,C,BRTE,3,0,,,,
5/28/2024,low_north,2,shrub,C,COPA,1,1,,4,1.5,phenophase may be 3 still; leaves collected
5/28/2024,low_north,2,shrub,C,COPA,2,0,,,,
5/28/2024,low_north,2,shrub,C,COPA,3,0,,,,
5/28/2024,low_north,2,shrub,C,PODO,1,0,,,,
5/28/2024,low_north,2,shrub,C,PODO,2,0,,,,
5/28/2024,low_north,2,shrub,C,PODO,3,0,,,,
5/28/2024,low_north,3,open,R,ALDE,1,0,,,,supplemental: no PDs in shrub 3
5/28/2024,low_north,3,open,R,ALDE,2,0,,,,
5/28/2024,low_north,3,open,R,ALDE,3,0,,,,
5/28/2024,low_north,3,open,R,BRTE,1,1,,1,4.6,
5/28/2024,low_north,3,open,R,BRTE,2,0,,,,
5/28/2024,low_north,3,open,R,BRTE,3,0,,,,
5/28/2024,low_north,3,open,R,COPA,1,,,,,missing
5/28/2024,low_north,3,open,R,COPA,2,0,,,,
5/28/2024,low_north,3,open,R,COPA,3,,,,,missing
5/28/2024,low_north,3,open,R,PODO,1,0,,,,
5/28/2024,low_north,3,open,R,PODO,2,0,,,,
5/28/2024,low_north,3,open,R,PODO,3,0,,,,
5/28/2024,low_north,3,open,C,ALDE,1,0,,,,
5/28/2024,low_north,3,open,C,ALDE,2,0,,,,
5/28/2024,low_north,3,open,C,ALDE,3,0,,,,
5/28/2024,low_north,3,open,C,BRTE,1,0,,,,
5/28/2024,low_north,3,open,C,BRTE,2,1,,1,5.2,
5/28/2024,low_north,3,open,C,BRTE,3,1,,1,2.6,
5/28/2024,low_north,3,open,C,COPA,1,0,,,,
5/28/2024,low_north,3,open,C,COPA,2,0,,,,
5/28/2024,low_north,3,open,C,COPA,3,0,,,,
5/28/2024,low_north,3,open,C,PODO,1,0,,,,
5/28/2024,low_north,3,open,C,PODO,2,0,,,,
5/28/2024,low_north,3,open,C,PODO,3,0,,,,
5/28/2024,low_north,3,shrub,R,ALDE,1,0,,,,
5/28/2024,low_north,3,shrub,R,ALDE,2,0,,,,
5/28/2024,low_north,3,shrub,R,ALDE,3,0,,,,
5/28/2024,low_north,3,shrub,R,BRTE,1,0,,,,
5/28/2024,low_north,3,shrub,R,BRTE,2,0,,,,
5/28/2024,low_north,3,shrub,R,BRTE,3,0,,,,
5/28/2024,low_north,3,shrub,R,COPA,1,1,,3,2.2,
5/28/2024,low_north,3,shrub,R,COPA,2,0,,,,
5/28/2024,low_north,3,shrub,R,COPA,3,0,,,,
5/28/2024,low_north,3,shrub,R,PODO,1,0,,,,
5/28/2024,low_north,3,shrub,R,PODO,2,0,,,,
5/28/2024,low_north,3,shrub,R,PODO,3,0,,,,
5/28/2024,low_north,3,shrub,C,ALDE,1,0,,,,
5/28/2024,low_north,3,shrub,C,ALDE,2,0,,,,
5/28/2024,low_north,3,shrub,C,ALDE,3,0,,,,
5/28/2024,low_north,3,shrub,C,BRTE,1,1,,1,5.3,
5/28/2024,low_north,3,shrub,C,BRTE,2,0,,,,
5/28/2024,low_north,3,shrub,C,BRTE,3,0,,,,
5/28/2024,low_north,3,shrub,C,COPA,1,0,,,,
5/28/2024,low_north,3,shrub,C,COPA,2,0,,,,
5/28/2024,low_north,3,shrub,C,COPA,3,1,,4,3,leaves collected
5/28/2024,low_north,3,shrub,C,PODO,1,0,,,,
5/28/2024,low_north,3,shrub,C,PODO,2,0,,,,
5/28/2024,low_north,3,shrub,C,PODO,3,0,,,,
5/28/2024,low_north,4,shrub,R,ALDE,1,0,,,,supplemental: no PDs in shrub 4; CP supps look bad
5/28/2024,low_north,4,shrub,R,ALDE,2,0,,,,
5/28/2024,low_north,4,shrub,R,ALDE,3,0,,,,
5/28/2024,low_north,4,shrub,R,BRTE,1,0,,,,
5/28/2024,low_north,4,shrub,R,BRTE,2,0,,,,
5/28/2024,low_north,4,shrub,R,BRTE,3,0,,,,
5/28/2024,low_north,4,shrub,R,COPA,1,0,,,,
5/28/2024,low_north,4,shrub,R,COPA,2,0,,,,
5/28/2024,low_north,4,shrub,R,COPA,3,0,,,,
5/28/2024,low_north,4,shrub,R,PODO,1,0,,,,
5/28/2024,low_north,4,shrub,R,PODO,2,0,,,,
5/28/2024,low_north,4,shrub,R,PODO,3,0,,,,
5/28/2024,low_north,4,shrub,C,ALDE,1,0,,,,
5/28/2024,low_north,4,shrub,C,ALDE,2,0,,,,
5/28/2024,low_north,4,shrub,C,ALDE,3,0,,,,
5/28/2024,low_north,4,shrub,C,BRTE,1,1,,1,5.4,
5/28/2024,low_north,4,shrub,C,BRTE,2,1,,2,6.5,
5/28/2024,low_north,4,shrub,C,BRTE,3,1,,1,2.9,
5/28/2024,low_north,4,shrub,C,COPA,1,1,10-25%,3,2.8,looks bad
5/28/2024,low_north,4,shrub,C,COPA,2,0,,,,
5/28/2024,low_north,4,shrub,C,COPA,3,0,,,,
5/28/2024,low_north,4,shrub,C,PODO,1,0,,,,
5/28/2024,low_north,4,shrub,C,PODO,2,0,,,,
5/28/2024,low_north,4,shrub,C,PODO,3,0,,,,
5/28/2024,low_gate,1,open,R,ALDE,1,0,,,,
5/28/2024,low_gate,1,open,R,ALDE,2,0,,,,
5/28/2024,low_gate,1,open,R,ALDE,3,0,,,,
5/28/2024,low_gate,1,open,R,BRTE,1,0,,,,
5/28/2024,low_gate,1,open,R,BRTE,2,0,,,,
5/28/2024,low_gate,1,open,R,BRTE,3,0,,,,
5/28/2024,low_gate,1,open,R,COPA,1,0,,,,
5/28/2024,low_gate,1,open,R,COPA,2,1,25-50%,4,3,maybe in phenophase 3 still; leaves collected
5/28/2024,low_gate,1,open,R,COPA,3,1,<10%,3,3.4,
5/28/2024,low_gate,1,open,C,ALDE,1,0,,,,
5/28/2024,low_gate,1,open,C,ALDE,2,0,,,,
5/28/2024,low_gate,1,open,C,ALDE,3,0,,,,
5/28/2024,low_gate,1,open,C,BRTE,1,0,,,,
5/28/2024,low_gate,1,open,C,BRTE,2,0,,,,
5/28/2024,low_gate,1,open,C,BRTE,3,0,,,,
5/28/2024,low_gate,1,open,C,COPA,1,0,,,,
5/28/2024,low_gate,1,open,C,COPA,2,1,<10%,3,1.6,
5/28/2024,low_gate,1,open,C,COPA,3,0,,,,
5/28/2024,low_gate,1,shrub,R,ALDE,1,0,,,,
5/28/2024,low_gate,1,shrub,R,ALDE,2,0,,,,
5/28/2024,low_gate,1,shrub,R,ALDE,3,0,,,,
5/28/2024,low_gate,1,shrub,R,BRTE,1,1,,1,6.7,
5/28/2024,low_gate,1,shrub,R,BRTE,2,0,,,,
5/28/2024,low_gate,1,shrub,R,BRTE,3,0,,,,
5/28/2024,low_gate,1,shrub,R,COPA,1,1,<10%,3,3.3,
5/28/2024,low_gate,1,shrub,R,COPA,2,0,,,,
5/28/2024,low_gate,1,shrub,R,COPA,3,0,,,,
5/28/2024,low_gate,1,shrub,C,ALDE,1,0,,,,
5/28/2024,low_gate,1,shrub,C,ALDE,2,0,,,,
5/28/2024,low_gate,1,shrub,C,ALDE,3,0,,,,
5/28/2024,low_gate,1,shrub,C,BRTE,1,0,,,,
5/28/2024,low_gate,1,shrub,C,BRTE,2,0,,,,
5/28/2024,low_gate,1,shrub,C,BRTE,3,1,,1,6.8,
5/28/2024,low_gate,1,shrub,C,COPA,1,0,,,,
5/28/2024,low_gate,1,shrub,C,COPA,2,0,,,,
5/28/2024,low_gate,1,shrub,C,COPA,3,1,<10%,3,2.6,looks bad
5/28/2024,low_gate,2,open,R,ALDE,1,1,10-25%,1,2,supplemental: no CPs in shrub 2
5/28/2024,low_gate,2,open,R,ALDE,2,0,,,,
5/28/2024,low_gate,2,open,R,ALDE,3,0,,,,
5/28/2024,low_gate,2,open,R,BRTE,1,0,,,,
5/28/2024,low_gate,2,open,R,BRTE,2,0,,,,
5/28/2024,low_gate,2,open,R,BRTE,3,0,,,,
5/28/2024,low_gate,2,open,R,COPA,1,0,,,,
5/28/2024,low_gate,2,open,R,COPA,2,0,,,,
5/28/2024,low_gate,2,open,R,COPA,3,0,,,,
5/28/2024,low_gate,2,open,C,ALDE,1,0,,,,
5/28/2024,low_gate,2,open,C,ALDE,2,0,,,,
5/28/2024,low_gate,2,open,C,ALDE,3,0,,,,
5/28/2024,low_gate,2,open,C,BRTE,1,1,,1,3.1,
5/28/2024,low_gate,2,open,C,BRTE,2,0,,,,
5/28/2024,low_gate,2,open,C,BRTE,3,0,,,,
5/28/2024,low_gate,2,open,C,COPA,1,1,25-50%,1,1.5,not sure of phenophase
5/28/2024,low_gate,2,open,C,COPA,2,0,,,,
5/28/2024,low_gate,2,open,C,COPA,3,0,,,,
5/28/2024,low_gate,2,shrub,R,ALDE,1,,,,,trampled
5/28/2024,low_gate,2,shrub,R,ALDE,2,0,,,,
5/28/2024,low_gate,2,shrub,R,ALDE,3,0,,,,
5/28/2024,low_gate,2,shrub,R,BRTE,1,0,,,,
5/28/2024,low_gate,2,shrub,R,BRTE,2,1,,1,0.9,
5/28/2024,low_gate,2,shrub,R,BRTE,3,0,,,,
5/28/2024,low_gate,2,shrub,R,COPA,1,1,75-100%,,2.4,top eaten
5/28/2024,low_gate,2,shrub,R,COPA,2,,,,,trampled
5/28/2024,low_gate,2,shrub,R,COPA,3,1,75-100%,,1.9,top eaten
5/28/2024,low_gate,2,shrub,C,ALDE,1,0,,,,
5/28/2024,low_gate,2,shrub,C,ALDE,2,0,,,,
5/28/2024,low_gate,2,shrub,C,ALDE,3,0,,,,
5/28/2024,low_gate,2,shrub,C,BRTE,1,0,,,,
5/28/2024,low_gate,2,shrub,C,BRTE,2,0,,,,
5/28/2024,low_gate,2,shrub,C,BRTE,3,0,,,,
5/28/2024,low_gate,2,shrub,C,COPA,1,0,,,,
5/28/2024,low_gate,2,shrub,C,COPA,2,0,,,,
5/28/2024,low_gate,2,shrub,C,COPA,3,0,,,,
5/28/2024,low_gate,3,open,R,ALDE,1,0,,,,supplemental: no CPs for shrub 3
5/28/2024,low_gate,3,open,R,ALDE,2,0,,,,
5/28/2024,low_gate,3,open,R,ALDE,3,0,,,,
5/28/2024,low_gate,3,open,R,BRTE,1,0,,,,
5/28/2024,low_gate,3,open,R,BRTE,2,0,,,,
5/28/2024,low_gate,3,open,R,BRTE,3,1,,1,6.4,
5/28/2024,low_gate,3,open,R,COPA,1,0,,,,
5/28/2024,low_gate,3,open,R,COPA,2,0,,,,
5/28/2024,low_gate,3,open,R,COPA,3,1,25-50%,3,3.2,
5/28/2024,low_gate,3,open,C,ALDE,1,0,,,,
5/28/2024,low_gate,3,open,C,ALDE,2,0,,,,
5/28/2024,low_gate,3,open,C,ALDE,3,0,,,,
5/28/2024,low_gate,3,open,C,BRTE,1,0,,,,
5/28/2024,low_gate,3,open,C,BRTE,2,0,,,,
5/28/2024,low_gate,3,open,C,BRTE,3,0,,,,
5/28/2024,low_gate,3,open,C,COPA,1,0,,,,
5/28/2024,low_gate,3,open,C,COPA,2,1,<10%,3,2.6,maybe in phenophase 4; hard to tell
5/28/2024,low_gate,3,open,C,COPA,3,1,<10%,3,3.7,
5/28/2024,low_gate,3,shrub,R,ALDE,1,0,,,,
5/28/2024,low_gate,3,shrub,R,ALDE,2,,,,,trampled
5/28/2024,low_gate,3,shrub,R,ALDE,3,0,,,,
5/28/2024,low_gate,3,shrub,R,BRTE,1,0,,,,
5/28/2024,low_gate,3,shrub,R,BRTE,2,0,,,,
5/28/2024,low_gate,3,shrub,R,BRTE,3,0,,,,
5/28/2024,low_gate,3,shrub,R,COPA,1,1,75-100%,,1.4,top eaten
5/28/2024,low_gate,3,shrub,R,COPA,2,0,,,,
5/28/2024,low_gate,3,shrub,R,COPA,3,1,75-100%,,2.2,top eaten
5/28/2024,low_gate,3,shrub,C,ALDE,1,0,,,,
5/28/2024,low_gate,3,shrub,C,ALDE,2,0,,,,
5/28/2024,low_gate,3,shrub,C,ALDE,3,0,,,,
5/28/2024,low_gate,3,shrub,C,BRTE,1,0,,,,
5/28/2024,low_gate,3,shrub,C,BRTE,2,1,,1,3.7,
5/28/2024,low_gate,3,shrub,C,BRTE,3,0,,,,
5/28/2024,low_gate,3,shrub,C,COPA,1,0,,,,
5/28/2024,low_gate,3,shrub,C,COPA,2,1,25-50%,3,2.1,
5/28/2024,low_gate,3,shrub,C,COPA,3,0,,,,
5/28/2024,low_gate,4,open,R,ALDE,1,0,,,,
5/28/2024,low_gate,4,open,R,ALDE,2,0,,,,
5/28/2024,low_gate,4,open,R,ALDE,3,0,,,,
5/28/2024,low_gate,4,open,R,BRTE,1,0,,,,
5/28/2024,low_gate,4,open,R,BRTE,2,1,,1,1.5,
5/28/2024,low_gate,4,open,R,BRTE,3,0,,,,
5/28/2024,low_gate,4,open,R,COPA,1,0,,,,
5/28/2024,low_gate,4,open,R,COPA,2,1,50-75%,2,1.3,
5/28/2024,low_gate,4,open,R,COPA,3,1,75-100%,,2.4,top eaten
5/28/2024,low_gate,4,open,C,ALDE,1,0,,,,
5/28/2024,low_gate,4,open,C,ALDE,2,0,,,,
5/28/2024,low_gate,4,open,C,ALDE,3,0,,,,
5/28/2024,low_gate,4,open,C,BRTE,1,0,,,,
5/28/2024,low_gate,4,open,C,BRTE,2,0,,,,
5/28/2024,low_gate,4,open,C,BRTE,3,0,,,,
5/28/2024,low_gate,4,open,C,COPA,1,0,,,,
5/28/2024,low_gate,4,open,C,COPA,2,0,,,,
5/28/2024,low_gate,4,open,C,COPA,3,0,,,,
5/28/2024,low_gate,4,shrub,R,ALDE,1,0,,,,
5/28/2024,low_gate,4,shrub,R,ALDE,2,0,,,,
5/28/2024,low_gate,4,shrub,R,ALDE,3,0,,,,
5/28/2024,low_gate,4,shrub,R,BRTE,1,1,,1,3.5,
5/28/2024,low_gate,4,shrub,R,BRTE,2,0,,,,
5/28/2024,low_gate,4,shrub,R,BRTE,3,1,,1,2.7,
5/28/2024,low_gate,4,shrub,R,COPA,1,0,,,,
5/28/2024,low_gate,4,shrub,R,COPA,2,0,,,,
5/28/2024,low_gate,4,shrub,R,COPA,3,0,,,,
5/28/2024,low_gate,4,shrub,C,ALDE,1,0,,,,
5/28/2024,low_gate,4,shrub,C,ALDE,2,0,,,,
5/28/2024,low_gate,4,shrub,C,ALDE,3,0,,,,
5/28/2024,low_gate,4,shrub,C,BRTE,1,0,,,,
5/28/2024,low_gate,4,shrub,C,BRTE,2,0,,,,
5/28/2024,low_gate,4,shrub,C,BRTE,3,0,,,,
5/28/2024,low_gate,4,shrub,C,COPA,1,0,,,,
5/28/2024,low_gate,4,shrub,C,COPA,2,0,,,,
5/28/2024,low_gate,4,shrub,C,COPA,3,1,50-75%,,3.6,top eaten
5/30/2024,high_north,1,open,R,ALDE,1,0,,,,
5/30/2024,high_north,1,open,R,ALDE,2,0,,,,
5/30/2024,high_north,1,open,R,ALDE,3,0,,,,
5/30/2024,high_north,1,open,R,BRTE,1,0,,,,
5/30/2024,high_north,1,open,R,BRTE,2,,,,,trampled
5/30/2024,high_north,1,open,R,BRTE,3,0,,,,
5/30/2024,high_north,1,open,R,COPA,1,1,<10%,1,0.4,
5/30/2024,high_north,1,open,R,COPA,2,0,,,,
5/30/2024,high_north,1,open,R,COPA,3,0,,,,
5/30/2024,high_north,1,open,C,ALDE,1,,,,,trampled
5/30/2024,high_north,1,open,C,ALDE,2,0,,,,
5/30/2024,high_north,1,open,C,ALDE,3,0,,,,
5/30/2024,high_north,1,open,C,BRTE,1,0,,,,
5/30/2024,high_north,1,open,C,BRTE,2,0,,,,
5/30/2024,high_north,1,open,C,BRTE,3,0,,,,
5/30/2024,high_north,1,open,C,COPA,1,0,,,,
5/30/2024,high_north,1,open,C,COPA,2,,,,,trampled
5/30/2024,high_north,1,open,C,COPA,3,,,,,trampled
5/30/2024,high_north,1,shrub,R,ALDE,1,0,,,,
5/30/2024,high_north,1,shrub,R,ALDE,2,0,,,,
5/30/2024,high_north,1,shrub,R,ALDE,3,0,,,,
5/30/2024,high_north,1,shrub,R,BRTE,1,0,,,,
5/30/2024,high_north,1,shrub,R,BRTE,2,0,,,,died
5/30/2024,high_north,1,shrub,R,BRTE,3,0,,,,died
5/30/2024,high_north,1,shrub,R,COPA,1,0,,,,
5/30/2024,high_north,1,shrub,R,COPA,2,0,,,,
5/30/2024,high_north,1,shrub,R,COPA,3,0,,,,
5/30/2024,high_north,1,shrub,C,ALDE,1,0,,,,
5/30/2024,high_north,1,shrub,C,ALDE,2,0,,,,
5/30/2024,high_north,1,shrub,C,ALDE,3,0,,,,
5/30/2024,high_north,1,shrub,C,BRTE,1,0,,,,died
5/30/2024,high_north,1,shrub,C,BRTE,2,0,,,,
5/30/2024,high_north,1,shrub,C,BRTE,3,0,,,,
5/30/2024,high_north,1,shrub,C,COPA,1,0,,,,
5/30/2024,high_north,1,shrub,C,COPA,2,0,,,,
5/30/2024,high_north,1,shrub,C,COPA,3,0,,,,
5/30/2024,high_north,2,open,R,ALDE,1,0,,,,
5/30/2024,high_north,2,open,R,ALDE,2,0,,,,
5/30/2024,high_north,2,open,R,ALDE,3,0,,,,
5/30/2024,high_north,2,open,R,BRTE,1,0,,,,
5/30/2024,high_north,2,open,R,BRTE,2,0,,,,
5/30/2024,high_north,2,open,R,BRTE,3,0,,,,
5/30/2024,high_north,2,open,R,COPA,1,0,,,,
5/30/2024,high_north,2,open,R,COPA,2,0,,,,
5/30/2024,high_north,2,open,R,COPA,3,0,,,,germinated then died
5/30/2024,high_north,2,open,C,ALDE,1,0,,,,
5/30/2024,high_north,2,open,C,ALDE,2,0,,,,
5/30/2024,high_north,2,open,C,ALDE,3,0,,,,
5/30/2024,high_north,2,open,C,BRTE,1,0,,,,
5/30/2024,high_north,2,open,C,BRTE,2,,,,,missing
5/30/2024,high_north,2,open,C,BRTE,3,,,,,missing
5/30/2024,high_north,2,open,C,COPA,1,0,,,,
5/30/2024,high_north,2,open,C,COPA,2,0,,,,
5/30/2024,high_north,2,open,C,COPA,3,0,,,,
5/30/2024,high_north,2,shrub,R,ALDE,1,0,,,,
5/30/2024,high_north,2,shrub,R,ALDE,2,0,,,,
5/30/2024,high_north,2,shrub,R,ALDE,3,0,,,,
5/30/2024,high_north,2,shrub,R,BRTE,1,0,,,,
5/30/2024,high_north,2,shrub,R,BRTE,2,0,,,,
5/30/2024,high_north,2,shrub,R,BRTE,3,0,,,,
5/30/2024,high_north,2,shrub,R,COPA,1,0,,,,
5/30/2024,high_north,2,shrub,R,COPA,2,0,,,,
5/30/2024,high_north,2,shrub,R,COPA,3,0,,,,
5/30/2024,high_north,2,shrub,C,ALDE,1,0,,,,
5/30/2024,high_north,2,shrub,C,ALDE,2,0,,,,
5/30/2024,high_north,2,shrub,C,ALDE,3,0,,,,
5/30/2024,high_north,2,shrub,C,BRTE,1,0,,,,
5/30/2024,high_north,2,shrub,C,BRTE,2,0,,,,
5/30/2024,high_north,2,shrub,C,BRTE,3,0,,,,
5/30/2024,high_north,2,shrub,C,COPA,1,0,,,,
5/30/2024,high_north,2,shrub,C,COPA,2,0,,,,
5/30/2024,high_north,2,shrub,C,COPA,3,0,,,,
5/30/2024,high_north,3,open,R,ALDE,1,0,,,,
5/30/2024,high_north,3,open,R,ALDE,2,0,,,,
5/30/2024,high_north,3,open,R,ALDE,3,0,,,,
5/30/2024,high_north,3,open,R,BRTE,1,0,,,,
5/30/2024,high_north,3,open,R,BRTE,2,0,,,,
5/30/2024,high_north,3,open,R,BRTE,3,0,,,,
5/30/2024,high_north,3,open,R,COPA,1,0,,,,
5/30/2024,high_north,3,open,R,COPA,2,0,,,,
5/30/2024,high_north,3,open,R,COPA,3,0,,,,
5/30/2024,high_north,3,open,C,ALDE,1,0,,,,
5/30/2024,high_north,3,open,C,ALDE,2,0,,,,
5/30/2024,high_north,3,open,C,ALDE,3,0,,,,
5/30/2024,high_north,3,open,C,BRTE,1,0,,,,
5/30/2024,high_north,3,open,C,BRTE,2,0,,,,
5/30/2024,high_north,3,open,C,BRTE,3,0,,,,
5/30/2024,high_north,3,open,C,COPA,1,0,,,,
5/30/2024,high_north,3,open,C,COPA,2,0,,,,
5/30/2024,high_north,3,open,C,COPA,3,0,,,,
5/30/2024,high_north,3,shrub,R,ALDE,1,0,,,,
5/30/2024,high_north,3,shrub,R,ALDE,2,0,,,,
5/30/2024,high_north,3,shrub,R,ALDE,3,0,,,,
5/30/2024,high_north,3,shrub,R,BRTE,1,0,,,,
5/30/2024,high_north,3,shrub,R,BRTE,2,1,,1,2.8,
5/30/2024,high_north,3,shrub,R,BRTE,3,0,,,,
5/30/2024,high_north,3,shrub,R,COPA,1,0,,,,
5/30/2024,high_north,3,shrub,R,COPA,2,0,,,,
5/30/2024,high_north,3,shrub,R,COPA,3,0,,,,
5/30/2024,high_north,3,shrub,C,ALDE,1,0,,,,
5/30/2024,high_north,3,shrub,C,ALDE,2,0,,,,
5/30/2024,high_north,3,shrub,C,ALDE,3,0,,,,
5/30/2024,high_north,3,shrub,C,BRTE,1,0,,,,
5/30/2024,high_north,3,shrub,C,BRTE,2,0,,,,died
5/30/2024,high_north,3,shrub,C,BRTE,3,0,,,,
5/30/2024,high_north,3,shrub,C,COPA,1,0,,,,
5/30/2024,high_north,3,shrub,C,COPA,2,0,,,,
5/30/2024,high_north,3,shrub,C,COPA,3,0,,,,
5/30/2024,high_north,4,open,R,ALDE,1,0,,,,
5/30/2024,high_north,4,open,R,ALDE,2,0,,,,
5/30/2024,high_north,4,open,R,ALDE,3,0,,,,
5/30/2024,high_north,4,open,R,BRTE,1,0,,,,
5/30/2024,high_north,4,open,R,BRTE,2,0,,,,
5/30/2024,high_north,4,open,R,BRTE,3,0,,,,
5/30/2024,high_north,4,open,R,COPA,1,0,,,,
5/30/2024,high_north,4,open,R,COPA,2,0,,,,
5/30/2024,high_north,4,open,R,COPA,3,0,,,,
5/30/2024,high_north,4,open,C,ALDE,1,0,,,,
5/30/2024,high_north,4,open,C,ALDE,2,0,,,,
5/30/2024,high_north,4,open,C,ALDE,3,0,,,,
5/30/2024,high_north,4,open,C,BRTE,1,0,,,,
5/30/2024,high_north,4,open,C,BRTE,2,0,,,,
5/30/2024,high_north,4,open,C,BRTE,3,0,,,,
5/30/2024,high_north,4,open,C,COPA,1,0,,,,
5/30/2024,high_north,4,open,C,COPA,2,0,,,,
5/30/2024,high_north,4,open,C,COPA,3,0,,,,
5/30/2024,high_north,4,shrub,R,ALDE,1,0,,,,
5/30/2024,high_north,4,shrub,R,ALDE,2,0,,,,
5/30/2024,high_north,4,shrub,R,ALDE,3,0,,,,
5/30/2024,high_north,4,shrub,R,BRTE,1,1,,1,1.8,
5/30/2024,high_north,4,shrub,R,BRTE,2,1,,1,2.3,
5/30/2024,high_north,4,shrub,R,BRTE,3,0,,,,
5/30/2024,high_north,4,shrub,R,COPA,1,0,,,,
5/30/2024,high_north,4,shrub,R,COPA,2,0,,,,
5/30/2024,high_north,4,shrub,R,COPA,3,1,<10%,1,1.1,
5/30/2024,high_north,4,shrub,C,ALDE,1,0,,,,
5/30/2024,high_north,4,shrub,C,ALDE,2,0,,,,
5/30/2024,high_north,4,shrub,C,ALDE,3,0,,,,
5/30/2024,high_north,4,shrub,C,BRTE,1,0,,,,
5/30/2024,high_north,4,shrub,C,BRTE,2,0,,,,
5/30/2024,high_north,4,shrub,C,BRTE,3,0,,,,
5/30/2024,high_north,4,shrub,C,COPA,1,0,,,,
5/30/2024,high_north,4,shrub,C,COPA,2,0,,,,
5/30/2024,high_north,4,shrub,C,COPA,3,0,,,,
5/30/2024,high_east,1,open,R,ALDE,1,0,,,,
5/30/2024,high_east,1,open,R,ALDE,2,0,,,,
5/30/2024,high_east,1,open,R,ALDE,3,0,,,,
5/30/2024,high_east,1,open,R,BRTE,1,0,,,,trampled
5/30/2024,high_east,1,open,R,BRTE,2,1,,1,2.2,
5/30/2024,high_east,1,open,R,BRTE,3,0,,,,
5/30/2024,high_east,1,open,R,COPA,1,0,,,,
5/30/2024,high_east,1,open,R,COPA,2,0,,,,died
5/30/2024,high_east,1,open,R,COPA,3,0,,,,
5/30/2024,high_east,1,open,C,ALDE,1,0,,,,
5/30/2024,high_east,1,open,C,ALDE,2,0,,,,
5/30/2024,high_east,1,open,C,ALDE,3,0,,,,
5/30/2024,high_east,1,open,C,BRTE,1,0,,,,
5/30/2024,high_east,1,open,C,BRTE,2,0,,,,
5/30/2024,high_east,1,open,C,BRTE,3,1,,1,1.3,
5/30/2024,high_east,1,open,C,COPA,1,0,,,,
5/30/2024,high_east,1,open,C,COPA,2,0,,,,
5/30/2024,high_east,1,open,C,COPA,3,0,,,,
5/30/2024,high_east,1,shrub,R,ALDE,1,0,,,,
5/30/2024,high_east,1,shrub,R,ALDE,2,0,,,,
5/30/2024,high_east,1,shrub,R,ALDE,3,0,,,,
5/30/2024,high_east,1,shrub,R,BRTE,1,0,,,,
5/30/2024,high_east,1,shrub,R,BRTE,2,0,,,,
5/30/2024,high_east,1,shrub,R,BRTE,3,0,,,,
5/30/2024,high_east,1,shrub,R,COPA,1,0,,,,
5/30/2024,high_east,1,shrub,R,COPA,2,0,,,,
5/30/2024,high_east,1,shrub,R,COPA,3,0,,,,died
5/30/2024,high_east,1,shrub,C,ALDE,1,0,,,,
5/30/2024,high_east,1,shrub,C,ALDE,2,0,,,,
5/30/2024,high_east,1,shrub,C,ALDE,3,0,,,,
5/30/2024,high_east,1,shrub,C,BRTE,1,0,,,,
5/30/2024,high_east,1,shrub,C,BRTE,2,0,,,,
5/30/2024,high_east,1,shrub,C,BRTE,3,0,,,,
5/30/2024,high_east,1,shrub,C,COPA,1,0,,,,
5/30/2024,high_east,1,shrub,C,COPA,2,0,,,,
5/30/2024,high_east,1,shrub,C,COPA,3,1,,3,2.5,
5/30/2024,high_east,2,open,R,ALDE,1,0,,,,
5/30/2024,high_east,2,open,R,ALDE,2,0,,,,
5/30/2024,high_east,2,open,R,ALDE,3,0,,,,
5/30/2024,high_east,2,open,R,BRTE,1,0,,,,
5/30/2024,high_east,2,open,R,BRTE,2,0,,,,
5/30/2024,high_east,2,open,R,BRTE,3,0,,,,
5/30/2024,high_east,2,open,R,COPA,1,0,,,,
5/30/2024,high_east,2,open,R,COPA,2,1,,4,1.5,
5/30/2024,high_east,2,open,R,COPA,3,0,,,,
5/30/2024,high_east,2,open,C,ALDE,1,,,,,trampled
5/30/2024,high_east,2,open,C,ALDE,2,,,,,trampled
5/30/2024,high_east,2,open,C,ALDE,3,0,,,,
5/30/2024,high_east,2,open,C,BRTE,1,1,,1,1.8,
5/30/2024,high_east,2,open,C,BRTE,2,,,,,trampled
5/30/2024,high_east,2,open,C,BRTE,3,0,,,,
5/30/2024,high_east,2,open,C,COPA,1,1,,4,1.2,
5/30/2024,high_east,2,open,C,COPA,2,,,,,trampled
5/30/2024,high_east,2,open,C,COPA,3,,,,,trampled
5/30/2024,high_east,2,shrub,R,ALDE,1,0,,,,
5/30/2024,high_east,2,shrub,R,ALDE,2,0,,,,
5/30/2024,high_east,2,shrub,R,ALDE,3,0,,,,
5/30/2024,high_east,2,shrub,R,BRTE,1,0,,,,
5/30/2024,high_east,2,shrub,R,BRTE,2,0,,,,
5/30/2024,high_east,2,shrub,R,BRTE,3,0,,,,
5/30/2024,high_east,2,shrub,R,COPA,1,0,,,,
5/30/2024,high_east,2,shrub,R,COPA,2,1,,3,3.1,
5/30/2024,high_east,2,shrub,R,COPA,3,1,,4,2.1,
5/30/2024,high_east,2,shrub,C,ALDE,1,0,,,,
5/30/2024,high_east,2,shrub,C,ALDE,2,0,,,,
5/30/2024,high_east,2,shrub,C,ALDE,3,0,,,,
5/30/2024,high_east,2,shrub,C,BRTE,1,1,,1,2.6,
5/30/2024,high_east,2,shrub,C,BRTE,2,0,,,,
5/30/2024,high_east,2,shrub,C,BRTE,3,0,,,,
5/30/2024,high_east,2,shrub,C,COPA,1,0,,,,
5/30/2024,high_east,2,shrub,C,COPA,2,1,,2,2.7,
5/30/2024,high_east,2,shrub,C,COPA,3,1,,4,2.5,
5/30/2024,high_east,3,open,R,ALDE,1,,,,,trampled
5/30/2024,high_east,3,open,R,ALDE,2,0,,,,
5/30/2024,high_east,3,open,R,ALDE,3,0,,,,
5/30/2024,high_east,3,open,R,BRTE,1,0,,,,
5/30/2024,high_east,3,open,R,BRTE,2,0,,,,
5/30/2024,high_east,3,open,R,BRTE,3,,,,,trampled
5/30/2024,high_east,3,open,R,COPA,1,0,,,,
5/30/2024,high_east,3,open,R,COPA,2,0,,,,
5/30/2024,high_east,3,open,R,COPA,3,0,,,,
5/30/2024,high_east,3,open,C,ALDE,1,0,,,,
5/30/2024,high_east,3,open,C,ALDE,2,0,,,,
5/30/2024,high_east,3,open,C,ALDE,3,0,,,,
5/30/2024,high_east,3,open,C,BRTE,1,0,,,,
5/30/2024,high_east,3,open,C,BRTE,2,0,,,,
5/30/2024,high_east,3,open,C,BRTE,3,0,,,,
5/30/2024,high_east,3,open,C,COPA,1,0,,,,
5/30/2024,high_east,3,open,C,COPA,2,0,,,,
5/30/2024,high_east,3,open,C,COPA,3,0,,,,
5/30/2024,high_east,3,shrub,R,ALDE,1,0,,,,
5/30/2024,high_east,3,shrub,R,ALDE,2,0,,,,
5/30/2024,high_east,3,shrub,R,ALDE,3,0,,,,died
5/30/2024,high_east,3,shrub,R,BRTE,1,0,,,,
5/30/2024,high_east,3,shrub,R,BRTE,2,1,,1,0.8,looks bad
5/30/2024,high_east,3,shrub,R,BRTE,3,0,,,,
5/30/2024,high_east,3,shrub,R,COPA,1,0,,,,
5/30/2024,high_east,3,shrub,R,COPA,2,1,,1,1.4,looks bad
5/30/2024,high_east,3,shrub,R,COPA,3,0,,,,died
5/30/2024,high_east,3,shrub,C,ALDE,1,0,,,,
5/30/2024,high_east,3,shrub,C,ALDE,2,0,,,,
5/30/2024,high_east,3,shrub,C,ALDE,3,0,,,,
5/30/2024,high_east,3,shrub,C,BRTE,1,0,,,,
5/30/2024,high_east,3,shrub,C,BRTE,2,0,,,,
5/30/2024,high_east,3,shrub,C,BRTE,3,0,,,,
5/30/2024,high_east,3,shrub,C,COPA,1,1,,1,1.7,looks bad
5/30/2024,high_east,3,shrub,C,COPA,2,0,,,,
5/30/2024,high_east,3,shrub,C,COPA,3,0,,,,
5/30/2024,high_east,4,open,R,ALDE,1,0,,,,
5/30/2024,high_east,4,open,R,ALDE,2,0,,,,
5/30/2024,high_east,4,open,R,ALDE,3,0,,,,
5/30/2024,high_east,4,open,R,BRTE,1,0,,,,
5/30/2024,high_east,4,open,R,BRTE,2,0,,,,
5/30/2024,high_east,4,open,R,BRTE,3,0,,,,
5/30/2024,high_east,4,open,R,COPA,1,1,,3,1.3,
5/30/2024,high_east,4,open,R,COPA,2,1,<10%,3,0.9,
5/30/2024,high_east,4,open,R,COPA,3,0,,,,
5/30/2024,high_east,4,open,C,ALDE,1,0,,,,
5/30/2024,high_east,4,open,C,ALDE,2,0,,,,
5/30/2024,high_east,4,open,C,ALDE,3,0,,,,
5/30/2024,high_east,4,open,C,BRTE,1,0,,,,
5/30/2024,high_east,4,open,C,BRTE,2,0,,,,
5/30/2024,high_east,4,open,C,BRTE,3,0,,,,
5/30/2024,high_east,4,open,C,COPA,1,0,,,,
5/30/2024,high_east,4,open,C,COPA,2,0,,,,
5/30/2024,high_east,4,open,C,COPA,3,0,,,,
5/30/2024,high_east,4,shrub,R,ALDE,1,0,,,,
5/30/2024,high_east,4,shrub,R,ALDE,2,0,,,,
5/30/2024,high_east,4,shrub,R,ALDE,3,0,,,,
5/30/2024,high_east,4,shrub,R,BRTE,1,0,,,,
5/30/2024,high_east,4,shrub,R,BRTE,2,1,,1,1.9,
5/30/2024,high_east,4,shrub,R,BRTE,3,0,,,,
5/30/2024,high_east,4,shrub,R,COPA,1,1,,3,2.7,
5/30/2024,high_east,4,shrub,R,COPA,2,0,,,,
5/30/2024,high_east,4,shrub,R,COPA,3,0,,,,
5/30/2024,high_east,4,shrub,C,ALDE,1,1,,1,0.8,
5/30/2024,high_east,4,shrub,C,ALDE,2,0,,,,
5/30/2024,high_east,4,shrub,C,ALDE,3,0,,,,
5/30/2024,high_east,4,shrub,C,BRTE,1,0,,,,
5/30/2024,high_east,4,shrub,C,BRTE,2,0,,,,
5/30/2024,high_east,4,shrub,C,BRTE,3,0,,,,
5/30/2024,high_east,4,shrub,C,COPA,1,0,,,,
5/30/2024,high_east,4,shrub,C,COPA,2,0,,,,
5/30/2024,high_east,4,shrub,C,COPA,3,0,,,,
5/30/2024,high_gate,1,open,R,ALDE,1,0,,,,
5/30/2024,high_gate,1,open,R,ALDE,2,0,,,,
5/30/2024,high_gate,1,open,R,ALDE,3,0,,,,
5/30/2024,high_gate,1,open,R,BRTE,1,0,,,,
5/30/2024,high_gate,1,open,R,BRTE,2,0,,,,
5/30/2024,high_gate,1,open,R,BRTE,3,0,,,,
5/30/2024,high_gate,1,open,R,COPA,1,0,,,,
5/30/2024,high_gate,1,open,R,COPA,2,0,,,,
5/30/2024,high_gate,1,open,R,COPA,3,0,,,,
5/30/2024,high_gate,1,open,R,PODO,1,0,,,,
5/30/2024,high_gate,1,open,R,PODO,2,0,,,,
5/30/2024,high_gate,1,open,R,PODO,3,0,,,,
5/30/2024,high_gate,1,open,C,ALDE,1,0,,,,
5/30/2024,high_gate,1,open,C,ALDE,2,0,,,,
5/30/2024,high_gate,1,open,C,ALDE,3,0,,,,
5/30/2024,high_gate,1,open,C,BRTE,1,0,,,,
5/30/2024,high_gate,1,open,C,BRTE,2,0,,,,
5/30/2024,high_gate,1,open,C,BRTE,3,0,,,,
5/30/2024,high_gate,1,open,C,COPA,1,0,,,,
5/30/2024,high_gate,1,open,C,COPA,2,0,,,,
5/30/2024,high_gate,1,open,C,COPA,3,0,,,,
5/30/2024,high_gate,1,open,C,PODO,1,0,,,,
5/30/2024,high_gate,1,open,C,PODO,2,0,,,,
5/30/2024,high_gate,1,open,C,PODO,3,0,,,,
5/30/2024,high_gate,1,shrub,R,ALDE,1,0,,,,
5/30/2024,high_gate,1,shrub,R,ALDE,2,0,,,,
5/30/2024,high_gate,1,shrub,R,ALDE,3,0,,,,
5/30/2024,high_gate,1,shrub,R,BRTE,1,1,,1,1,
5/30/2024,high_gate,1,shrub,R,BRTE,2,1,,1,2,
5/30/2024,high_gate,1,shrub,R,BRTE,3,1,,1,1.5,
5/30/2024,high_gate,1,shrub,R,COPA,1,0,,,,
5/30/2024,high_gate,1,shrub,R,COPA,2,0,,,,
5/30/2024,high_gate,1,shrub,R,COPA,3,1,50-75%,1,1.1,basically dead
5/30/2024,high_gate,1,shrub,R,PODO,1,0,,,,
5/30/2024,high_gate,1,shrub,R,PODO,2,0,,,,
5/30/2024,high_gate,1,shrub,R,PODO,3,0,,,,
5/30/2024,high_gate,1,shrub,C,ALDE,1,0,,,,
5/30/2024,high_gate,1,shrub,C,ALDE,2,0,,,,
5/30/2024,high_gate,1,shrub,C,ALDE,3,0,,,,
5/30/2024,high_gate,1,shrub,C,BRTE,1,1,,1,2.6,
5/30/2024,high_gate,1,shrub,C,BRTE,2,0,,,,
5/30/2024,high_gate,1,shrub,C,BRTE,3,1,,1,2.7,
5/30/2024,high_gate,1,shrub,C,COPA,1,0,,,,
5/30/2024,high_gate,1,shrub,C,COPA,2,0,,,,
5/30/2024,high_gate,1,shrub,C,COPA,3,0,,,,died
5/30/2024,high_gate,1,shrub,C,PODO,1,0,,,,
5/30/2024,high_gate,1,shrub,C,PODO,2,0,,,,
5/30/2024,high_gate,1,shrub,C,PODO,3,0,,,,
5/30/2024,high_gate,2,open,R,ALDE,1,0,,,,
5/30/2024,high_gate,2,open,R,ALDE,2,0,,,,
5/30/2024,high_gate,2,open,R,ALDE,3,0,,,,
5/30/2024,high_gate,2,open,R,BRTE,1,0,,1,1.9,
5/30/2024,high_gate,2,open,R,BRTE,2,0,,,,
5/30/2024,high_gate,2,open,R,BRTE,3,1,,1,2.3,
5/30/2024,high_gate,2,open,R,COPA,1,,,,,missing
5/30/2024,high_gate,2,open,R,COPA,2,0,,,,
5/30/2024,high_gate,2,open,R,COPA,3,0,,,,
5/30/2024,high_gate,2,open,R,PODO,1,0,,,,
5/30/2024,high_gate,2,open,R,PODO,2,0,,,,
5/30/2024,high_gate,2,open,R,PODO,3,0,,,,
5/30/2024,high_gate,2,open,C,ALDE,1,0,,,,
5/30/2024,high_gate,2,open,C,ALDE,2,0,,,,
5/30/2024,high_gate,2,open,C,ALDE,3,,,,,trampled
5/30/2024,high_gate,2,open,C,BRTE,1,0,,,,
5/30/2024,high_gate,2,open,C,BRTE,2,0,,,,
5/30/2024,high_gate,2,open,C,BRTE,3,0,,,,
5/30/2024,high_gate,2,open,C,COPA,1,0,,,,died
5/30/2024,high_gate,2,open,C,COPA,2,0,,,,
5/30/2024,high_gate,2,open,C,COPA,3,,,,,trampled
5/30/2024,high_gate,2,open,C,PODO,1,0,,,,
5/30/2024,high_gate,2,open,C,PODO,2,0,,,,
5/30/2024,high_gate,2,open,C,PODO,3,0,,,,
5/30/2024,high_gate,2,shrub,R,ALDE,1,0,,,,
5/30/2024,high_gate,2,shrub,R,ALDE,2,0,,,,
5/30/2024,high_gate,2,shrub,R,ALDE,3,0,,,,
5/30/2024,high_gate,2,shrub,R,BRTE,1,0,,,,
5/30/2024,high_gate,2,shrub,R,BRTE,2,0,,,,
5/30/2024,high_gate,2,shrub,R,BRTE,3,1,,1,2.8,
5/30/2024,high_gate,2,shrub,R,COPA,1,0,,,,
5/30/2024,high_gate,2,shrub,R,COPA,2,0,,,,
5/30/2024,high_gate,2,shrub,R,COPA,3,0,,,,
5/30/2024,high_gate,2,shrub,R,PODO,1,0,,,,
5/30/2024,high_gate,2,shrub,R,PODO,2,0,,,,
5/30/2024,high_gate,2,shrub,R,PODO,3,0,,,,
5/30/2024,high_gate,2,shrub,C,ALDE,1,0,,,,
5/30/2024,high_gate,2,shrub,C,ALDE,2,1,,1,1,
5/30/2024,high_gate,2,shrub,C,ALDE,3,0,,,,
5/30/2024,high_gate,2,shrub,C,BRTE,1,0,,,,
5/30/2024,high_gate,2,shrub,C,BRTE,2,0,,,,
5/30/2024,high_gate,2,shrub,C,BRTE,3,0,,,,
5/30/2024,high_gate,2,shrub,C,COPA,1,1,50-75%,1,1.2,
5/30/2024,high_gate,2,shrub,C,COPA,2,0,,,,
5/30/2024,high_gate,2,shrub,C,COPA,3,0,,,,
5/30/2024,high_gate,2,shrub,C,PODO,1,0,,,,
5/30/2024,high_gate,2,shrub,C,PODO,2,0,,,,
5/30/2024,high_gate,2,shrub,C,PODO,3,0,,,,
5/30/2024,high_gate,3,open,R,ALDE,1,0,,,,
5/30/2024,high_gate,3,open,R,ALDE,2,0,,,,
5/30/2024,high_gate,3,open,R,ALDE,3,0,,,,
5/30/2024,high_gate,3,open,R,BRTE,1,0,,,,
5/30/2024,high_gate,3,open,R,BRTE,2,0,,,,
5/30/2024,high_gate,3,open,R,BRTE,3,1,,1,1.9,
5/30/2024,high_gate,3,open,R,COPA,1,0,,,,
5/30/2024,high_gate,3,open,R,COPA,2,0,,,,
5/30/2024,high_gate,3,open,R,COPA,3,0,,,,
5/30/2024,high_gate,3,open,R,PODO,1,0,,,,
5/30/2024,high_gate,3,open,R,PODO,2,,,,,trampled
5/30/2024,high_gate,3,open,R,PODO,3,0,,,,
5/30/2024,high_gate,3,open,C,ALDE,1,0,,,,
5/30/2024,high_gate,3,open,C,ALDE,2,,,,,trampled
5/30/2024,high_gate,3,open,C,ALDE,3,,,,,trampled
5/30/2024,high_gate,3,open,C,BRTE,1,0,,,,
5/30/2024,high_gate,3,open,C,BRTE,2,,,,,trampled
5/30/2024,high_gate,3,open,C,BRTE,3,0,,,,
5/30/2024,high_gate,3,open,C,COPA,1,0,,,,
5/30/2024,high_gate,3,open,C,COPA,2,0,,,,
5/30/2024,high_gate,3,open,C,COPA,3,,,,,trampled
5/30/2024,high_gate,3,open,C,PODO,1,0,,,,
5/30/2024,high_gate,3,open,C,PODO,2,0,,,,
5/30/2024,high_gate,3,open,C,PODO,3,0,,,,
5/30/2024,high_gate,3,shrub,R,ALDE,1,0,,,,
5/30/2024,high_gate,3,shrub,R,ALDE,2,0,,,,
5/30/2024,high_gate,3,shrub,R,ALDE,3,0,,,,
5/30/2024,high_gate,3,shrub,R,BRTE,1,0,,,,
5/30/2024,high_gate,3,shrub,R,BRTE,2,0,,,,
5/30/2024,high_gate,3,shrub,R,BRTE,3,0,,,,
5/30/2024,high_gate,3,shrub,R,COPA,1,0,,,,
5/30/2024,high_gate,3,shrub,R,COPA,2,0,,,,
5/30/2024,high_gate,3,shrub,R,COPA,3,0,,,,
5/30/2024,high_gate,3,shrub,R,PODO,1,0,,,,
5/30/2024,high_gate,3,shrub,R,PODO,2,0,,,,
5/30/2024,high_gate,3,shrub,R,PODO,3,0,,,,
5/30/2024,high_gate,3,shrub,C,ALDE,1,0,,,,
5/30/2024,high_gate,3,shrub,C,ALDE,2,0,,,,
5/30/2024,high_gate,3,shrub,C,ALDE,3,0,,,,
5/30/2024,high_gate,3,shrub,C,BRTE,1,0,,,,
5/30/2024,high_gate,3,shrub,C,BRTE,2,0,,,,
5/30/2024,high_gate,3,shrub,C,BRTE,3,0,,,,
5/30/2024,high_gate,3,shrub,C,COPA,1,0,,,,
5/30/2024,high_gate,3,shrub,C,COPA,2,0,,,,
5/30/2024,high_gate,3,shrub,C,COPA,3,0,,,,
5/30/2024,high_gate,3,shrub,C,PODO,1,0,,,,
5/30/2024,high_gate,3,shrub,C,PODO,2,0,,,,
5/30/2024,high_gate,3,shrub,C,PODO,3,0,,,,
5/30/2024,high_gate,4,open,R,ALDE,1,0,,,,
5/30/2024,high_gate,4,open,R,ALDE,2,0,,,,
5/30/2024,high_gate,4,open,R,ALDE,3,0,,,,
5/30/2024,high_gate,4,open,R,BRTE,1,1,,1,1.6,
5/30/2024,high_gate,4,open,R,BRTE,2,0,,,,
5/30/2024,high_gate,4,open,R,BRTE,3,0,,,,
5/30/2024,high_gate,4,open,R,COPA,1,0,,,,
5/30/2024,high_gate,4,open,R,COPA,2,0,,,,
5/30/2024,high_gate,4,open,R,COPA,3,0,,,,
5/30/2024,high_gate,4,open,R,PODO,1,0,,,,
5/30/2024,high_gate,4,open,R,PODO,2,0,,,,
5/30/2024,high_gate,4,open,R,PODO,3,0,,,,
5/30/2024,high_gate,4,open,C,ALDE,1,0,,,,
5/30/2024,high_gate,4,open,C,ALDE,2,0,,,,
5/30/2024,high_gate,4,open,C,ALDE,3,0,,,,
5/30/2024,high_gate,4,open,C,BRTE,1,0,,,,
5/30/2024,high_gate,4,open,C,BRTE,2,0,,,,
5/30/2024,high_gate,4,open,C,BRTE,3,0,,,,
5/30/2024,high_gate,4,open,C,COPA,1,0,,,,
5/30/2024,high_gate,4,open,C,COPA,2,0,,,,
5/30/2024,high_gate,4,open,C,COPA,3,0,,,,germinated then died
5/30/2024,high_gate,4,open,C,PODO,1,0,,,,
5/30/2024,high_gate,4,open,C,PODO,2,0,,,,
5/30/2024,high_gate,4,open,C,PODO,3,0,,,,
5/30/2024,high_gate,4,shrub,R,ALDE,1,0,,,,
5/30/2024,high_gate,4,shrub,R,ALDE,2,0,,,,
5/30/2024,high_gate,4,shrub,R,ALDE,3,0,,,,
5/30/2024,high_gate,4,shrub,R,BRTE,1,0,,,,
5/30/2024,high_gate,4,shrub,R,BRTE,2,0,,,,
5/30/2024,high_gate,4,shrub,R,BRTE,3,0,,,,
5/30/2024,high_gate,4,shrub,R,COPA,1,0,,,,
5/30/2024,high_gate,4,shrub,R,COPA,2,,,,,missing
5/30/2024,high_gate,4,shrub,R,COPA,3,0,,,,
5/30/2024,high_gate,4,shrub,R,PODO,1,0,,,,
5/30/2024,high_gate,4,shrub,R,PODO,2,0,,,,
5/30/2024,high_gate,4,shrub,R,PODO,3,0,,,,
5/30/2024,high_gate,4,shrub,C,ALDE,1,0,,,,
5/30/2024,high_gate,4,shrub,C,ALDE,2,0,,,,
5/30/2024,high_gate,4,shrub,C,ALDE,3,0,,,,
5/30/2024,high_gate,4,shrub,C,BRTE,1,0,,,,
5/30/2024,high_gate,4,shrub,C,BRTE,2,0,,,,
5/30/2024,high_gate,4,shrub,C,BRTE,3,0,,,,
5/30/2024,high_gate,4,shrub,C,COPA,1,0,,,,
5/30/2024,high_gate,4,shrub,C,COPA,2,0,,,,
5/30/2024,high_gate,4,shrub,C,COPA,3,0,,,,
5/30/2024,high_gate,4,shrub,C,PODO,1,0,,,,
5/30/2024,high_gate,4,shrub,C,PODO,2,0,,,,
5/30/2024,high_gate,4,shrub,C,PODO,3,0,,,,
6/5/2024,low_north,1,open,R,ALDE,1,0,,,,supplemental: no PDs for shrub 1; so many grasshoppers :(
6/5/2024,low_north,1,open,R,ALDE,2,0,,,,
6/5/2024,low_north,1,open,R,ALDE,3,0,,,,
6/5/2024,low_north,1,open,R,BRTE,1,1,,1,3,
6/5/2024,low_north,1,open,R,BRTE,2,0,,,,
6/5/2024,low_north,1,open,R,BRTE,3,0,,,,
6/5/2024,low_north,1,open,R,COPA,1,0,,,,
6/5/2024,low_north,1,open,R,COPA,2,1,<10%,3,1.3,
6/5/2024,low_north,1,open,R,COPA,3,0,,,,
6/5/2024,low_north,1,open,R,PODO,1,0,,,,
6/5/2024,low_north,1,open,R,PODO,2,0,,,,
6/5/2024,low_north,1,open,R,PODO,3,0,,,,
6/5/2024,low_north,1,open,C,ALDE,1,0,,,,
6/5/2024,low_north,1,open,C,ALDE,2,0,,,,
6/5/2024,low_north,1,open,C,ALDE,3,1,,3,1.6,
6/5/2024,low_north,1,open,C,BRTE,1,0,,,,
6/5/2024,low_north,1,open,C,BRTE,2,0,,,,
6/5/2024,low_north,1,open,C,BRTE,3,0,,,,
6/5/2024,low_north,1,open,C,COPA,1,0,,,,
6/5/2024,low_north,1,open,C,COPA,2,0,,,,
6/5/2024,low_north,1,open,C,COPA,3,0,,,,
6/5/2024,low_north,1,open,C,PODO,1,0,,,,
6/5/2024,low_north,1,open,C,PODO,2,0,,,,collect leaves next week
6/5/2024,low_north,1,open,C,PODO,3,0,,,,
6/5/2024,low_north,1,shrub,R,ALDE,1,0,,,,
6/5/2024,low_north,1,shrub,R,ALDE,2,1,,3,1.4,
6/5/2024,low_north,1,shrub,R,ALDE,3,0,,,,
6/5/2024,low_north,1,shrub,R,BRTE,1,0,,,,
6/5/2024,low_north,1,shrub,R,BRTE,2,0,,,,
6/5/2024,low_north,1,shrub,R,BRTE,3,0,,,,
6/5/2024,low_north,1,shrub,R,COPA,1,1,,3,1.4,
6/5/2024,low_north,1,shrub,R,COPA,2,1,50-75%,,1.1,top eaten
6/5/2024,low_north,1,shrub,R,COPA,3,0,,,,
6/5/2024,low_north,1,shrub,R,PODO,1,0,,,,
6/5/2024,low_north,1,shrub,R,PODO,2,1,,1,3.8,
6/5/2024,low_north,1,shrub,R,PODO,3,0,,,,
6/5/2024,low_north,1,shrub,C,ALDE,1,0,,,,
6/5/2024,low_north,1,shrub,C,ALDE,2,0,,,,
6/5/2024,low_north,1,shrub,C,ALDE,3,0,,,,
6/5/2024,low_north,1,shrub,C,BRTE,1,1,,2,2.2,
6/5/2024,low_north,1,shrub,C,BRTE,2,1,,1,3.4,
6/5/2024,low_north,1,shrub,C,BRTE,3,0,,,,
6/5/2024,low_north,1,shrub,C,COPA,1,,,,,trampled
6/5/2024,low_north,1,shrub,C,COPA,2,0,,,,
6/5/2024,low_north,1,shrub,C,COPA,3,1,,3,3.1,
6/5/2024,low_north,1,shrub,C,PODO,1,0,,,,supplemental: no CPs or PDs in open patch 2
6/5/2024,low_north,1,shrub,C,PODO,2,0,,,,
6/5/2024,low_north,1,shrub,C,PODO,3,1,,1,2.5,
6/5/2024,low_north,2,open,R,ALDE,1,0,,,,
6/5/2024,low_north,2,open,R,ALDE,2,0,,,,
6/5/2024,low_north,2,open,R,ALDE,3,0,,,,
6/5/2024,low_north,2,open,R,BRTE,1,0,,,,
6/5/2024,low_north,2,open,R,BRTE,2,0,,,,
6/5/2024,low_north,2,open,R,BRTE,3,0,,,,
6/5/2024,low_north,2,open,R,COPA,1,1,,,1.4,top eaten
6/5/2024,low_north,2,open,R,COPA,2,0,,,,
6/5/2024,low_north,2,open,R,COPA,3,0,,,,died
6/5/2024,low_north,2,open,R,PODO,1,1,,1,2,
6/5/2024,low_north,2,open,R,PODO,2,0,,,,
6/5/2024,low_north,2,open,R,PODO,3,0,,,,
6/5/2024,low_north,2,open,C,ALDE,1,0,,,,
6/5/2024,low_north,2,open,C,ALDE,2,0,,,,
6/5/2024,low_north,2,open,C,ALDE,3,0,,,,
6/5/2024,low_north,2,open,C,BRTE,1,0,,,,
6/5/2024,low_north,2,open,C,BRTE,2,1,,2,2.8,
6/5/2024,low_north,2,open,C,BRTE,3,1,,3,9.6,
6/5/2024,low_north,2,open,C,COPA,1,0,,,,
6/5/2024,low_north,2,open,C,COPA,2,0,,,,
6/5/2024,low_north,2,open,C,COPA,3,0,,,,
6/5/2024,low_north,2,open,C,PODO,1,0,,,,
6/5/2024,low_north,2,open,C,PODO,2,0,,,,
6/5/2024,low_north,2,open,C,PODO,3,0,,,,
6/5/2024,low_north,2,shrub,R,ALDE,1,0,,,,
6/5/2024,low_north,2,shrub,R,ALDE,2,0,,,,
6/5/2024,low_north,2,shrub,R,ALDE,3,0,,,,
6/5/2024,low_north,2,shrub,R,BRTE,1,0,,,,
6/5/2024,low_north,2,shrub,R,BRTE,2,,,,,
6/5/2024,low_north,2,shrub,R,BRTE,3,0,,,,
6/5/2024,low_north,2,shrub,R,COPA,1,0,,,,
6/5/2024,low_north,2,shrub,R,COPA,2,,,,,
6/5/2024,low_north,2,shrub,R,COPA,3,0,,,,died
6/5/2024,low_north,2,shrub,R,PODO,1,,,,,
6/5/2024,low_north,2,shrub,R,PODO,2,0,,,,
6/5/2024,low_north,2,shrub,R,PODO,3,0,,,,
6/5/2024,low_north,2,shrub,C,ALDE,1,0,,,,
6/5/2024,low_north,2,shrub,C,ALDE,2,0,,,,
6/5/2024,low_north,2,shrub,C,ALDE,3,0,,,,
6/5/2024,low_north,2,shrub,C,BRTE,1,0,,,,
6/5/2024,low_north,2,shrub,C,BRTE,2,0,,,,
6/5/2024,low_north,2,shrub,C,BRTE,3,0,,,,
6/5/2024,low_north,2,shrub,C,COPA,1,1,,,1.2,top eaten
6/5/2024,low_north,2,shrub,C,COPA,2,0,,,,
6/5/2024,low_north,2,shrub,C,COPA,3,0,,,,
6/5/2024,low_north,2,shrub,C,PODO,1,0,,,,
6/5/2024,low_north,2,shrub,C,PODO,2,0,,,,
6/5/2024,low_north,2,shrub,C,PODO,3,0,,,,
6/5/2024,low_north,3,open,R,ALDE,1,0,,,,
6/5/2024,low_north,3,open,R,ALDE,2,0,,,,
6/5/2024,low_north,3,open,R,ALDE,3,0,,,,
6/5/2024,low_north,3,open,R,BRTE,1,1,,3,7.7,
6/5/2024,low_north,3,open,R,BRTE,2,0,,,,
6/5/2024,low_north,3,open,R,BRTE,3,0,,,,
6/5/2024,low_north,3,open,R,COPA,1,0,,,,
6/5/2024,low_north,3,open,R,COPA,2,0,,,,
6/5/2024,low_north,3,open,R,COPA,3,0,,,,
6/5/2024,low_north,3,open,R,PODO,1,0,,,,
6/5/2024,low_north,3,open,R,PODO,2,0,,,,
6/5/2024,low_north,3,open,R,PODO,3,0,,,,
6/5/2024,low_north,3,open,C,ALDE,1,0,,,,
6/5/2024,low_north,3,open,C,ALDE,2,0,,,,
6/5/2024,low_north,3,open,C,ALDE,3,0,,,,
6/5/2024,low_north,3,open,C,BRTE,1,0,,,,
6/5/2024,low_north,3,open,C,BRTE,2,1,,3,7.5,
6/5/2024,low_north,3,open,C,BRTE,3,1,,2,4.6,
6/5/2024,low_north,3,open,C,COPA,1,0,,,,
6/5/2024,low_north,3,open,C,COPA,2,0,,,,
6/5/2024,low_north,3,open,C,COPA,3,0,,,,
6/5/2024,low_north,3,open,C,PODO,1,0,,,,
6/5/2024,low_north,3,open,C,PODO,2,0,,,,
6/5/2024,low_north,3,open,C,PODO,3,0,,,,
6/5/2024,low_north,3,shrub,R,ALDE,1,0,,,,
6/5/2024,low_north,3,shrub,R,ALDE,2,0,,,,
6/5/2024,low_north,3,shrub,R,ALDE,3,0,,,,
6/5/2024,low_north,3,shrub,R,BRTE,1,0,,,,
6/5/2024,low_north,3,shrub,R,BRTE,2,0,,,,
6/5/2024,low_north,3,shrub,R,BRTE,3,0,,,,
6/5/2024,low_north,3,shrub,R,COPA,1,0,,,,died
6/5/2024,low_north,3,shrub,R,COPA,2,0,,,,
6/5/2024,low_north,3,shrub,R,COPA,3,0,,,,
6/5/2024,low_north,3,shrub,R,PODO,1,0,,,,
6/5/2024,low_north,3,shrub,R,PODO,2,0,,,,
6/5/2024,low_north,3,shrub,R,PODO,3,0,,,,
6/5/2024,low_north,3,shrub,C,ALDE,1,0,,,,
6/5/2024,low_north,3,shrub,C,ALDE,2,0,,,,
6/5/2024,low_north,3,shrub,C,ALDE,3,0,,,,
6/5/2024,low_north,3,shrub,C,BRTE,1,1,,3,7.9,
6/5/2024,low_north,3,shrub,C,BRTE,2,0,,,,
6/5/2024,low_north,3,shrub,C,BRTE,3,0,,,,
6/5/2024,low_north,3,shrub,C,COPA,1,0,,,,
6/5/2024,low_north,3,shrub,C,COPA,2,0,,,,
6/5/2024,low_north,3,shrub,C,COPA,3,1,25-50%,4,3,
6/5/2024,low_north,3,shrub,C,PODO,1,0,,,,
6/5/2024,low_north,3,shrub,C,PODO,2,0,,,,
6/5/2024,low_north,3,shrub,C,PODO,3,0,,,,
6/5/2024,low_north,4,shrub,R,ALDE,1,0,,,,
6/5/2024,low_north,4,shrub,R,ALDE,2,0,,,,
6/5/2024,low_north,4,shrub,R,ALDE,3,0,,,,
6/5/2024,low_north,4,shrub,R,BRTE,1,0,,,,
6/5/2024,low_north,4,shrub,R,BRTE,2,0,,,,
6/5/2024,low_north,4,shrub,R,BRTE,3,0,,,,
6/5/2024,low_north,4,shrub,R,COPA,1,0,,,,
6/5/2024,low_north,4,shrub,R,COPA,2,0,,,,
6/5/2024,low_north,4,shrub,R,COPA,3,0,,,,
6/5/2024,low_north,4,shrub,R,PODO,1,0,,,,
6/5/2024,low_north,4,shrub,R,PODO,2,0,,,,
6/5/2024,low_north,4,shrub,R,PODO,3,0,,,,
6/5/2024,low_north,4,shrub,C,ALDE,1,0,,,,
6/5/2024,low_north,4,shrub,C,ALDE,2,0,,,,
6/5/2024,low_north,4,shrub,C,ALDE,3,0,,,,
6/5/2024,low_north,4,shrub,C,BRTE,1,1,,3,6.2,
6/5/2024,low_north,4,shrub,C,BRTE,2,1,,3,8,
6/5/2024,low_north,4,shrub,C,BRTE,3,1,,1,2.6,dead?
6/5/2024,low_north,4,shrub,C,COPA,1,1,25-50%,4,2.4,
6/5/2024,low_north,4,shrub,C,COPA,2,0,,,,
6/5/2024,low_north,4,shrub,C,COPA,3,0,,,,
6/5/2024,low_north,4,shrub,C,PODO,1,0,,,,
6/5/2024,low_north,4,shrub,C,PODO,2,0,,,,
6/5/2024,low_north,4,shrub,C,PODO,3,0,,,,
6/5/2024,low_gate,1,open,R,ALDE,1,0,,,,
6/5/2024,low_gate,1,open,R,ALDE,2,0,,,,
6/5/2024,low_gate,1,open,R,ALDE,3,0,,,,
6/5/2024,low_gate,1,open,R,BRTE,1,0,,,,
6/5/2024,low_gate,1,open,R,BRTE,2,0,,,,
6/5/2024,low_gate,1,open,R,BRTE,3,0,,,,
6/5/2024,low_gate,1,open,R,COPA,1,0,,,,
6/5/2024,low_gate,1,open,R,COPA,2,1,25-50%,3,2.6,
6/5/2024,low_gate,1,open,R,COPA,3,1,<10%,3,2.9,
6/5/2024,low_gate,1,open,C,ALDE,1,0,,,,
6/5/2024,low_gate,1,open,C,ALDE,2,0,,,,
6/5/2024,low_gate,1,open,C,ALDE,3,0,,,,
6/5/2024,low_gate,1,open,C,BRTE,1,0,,,,
6/5/2024,low_gate,1,open,C,BRTE,2,0,,,,
6/5/2024,low_gate,1,open,C,BRTE,3,0,,,,
6/5/2024,low_gate,1,open,C,COPA,1,0,,,,
6/5/2024,low_gate,1,open,C,COPA,2,1,<10%,3,1.5,
6/5/2024,low_gate,1,open,C,COPA,3,0,,,,
6/5/2024,low_gate,1,shrub,R,ALDE,1,0,,,,
6/5/2024,low_gate,1,shrub,R,ALDE,2,0,,,,
6/5/2024,low_gate,1,shrub,R,ALDE,3,0,,,,
6/5/2024,low_gate,1,shrub,R,BRTE,1,1,,3,8.6,
6/5/2024,low_gate,1,shrub,R,BRTE,2,0,,,,
6/5/2024,low_gate,1,shrub,R,BRTE,3,0,,,,
6/5/2024,low_gate,1,shrub,R,COPA,1,1,<10%,4,3.3,
6/5/2024,low_gate,1,shrub,R,COPA,2,0,,,,
6/5/2024,low_gate,1,shrub,R,COPA,3,0,,,,
6/5/2024,low_gate,1,shrub,C,ALDE,1,0,,,,
6/5/2024,low_gate,1,shrub,C,ALDE,2,0,,,,
6/5/2024,low_gate,1,shrub,C,ALDE,3,0,,,,
6/5/2024,low_gate,1,shrub,C,BRTE,1,0,,,,
6/5/2024,low_gate,1,shrub,C,BRTE,2,0,,,,
6/5/2024,low_gate,1,shrub,C,BRTE,3,1,,3,9,
6/5/2024,low_gate,1,shrub,C,COPA,1,0,,,,
6/5/2024,low_gate,1,shrub,C,COPA,2,0,,,,
6/5/2024,low_gate,1,shrub,C,COPA,3,1,<10%,3,2.5,
6/5/2024,low_gate,2,open,R,ALDE,1,1,10-25%,1,1.6,
6/5/2024,low_gate,2,open,R,ALDE,2,0,,,,
6/5/2024,low_gate,2,open,R,ALDE,3,0,,,,
6/5/2024,low_gate,2,open,R,BRTE,1,0,,,,
6/5/2024,low_gate,2,open,R,BRTE,2,0,,,,
6/5/2024,low_gate,2,open,R,BRTE,3,0,,,,
6/5/2024,low_gate,2,open,R,COPA,1,0,,,,
6/5/2024,low_gate,2,open,R,COPA,2,0,,,,
6/5/2024,low_gate,2,open,R,COPA,3,0,,,,
6/5/2024,low_gate,2,open,C,ALDE,1,0,,,,
6/5/2024,low_gate,2,open,C,ALDE,2,0,,,,
6/5/2024,low_gate,2,open,C,ALDE,3,0,,,,
6/5/2024,low_gate,2,open,C,BRTE,1,1,,3,5.1,
6/5/2024,low_gate,2,open,C,BRTE,2,0,,,,
6/5/2024,low_gate,2,open,C,BRTE,3,0,,,,
6/5/2024,low_gate,2,open,C,COPA,1,1,25-50%,1,1.5,
6/5/2024,low_gate,2,open,C,COPA,2,0,,,,
6/5/2024,low_gate,2,open,C,COPA,3,0,,,,
6/5/2024,low_gate,2,shrub,R,ALDE,1,,,,,
6/5/2024,low_gate,2,shrub,R,ALDE,2,0,,,,
6/5/2024,low_gate,2,shrub,R,ALDE,3,0,,,,
6/5/2024,low_gate,2,shrub,R,BRTE,1,0,,,,
6/5/2024,low_gate,2,shrub,R,BRTE,2,1,,1,0.9,
6/5/2024,low_gate,2,shrub,R,BRTE,3,0,,,,
6/5/2024,low_gate,2,shrub,R,COPA,1,1,75-100%,3,3.2,
6/5/2024,low_gate,2,shrub,R,COPA,2,,,,,
6/5/2024,low_gate,2,shrub,R,COPA,3,1,75-100%,,2.8,top eaten
6/5/2024,low_gate,2,shrub,C,ALDE,1,0,,,,
6/5/2024,low_gate,2,shrub,C,ALDE,2,0,,,,
6/5/2024,low_gate,2,shrub,C,ALDE,3,,,,,
6/5/2024,low_gate,2,shrub,C,BRTE,1,,,,,
6/5/2024,low_gate,2,shrub,C,BRTE,2,0,,,,
6/5/2024,low_gate,2,shrub,C,BRTE,3,0,,,,
6/5/2024,low_gate,2,shrub,C,COPA,1,0,,,,
6/5/2024,low_gate,2,shrub,C,COPA,2,,,,,
6/5/2024,low_gate,2,shrub,C,COPA,3,0,,,,
6/5/2024,low_gate,3,open,R,ALDE,1,0,,,,
6/5/2024,low_gate,3,open,R,ALDE,2,0,,,,
6/5/2024,low_gate,3,open,R,ALDE,3,0,,,,
6/5/2024,low_gate,3,open,R,BRTE,1,0,,,,
6/5/2024,low_gate,3,open,R,BRTE,2,0,,,,
6/5/2024,low_gate,3,open,R,BRTE,3,1,,3,7.9,
6/5/2024,low_gate,3,open,R,COPA,1,0,,,,
6/5/2024,low_gate,3,open,R,COPA,2,0,,,,
6/5/2024,low_gate,3,open,R,COPA,3,1,25-50%,4,1.6,
6/5/2024,low_gate,3,open,C,ALDE,1,0,,,,
6/5/2024,low_gate,3,open,C,ALDE,2,0,,,,
6/5/2024,low_gate,3,open,C,ALDE,3,0,,,,
6/5/2024,low_gate,3,open,C,BRTE,1,0,,,,
6/5/2024,low_gate,3,open,C,BRTE,2,0,,,,
6/5/2024,low_gate,3,open,C,BRTE,3,0,,,,
6/5/2024,low_gate,3,open,C,COPA,1,0,,,,
6/5/2024,low_gate,3,open,C,COPA,2,1,<10%,3,2.5,
6/5/2024,low_gate,3,open,C,COPA,3,1,<10%,3,3.2,
6/5/2024,low_gate,3,shrub,R,ALDE,1,0,,,,
6/5/2024,low_gate,3,shrub,R,ALDE,2,,,,,
6/5/2024,low_gate,3,shrub,R,ALDE,3,0,,,,
6/5/2024,low_gate,3,shrub,R,BRTE,1,0,,,,top eaten
6/5/2024,low_gate,3,shrub,R,BRTE,2,0,,,,
6/5/2024,low_gate,3,shrub,R,BRTE,3,0,,,,top eaten
6/5/2024,low_gate,3,shrub,R,COPA,1,1,25-50%,4,1.6,
6/5/2024,low_gate,3,shrub,R,COPA,2,,,,,
6/5/2024,low_gate,3,shrub,R,COPA,3,1,25-50%,3,2,
6/5/2024,low_gate,3,shrub,C,ALDE,1,0,,,,
6/5/2024,low_gate,3,shrub,C,ALDE,2,0,,,,
6/5/2024,low_gate,3,shrub,C,ALDE,3,0,,,,
6/5/2024,low_gate,3,shrub,C,BRTE,1,0,,,,
6/5/2024,low_gate,3,shrub,C,BRTE,2,1,,3,5.7,
6/5/2024,low_gate,3,shrub,C,BRTE,3,0,,,,
6/5/2024,low_gate,3,shrub,C,COPA,1,0,,,,
6/5/2024,low_gate,3,shrub,C,COPA,2,1,<10%,3,2.3,
6/5/2024,low_gate,3,shrub,C,COPA,3,0,,,,
6/5/2024,low_gate,4,open,R,ALDE,1,0,,,,
6/5/2024,low_gate,4,open,R,ALDE,2,0,,,,
6/5/2024,low_gate,4,open,R,ALDE,3,0,,,,
6/5/2024,low_gate,4,open,R,BRTE,1,0,,,,
6/5/2024,low_gate,4,open,R,BRTE,2,1,,1,1.4,
6/5/2024,low_gate,4,open,R,BRTE,3,0,,,,
6/5/2024,low_gate,4,open,R,COPA,1,0,,,,
6/5/2024,low_gate,4,open,R,COPA,2,1,<10%,3,2.7,
6/5/2024,low_gate,4,open,R,COPA,3,1,10-25%,3,2.8,
6/5/2024,low_gate,4,open,C,ALDE,1,0,,,,
6/5/2024,low_gate,4,open,C,ALDE,2,0,,,,
6/5/2024,low_gate,4,open,C,ALDE,3,0,,,,
6/5/2024,low_gate,4,open,C,BRTE,1,0,,,,
6/5/2024,low_gate,4,open,C,BRTE,2,0,,,,
6/5/2024,low_gate,4,open,C,BRTE,3,0,,,,
6/5/2024,low_gate,4,open,C,COPA,1,0,,,,
6/5/2024,low_gate,4,open,C,COPA,2,0,,,,
6/5/2024,low_gate,4,open,C,COPA,3,0,,,,
6/5/2024,low_gate,4,shrub,R,ALDE,1,0,,,,
6/5/2024,low_gate,4,shrub,R,ALDE,2,0,,,,
6/5/2024,low_gate,4,shrub,R,ALDE,3,0,,,,
6/5/2024,low_gate,4,shrub,R,BRTE,1,1,,1,6.8,
6/5/2024,low_gate,4,shrub,R,BRTE,2,0,,,,
6/5/2024,low_gate,4,shrub,R,BRTE,3,1,<10%,2,5.7,
6/5/2024,low_gate,4,shrub,R,COPA,1,0,,,,
6/5/2024,low_gate,4,shrub,R,COPA,2,0,,,,
6/5/2024,low_gate,4,shrub,R,COPA,3,0,,,,
6/5/2024,low_gate,4,shrub,C,ALDE,1,0,,,,
6/5/2024,low_gate,4,shrub,C,ALDE,2,0,,,,
6/5/2024,low_gate,4,shrub,C,ALDE,3,0,,,,
6/5/2024,low_gate,4,shrub,C,BRTE,1,0,,,,
6/5/2024,low_gate,4,shrub,C,BRTE,2,0,,,,
6/5/2024,low_gate,4,shrub,C,BRTE,3,0,,,,
6/5/2024,low_gate,4,shrub,C,COPA,1,0,,,,
6/5/2024,low_gate,4,shrub,C,COPA,2,0,,,,
6/5/2024,low_gate,4,shrub,C,COPA,3,1,50-75%,3,3.4,
6/6/2024,high_gate,1,open,R,ALDE,1,0,,,,
6/6/2024,high_gate,1,open,R,ALDE,2,0,,,,
6/6/2024,high_gate,1,open,R,ALDE,3,0,,,,
6/6/2024,high_gate,1,open,R,BRTE,1,0,,,,
6/6/2024,high_gate,1,open,R,BRTE,2,0,,,,
6/6/2024,high_gate,1,open,R,BRTE,3,0,,,,
6/6/2024,high_gate,1,open,R,COPA,1,0,,,,
6/6/2024,high_gate,1,open,R,COPA,2,0,,,,
6/6/2024,high_gate,1,open,R,COPA,3,0,,,,
6/6/2024,high_gate,1,open,R,PODO,1,0,,,,
6/6/2024,high_gate,1,open,R,PODO,2,0,,,,
6/6/2024,high_gate,1,open,R,PODO,3,0,,,,
6/6/2024,high_gate,1,open,C,ALDE,1,0,,,,
6/6/2024,high_gate,1,open,C,ALDE,2,0,,,,
6/6/2024,high_gate,1,open,C,ALDE,3,0,,,,
6/6/2024,high_gate,1,open,C,BRTE,1,0,,,,
6/6/2024,high_gate,1,open,C,BRTE,2,0,,,,
6/6/2024,high_gate,1,open,C,BRTE,3,0,,,,
6/6/2024,high_gate,1,open,C,COPA,1,0,,,,
6/6/2024,high_gate,1,open,C,COPA,2,0,,,,
6/6/2024,high_gate,1,open,C,COPA,3,0,,,,
6/6/2024,high_gate,1,open,C,PODO,1,0,,,,
6/6/2024,high_gate,1,open,C,PODO,2,0,,,,
6/6/2024,high_gate,1,open,C,PODO,3,0,,,,
6/6/2024,high_gate,1,shrub,R,ALDE,1,0,,,,
6/6/2024,high_gate,1,shrub,R,ALDE,2,0,,,,
6/6/2024,high_gate,1,shrub,R,ALDE,3,0,,,,
6/6/2024,high_gate,1,shrub,R,BRTE,1,1,,1,0.7,
6/6/2024,high_gate,1,shrub,R,BRTE,2,1,,2,2.1,
6/6/2024,high_gate,1,shrub,R,BRTE,3,1,,3,4.1,
6/6/2024,high_gate,1,shrub,R,COPA,1,0,,,,
6/6/2024,high_gate,1,shrub,R,COPA,2,0,,,,
6/6/2024,high_gate,1,shrub,R,COPA,3,1,75-100%,1,0.9,basically dead
6/6/2024,high_gate,1,shrub,R,PODO,1,0,,,,
6/6/2024,high_gate,1,shrub,R,PODO,2,0,,,,
6/6/2024,high_gate,1,shrub,R,PODO,3,0,,,,
6/6/2024,high_gate,1,shrub,C,ALDE,1,0,,,,
6/6/2024,high_gate,1,shrub,C,ALDE,2,0,,,,
6/6/2024,high_gate,1,shrub,C,ALDE,3,0,,,,
6/6/2024,high_gate,1,shrub,C,BRTE,1,1,,2,3.2,
6/6/2024,high_gate,1,shrub,C,BRTE,2,0,,,,
6/6/2024,high_gate,1,shrub,C,BRTE,3,1,,1,2.6,
6/6/2024,high_gate,1,shrub,C,COPA,1,0,,,,
6/6/2024,high_gate,1,shrub,C,COPA,2,0,,,,
6/6/2024,high_gate,1,shrub,C,COPA,3,0,,,,died
6/6/2024,high_gate,1,shrub,C,PODO,1,0,,,,
6/6/2024,high_gate,1,shrub,C,PODO,2,0,,,,
6/6/2024,high_gate,1,shrub,C,PODO,3,0,,,,
6/6/2024,high_gate,2,open,R,ALDE,1,0,,,,
6/6/2024,high_gate,2,open,R,ALDE,2,0,,,,
6/6/2024,high_gate,2,open,R,ALDE,3,0,,,,
6/6/2024,high_gate,2,open,R,BRTE,1,0,,1,1.7,
6/6/2024,high_gate,2,open,R,BRTE,2,0,,,,
6/6/2024,high_gate,2,open,R,BRTE,3,1,,1,1,
6/6/2024,high_gate,2,open,R,COPA,1,,,,,missing
6/6/2024,high_gate,2,open,R,COPA,2,0,,,,
6/6/2024,high_gate,2,open,R,COPA,3,0,,,,
6/6/2024,high_gate,2,open,R,PODO,1,0,,,,
6/6/2024,high_gate,2,open,R,PODO,2,0,,,,
6/6/2024,high_gate,2,open,R,PODO,3,0,,,,
6/6/2024,high_gate,2,open,C,ALDE,1,0,,,,
6/6/2024,high_gate,2,open,C,ALDE,2,0,,,,
6/6/2024,high_gate,2,open,C,ALDE,3,,,,,trampled
6/6/2024,high_gate,2,open,C,BRTE,1,0,,,,
6/6/2024,high_gate,2,open,C,BRTE,2,0,,,,
6/6/2024,high_gate,2,open,C,BRTE,3,0,,,,
6/6/2024,high_gate,2,open,C,COPA,1,0,,,,died
6/6/2024,high_gate,2,open,C,COPA,2,0,,,,
6/6/2024,high_gate,2,open,C,COPA,3,,,,,trampled
6/6/2024,high_gate,2,open,C,PODO,1,0,,,,
6/6/2024,high_gate,2,open,C,PODO,2,0,,,,
6/6/2024,high_gate,2,open,C,PODO,3,0,,,,
6/6/2024,high_gate,2,shrub,R,ALDE,1,0,,,,
6/6/2024,high_gate,2,shrub,R,ALDE,2,0,,,,
6/6/2024,high_gate,2,shrub,R,ALDE,3,0,,,,
6/6/2024,high_gate,2,shrub,R,BRTE,1,0,,,,
6/6/2024,high_gate,2,shrub,R,BRTE,2,0,,,,
6/6/2024,high_gate,2,shrub,R,BRTE,3,1,,1,2.8,
6/6/2024,high_gate,2,shrub,R,COPA,1,0,,,,
6/6/2024,high_gate,2,shrub,R,COPA,2,0,,,,
6/6/2024,high_gate,2,shrub,R,COPA,3,0,,,,
6/6/2024,high_gate,2,shrub,R,PODO,1,0,,,,
6/6/2024,high_gate,2,shrub,R,PODO,2,0,,,,
6/6/2024,high_gate,2,shrub,R,PODO,3,0,,,,
6/6/2024,high_gate,2,shrub,C,ALDE,1,0,,,,
6/6/2024,high_gate,2,shrub,C,ALDE,2,1,,1,0.6,
6/6/2024,high_gate,2,shrub,C,ALDE,3,0,,,,
6/6/2024,high_gate,2,shrub,C,BRTE,1,0,,,,
6/6/2024,high_gate,2,shrub,C,BRTE,2,0,,,,
6/6/2024,high_gate,2,shrub,C,BRTE,3,0,,,,
6/6/2024,high_gate,2,shrub,C,COPA,1,1,50-75%,2,0.9,
6/6/2024,high_gate,2,shrub,C,COPA,2,0,,,,
6/6/2024,high_gate,2,shrub,C,COPA,3,0,,,,
6/6/2024,high_gate,2,shrub,C,PODO,1,0,,,,
6/6/2024,high_gate,2,shrub,C,PODO,2,0,,,,
6/6/2024,high_gate,2,shrub,C,PODO,3,0,,,,
6/6/2024,high_gate,3,open,R,ALDE,1,0,,,,
6/6/2024,high_gate,3,open,R,ALDE,2,0,,,,
6/6/2024,high_gate,3,open,R,ALDE,3,0,,,,
6/6/2024,high_gate,3,open,R,BRTE,1,0,,,,
6/6/2024,high_gate,3,open,R,BRTE,2,0,,,,
6/6/2024,high_gate,3,open,R,BRTE,3,0,,,,died
6/6/2024,high_gate,3,open,R,COPA,1,0,,,,
6/6/2024,high_gate,3,open,R,COPA,2,0,,,,
6/6/2024,high_gate,3,open,R,COPA,3,0,,,,
6/6/2024,high_gate,3,open,R,PODO,1,0,,,,
6/6/2024,high_gate,3,open,R,PODO,2,,,,,trampled
6/6/2024,high_gate,3,open,R,PODO,3,0,,,,
6/6/2024,high_gate,3,open,C,ALDE,1,0,,,,
6/6/2024,high_gate,3,open,C,ALDE,2,,,,,trampled
6/6/2024,high_gate,3,open,C,ALDE,3,,,,,trampled
6/6/2024,high_gate,3,open,C,BRTE,1,0,,,,
6/6/2024,high_gate,3,open,C,BRTE,2,,,,,trampled
6/6/2024,high_gate,3,open,C,BRTE,3,0,,,,
6/6/2024,high_gate,3,open,C,COPA,1,0,,,,
6/6/2024,high_gate,3,open,C,COPA,2,0,,,,
6/6/2024,high_gate,3,open,C,COPA,3,,,,,trampled
6/6/2024,high_gate,3,open,C,PODO,1,0,,,,
6/6/2024,high_gate,3,open,C,PODO,2,0,,,,
6/6/2024,high_gate,3,open,C,PODO,3,0,,,,
6/6/2024,high_gate,3,shrub,R,ALDE,1,0,,,,
6/6/2024,high_gate,3,shrub,R,ALDE,2,0,,,,
6/6/2024,high_gate,3,shrub,R,ALDE,3,0,,,,
6/6/2024,high_gate,3,shrub,R,BRTE,1,0,,,,
6/6/2024,high_gate,3,shrub,R,BRTE,2,0,,,,
6/6/2024,high_gate,3,shrub,R,BRTE,3,0,,,,
6/6/2024,high_gate,3,shrub,R,COPA,1,0,,,,
6/6/2024,high_gate,3,shrub,R,COPA,2,0,,,,
6/6/2024,high_gate,3,shrub,R,COPA,3,0,,,,
6/6/2024,high_gate,3,shrub,R,PODO,1,0,,,,
6/6/2024,high_gate,3,shrub,R,PODO,2,0,,,,
6/6/2024,high_gate,3,shrub,R,PODO,3,0,,,,
6/6/2024,high_gate,3,shrub,C,ALDE,1,0,,,,
6/6/2024,high_gate,3,shrub,C,ALDE,2,0,,,,
6/6/2024,high_gate,3,shrub,C,ALDE,3,0,,,,
6/6/2024,high_gate,3,shrub,C,BRTE,1,0,,,,
6/6/2024,high_gate,3,shrub,C,BRTE,2,0,,,,
6/6/2024,high_gate,3,shrub,C,BRTE,3,0,,,,
6/6/2024,high_gate,3,shrub,C,COPA,1,0,,,,
6/6/2024,high_gate,3,shrub,C,COPA,2,0,,,,
6/6/2024,high_gate,3,shrub,C,COPA,3,0,,,,
6/6/2024,high_gate,3,shrub,C,PODO,1,0,,,,
6/6/2024,high_gate,3,shrub,C,PODO,2,0,,,,
6/6/2024,high_gate,3,shrub,C,PODO,3,0,,,,
6/6/2024,high_gate,4,open,R,ALDE,1,0,,,,
6/6/2024,high_gate,4,open,R,ALDE,2,0,,,,
6/6/2024,high_gate,4,open,R,ALDE,3,0,,,,
6/6/2024,high_gate,4,open,R,BRTE,1,1,,1,1.5,
6/6/2024,high_gate,4,open,R,BRTE,2,0,,,,
6/6/2024,high_gate,4,open,R,BRTE,3,0,,,,
6/6/2024,high_gate,4,open,R,COPA,1,0,,,,
6/6/2024,high_gate,4,open,R,COPA,2,0,,,,
6/6/2024,high_gate,4,open,R,COPA,3,0,,,,
6/6/2024,high_gate,4,open,R,PODO,1,0,,,,
6/6/2024,high_gate,4,open,R,PODO,2,0,,,,
6/6/2024,high_gate,4,open,R,PODO,3,0,,,,
6/6/2024,high_gate,4,open,C,ALDE,1,0,,,,
6/6/2024,high_gate,4,open,C,ALDE,2,0,,,,
6/6/2024,high_gate,4,open,C,ALDE,3,0,,,,
6/6/2024,high_gate,4,open,C,BRTE,1,0,,,,
6/6/2024,high_gate,4,open,C,BRTE,2,0,,,,
6/6/2024,high_gate,4,open,C,BRTE,3,0,,,,
6/6/2024,high_gate,4,open,C,COPA,1,0,,,,
6/6/2024,high_gate,4,open,C,COPA,2,0,,,,
6/6/2024,high_gate,4,open,C,COPA,3,0,,,,germinated then died
6/6/2024,high_gate,4,open,C,PODO,1,0,,,,
6/6/2024,high_gate,4,open,C,PODO,2,0,,,,
6/6/2024,high_gate,4,open,C,PODO,3,0,,,,
6/6/2024,high_gate,4,shrub,R,ALDE,1,0,,,,
6/6/2024,high_gate,4,shrub,R,ALDE,2,0,,,,
6/6/2024,high_gate,4,shrub,R,ALDE,3,0,,,,
6/6/2024,high_gate,4,shrub,R,BRTE,1,0,,,,
6/6/2024,high_gate,4,shrub,R,BRTE,2,0,,,,
6/6/2024,high_gate,4,shrub,R,BRTE,3,0,,,,
6/6/2024,high_gate,4,shrub,R,COPA,1,0,,,,
6/6/2024,high_gate,4,shrub,R,COPA,2,,,,,missing
6/6/2024,high_gate,4,shrub,R,COPA,3,0,,,,
6/6/2024,high_gate,4,shrub,R,PODO,1,0,,,,
6/6/2024,high_gate,4,shrub,R,PODO,2,0,,,,
6/6/2024,high_gate,4,shrub,R,PODO,3,0,,,,
6/6/2024,high_gate,4,shrub,C,ALDE,1,0,,,,
6/6/2024,high_gate,4,shrub,C,ALDE,2,0,,,,
6/6/2024,high_gate,4,shrub,C,ALDE,3,0,,,,
6/6/2024,high_gate,4,shrub,C,BRTE,1,0,,,,
6/6/2024,high_gate,4,shrub,C,BRTE,2,0,,,,
6/6/2024,high_gate,4,shrub,C,BRTE,3,0,,,,
6/6/2024,high_gate,4,shrub,C,COPA,1,0,,,,
6/6/2024,high_gate,4,shrub,C,COPA,2,0,,,,
6/6/2024,high_gate,4,shrub,C,COPA,3,0,,,,
6/6/2024,high_gate,4,shrub,C,PODO,1,0,,,,
6/6/2024,high_gate,4,shrub,C,PODO,2,0,,,,
6/6/2024,high_gate,4,shrub,C,PODO,3,0,,,,
6/6/2024,high_north,1,open,R,ALDE,1,0,,,,
6/6/2024,high_north,1,open,R,ALDE,2,0,,,,
6/6/2024,high_north,1,open,R,ALDE,3,0,,,,
6/6/2024,high_north,1,open,R,BRTE,1,0,,,,
6/6/2024,high_north,1,open,R,BRTE,2,,,,,trampled
6/6/2024,high_north,1,open,R,BRTE,3,0,,,,
6/6/2024,high_north,1,open,R,COPA,1,1,<10%,1,0.3,dead?
6/6/2024,high_north,1,open,R,COPA,2,0,,,,
6/6/2024,high_north,1,open,R,COPA,3,0,,,,
6/6/2024,high_north,1,open,C,ALDE,1,,,,,trampled
6/6/2024,high_north,1,open,C,ALDE,2,0,,,,
6/6/2024,high_north,1,open,C,ALDE,3,0,,,,
6/6/2024,high_north,1,open,C,BRTE,1,0,,,,
6/6/2024,high_north,1,open,C,BRTE,2,0,,,,
6/6/2024,high_north,1,open,C,BRTE,3,0,,,,
6/6/2024,high_north,1,open,C,COPA,1,0,,,,
6/6/2024,high_north,1,open,C,COPA,2,,,,,trampled
6/6/2024,high_north,1,open,C,COPA,3,,,,,trampled
6/6/2024,high_north,1,shrub,R,ALDE,1,0,,,,
6/6/2024,high_north,1,shrub,R,ALDE,2,0,,,,
6/6/2024,high_north,1,shrub,R,ALDE,3,0,,,,
6/6/2024,high_north,1,shrub,R,BRTE,1,0,,,,
6/6/2024,high_north,1,shrub,R,BRTE,2,0,,,,died
6/6/2024,high_north,1,shrub,R,BRTE,3,0,,,,died
6/6/2024,high_north,1,shrub,R,COPA,1,0,,,,
6/6/2024,high_north,1,shrub,R,COPA,2,0,,,,
6/6/2024,high_north,1,shrub,R,COPA,3,0,,,,
6/6/2024,high_north,1,shrub,C,ALDE,1,0,,,,
6/6/2024,high_north,1,shrub,C,ALDE,2,0,,,,
6/6/2024,high_north,1,shrub,C,ALDE,3,0,,,,
6/6/2024,high_north,1,shrub,C,BRTE,1,0,,,,died
6/6/2024,high_north,1,shrub,C,BRTE,2,0,,,,
6/6/2024,high_north,1,shrub,C,BRTE,3,0,,,,
6/6/2024,high_north,1,shrub,C,COPA,1,0,,,,
6/6/2024,high_north,1,shrub,C,COPA,2,0,,,,
6/6/2024,high_north,1,shrub,C,COPA,3,0,,,,
6/6/2024,high_north,2,open,R,ALDE,1,0,,,,
6/6/2024,high_north,2,open,R,ALDE,2,0,,,,
6/6/2024,high_north,2,open,R,ALDE,3,0,,,,
6/6/2024,high_north,2,open,R,BRTE,1,0,,,,
6/6/2024,high_north,2,open,R,BRTE,2,0,,,,
6/6/2024,high_north,2,open,R,BRTE,3,0,,,,
6/6/2024,high_north,2,open,R,COPA,1,0,,,,
6/6/2024,high_north,2,open,R,COPA,2,0,,,,
6/6/2024,high_north,2,open,R,COPA,3,0,,,,germinated then died
6/6/2024,high_north,2,open,C,ALDE,1,0,,,,
6/6/2024,high_north,2,open,C,ALDE,2,0,,,,
6/6/2024,high_north,2,open,C,ALDE,3,0,,,,
6/6/2024,high_north,2,open,C,BRTE,1,0,,,,
6/6/2024,high_north,2,open,C,BRTE,2,,,,,missing
6/6/2024,high_north,2,open,C,BRTE,3,,,,,missing
6/6/2024,high_north,2,open,C,COPA,1,0,,,,
6/6/2024,high_north,2,open,C,COPA,2,0,,,,
6/6/2024,high_north,2,open,C,COPA,3,0,,,,
6/6/2024,high_north,2,shrub,R,ALDE,1,0,,,,
6/6/2024,high_north,2,shrub,R,ALDE,2,0,,,,
6/6/2024,high_north,2,shrub,R,ALDE,3,0,,,,
6/6/2024,high_north,2,shrub,R,BRTE,1,0,,,,
6/6/2024,high_north,2,shrub,R,BRTE,2,0,,,,
6/6/2024,high_north,2,shrub,R,BRTE,3,0,,,,
6/6/2024,high_north,2,shrub,R,COPA,1,0,,,,
6/6/2024,high_north,2,shrub,R,COPA,2,0,,,,
6/6/2024,high_north,2,shrub,R,COPA,3,0,,,,
6/6/2024,high_north,2,shrub,C,ALDE,1,0,,,,
6/6/2024,high_north,2,shrub,C,ALDE,2,0,,,,
6/6/2024,high_north,2,shrub,C,ALDE,3,0,,,,
6/6/2024,high_north,2,shrub,C,BRTE,1,0,,,,
6/6/2024,high_north,2,shrub,C,BRTE,2,0,,,,
6/6/2024,high_north,2,shrub,C,BRTE,3,0,,,,
6/6/2024,high_north,2,shrub,C,COPA,1,0,,,,
6/6/2024,high_north,2,shrub,C,COPA,2,0,,,,
6/6/2024,high_north,2,shrub,C,COPA,3,0,,,,
6/6/2024,high_north,3,open,R,ALDE,1,0,,,,
6/6/2024,high_north,3,open,R,ALDE,2,0,,,,
6/6/2024,high_north,3,open,R,ALDE,3,0,,,,
6/6/2024,high_north,3,open,R,BRTE,1,0,,,,
6/6/2024,high_north,3,open,R,BRTE,2,0,,,,
6/6/2024,high_north,3,open,R,BRTE,3,0,,,,
6/6/2024,high_north,3,open,R,COPA,1,0,,,,
6/6/2024,high_north,3,open,R,COPA,2,0,,,,
6/6/2024,high_north,3,open,R,COPA,3,0,,,,
6/6/2024,high_north,3,open,C,ALDE,1,0,,,,
6/6/2024,high_north,3,open,C,ALDE,2,0,,,,
6/6/2024,high_north,3,open,C,ALDE,3,0,,,,
6/6/2024,high_north,3,open,C,BRTE,1,0,,,,
6/6/2024,high_north,3,open,C,BRTE,2,0,,,,
6/6/2024,high_north,3,open,C,BRTE,3,0,,,,
6/6/2024,high_north,3,open,C,COPA,1,0,,,,
6/6/2024,high_north,3,open,C,COPA,2,0,,,,
6/6/2024,high_north,3,open,C,COPA,3,0,,,,
6/6/2024,high_north,3,shrub,R,ALDE,1,0,,,,
6/6/2024,high_north,3,shrub,R,ALDE,2,0,,,,
6/6/2024,high_north,3,shrub,R,ALDE,3,0,,,,
6/6/2024,high_north,3,shrub,R,BRTE,1,0,,,,
6/6/2024,high_north,3,shrub,R,BRTE,2,1,,1,3.8,
6/6/2024,high_north,3,shrub,R,BRTE,3,0,,,,
6/6/2024,high_north,3,shrub,R,COPA,1,0,,,,
6/6/2024,high_north,3,shrub,R,COPA,2,0,,,,
6/6/2024,high_north,3,shrub,R,COPA,3,0,,,,
6/6/2024,high_north,3,shrub,C,ALDE,1,0,,,,
6/6/2024,high_north,3,shrub,C,ALDE,2,0,,,,
6/6/2024,high_north,3,shrub,C,ALDE,3,0,,,,
6/6/2024,high_north,3,shrub,C,BRTE,1,0,,,,
6/6/2024,high_north,3,shrub,C,BRTE,2,0,,,,died
6/6/2024,high_north,3,shrub,C,BRTE,3,0,,,,
6/6/2024,high_north,3,shrub,C,COPA,1,0,,,,
6/6/2024,high_north,3,shrub,C,COPA,2,0,,,,
6/6/2024,high_north,3,shrub,C,COPA,3,0,,,,
6/6/2024,high_north,4,open,R,ALDE,1,0,,,,
6/6/2024,high_north,4,open,R,ALDE,2,0,,,,
6/6/2024,high_north,4,open,R,ALDE,3,0,,,,
6/6/2024,high_north,4,open,R,BRTE,1,0,,,,
6/6/2024,high_north,4,open,R,BRTE,2,0,,,,
6/6/2024,high_north,4,open,R,BRTE,3,0,,,,
6/6/2024,high_north,4,open,R,COPA,1,0,,,,
6/6/2024,high_north,4,open,R,COPA,2,0,,,,
6/6/2024,high_north,4,open,R,COPA,3,0,,,,
6/6/2024,high_north,4,open,C,ALDE,1,0,,,,
6/6/2024,high_north,4,open,C,ALDE,2,0,,,,
6/6/2024,high_north,4,open,C,ALDE,3,0,,,,
6/6/2024,high_north,4,open,C,BRTE,1,0,,,,
6/6/2024,high_north,4,open,C,BRTE,2,0,,,,
6/6/2024,high_north,4,open,C,BRTE,3,0,,,,
6/6/2024,high_north,4,open,C,COPA,1,0,,,,
6/6/2024,high_north,4,open,C,COPA,2,0,,,,
6/6/2024,high_north,4,open,C,COPA,3,0,,,,
6/6/2024,high_north,4,shrub,R,ALDE,1,0,,,,
6/6/2024,high_north,4,shrub,R,ALDE,2,0,,,,
6/6/2024,high_north,4,shrub,R,ALDE,3,0,,,,
6/6/2024,high_north,4,shrub,R,BRTE,1,1,,1,2.2,
6/6/2024,high_north,4,shrub,R,BRTE,2,1,,1,2.5,
6/6/2024,high_north,4,shrub,R,BRTE,3,0,,,,
6/6/2024,high_north,4,shrub,R,COPA,1,0,,,,
6/6/2024,high_north,4,shrub,R,COPA,2,0,,,,
6/6/2024,high_north,4,shrub,R,COPA,3,1,<10%,1,1.8,
6/6/2024,high_north,4,shrub,C,ALDE,1,0,,,,
6/6/2024,high_north,4,shrub,C,ALDE,2,0,,,,
6/6/2024,high_north,4,shrub,C,ALDE,3,0,,,,
6/6/2024,high_north,4,shrub,C,BRTE,1,0,,,,
6/6/2024,high_north,4,shrub,C,BRTE,2,0,,,,
6/6/2024,high_north,4,shrub,C,BRTE,3,0,,,,
6/6/2024,high_north,4,shrub,C,COPA,1,0,,,,
6/6/2024,high_north,4,shrub,C,COPA,2,0,,,,
6/6/2024,high_north,4,shrub,C,COPA,3,0,,,,
6/6/2024,high_east,1,open,R,ALDE,1,0,,,,
6/6/2024,high_east,1,open,R,ALDE,2,0,,,,
6/6/2024,high_east,1,open,R,ALDE,3,0,,,,
6/6/2024,high_east,1,open,R,BRTE,1,0,,,,trampled
6/6/2024,high_east,1,open,R,BRTE,2,1,,1,2.6,
6/6/2024,high_east,1,open,R,BRTE,3,0,,,,
6/6/2024,high_east,1,open,R,COPA,1,0,,,,
6/6/2024,high_east,1,open,R,COPA,2,0,,,,died
6/6/2024,high_east,1,open,R,COPA,3,0,,,,
6/6/2024,high_east,1,open,C,ALDE,1,0,,,,
6/6/2024,high_east,1,open,C,ALDE,2,0,,,,
6/6/2024,high_east,1,open,C,ALDE,3,0,,,,
6/6/2024,high_east,1,open,C,BRTE,1,0,,,,
6/6/2024,high_east,1,open,C,BRTE,2,0,,,,
6/6/2024,high_east,1,open,C,BRTE,3,1,,1,0.9,dead?
6/6/2024,high_east,1,open,C,COPA,1,0,,,,
6/6/2024,high_east,1,open,C,COPA,2,0,,,,
6/6/2024,high_east,1,open,C,COPA,3,0,,,,
6/6/2024,high_east,1,shrub,R,ALDE,1,0,,,,
6/6/2024,high_east,1,shrub,R,ALDE,2,0,,,,
6/6/2024,high_east,1,shrub,R,ALDE,3,0,,,,
6/6/2024,high_east,1,shrub,R,BRTE,1,0,,,,
6/6/2024,high_east,1,shrub,R,BRTE,2,0,,,,
6/6/2024,high_east,1,shrub,R,BRTE,3,0,,,,
6/6/2024,high_east,1,shrub,R,COPA,1,0,,,,
6/6/2024,high_east,1,shrub,R,COPA,2,0,,,,
6/6/2024,high_east,1,shrub,R,COPA,3,0,,,,died
6/6/2024,high_east,1,shrub,C,ALDE,1,0,,,,
6/6/2024,high_east,1,shrub,C,ALDE,2,0,,,,
6/6/2024,high_east,1,shrub,C,ALDE,3,0,,,,
6/6/2024,high_east,1,shrub,C,BRTE,1,0,,,,
6/6/2024,high_east,1,shrub,C,BRTE,2,0,,,,
6/6/2024,high_east,1,shrub,C,BRTE,3,0,,,,
6/6/2024,high_east,1,shrub,C,COPA,1,0,,,,
6/6/2024,high_east,1,shrub,C,COPA,2,0,,,,
6/6/2024,high_east,1,shrub,C,COPA,3,1,,5,2.6,
6/6/2024,high_east,2,open,R,ALDE,1,0,,,,
6/6/2024,high_east,2,open,R,ALDE,2,0,,,,
6/6/2024,high_east,2,open,R,ALDE,3,0,,,,
6/6/2024,high_east,2,open,R,BRTE,1,0,,,,
6/6/2024,high_east,2,open,R,BRTE,2,0,,,,
6/6/2024,high_east,2,open,R,BRTE,3,0,,,,
6/6/2024,high_east,2,open,R,COPA,1,0,,,,
6/6/2024,high_east,2,open,R,COPA,2,0,,,,died
6/6/2024,high_east,2,open,R,COPA,3,0,,,,
6/6/2024,high_east,2,open,C,ALDE,1,,,,,trampled
6/6/2024,high_east,2,open,C,ALDE,2,,,,,trampled
6/6/2024,high_east,2,open,C,ALDE,3,0,,,,
6/6/2024,high_east,2,open,C,BRTE,1,1,,1,1.9,
6/6/2024,high_east,2,open,C,BRTE,2,,,,,trampled
6/6/2024,high_east,2,open,C,BRTE,3,0,,,,
6/6/2024,high_east,2,open,C,COPA,1,0,,,,died
6/6/2024,high_east,2,open,C,COPA,2,,,,,trampled
6/6/2024,high_east,2,open,C,COPA,3,,,,,trampled
6/6/2024,high_east,2,shrub,R,ALDE,1,0,,,,
6/6/2024,high_east,2,shrub,R,ALDE,2,0,,,,
6/6/2024,high_east,2,shrub,R,ALDE,3,0,,,,
6/6/2024,high_east,2,shrub,R,BRTE,1,0,,,,
6/6/2024,high_east,2,shrub,R,BRTE,2,0,,,,
6/6/2024,high_east,2,shrub,R,BRTE,3,0,,,,
6/6/2024,high_east,2,shrub,R,COPA,1,0,,,,
6/6/2024,high_east,2,shrub,R,COPA,2,1,,5,3.3,
6/6/2024,high_east,2,shrub,R,COPA,3,1,,3,2,
6/6/2024,high_east,2,shrub,C,ALDE,1,0,,,,
6/6/2024,high_east,2,shrub,C,ALDE,2,0,,,,
6/6/2024,high_east,2,shrub,C,ALDE,3,0,,,,
6/6/2024,high_east,2,shrub,C,BRTE,1,1,,1,2.3,
6/6/2024,high_east,2,shrub,C,BRTE,2,0,,,,
6/6/2024,high_east,2,shrub,C,BRTE,3,0,,,,
6/6/2024,high_east,2,shrub,C,COPA,1,0,,,,
6/6/2024,high_east,2,shrub,C,COPA,2,1,,4,2.8,
6/6/2024,high_east,2,shrub,C,COPA,3,1,,4,2.4,
6/6/2024,high_east,3,open,R,ALDE,1,,,,,trampled
6/6/2024,high_east,3,open,R,ALDE,2,0,,,,
6/6/2024,high_east,3,open,R,ALDE,3,0,,,,
6/6/2024,high_east,3,open,R,BRTE,1,0,,,,
6/6/2024,high_east,3,open,R,BRTE,2,0,,,,
6/6/2024,high_east,3,open,R,BRTE,3,,,,,trampled
6/6/2024,high_east,3,open,R,COPA,1,0,,,,
6/6/2024,high_east,3,open,R,COPA,2,0,,,,
6/6/2024,high_east,3,open,R,COPA,3,0,,,,
6/6/2024,high_east,3,open,C,ALDE,1,0,,,,
6/6/2024,high_east,3,open,C,ALDE,2,0,,,,
6/6/2024,high_east,3,open,C,ALDE,3,0,,,,
6/6/2024,high_east,3,open,C,BRTE,1,0,,,,
6/6/2024,high_east,3,open,C,BRTE,2,0,,,,
6/6/2024,high_east,3,open,C,BRTE,3,0,,,,
6/6/2024,high_east,3,open,C,COPA,1,0,,,,
6/6/2024,high_east,3,open,C,COPA,2,0,,,,
6/6/2024,high_east,3,open,C,COPA,3,0,,,,
6/6/2024,high_east,3,shrub,R,ALDE,1,0,,,,
6/6/2024,high_east,3,shrub,R,ALDE,2,0,,,,
6/6/2024,high_east,3,shrub,R,ALDE,3,0,,,,died
6/6/2024,high_east,3,shrub,R,BRTE,1,0,,,,
6/6/2024,high_east,3,shrub,R,BRTE,2,0,,,,died
6/6/2024,high_east,3,shrub,R,BRTE,3,0,,,,
6/6/2024,high_east,3,shrub,R,COPA,1,0,,,,
6/6/2024,high_east,3,shrub,R,COPA,2,0,,,,died
6/6/2024,high_east,3,shrub,R,COPA,3,0,,,,died
6/6/2024,high_east,3,shrub,C,ALDE,1,0,,,,
6/6/2024,high_east,3,shrub,C,ALDE,2,0,,,,
6/6/2024,high_east,3,shrub,C,ALDE,3,0,,,,
6/6/2024,high_east,3,shrub,C,BRTE,1,0,,,,
6/6/2024,high_east,3,shrub,C,BRTE,2,0,,,,
6/6/2024,high_east,3,shrub,C,BRTE,3,0,,,,
6/6/2024,high_east,3,shrub,C,COPA,1,1,,1,1.1,dead?
6/6/2024,high_east,3,shrub,C,COPA,2,0,,,,
6/6/2024,high_east,3,shrub,C,COPA,3,0,,,,
6/6/2024,high_east,4,open,R,ALDE,1,0,,,,
6/6/2024,high_east,4,open,R,ALDE,2,0,,,,
6/6/2024,high_east,4,open,R,ALDE,3,0,,,,
6/6/2024,high_east,4,open,R,BRTE,1,0,,,,
6/6/2024,high_east,4,open,R,BRTE,2,0,,,,
6/6/2024,high_east,4,open,R,BRTE,3,0,,,,
6/6/2024,high_east,4,open,R,COPA,1,1,,5,1.5,
6/6/2024,high_east,4,open,R,COPA,2,1,<10%,4,1.1,
6/6/2024,high_east,4,open,R,COPA,3,0,,,,
6/6/2024,high_east,4,open,C,ALDE,1,0,,,,
6/6/2024,high_east,4,open,C,ALDE,2,0,,,,
6/6/2024,high_east,4,open,C,ALDE,3,0,,,,
6/6/2024,high_east,4,open,C,BRTE,1,0,,,,
6/6/2024,high_east,4,open,C,BRTE,2,0,,,,
6/6/2024,high_east,4,open,C,BRTE,3,0,,,,
6/6/2024,high_east,4,open,C,COPA,1,0,,,,
6/6/2024,high_east,4,open,C,COPA,2,0,,,,
6/6/2024,high_east,4,open,C,COPA,3,0,,,,
6/6/2024,high_east,4,shrub,R,ALDE,1,0,,,,
6/6/2024,high_east,4,shrub,R,ALDE,2,0,,,,
6/6/2024,high_east,4,shrub,R,ALDE,3,0,,,,
6/6/2024,high_east,4,shrub,R,BRTE,1,0,,,,
6/6/2024,high_east,4,shrub,R,BRTE,2,1,,1,2,
6/6/2024,high_east,4,shrub,R,BRTE,3,0,,,,
6/6/2024,high_east,4,shrub,R,COPA,1,1,,3,2.9,
6/6/2024,high_east,4,shrub,R,COPA,2,0,,,,
6/6/2024,high_east,4,shrub,R,COPA,3,0,,,,
6/6/2024,high_east,4,shrub,C,ALDE,1,1,,1,0.8,
6/6/2024,high_east,4,shrub,C,ALDE,2,0,,,,
6/6/2024,high_east,4,shrub,C,ALDE,3,0,,,,
6/6/2024,high_east,4,shrub,C,BRTE,1,0,,,,
6/6/2024,high_east,4,shrub,C,BRTE,2,0,,,,
6/6/2024,high_east,4,shrub,C,BRTE,3,0,,,,
6/6/2024,high_east,4,shrub,C,COPA,1,0,,,,
6/6/2024,high_east,4,shrub,C,COPA,2,0,,,,
6/6/2024,high_east,4,shrub,C,COPA,3,0,,,,
6/11/2024,low_north,1,open,R,ALDE,1,0,,,,
6/11/2024,low_north,1,open,R,ALDE,2,0,,,,
6/11/2024,low_north,1,open,R,ALDE,3,0,,,,
6/11/2024,low_north,1,open,R,BRTE,1,0,,,,died
6/11/2024,low_north,1,open,R,BRTE,2,0,,,,
6/11/2024,low_north,1,open,R,BRTE,3,0,,,,
6/11/2024,low_north,1,open,R,COPA,1,0,,,,
6/11/2024,low_north,1,open,R,COPA,2,1,<10%,,1.1,"top eaten, collected"
6/11/2024,low_north,1,open,R,COPA,3,0,,,,
6/11/2024,low_north,1,open,R,PODO,1,0,,,,
6/11/2024,low_north,1,open,R,PODO,2,0,,,,
6/11/2024,low_north,1,open,R,PODO,3,0,,,,
6/11/2024,low_north,1,open,C,ALDE,1,0,,,,
6/11/2024,low_north,1,open,C,ALDE,2,0,,,,
6/11/2024,low_north,1,open,C,ALDE,3,1,,,1.9,"top eaten, collected"
6/11/2024,low_north,1,open,C,BRTE,1,0,,,,
6/11/2024,low_north,1,open,C,BRTE,2,0,,,,
6/11/2024,low_north,1,open,C,BRTE,3,0,,,,
6/11/2024,low_north,1,open,C,COPA,1,0,,,,
6/11/2024,low_north,1,open,C,COPA,2,0,,,,
6/11/2024,low_north,1,open,C,COPA,3,0,,,,
6/11/2024,low_north,1,open,C,PODO,1,0,,,,
6/11/2024,low_north,1,open,C,PODO,2,0,,,,
6/11/2024,low_north,1,open,C,PODO,3,0,,,,
6/11/2024,low_north,1,shrub,R,ALDE,1,0,,,,
6/11/2024,low_north,1,shrub,R,ALDE,2,1,,,2.5,"top eaten, collected"
6/11/2024,low_north,1,shrub,R,ALDE,3,0,,,,
6/11/2024,low_north,1,shrub,R,BRTE,1,0,,,,
6/11/2024,low_north,1,shrub,R,BRTE,2,0,,,,
6/11/2024,low_north,1,shrub,R,BRTE,3,0,,,,
6/11/2024,low_north,1,shrub,R,COPA,1,0,,,,died
6/11/2024,low_north,1,shrub,R,COPA,2,0,,,,died
6/11/2024,low_north,1,shrub,R,COPA,3,0,,,,
6/11/2024,low_north,1,shrub,R,PODO,1,0,,,,
6/11/2024,low_north,1,shrub,R,PODO,2,1,,1,3.8,
6/11/2024,low_north,1,shrub,R,PODO,3,0,,,,
6/11/2024,low_north,1,shrub,C,ALDE,1,,,,,trampled
6/11/2024,low_north,1,shrub,C,ALDE,2,,,,,trampled
6/11/2024,low_north,1,shrub,C,ALDE,3,0,,,,
6/11/2024,low_north,1,shrub,C,BRTE,1,,,,,trampled
6/11/2024,low_north,1,shrub,C,BRTE,2,1,,3,4.7,
6/11/2024,low_north,1,shrub,C,BRTE,3,0,,,,
6/11/2024,low_north,1,shrub,C,COPA,1,,,,,trampled
6/11/2024,low_north,1,shrub,C,COPA,2,,,,,trampled
6/11/2024,low_north,1,shrub,C,COPA,3,1,,,1.6,"top eaten, collected"
6/11/2024,low_north,1,shrub,C,PODO,1,0,,,,
6/11/2024,low_north,1,shrub,C,PODO,2,0,,,,
6/11/2024,low_north,1,shrub,C,PODO,3,1,,1,2.4,
6/11/2024,low_north,2,open,R,ALDE,1,0,,,,
6/11/2024,low_north,2,open,R,ALDE,2,0,,,,
6/11/2024,low_north,2,open,R,ALDE,3,0,,,,
6/11/2024,low_north,2,open,R,BRTE,1,0,,,,
6/11/2024,low_north,2,open,R,BRTE,2,0,,,,
6/11/2024,low_north,2,open,R,BRTE,3,0,,,,
6/11/2024,low_north,2,open,R,COPA,1,1,,4,1.5,"no fruits, collected"
6/11/2024,low_north,2,open,R,COPA,2,0,,,,
6/11/2024,low_north,2,open,R,COPA,3,0,,,0.5,"top eaten, collected"
6/11/2024,low_north,2,open,R,PODO,1,1,,1,2.8,
6/11/2024,low_north,2,open,R,PODO,2,0,,,,
6/11/2024,low_north,2,open,R,PODO,3,0,,,,
6/11/2024,low_north,2,open,C,ALDE,1,0,,,,
6/11/2024,low_north,2,open,C,ALDE,2,0,,,,
6/11/2024,low_north,2,open,C,ALDE,3,0,,,,
6/11/2024,low_north,2,open,C,BRTE,1,0,,,,
6/11/2024,low_north,2,open,C,BRTE,2,1,,2,4.7,
6/11/2024,low_north,2,open,C,BRTE,3,1,,3,12.2,
6/11/2024,low_north,2,open,C,COPA,1,0,,,,
6/11/2024,low_north,2,open,C,COPA,2,0,,,,
6/11/2024,low_north,2,open,C,COPA,3,0,,,,
6/11/2024,low_north,2,open,C,PODO,1,0,,,,
6/11/2024,low_north,2,open,C,PODO,2,0,,,,
6/11/2024,low_north,2,open,C,PODO,3,0,,,,
6/11/2024,low_north,2,shrub,R,ALDE,1,0,,,,
6/11/2024,low_north,2,shrub,R,ALDE,2,0,,,,
6/11/2024,low_north,2,shrub,R,ALDE,3,0,,,,
6/11/2024,low_north,2,shrub,R,BRTE,1,0,,,,
6/11/2024,low_north,2,shrub,R,BRTE,2,,,,,trampled
6/11/2024,low_north,2,shrub,R,BRTE,3,0,,,,
6/11/2024,low_north,2,shrub,R,COPA,1,0,,,,
6/11/2024,low_north,2,shrub,R,COPA,2,,,,,trampled
6/11/2024,low_north,2,shrub,R,COPA,3,0,,,,died
6/11/2024,low_north,2,shrub,R,PODO,1,,,,,trampled
6/11/2024,low_north,2,shrub,R,PODO,2,0,,,,
6/11/2024,low_north,2,shrub,R,PODO,3,0,,,,
6/11/2024,low_north,2,shrub,C,ALDE,1,0,,,,
6/11/2024,low_north,2,shrub,C,ALDE,2,0,,,,
6/11/2024,low_north,2,shrub,C,ALDE,3,0,,,,
6/11/2024,low_north,2,shrub,C,BRTE,1,0,,,,
6/11/2024,low_north,2,shrub,C,BRTE,2,0,,,,
6/11/2024,low_north,2,shrub,C,BRTE,3,0,,,,
6/11/2024,low_north,2,shrub,C,COPA,1,0,,,,died
6/11/2024,low_north,2,shrub,C,COPA,2,0,,,,
6/11/2024,low_north,2,shrub,C,COPA,3,0,,,,
6/11/2024,low_north,2,shrub,C,PODO,1,0,,,,
6/11/2024,low_north,2,shrub,C,PODO,2,0,,,,
6/11/2024,low_north,2,shrub,C,PODO,3,0,,,,
6/11/2024,low_north,3,open,R,ALDE,1,0,,,,
6/11/2024,low_north,3,open,R,ALDE,2,0,,,,
6/11/2024,low_north,3,open,R,ALDE,3,0,,,,
6/11/2024,low_north,3,open,R,BRTE,1,1,,3,7,
6/11/2024,low_north,3,open,R,BRTE,2,0,,,,
6/11/2024,low_north,3,open,R,BRTE,3,0,,,,
6/11/2024,low_north,3,open,R,COPA,1,0,,,,
6/11/2024,low_north,3,open,R,COPA,2,0,,,,
6/11/2024,low_north,3,open,R,COPA,3,0,,,,
6/11/2024,low_north,3,open,R,PODO,1,0,,,,
6/11/2024,low_north,3,open,R,PODO,2,0,,,,
6/11/2024,low_north,3,open,R,PODO,3,0,,,,
6/11/2024,low_north,3,open,C,ALDE,1,0,,,,
6/11/2024,low_north,3,open,C,ALDE,2,0,,,,
6/11/2024,low_north,3,open,C,ALDE,3,0,,,,
6/11/2024,low_north,3,open,C,BRTE,1,0,,,,
6/11/2024,low_north,3,open,C,BRTE,2,1,,3,8.7,
6/11/2024,low_north,3,open,C,BRTE,3,1,,3,5.4,
6/11/2024,low_north,3,open,C,COPA,1,0,,,,
6/11/2024,low_north,3,open,C,COPA,2,0,,,,
6/11/2024,low_north,3,open,C,COPA,3,0,,,,
6/11/2024,low_north,3,open,C,PODO,1,0,,,,
6/11/2024,low_north,3,open,C,PODO,2,0,,,,
6/11/2024,low_north,3,open,C,PODO,3,0,,,,
6/11/2024,low_north,3,shrub,R,ALDE,1,0,,,,
6/11/2024,low_north,3,shrub,R,ALDE,2,0,,,,
6/11/2024,low_north,3,shrub,R,ALDE,3,0,,,,
6/11/2024,low_north,3,shrub,R,BRTE,1,0,,,,
6/11/2024,low_north,3,shrub,R,BRTE,2,0,,,,
6/11/2024,low_north,3,shrub,R,BRTE,3,0,,,,
6/11/2024,low_north,3,shrub,R,COPA,1,0,,,,died
6/11/2024,low_north,3,shrub,R,COPA,2,0,,,,
6/11/2024,low_north,3,shrub,R,COPA,3,0,,,,
6/11/2024,low_north,3,shrub,R,PODO,1,0,,,,
6/11/2024,low_north,3,shrub,R,PODO,2,0,,,,
6/11/2024,low_north,3,shrub,R,PODO,3,0,,,,
6/11/2024,low_north,3,shrub,C,ALDE,1,0,,,,
6/11/2024,low_north,3,shrub,C,ALDE,2,0,,,,
6/11/2024,low_north,3,shrub,C,ALDE,3,0,,,,
6/11/2024,low_north,3,shrub,C,BRTE,1,1,,3,6.4,
6/11/2024,low_north,3,shrub,C,BRTE,2,0,,,,
6/11/2024,low_north,3,shrub,C,BRTE,3,0,,,,
6/11/2024,low_north,3,shrub,C,COPA,1,0,,,,
6/11/2024,low_north,3,shrub,C,COPA,2,0,,,,
6/11/2024,low_north,3,shrub,C,COPA,3,1,25-50%,4,2.6,collected
6/11/2024,low_north,3,shrub,C,PODO,1,0,,,,
6/11/2024,low_north,3,shrub,C,PODO,2,0,,,,
6/11/2024,low_north,3,shrub,C,PODO,3,0,,,,
6/11/2024,low_north,4,shrub,R,ALDE,1,0,,,,
6/11/2024,low_north,4,shrub,R,ALDE,2,0,,,,
6/11/2024,low_north,4,shrub,R,ALDE,3,0,,,,
6/11/2024,low_north,4,shrub,R,BRTE,1,0,,,,
6/11/2024,low_north,4,shrub,R,BRTE,2,0,,,,
6/11/2024,low_north,4,shrub,R,BRTE,3,0,,,,
6/11/2024,low_north,4,shrub,R,COPA,1,0,,,,
6/11/2024,low_north,4,shrub,R,COPA,2,0,,,,
6/11/2024,low_north,4,shrub,R,COPA,3,0,,,,
6/11/2024,low_north,4,shrub,R,PODO,1,0,,,,
6/11/2024,low_north,4,shrub,R,PODO,2,0,,,,
6/11/2024,low_north,4,shrub,R,PODO,3,0,,,,
6/11/2024,low_north,4,shrub,C,ALDE,1,0,,,,
6/11/2024,low_north,4,shrub,C,ALDE,2,0,,,,
6/11/2024,low_north,4,shrub,C,ALDE,3,0,,,,
6/11/2024,low_north,4,shrub,C,BRTE,1,1,,3,7.4,
6/11/2024,low_north,4,shrub,C,BRTE,2,1,,3,9.3,collected
6/11/2024,low_north,4,shrub,C,BRTE,3,0,,,,died
6/11/2024,low_north,4,shrub,C,COPA,1,1,25-50%,4,2.6,collected
6/11/2024,low_north,4,shrub,C,COPA,2,0,,,,
6/11/2024,low_north,4,shrub,C,COPA,3,0,,,,
6/11/2024,low_north,4,shrub,C,PODO,1,0,,,,
6/11/2024,low_north,4,shrub,C,PODO,2,0,,,,
6/11/2024,low_north,4,shrub,C,PODO,3,0,,,,
6/12/2024,low_gate,1,open,R,ALDE,1,0,,,,
6/12/2024,low_gate,1,open,R,ALDE,2,0,,,,
6/12/2024,low_gate,1,open,R,ALDE,3,0,,,,
6/12/2024,low_gate,1,open,R,BRTE,1,0,,,,
6/12/2024,low_gate,1,open,R,BRTE,2,0,,,,
6/12/2024,low_gate,1,open,R,BRTE,3,0,,,,
6/12/2024,low_gate,1,open,R,COPA,1,0,,,,
6/12/2024,low_gate,1,open,R,COPA,2,1,25-50%,4,2.6,collected
6/12/2024,low_gate,1,open,R,COPA,3,1,<10%,4,1.9,"top eaten, collected"
6/12/2024,low_gate,1,open,C,ALDE,1,0,,,,
6/12/2024,low_gate,1,open,C,ALDE,2,0,,,,
6/12/2024,low_gate,1,open,C,ALDE,3,0,,,,
6/12/2024,low_gate,1,open,C,BRTE,1,0,,,,
6/12/2024,low_gate,1,open,C,BRTE,2,0,,,,
6/12/2024,low_gate,1,open,C,BRTE,3,0,,,,
6/12/2024,low_gate,1,open,C,COPA,1,0,,,,
6/12/2024,low_gate,1,open,C,COPA,2,1,<10%,4,0.5,"top eaten, collected"
6/12/2024,low_gate,1,open,C,COPA,3,0,,,,
6/12/2024,low_gate,1,shrub,R,ALDE,1,0,,,,
6/12/2024,low_gate,1,shrub,R,ALDE,2,0,,,,
6/12/2024,low_gate,1,shrub,R,ALDE,3,0,,,,
6/12/2024,low_gate,1,shrub,R,BRTE,1,1,,3,12.1,
6/12/2024,low_gate,1,shrub,R,BRTE,2,0,,,,
6/12/2024,low_gate,1,shrub,R,BRTE,3,0,,,,
6/12/2024,low_gate,1,shrub,R,COPA,1,1,<10%,5,3.2,collected
6/12/2024,low_gate,1,shrub,R,COPA,2,0,,,,
6/12/2024,low_gate,1,shrub,R,COPA,3,0,,,,
6/12/2024,low_gate,1,shrub,C,ALDE,1,0,,,,
6/12/2024,low_gate,1,shrub,C,ALDE,2,0,,,,
6/12/2024,low_gate,1,shrub,C,ALDE,3,0,,,,
6/12/2024,low_gate,1,shrub,C,BRTE,1,0,,,,
6/12/2024,low_gate,1,shrub,C,BRTE,2,0,,,,
6/12/2024,low_gate,1,shrub,C,BRTE,3,1,,3,10,
6/12/2024,low_gate,1,shrub,C,COPA,1,0,,,,
6/12/2024,low_gate,1,shrub,C,COPA,2,0,,,,
6/12/2024,low_gate,1,shrub,C,COPA,3,1,<10%,4,1.9,collected
6/12/2024,low_gate,2,open,R,ALDE,1,1,10-25%,1,2,
6/12/2024,low_gate,2,open,R,ALDE,2,0,,,,
6/12/2024,low_gate,2,open,R,ALDE,3,0,,,,
6/12/2024,low_gate,2,open,R,BRTE,1,0,,,,
6/12/2024,low_gate,2,open,R,BRTE,2,0,,,,
6/12/2024,low_gate,2,open,R,BRTE,3,0,,,,
6/12/2024,low_gate,2,open,R,COPA,1,0,,,,
6/12/2024,low_gate,2,open,R,COPA,2,0,,,,
6/12/2024,low_gate,2,open,R,COPA,3,0,,,,
6/12/2024,low_gate,2,open,C,ALDE,1,0,,,,
6/12/2024,low_gate,2,open,C,ALDE,2,0,,,,
6/12/2024,low_gate,2,open,C,ALDE,3,0,,,,
6/12/2024,low_gate,2,open,C,BRTE,1,1,,3,4.6,
6/12/2024,low_gate,2,open,C,BRTE,2,0,,,,
6/12/2024,low_gate,2,open,C,BRTE,3,0,,,,
6/12/2024,low_gate,2,open,C,COPA,1,1,25-50%,4,1.3,collected
6/12/2024,low_gate,2,open,C,COPA,2,0,,,,
6/12/2024,low_gate,2,open,C,COPA,3,0,,,,
6/12/2024,low_gate,2,shrub,R,ALDE,1,,,,,trampled
6/12/2024,low_gate,2,shrub,R,ALDE,2,0,,,,
6/12/2024,low_gate,2,shrub,R,ALDE,3,0,,,,
6/12/2024,low_gate,2,shrub,R,BRTE,1,0,,,,
6/12/2024,low_gate,2,shrub,R,BRTE,2,1,,1,0.9,
6/12/2024,low_gate,2,shrub,R,BRTE,3,0,,,,
6/12/2024,low_gate,2,shrub,R,COPA,1,1,75-100%,4,2.8,collected
6/12/2024,low_gate,2,shrub,R,COPA,2,,,,,trampled
6/12/2024,low_gate,2,shrub,R,COPA,3,1,75-100%,,1.1,"top eaten, collected"
6/12/2024,low_gate,2,shrub,C,ALDE,1,0,,,,
6/12/2024,low_gate,2,shrub,C,ALDE,2,0,,,,
6/12/2024,low_gate,2,shrub,C,ALDE,3,,,,,trampled
6/12/2024,low_gate,2,shrub,C,BRTE,1,,,,,trampled
6/12/2024,low_gate,2,shrub,C,BRTE,2,0,,,,
6/12/2024,low_gate,2,shrub,C,BRTE,3,0,,,,
6/12/2024,low_gate,2,shrub,C,COPA,1,0,,,,
6/12/2024,low_gate,2,shrub,C,COPA,2,,,,,trampled
6/12/2024,low_gate,2,shrub,C,COPA,3,0,,,,
6/12/2024,low_gate,3,open,R,ALDE,1,0,,,,
6/12/2024,low_gate,3,open,R,ALDE,2,0,,,,
6/12/2024,low_gate,3,open,R,ALDE,3,0,,,,
6/12/2024,low_gate,3,open,R,BRTE,1,0,,,,
6/12/2024,low_gate,3,open,R,BRTE,2,0,,,,
6/12/2024,low_gate,3,open,R,BRTE,3,1,,3,9.9,
6/12/2024,low_gate,3,open,R,COPA,1,0,,,,
6/12/2024,low_gate,3,open,R,COPA,2,0,,,,
6/12/2024,low_gate,3,open,R,COPA,3,1,25-50%,4,0.4,collected
6/12/2024,low_gate,3,open,C,ALDE,1,0,,,,
6/12/2024,low_gate,3,open,C,ALDE,2,0,,,,
6/12/2024,low_gate,3,open,C,ALDE,3,0,,,,
6/12/2024,low_gate,3,open,C,BRTE,1,0,,,,
6/12/2024,low_gate,3,open,C,BRTE,2,0,,,,
6/12/2024,low_gate,3,open,C,BRTE,3,0,,,,
6/12/2024,low_gate,3,open,C,COPA,1,0,,,,
6/12/2024,low_gate,3,open,C,COPA,2,1,<10%,4,2.1,collected
6/12/2024,low_gate,3,open,C,COPA,3,1,<10%,4,3.4,collected
6/12/2024,low_gate,3,shrub,R,ALDE,1,0,,,,
6/12/2024,low_gate,3,shrub,R,ALDE,2,,,,,trampled
6/12/2024,low_gate,3,shrub,R,ALDE,3,0,,,,
6/12/2024,low_gate,3,shrub,R,BRTE,1,0,,,,
6/12/2024,low_gate,3,shrub,R,BRTE,2,0,,,,
6/12/2024,low_gate,3,shrub,R,BRTE,3,0,,,,
6/12/2024,low_gate,3,shrub,R,COPA,1,1,25-50%,,1.4,"top eaten, collected"
6/12/2024,low_gate,3,shrub,R,COPA,2,,,,,trampled
6/12/2024,low_gate,3,shrub,R,COPA,3,1,25-50%,,2.2,"top eaten, collected"
6/12/2024,low_gate,3,shrub,C,ALDE,1,0,,,,
6/12/2024,low_gate,3,shrub,C,ALDE,2,0,,,,
6/12/2024,low_gate,3,shrub,C,ALDE,3,0,,,,
6/12/2024,low_gate,3,shrub,C,BRTE,1,0,,,,
6/12/2024,low_gate,3,shrub,C,BRTE,2,1,,3,7.3,
6/12/2024,low_gate,3,shrub,C,BRTE,3,0,,,,
6/12/2024,low_gate,3,shrub,C,COPA,1,0,,,,
6/12/2024,low_gate,3,shrub,C,COPA,2,1,<10%,,1.1,"top eaten, collected"
6/12/2024,low_gate,3,shrub,C,COPA,3,0,,,,
6/12/2024,low_gate,4,open,R,ALDE,1,0,,,,
6/12/2024,low_gate,4,open,R,ALDE,2,0,,,,
6/12/2024,low_gate,4,open,R,ALDE,3,0,,,,
6/12/2024,low_gate,4,open,R,BRTE,1,0,,,,
6/12/2024,low_gate,4,open,R,BRTE,2,1,,4,0.9,collected
6/12/2024,low_gate,4,open,R,BRTE,3,0,,,,
6/12/2024,low_gate,4,open,R,COPA,1,0,,,,
6/12/2024,low_gate,4,open,R,COPA,2,1,<10%,4,1.6,collected
6/12/2024,low_gate,4,open,R,COPA,3,1,10-25%,5,2.4,
6/12/2024,low_gate,4,open,C,ALDE,1,0,,,,
6/12/2024,low_gate,4,open,C,ALDE,2,0,,,,
6/12/2024,low_gate,4,open,C,ALDE,3,0,,,,
6/12/2024,low_gate,4,open,C,BRTE,1,0,,,,
6/12/2024,low_gate,4,open,C,BRTE,2,0,,,,
6/12/2024,low_gate,4,open,C,BRTE,3,0,,,,
6/12/2024,low_gate,4,open,C,COPA,1,0,,,,
6/12/2024,low_gate,4,open,C,COPA,2,0,,,,
6/12/2024,low_gate,4,open,C,COPA,3,0,,,,
6/12/2024,low_gate,4,shrub,R,ALDE,1,0,,,,
6/12/2024,low_gate,4,shrub,R,ALDE,2,0,,,,
6/12/2024,low_gate,4,shrub,R,ALDE,3,0,,,,
6/12/2024,low_gate,4,shrub,R,BRTE,1,1,,4,0.9,collected
6/12/2024,low_gate,4,shrub,R,BRTE,2,0,,,,
6/12/2024,low_gate,4,shrub,R,BRTE,3,1,<10%,3,8.1,
6/12/2024,low_gate,4,shrub,R,COPA,1,0,,,,
6/12/2024,low_gate,4,shrub,R,COPA,2,0,,,,
6/12/2024,low_gate,4,shrub,R,COPA,3,0,,,,
6/12/2024,low_gate,4,shrub,C,ALDE,1,0,,,,
6/12/2024,low_gate,4,shrub,C,ALDE,2,0,,,,
6/12/2024,low_gate,4,shrub,C,ALDE,3,0,,,,
6/12/2024,low_gate,4,shrub,C,BRTE,1,0,,,,
6/12/2024,low_gate,4,shrub,C,BRTE,2,0,,,,
6/12/2024,low_gate,4,shrub,C,BRTE,3,0,,,,
6/12/2024,low_gate,4,shrub,C,COPA,1,0,,,,
6/12/2024,low_gate,4,shrub,C,COPA,2,0,,,,
6/12/2024,low_gate,4,shrub,C,COPA,3,0,,,,died
6/13/2024,high_gate,1,open,R,ALDE,1,0,,,,
6/13/2024,high_gate,1,open,R,ALDE,2,0,,,,
6/13/2024,high_gate,1,open,R,ALDE,3,0,,,,
6/13/2024,high_gate,1,open,R,BRTE,1,0,,,,
6/13/2024,high_gate,1,open,R,BRTE,2,0,,,,
6/13/2024,high_gate,1,open,R,BRTE,3,0,,,,
6/13/2024,high_gate,1,open,R,COPA,1,0,,,,
6/13/2024,high_gate,1,open,R,COPA,2,0,,,,
6/13/2024,high_gate,1,open,R,COPA,3,0,,,,
6/13/2024,high_gate,1,open,R,PODO,1,0,,,,
6/13/2024,high_gate,1,open,R,PODO,2,0,,,,
6/13/2024,high_gate,1,open,R,PODO,3,0,,,,
6/13/2024,high_gate,1,open,C,ALDE,1,0,,,,
6/13/2024,high_gate,1,open,C,ALDE,2,0,,,,
6/13/2024,high_gate,1,open,C,ALDE,3,0,,,,
6/13/2024,high_gate,1,open,C,BRTE,1,0,,,,
6/13/2024,high_gate,1,open,C,BRTE,2,0,,,,
6/13/2024,high_gate,1,open,C,BRTE,3,0,,,,
6/13/2024,high_gate,1,open,C,COPA,1,0,,,,
6/13/2024,high_gate,1,open,C,COPA,2,0,,,,
6/13/2024,high_gate,1,open,C,COPA,3,0,,,,
6/13/2024,high_gate,1,open,C,PODO,1,0,,,,
6/13/2024,high_gate,1,open,C,PODO,2,0,,,,
6/13/2024,high_gate,1,open,C,PODO,3,0,,,,
6/13/2024,high_gate,1,shrub,R,ALDE,1,0,,,,
6/13/2024,high_gate,1,shrub,R,ALDE,2,0,,,,
6/13/2024,high_gate,1,shrub,R,ALDE,3,0,,,,
6/13/2024,high_gate,1,shrub,R,BRTE,1,1,,4,1,collected
6/13/2024,high_gate,1,shrub,R,BRTE,2,1,,3,4.4,
6/13/2024,high_gate,1,shrub,R,BRTE,3,1,,3,6.1,
6/13/2024,high_gate,1,shrub,R,COPA,1,0,,,,
6/13/2024,high_gate,1,shrub,R,COPA,2,0,,,,
6/13/2024,high_gate,1,shrub,R,COPA,3,1,75-100%,4,0.5,collected
6/13/2024,high_gate,1,shrub,R,PODO,1,0,,,,
6/13/2024,high_gate,1,shrub,R,PODO,2,0,,,,
6/13/2024,high_gate,1,shrub,R,PODO,3,0,,,,
6/13/2024,high_gate,1,shrub,C,ALDE,1,0,,,,
6/13/2024,high_gate,1,shrub,C,ALDE,2,0,,,,
6/13/2024,high_gate,1,shrub,C,ALDE,3,0,,,,
6/13/2024,high_gate,1,shrub,C,BRTE,1,1,,3,4.3,
6/13/2024,high_gate,1,shrub,C,BRTE,2,0,,,,
6/13/2024,high_gate,1,shrub,C,BRTE,3,1,,4,0.8,collected
6/13/2024,high_gate,1,shrub,C,COPA,1,0,,,,
6/13/2024,high_gate,1,shrub,C,COPA,2,0,,,,
6/13/2024,high_gate,1,shrub,C,COPA,3,0,,,,died
6/13/2024,high_gate,1,shrub,C,PODO,1,0,,,,
6/13/2024,high_gate,1,shrub,C,PODO,2,0,,,,
6/13/2024,high_gate,1,shrub,C,PODO,3,0,,,,
6/13/2024,high_gate,2,open,R,ALDE,1,0,,,,
6/13/2024,high_gate,2,open,R,ALDE,2,0,,,,
6/13/2024,high_gate,2,open,R,ALDE,3,0,,,,
6/13/2024,high_gate,2,open,R,BRTE,1,0,,1,2.3,
6/13/2024,high_gate,2,open,R,BRTE,2,0,,,,
6/13/2024,high_gate,2,open,R,BRTE,3,1,,1,1.1,
6/13/2024,high_gate,2,open,R,COPA,1,,,,,missing
6/13/2024,high_gate,2,open,R,COPA,2,0,,,,
6/13/2024,high_gate,2,open,R,COPA,3,0,,,,
6/13/2024,high_gate,2,open,R,PODO,1,0,,,,
6/13/2024,high_gate,2,open,R,PODO,2,0,,,,
6/13/2024,high_gate,2,open,R,PODO,3,0,,,,
6/13/2024,high_gate,2,open,C,ALDE,1,0,,,,
6/13/2024,high_gate,2,open,C,ALDE,2,0,,,,
6/13/2024,high_gate,2,open,C,ALDE,3,,,,,trampled
6/13/2024,high_gate,2,open,C,BRTE,1,0,,,,
6/13/2024,high_gate,2,open,C,BRTE,2,0,,,,
6/13/2024,high_gate,2,open,C,BRTE,3,0,,,,
6/13/2024,high_gate,2,open,C,COPA,1,0,,,,died
6/13/2024,high_gate,2,open,C,COPA,2,0,,,,
6/13/2024,high_gate,2,open,C,COPA,3,,,,,trampled
6/13/2024,high_gate,2,open,C,PODO,1,0,,,,
6/13/2024,high_gate,2,open,C,PODO,2,0,,,,
6/13/2024,high_gate,2,open,C,PODO,3,0,,,,
6/13/2024,high_gate,2,shrub,R,ALDE,1,0,,,,
6/13/2024,high_gate,2,shrub,R,ALDE,2,0,,,,
6/13/2024,high_gate,2,shrub,R,ALDE,3,0,,,,
6/13/2024,high_gate,2,shrub,R,BRTE,1,0,,,,
6/13/2024,high_gate,2,shrub,R,BRTE,2,0,,,,
6/13/2024,high_gate,2,shrub,R,BRTE,3,0,,,,died
6/13/2024,high_gate,2,shrub,R,COPA,1,0,,,,
6/13/2024,high_gate,2,shrub,R,COPA,2,0,,,,
6/13/2024,high_gate,2,shrub,R,COPA,3,0,,,,
6/13/2024,high_gate,2,shrub,R,PODO,1,0,,,,
6/13/2024,high_gate,2,shrub,R,PODO,2,0,,,,
6/13/2024,high_gate,2,shrub,R,PODO,3,0,,,,
6/13/2024,high_gate,2,shrub,C,ALDE,1,0,,,,
6/13/2024,high_gate,2,shrub,C,ALDE,2,1,,1,0.6,"collected, top eaten"
6/13/2024,high_gate,2,shrub,C,ALDE,3,0,,,,
6/13/2024,high_gate,2,shrub,C,BRTE,1,0,,,,
6/13/2024,high_gate,2,shrub,C,BRTE,2,0,,,,
6/13/2024,high_gate,2,shrub,C,BRTE,3,0,,,,
6/13/2024,high_gate,2,shrub,C,COPA,1,1,50-75%,4,0.7,collected
6/13/2024,high_gate,2,shrub,C,COPA,2,0,,,,
6/13/2024,high_gate,2,shrub,C,COPA,3,0,,,,
6/13/2024,high_gate,2,shrub,C,PODO,1,0,,,,
6/13/2024,high_gate,2,shrub,C,PODO,2,0,,,,
6/13/2024,high_gate,2,shrub,C,PODO,3,0,,,,
6/13/2024,high_gate,3,open,R,ALDE,1,0,,,,
6/13/2024,high_gate,3,open,R,ALDE,2,0,,,,
6/13/2024,high_gate,3,open,R,ALDE,3,0,,,,
6/13/2024,high_gate,3,open,R,BRTE,1,0,,,,
6/13/2024,high_gate,3,open,R,BRTE,2,0,,,,
6/13/2024,high_gate,3,open,R,BRTE,3,0,,,,died
6/13/2024,high_gate,3,open,R,COPA,1,0,,,,
6/13/2024,high_gate,3,open,R,COPA,2,0,,,,
6/13/2024,high_gate,3,open,R,COPA,3,0,,,,
6/13/2024,high_gate,3,open,R,PODO,1,0,,,,
6/13/2024,high_gate,3,open,R,PODO,2,,,,,trampled
6/13/2024,high_gate,3,open,R,PODO,3,0,,,,
6/13/2024,high_gate,3,open,C,ALDE,1,0,,,,
6/13/2024,high_gate,3,open,C,ALDE,2,,,,,trampled
6/13/2024,high_gate,3,open,C,ALDE,3,,,,,trampled
6/13/2024,high_gate,3,open,C,BRTE,1,0,,,,
6/13/2024,high_gate,3,open,C,BRTE,2,,,,,trampled
6/13/2024,high_gate,3,open,C,BRTE,3,0,,,,
6/13/2024,high_gate,3,open,C,COPA,1,0,,,,
6/13/2024,high_gate,3,open,C,COPA,2,0,,,,
6/13/2024,high_gate,3,open,C,COPA,3,,,,,trampled
6/13/2024,high_gate,3,open,C,PODO,1,0,,,,
6/13/2024,high_gate,3,open,C,PODO,2,0,,,,
6/13/2024,high_gate,3,open,C,PODO,3,0,,,,
6/13/2024,high_gate,3,shrub,R,ALDE,1,0,,,,
6/13/2024,high_gate,3,shrub,R,ALDE,2,0,,,,
6/13/2024,high_gate,3,shrub,R,ALDE,3,0,,,,
6/13/2024,high_gate,3,shrub,R,BRTE,1,0,,,,
6/13/2024,high_gate,3,shrub,R,BRTE,2,0,,,,
6/13/2024,high_gate,3,shrub,R,BRTE,3,0,,,,
6/13/2024,high_gate,3,shrub,R,COPA,1,0,,,,
6/13/2024,high_gate,3,shrub,R,COPA,2,0,,,,
6/13/2024,high_gate,3,shrub,R,COPA,3,0,,,,
6/13/2024,high_gate,3,shrub,R,PODO,1,0,,,,
6/13/2024,high_gate,3,shrub,R,PODO,2,0,,,,
6/13/2024,high_gate,3,shrub,R,PODO,3,0,,,,
6/13/2024,high_gate,3,shrub,C,ALDE,1,0,,,,
6/13/2024,high_gate,3,shrub,C,ALDE,2,0,,,,
6/13/2024,high_gate,3,shrub,C,ALDE,3,0,,,,
6/13/2024,high_gate,3,shrub,C,BRTE,1,0,,,,
6/13/2024,high_gate,3,shrub,C,BRTE,2,0,,,,
6/13/2024,high_gate,3,shrub,C,BRTE,3,0,,,,
6/13/2024,high_gate,3,shrub,C,COPA,1,0,,,,
6/13/2024,high_gate,3,shrub,C,COPA,2,0,,,,
6/13/2024,high_gate,3,shrub,C,COPA,3,0,,,,
6/13/2024,high_gate,3,shrub,C,PODO,1,0,,,,
6/13/2024,high_gate,3,shrub,C,PODO,2,0,,,,
6/13/2024,high_gate,3,shrub,C,PODO,3,0,,,,
6/13/2024,high_gate,4,open,R,ALDE,1,0,,,,
6/13/2024,high_gate,4,open,R,ALDE,2,0,,,,
6/13/2024,high_gate,4,open,R,ALDE,3,0,,,,
6/13/2024,high_gate,4,open,R,BRTE,1,1,,4,0.9,collected
6/13/2024,high_gate,4,open,R,BRTE,2,0,,,,
6/13/2024,high_gate,4,open,R,BRTE,3,0,,,,
6/13/2024,high_gate,4,open,R,COPA,1,0,,,,
6/13/2024,high_gate,4,open,R,COPA,2,0,,,,
6/13/2024,high_gate,4,open,R,COPA,3,0,,,,
6/13/2024,high_gate,4,open,R,PODO,1,0,,,,
6/13/2024,high_gate,4,open,R,PODO,2,0,,,,
6/13/2024,high_gate,4,open,R,PODO,3,0,,,,
6/13/2024,high_gate,4,open,C,ALDE,1,0,,,,
6/13/2024,high_gate,4,open,C,ALDE,2,0,,,,
6/13/2024,high_gate,4,open,C,ALDE,3,0,,,,
6/13/2024,high_gate,4,open,C,BRTE,1,0,,,,
6/13/2024,high_gate,4,open,C,BRTE,2,0,,,,
6/13/2024,high_gate,4,open,C,BRTE,3,0,,,,
6/13/2024,high_gate,4,open,C,COPA,1,0,,,,
6/13/2024,high_gate,4,open,C,COPA,2,0,,,,
6/13/2024,high_gate,4,open,C,COPA,3,0,,,,germinated then died
6/13/2024,high_gate,4,open,C,PODO,1,0,,,,
6/13/2024,high_gate,4,open,C,PODO,2,0,,,,
6/13/2024,high_gate,4,open,C,PODO,3,0,,,,
6/13/2024,high_gate,4,shrub,R,ALDE,1,0,,,,
6/13/2024,high_gate,4,shrub,R,ALDE,2,0,,,,
6/13/2024,high_gate,4,shrub,R,ALDE,3,0,,,,
6/13/2024,high_gate,4,shrub,R,BRTE,1,0,,,,
6/13/2024,high_gate,4,shrub,R,BRTE,2,0,,,,
6/13/2024,high_gate,4,shrub,R,BRTE,3,0,,,,
6/13/2024,high_gate,4,shrub,R,COPA,1,0,,,,
6/13/2024,high_gate,4,shrub,R,COPA,2,,,,,missing
6/13/2024,high_gate,4,shrub,R,COPA,3,0,,,,
6/13/2024,high_gate,4,shrub,R,PODO,1,0,,,,
6/13/2024,high_gate,4,shrub,R,PODO,2,0,,,,
6/13/2024,high_gate,4,shrub,R,PODO,3,0,,,,
6/13/2024,high_gate,4,shrub,C,ALDE,1,0,,,,
6/13/2024,high_gate,4,shrub,C,ALDE,2,0,,,,
6/13/2024,high_gate,4,shrub,C,ALDE,3,0,,,,
6/13/2024,high_gate,4,shrub,C,BRTE,1,0,,,,
6/13/2024,high_gate,4,shrub,C,BRTE,2,0,,,,
6/13/2024,high_gate,4,shrub,C,BRTE,3,0,,,,
6/13/2024,high_gate,4,shrub,C,COPA,1,0,,,,
6/13/2024,high_gate,4,shrub,C,COPA,2,0,,,,
6/13/2024,high_gate,4,shrub,C,COPA,3,0,,,,
6/13/2024,high_gate,4,shrub,C,PODO,1,0,,,,
6/13/2024,high_gate,4,shrub,C,PODO,2,0,,,,
6/13/2024,high_gate,4,shrub,C,PODO,3,0,,,,
6/13/2024,high_north,1,open,R,ALDE,1,0,,,,
6/13/2024,high_north,1,open,R,ALDE,2,0,,,,
6/13/2024,high_north,1,open,R,ALDE,3,0,,,,
6/13/2024,high_north,1,open,R,BRTE,1,0,,,,
6/13/2024,high_north,1,open,R,BRTE,2,,,,,trampled
6/13/2024,high_north,1,open,R,BRTE,3,0,,,,
6/13/2024,high_north,1,open,R,COPA,1,0,,,,died
6/13/2024,high_north,1,open,R,COPA,2,0,,,,
6/13/2024,high_north,1,open,R,COPA,3,0,,,,
6/13/2024,high_north,1,open,C,ALDE,1,,,,,trampled
6/13/2024,high_north,1,open,C,ALDE,2,0,,,,
6/13/2024,high_north,1,open,C,ALDE,3,0,,,,
6/13/2024,high_north,1,open,C,BRTE,1,0,,,,
6/13/2024,high_north,1,open,C,BRTE,2,0,,,,
6/13/2024,high_north,1,open,C,BRTE,3,0,,,,
6/13/2024,high_north,1,open,C,COPA,1,0,,,,
6/13/2024,high_north,1,open,C,COPA,2,,,,,trampled
6/13/2024,high_north,1,open,C,COPA,3,,,,,trampled
6/13/2024,high_north,1,shrub,R,ALDE,1,0,,,,
6/13/2024,high_north,1,shrub,R,ALDE,2,0,,,,
6/13/2024,high_north,1,shrub,R,ALDE,3,0,,,,
6/13/2024,high_north,1,shrub,R,BRTE,1,0,,,,
6/13/2024,high_north,1,shrub,R,BRTE,2,0,,,,died
6/13/2024,high_north,1,shrub,R,BRTE,3,0,,,,died
6/13/2024,high_north,1,shrub,R,COPA,1,0,,,,
6/13/2024,high_north,1,shrub,R,COPA,2,0,,,,
6/13/2024,high_north,1,shrub,R,COPA,3,0,,,,
6/13/2024,high_north,1,shrub,C,ALDE,1,0,,,,
6/13/2024,high_north,1,shrub,C,ALDE,2,0,,,,
6/13/2024,high_north,1,shrub,C,ALDE,3,0,,,,
6/13/2024,high_north,1,shrub,C,BRTE,1,0,,,,died
6/13/2024,high_north,1,shrub,C,BRTE,2,0,,,,
6/13/2024,high_north,1,shrub,C,BRTE,3,0,,,,
6/13/2024,high_north,1,shrub,C,COPA,1,0,,,,
6/13/2024,high_north,1,shrub,C,COPA,2,0,,,,
6/13/2024,high_north,1,shrub,C,COPA,3,0,,,,
6/13/2024,high_north,2,open,R,ALDE,1,0,,,,
6/13/2024,high_north,2,open,R,ALDE,2,0,,,,
6/13/2024,high_north,2,open,R,ALDE,3,0,,,,
6/13/2024,high_north,2,open,R,BRTE,1,0,,,,
6/13/2024,high_north,2,open,R,BRTE,2,0,,,,
6/13/2024,high_north,2,open,R,BRTE,3,0,,,,
6/13/2024,high_north,2,open,R,COPA,1,0,,,,
6/13/2024,high_north,2,open,R,COPA,2,0,,,,
6/13/2024,high_north,2,open,R,COPA,3,0,,,,germinated then died
6/13/2024,high_north,2,open,C,ALDE,1,0,,,,
6/13/2024,high_north,2,open,C,ALDE,2,0,,,,
6/13/2024,high_north,2,open,C,ALDE,3,0,,,,
6/13/2024,high_north,2,open,C,BRTE,1,0,,,,
6/13/2024,high_north,2,open,C,BRTE,2,,,,,missing
6/13/2024,high_north,2,open,C,BRTE,3,,,,,missing
6/13/2024,high_north,2,open,C,COPA,1,0,,,,
6/13/2024,high_north,2,open,C,COPA,2,0,,,,
6/13/2024,high_north,2,open,C,COPA,3,0,,,,
6/13/2024,high_north,2,shrub,R,ALDE,1,0,,,,
6/13/2024,high_north,2,shrub,R,ALDE,2,0,,,,
6/13/2024,high_north,2,shrub,R,ALDE,3,0,,,,
6/13/2024,high_north,2,shrub,R,BRTE,1,0,,,,
6/13/2024,high_north,2,shrub,R,BRTE,2,0,,,,
6/13/2024,high_north,2,shrub,R,BRTE,3,0,,,,
6/13/2024,high_north,2,shrub,R,COPA,1,0,,,,
6/13/2024,high_north,2,shrub,R,COPA,2,0,,,,
6/13/2024,high_north,2,shrub,R,COPA,3,0,,,,
6/13/2024,high_north,2,shrub,C,ALDE,1,0,,,,
6/13/2024,high_north,2,shrub,C,ALDE,2,0,,,,
6/13/2024,high_north,2,shrub,C,ALDE,3,0,,,,
6/13/2024,high_north,2,shrub,C,BRTE,1,0,,,,
6/13/2024,high_north,2,shrub,C,BRTE,2,0,,,,
6/13/2024,high_north,2,shrub,C,BRTE,3,0,,,,
6/13/2024,high_north,2,shrub,C,COPA,1,0,,,,
6/13/2024,high_north,2,shrub,C,COPA,2,0,,,,
6/13/2024,high_north,2,shrub,C,COPA,3,0,,,,
6/13/2024,high_north,3,open,R,ALDE,1,0,,,,
6/13/2024,high_north,3,open,R,ALDE,2,0,,,,
6/13/2024,high_north,3,open,R,ALDE,3,0,,,,
6/13/2024,high_north,3,open,R,BRTE,1,0,,,,
6/13/2024,high_north,3,open,R,BRTE,2,0,,,,
6/13/2024,high_north,3,open,R,BRTE,3,0,,,,
6/13/2024,high_north,3,open,R,COPA,1,0,,,,
6/13/2024,high_north,3,open,R,COPA,2,0,,,,
6/13/2024,high_north,3,open,R,COPA,3,0,,,,
6/13/2024,high_north,3,open,C,ALDE,1,0,,,,
6/13/2024,high_north,3,open,C,ALDE,2,0,,,,
6/13/2024,high_north,3,open,C,ALDE,3,0,,,,
6/13/2024,high_north,3,open,C,BRTE,1,0,,,,
6/13/2024,high_north,3,open,C,BRTE,2,0,,,,
6/13/2024,high_north,3,open,C,BRTE,3,0,,,,
6/13/2024,high_north,3,open,C,COPA,1,0,,,,
6/13/2024,high_north,3,open,C,COPA,2,0,,,,
6/13/2024,high_north,3,open,C,COPA,3,0,,,,
6/13/2024,high_north,3,shrub,R,ALDE,1,0,,,,
6/13/2024,high_north,3,shrub,R,ALDE,2,0,,,,
6/13/2024,high_north,3,shrub,R,ALDE,3,0,,,,
6/13/2024,high_north,3,shrub,R,BRTE,1,0,,,,
6/13/2024,high_north,3,shrub,R,BRTE,2,1,,3,5.7,
6/13/2024,high_north,3,shrub,R,BRTE,3,0,,,,
6/13/2024,high_north,3,shrub,R,COPA,1,0,,,,
6/13/2024,high_north,3,shrub,R,COPA,2,0,,,,
6/13/2024,high_north,3,shrub,R,COPA,3,0,,,,
6/13/2024,high_north,3,shrub,C,ALDE,1,0,,,,
6/13/2024,high_north,3,shrub,C,ALDE,2,0,,,,
6/13/2024,high_north,3,shrub,C,ALDE,3,0,,,,
6/13/2024,high_north,3,shrub,C,BRTE,1,0,,,,
6/13/2024,high_north,3,shrub,C,BRTE,2,1,,1,3.4,died
6/13/2024,high_north,3,shrub,C,BRTE,3,0,,,,
6/13/2024,high_north,3,shrub,C,COPA,1,0,,,,
6/13/2024,high_north,3,shrub,C,COPA,2,0,,,,
6/13/2024,high_north,3,shrub,C,COPA,3,0,,,,
6/13/2024,high_north,4,open,R,ALDE,1,0,,,,
6/13/2024,high_north,4,open,R,ALDE,2,0,,,,
6/13/2024,high_north,4,open,R,ALDE,3,0,,,,
6/13/2024,high_north,4,open,R,BRTE,1,0,,,,
6/13/2024,high_north,4,open,R,BRTE,2,0,,,,
6/13/2024,high_north,4,open,R,BRTE,3,0,,,,
6/13/2024,high_north,4,open,R,COPA,1,0,,,,
6/13/2024,high_north,4,open,R,COPA,2,0,,,,
6/13/2024,high_north,4,open,R,COPA,3,0,,,,
6/13/2024,high_north,4,open,C,ALDE,1,0,,,,
6/13/2024,high_north,4,open,C,ALDE,2,0,,,,
6/13/2024,high_north,4,open,C,ALDE,3,0,,,,
6/13/2024,high_north,4,open,C,BRTE,1,0,,,,
6/13/2024,high_north,4,open,C,BRTE,2,0,,,,
6/13/2024,high_north,4,open,C,BRTE,3,0,,,,
6/13/2024,high_north,4,open,C,COPA,1,0,,,,
6/13/2024,high_north,4,open,C,COPA,2,0,,,,
6/13/2024,high_north,4,open,C,COPA,3,0,,,,
6/13/2024,high_north,4,shrub,R,ALDE,1,0,,,,
6/13/2024,high_north,4,shrub,R,ALDE,2,0,,,,
6/13/2024,high_north,4,shrub,R,ALDE,3,0,,,,
6/13/2024,high_north,4,shrub,R,BRTE,1,1,,2,2.7,
6/13/2024,high_north,4,shrub,R,BRTE,2,1,,2,2.1,
6/13/2024,high_north,4,shrub,R,BRTE,3,0,,,,
6/13/2024,high_north,4,shrub,R,COPA,1,0,,,,
6/13/2024,high_north,4,shrub,R,COPA,2,0,,,,
6/13/2024,high_north,4,shrub,R,COPA,3,1,<10%,2,2.5,
6/13/2024,high_north,4,shrub,C,ALDE,1,0,,,,
6/13/2024,high_north,4,shrub,C,ALDE,2,0,,,,
6/13/2024,high_north,4,shrub,C,ALDE,3,0,,,,
6/13/2024,high_north,4,shrub,C,BRTE,1,0,,,,
6/13/2024,high_north,4,shrub,C,BRTE,2,0,,,,
6/13/2024,high_north,4,shrub,C,BRTE,3,0,,,,
6/13/2024,high_north,4,shrub,C,COPA,1,0,,,,
6/13/2024,high_north,4,shrub,C,COPA,2,0,,,,
6/13/2024,high_north,4,shrub,C,COPA,3,0,,,,
6/13/2024,high_east,1,open,R,ALDE,1,0,,,,
6/13/2024,high_east,1,open,R,ALDE,2,0,,,,
6/13/2024,high_east,1,open,R,ALDE,3,0,,,,
6/13/2024,high_east,1,open,R,BRTE,1,0,,,,trampled
6/13/2024,high_east,1,open,R,BRTE,2,1,,3,4.3,
6/13/2024,high_east,1,open,R,BRTE,3,0,,,,
6/13/2024,high_east,1,open,R,COPA,1,0,,,,
6/13/2024,high_east,1,open,R,COPA,2,0,,,,died
6/13/2024,high_east,1,open,R,COPA,3,0,,,,
6/13/2024,high_east,1,open,C,ALDE,1,0,,,,
6/13/2024,high_east,1,open,C,ALDE,2,0,,,,
6/13/2024,high_east,1,open,C,ALDE,3,0,,,,
6/13/2024,high_east,1,open,C,BRTE,1,0,,,,
6/13/2024,high_east,1,open,C,BRTE,2,0,,,,
6/13/2024,high_east,1,open,C,BRTE,3,0,,,,died
6/13/2024,high_east,1,open,C,COPA,1,0,,,,
6/13/2024,high_east,1,open,C,COPA,2,0,,,,
6/13/2024,high_east,1,open,C,COPA,3,0,,,,
6/13/2024,high_east,1,shrub,R,ALDE,1,0,,,,
6/13/2024,high_east,1,shrub,R,ALDE,2,0,,,,
6/13/2024,high_east,1,shrub,R,ALDE,3,0,,,,
6/13/2024,high_east,1,shrub,R,BRTE,1,0,,,,
6/13/2024,high_east,1,shrub,R,BRTE,2,0,,,,
6/13/2024,high_east,1,shrub,R,BRTE,3,0,,,,
6/13/2024,high_east,1,shrub,R,COPA,1,0,,,,
6/13/2024,high_east,1,shrub,R,COPA,2,0,,,,
6/13/2024,high_east,1,shrub,R,COPA,3,0,,,,died
6/13/2024,high_east,1,shrub,C,ALDE,1,0,,,,
6/13/2024,high_east,1,shrub,C,ALDE,2,0,,,,
6/13/2024,high_east,1,shrub,C,ALDE,3,0,,,,
6/13/2024,high_east,1,shrub,C,BRTE,1,0,,,,
6/13/2024,high_east,1,shrub,C,BRTE,2,0,,,,
6/13/2024,high_east,1,shrub,C,BRTE,3,0,,,,
6/13/2024,high_east,1,shrub,C,COPA,1,0,,,,
6/13/2024,high_east,1,shrub,C,COPA,2,0,,,,
6/13/2024,high_east,1,shrub,C,COPA,3,1,,5,2.1,
6/13/2024,high_east,2,open,R,ALDE,1,0,,,,
6/13/2024,high_east,2,open,R,ALDE,2,0,,,,
6/13/2024,high_east,2,open,R,ALDE,3,0,,,,
6/13/2024,high_east,2,open,R,BRTE,1,0,,,,
6/13/2024,high_east,2,open,R,BRTE,2,0,,,,
6/13/2024,high_east,2,open,R,BRTE,3,0,,,,
6/13/2024,high_east,2,open,R,COPA,1,0,,,,
6/13/2024,high_east,2,open,R,COPA,2,0,,,,died
6/13/2024,high_east,2,open,R,COPA,3,0,,,,
6/13/2024,high_east,2,open,C,ALDE,1,,,,,trampled
6/13/2024,high_east,2,open,C,ALDE,2,,,,,trampled
6/13/2024,high_east,2,open,C,ALDE,3,0,,,,
6/13/2024,high_east,2,open,C,BRTE,1,1,,1,2.2,
6/13/2024,high_east,2,open,C,BRTE,2,,,,,trampled
6/13/2024,high_east,2,open,C,BRTE,3,0,,,,
6/13/2024,high_east,2,open,C,COPA,1,1,,4,0.6,"top eaten, collected"
6/13/2024,high_east,2,open,C,COPA,2,,,,,trampled
6/13/2024,high_east,2,open,C,COPA,3,,,,,trampled
6/13/2024,high_east,2,shrub,R,ALDE,1,0,,,,
6/13/2024,high_east,2,shrub,R,ALDE,2,0,,,,
6/13/2024,high_east,2,shrub,R,ALDE,3,0,,,,
6/13/2024,high_east,2,shrub,R,BRTE,1,0,,,,
6/13/2024,high_east,2,shrub,R,BRTE,2,0,,,,
6/13/2024,high_east,2,shrub,R,BRTE,3,0,,,,
6/13/2024,high_east,2,shrub,R,COPA,1,0,,,,
6/13/2024,high_east,2,shrub,R,COPA,2,1,,4,2.5,collected
6/13/2024,high_east,2,shrub,R,COPA,3,1,,4,2,collected
6/13/2024,high_east,2,shrub,C,ALDE,1,0,,,,
6/13/2024,high_east,2,shrub,C,ALDE,2,0,,,,
6/13/2024,high_east,2,shrub,C,ALDE,3,0,,,,
6/13/2024,high_east,2,shrub,C,BRTE,1,0,,,,died
6/13/2024,high_east,2,shrub,C,BRTE,2,0,,,,
6/13/2024,high_east,2,shrub,C,BRTE,3,0,,,,
6/13/2024,high_east,2,shrub,C,COPA,1,0,,,,
6/13/2024,high_east,2,shrub,C,COPA,2,1,,5,2.5,
6/13/2024,high_east,2,shrub,C,COPA,3,1,,3,1.7,
6/13/2024,high_east,3,open,R,ALDE,1,,,,,trampled
6/13/2024,high_east,3,open,R,ALDE,2,0,,,,
6/13/2024,high_east,3,open,R,ALDE,3,0,,,,
6/13/2024,high_east,3,open,R,BRTE,1,0,,,,
6/13/2024,high_east,3,open,R,BRTE,2,0,,,,
6/13/2024,high_east,3,open,R,BRTE,3,,,,,trampled
6/13/2024,high_east,3,open,R,COPA,1,0,,,,
6/13/2024,high_east,3,open,R,COPA,2,0,,,,
6/13/2024,high_east,3,open,R,COPA,3,0,,,,
6/13/2024,high_east,3,open,C,ALDE,1,0,,,,
6/13/2024,high_east,3,open,C,ALDE,2,0,,,,
6/13/2024,high_east,3,open,C,ALDE,3,0,,,,
6/13/2024,high_east,3,open,C,BRTE,1,0,,,,
6/13/2024,high_east,3,open,C,BRTE,2,0,,,,
6/13/2024,high_east,3,open,C,BRTE,3,0,,,,
6/13/2024,high_east,3,open,C,COPA,1,0,,,,
6/13/2024,high_east,3,open,C,COPA,2,0,,,,
6/13/2024,high_east,3,open,C,COPA,3,0,,,,
6/13/2024,high_east,3,shrub,R,ALDE,1,0,,,,
6/13/2024,high_east,3,shrub,R,ALDE,2,0,,,,
6/13/2024,high_east,3,shrub,R,ALDE,3,0,,,,died
6/13/2024,high_east,3,shrub,R,BRTE,1,0,,,,
6/13/2024,high_east,3,shrub,R,BRTE,2,0,,,,died
6/13/2024,high_east,3,shrub,R,BRTE,3,0,,,,
6/13/2024,high_east,3,shrub,R,COPA,1,0,,,,
6/13/2024,high_east,3,shrub,R,COPA,2,1,,4,0.3,collected
6/13/2024,high_east,3,shrub,R,COPA,3,0,,,,died
6/13/2024,high_east,3,shrub,C,ALDE,1,0,,,,
6/13/2024,high_east,3,shrub,C,ALDE,2,0,,,,
6/13/2024,high_east,3,shrub,C,ALDE,3,0,,,,
6/13/2024,high_east,3,shrub,C,BRTE,1,0,,,,
6/13/2024,high_east,3,shrub,C,BRTE,2,0,,,,
6/13/2024,high_east,3,shrub,C,BRTE,3,0,,,,
6/13/2024,high_east,3,shrub,C,COPA,1,1,,4,0.8,"top eaten, collected"
6/13/2024,high_east,3,shrub,C,COPA,2,0,,,,
6/13/2024,high_east,3,shrub,C,COPA,3,0,,,,
6/13/2024,high_east,4,open,R,ALDE,1,0,,,,
6/13/2024,high_east,4,open,R,ALDE,2,0,,,,
6/13/2024,high_east,4,open,R,ALDE,3,0,,,,
6/13/2024,high_east,4,open,R,BRTE,1,0,,,,
6/13/2024,high_east,4,open,R,BRTE,2,0,,,,
6/13/2024,high_east,4,open,R,BRTE,3,0,,,,
6/13/2024,high_east,4,open,R,COPA,1,1,,4,1,collected
6/13/2024,high_east,4,open,R,COPA,2,0,,,,missing
6/13/2024,high_east,4,open,R,COPA,3,0,,,,
6/13/2024,high_east,4,open,C,ALDE,1,0,,,,
6/13/2024,high_east,4,open,C,ALDE,2,0,,,,
6/13/2024,high_east,4,open,C,ALDE,3,0,,,,
6/13/2024,high_east,4,open,C,BRTE,1,0,,,,
6/13/2024,high_east,4,open,C,BRTE,2,0,,,,
6/13/2024,high_east,4,open,C,BRTE,3,0,,,,
6/13/2024,high_east,4,open,C,COPA,1,0,,,,
6/13/2024,high_east,4,open,C,COPA,2,0,,,,
6/13/2024,high_east,4,open,C,COPA,3,0,,,,
6/13/2024,high_east,4,shrub,R,ALDE,1,0,,,,
6/13/2024,high_east,4,shrub,R,ALDE,2,0,,,,
6/13/2024,high_east,4,shrub,R,ALDE,3,0,,,,
6/13/2024,high_east,4,shrub,R,BRTE,1,0,,,,
6/13/2024,high_east,4,shrub,R,BRTE,2,1,,1,1.9,
6/13/2024,high_east,4,shrub,R,BRTE,3,0,,,,
6/13/2024,high_east,4,shrub,R,COPA,1,1,,5,2.7,
6/13/2024,high_east,4,shrub,R,COPA,2,0,,,,
6/13/2024,high_east,4,shrub,R,COPA,3,0,,,,
6/13/2024,high_east,4,shrub,C,ALDE,1,1,,1,1.2,
6/13/2024,high_east,4,shrub,C,ALDE,2,0,,,,
6/13/2024,high_east,4,shrub,C,ALDE,3,0,,,,
6/13/2024,high_east,4,shrub,C,BRTE,1,0,,,,
6/13/2024,high_east,4,shrub,C,BRTE,2,0,,,,
6/13/2024,high_east,4,shrub,C,BRTE,3,0,,,,
6/13/2024,high_east,4,shrub,C,COPA,1,0,,,,
6/13/2024,high_east,4,shrub,C,COPA,2,0,,,,
6/13/2024,high_east,4,shrub,C,COPA,3,0,,,,
6/17/2024,low_north,1,open,R,ALDE,1,0,,,,
6/17/2024,low_north,1,open,R,ALDE,2,0,,,,
6/17/2024,low_north,1,open,R,ALDE,3,0,,,,
6/17/2024,low_north,1,open,R,BRTE,1,1,,4,5,
6/17/2024,low_north,1,open,R,BRTE,2,0,,,,
6/17/2024,low_north,1,open,R,BRTE,3,0,,,,
6/17/2024,low_north,1,open,R,COPA,1,0,,,,
6/17/2024,low_north,1,open,R,COPA,2,1,<10%,,1.1,"top eaten, collected"
6/17/2024,low_north,1,open,R,COPA,3,0,,,,
6/17/2024,low_north,1,open,R,PODO,1,0,,,,
6/17/2024,low_north,1,open,R,PODO,2,0,,,,
6/17/2024,low_north,1,open,R,PODO,3,0,,,,
6/17/2024,low_north,1,open,C,ALDE,1,0,,,,
6/17/2024,low_north,1,open,C,ALDE,2,0,,,,
6/17/2024,low_north,1,open,C,ALDE,3,1,,,1.9,"top eaten, collected"
6/17/2024,low_north,1,open,C,BRTE,1,0,,,,
6/17/2024,low_north,1,open,C,BRTE,2,0,,,,
6/17/2024,low_north,1,open,C,BRTE,3,0,,,,
6/17/2024,low_north,1,open,C,COPA,1,0,,,,
6/17/2024,low_north,1,open,C,COPA,2,0,,,,
6/17/2024,low_north,1,open,C,COPA,3,0,,,,
6/17/2024,low_north,1,open,C,PODO,1,0,,,,
6/17/2024,low_north,1,open,C,PODO,2,0,,,,
6/17/2024,low_north,1,open,C,PODO,3,0,,,,
6/17/2024,low_north,1,shrub,R,ALDE,1,0,,,,
6/17/2024,low_north,1,shrub,R,ALDE,2,1,,,2.5,"top eaten, collected"
6/17/2024,low_north,1,shrub,R,ALDE,3,0,,,,
6/17/2024,low_north,1,shrub,R,BRTE,1,0,,,,
6/17/2024,low_north,1,shrub,R,BRTE,2,0,,,,
6/17/2024,low_north,1,shrub,R,BRTE,3,0,,,,
6/17/2024,low_north,1,shrub,R,COPA,1,0,,,,died
6/17/2024,low_north,1,shrub,R,COPA,2,0,,,,died
6/17/2024,low_north,1,shrub,R,COPA,3,0,,,,
6/17/2024,low_north,1,shrub,R,PODO,1,0,,,,
6/17/2024,low_north,1,shrub,R,PODO,2,1,,1,3.9,
6/17/2024,low_north,1,shrub,R,PODO,3,0,,,,
6/17/2024,low_north,1,shrub,C,ALDE,1,,,,,trampled
6/17/2024,low_north,1,shrub,C,ALDE,2,,,,,trampled
6/17/2024,low_north,1,shrub,C,ALDE,3,0,,,,
6/17/2024,low_north,1,shrub,C,BRTE,1,,,,,trampled
6/17/2024,low_north,1,shrub,C,BRTE,2,1,,3,5.4,
6/17/2024,low_north,1,shrub,C,BRTE,3,0,,,,
6/17/2024,low_north,1,shrub,C,COPA,1,,,,,trampled
6/17/2024,low_north,1,shrub,C,COPA,2,,,,,trampled
6/17/2024,low_north,1,shrub,C,COPA,3,1,,,1.6,"top eaten, collected"
6/17/2024,low_north,1,shrub,C,PODO,1,0,,,,
6/17/2024,low_north,1,shrub,C,PODO,2,0,,,,
6/17/2024,low_north,1,shrub,C,PODO,3,1,,1,3,
6/17/2024,low_north,2,open,R,ALDE,1,0,,,,
6/17/2024,low_north,2,open,R,ALDE,2,0,,,,
6/17/2024,low_north,2,open,R,ALDE,3,0,,,,
6/17/2024,low_north,2,open,R,BRTE,1,0,,,,
6/17/2024,low_north,2,open,R,BRTE,2,0,,,,
6/17/2024,low_north,2,open,R,BRTE,3,0,,,,
6/17/2024,low_north,2,open,R,COPA,1,1,,4,1.5,"no fruits, collected"
6/17/2024,low_north,2,open,R,COPA,2,0,,,,
6/17/2024,low_north,2,open,R,COPA,3,0,,,0.5,"top eaten, collected"
6/17/2024,low_north,2,open,R,PODO,1,1,,1,2.5,
6/17/2024,low_north,2,open,R,PODO,2,0,,,,
6/17/2024,low_north,2,open,R,PODO,3,0,,,,
6/17/2024,low_north,2,open,C,ALDE,1,0,,,,
6/17/2024,low_north,2,open,C,ALDE,2,0,,,,
6/17/2024,low_north,2,open,C,ALDE,3,0,,,,
6/17/2024,low_north,2,open,C,BRTE,1,0,,,,
6/17/2024,low_north,2,open,C,BRTE,2,1,,3,6.6,
6/17/2024,low_north,2,open,C,BRTE,3,1,,,3.3,top eaten
6/17/2024,low_north,2,open,C,COPA,1,0,,,,
6/17/2024,low_north,2,open,C,COPA,2,0,,,,
6/17/2024,low_north,2,open,C,COPA,3,0,,,,
6/17/2024,low_north,2,open,C,PODO,1,0,,,,
6/17/2024,low_north,2,open,C,PODO,2,0,,,,
6/17/2024,low_north,2,open,C,PODO,3,0,,,,
6/17/2024,low_north,2,shrub,R,ALDE,1,0,,,,
6/17/2024,low_north,2,shrub,R,ALDE,2,0,,,,
6/17/2024,low_north,2,shrub,R,ALDE,3,0,,,,
6/17/2024,low_north,2,shrub,R,BRTE,1,0,,,,
6/17/2024,low_north,2,shrub,R,BRTE,2,,,,,trampled
6/17/2024,low_north,2,shrub,R,BRTE,3,0,,,,
6/17/2024,low_north,2,shrub,R,COPA,1,0,,,,
6/17/2024,low_north,2,shrub,R,COPA,2,,,,,trampled
6/17/2024,low_north,2,shrub,R,COPA,3,0,,,,died
6/17/2024,low_north,2,shrub,R,PODO,1,,,,,trampled
6/17/2024,low_north,2,shrub,R,PODO,2,0,,,,
6/17/2024,low_north,2,shrub,R,PODO,3,0,,,,
6/17/2024,low_north,2,shrub,C,ALDE,1,0,,,,
6/17/2024,low_north,2,shrub,C,ALDE,2,0,,,,
6/17/2024,low_north,2,shrub,C,ALDE,3,0,,,,
6/17/2024,low_north,2,shrub,C,BRTE,1,0,,,,
6/17/2024,low_north,2,shrub,C,BRTE,2,0,,,,
6/17/2024,low_north,2,shrub,C,BRTE,3,0,,,,
6/17/2024,low_north,2,shrub,C,COPA,1,0,,,,died
6/17/2024,low_north,2,shrub,C,COPA,2,0,,,,
6/17/2024,low_north,2,shrub,C,COPA,3,0,,,,
6/17/2024,low_north,2,shrub,C,PODO,1,0,,,,
6/17/2024,low_north,2,shrub,C,PODO,2,0,,,,
6/17/2024,low_north,2,shrub,C,PODO,3,0,,,,
6/17/2024,low_north,3,open,R,ALDE,1,0,,,,
6/17/2024,low_north,3,open,R,ALDE,2,0,,,,
6/17/2024,low_north,3,open,R,ALDE,3,0,,,,
6/17/2024,low_north,3,open,R,BRTE,1,1,,3,8.5,
6/17/2024,low_north,3,open,R,BRTE,2,0,,,,
6/17/2024,low_north,3,open,R,BRTE,3,0,,,,
6/17/2024,low_north,3,open,R,COPA,1,0,,,,
6/17/2024,low_north,3,open,R,COPA,2,0,,,,
6/17/2024,low_north,3,open,R,COPA,3,0,,,,
6/17/2024,low_north,3,open,R,PODO,1,0,,,,
6/17/2024,low_north,3,open,R,PODO,2,0,,,,
6/17/2024,low_north,3,open,R,PODO,3,0,,,,
6/17/2024,low_north,3,open,C,ALDE,1,0,,,,
6/17/2024,low_north,3,open,C,ALDE,2,0,,,,
6/17/2024,low_north,3,open,C,ALDE,3,0,,,,
6/17/2024,low_north,3,open,C,BRTE,1,0,,,,
6/17/2024,low_north,3,open,C,BRTE,2,1,,3,9.2,
6/17/2024,low_north,3,open,C,BRTE,3,1,,3,8.6,
6/17/2024,low_north,3,open,C,COPA,1,0,,,,
6/17/2024,low_north,3,open,C,COPA,2,0,,,,
6/17/2024,low_north,3,open,C,COPA,3,0,,,,
6/17/2024,low_north,3,open,C,PODO,1,0,,,,
6/17/2024,low_north,3,open,C,PODO,2,0,,,,
6/17/2024,low_north,3,open,C,PODO,3,0,,,,
6/17/2024,low_north,3,shrub,R,ALDE,1,0,,,,
6/17/2024,low_north,3,shrub,R,ALDE,2,0,,,,
6/17/2024,low_north,3,shrub,R,ALDE,3,0,,,,
6/17/2024,low_north,3,shrub,R,BRTE,1,0,,,,
6/17/2024,low_north,3,shrub,R,BRTE,2,0,,,,
6/17/2024,low_north,3,shrub,R,BRTE,3,0,,,,
6/17/2024,low_north,3,shrub,R,COPA,1,0,,,,died
6/17/2024,low_north,3,shrub,R,COPA,2,0,,,,
6/17/2024,low_north,3,shrub,R,COPA,3,0,,,,
6/17/2024,low_north,3,shrub,R,PODO,1,0,,,,
6/17/2024,low_north,3,shrub,R,PODO,2,0,,,,
6/17/2024,low_north,3,shrub,R,PODO,3,0,,,,
6/17/2024,low_north,3,shrub,C,ALDE,1,0,,,,
6/17/2024,low_north,3,shrub,C,ALDE,2,0,,,,
6/17/2024,low_north,3,shrub,C,ALDE,3,0,,,,
6/17/2024,low_north,3,shrub,C,BRTE,1,1,,3,5.9,
6/17/2024,low_north,3,shrub,C,BRTE,2,0,,,,
6/17/2024,low_north,3,shrub,C,BRTE,3,0,,,,
6/17/2024,low_north,3,shrub,C,COPA,1,0,,,,
6/17/2024,low_north,3,shrub,C,COPA,2,0,,,,
6/17/2024,low_north,3,shrub,C,COPA,3,1,25-50%,4,2.6,collected
6/17/2024,low_north,3,shrub,C,PODO,1,0,,,,
6/17/2024,low_north,3,shrub,C,PODO,2,0,,,,
6/17/2024,low_north,3,shrub,C,PODO,3,0,,,,
6/17/2024,low_north,4,shrub,R,ALDE,1,0,,,,
6/17/2024,low_north,4,shrub,R,ALDE,2,0,,,,
6/17/2024,low_north,4,shrub,R,ALDE,3,0,,,,
6/17/2024,low_north,4,shrub,R,BRTE,1,0,,,,
6/17/2024,low_north,4,shrub,R,BRTE,2,0,,,,
6/17/2024,low_north,4,shrub,R,BRTE,3,0,,,,
6/17/2024,low_north,4,shrub,R,COPA,1,0,,,,
6/17/2024,low_north,4,shrub,R,COPA,2,0,,,,
6/17/2024,low_north,4,shrub,R,COPA,3,0,,,,
6/17/2024,low_north,4,shrub,R,PODO,1,0,,,,
6/17/2024,low_north,4,shrub,R,PODO,2,0,,,,
6/17/2024,low_north,4,shrub,R,PODO,3,0,,,,
6/17/2024,low_north,4,shrub,C,ALDE,1,0,,,,
6/17/2024,low_north,4,shrub,C,ALDE,2,0,,,,
6/17/2024,low_north,4,shrub,C,ALDE,3,0,,,,
6/17/2024,low_north,4,shrub,C,BRTE,1,1,,3,12.2,"first tiller eaten, second tiller only"
6/17/2024,low_north,4,shrub,C,BRTE,2,1,,3,9.3,collected
6/17/2024,low_north,4,shrub,C,BRTE,3,0,,,,died
6/17/2024,low_north,4,shrub,C,COPA,1,1,25-50%,4,2.6,collected
6/17/2024,low_north,4,shrub,C,COPA,2,0,,,,
6/17/2024,low_north,4,shrub,C,COPA,3,0,,,,
6/17/2024,low_north,4,shrub,C,PODO,1,0,,,,
6/17/2024,low_north,4,shrub,C,PODO,2,0,,,,
6/17/2024,low_north,4,shrub,C,PODO,3,0,,,,
6/17/2024,low_gate,1,open,R,ALDE,1,0,,,,
6/17/2024,low_gate,1,open,R,ALDE,2,0,,,,
6/17/2024,low_gate,1,open,R,ALDE,3,0,,,,
6/17/2024,low_gate,1,open,R,BRTE,1,0,,,,
6/17/2024,low_gate,1,open,R,BRTE,2,0,,,,
6/17/2024,low_gate,1,open,R,BRTE,3,0,,,,
6/17/2024,low_gate,1,open,R,COPA,1,0,,,,
6/17/2024,low_gate,1,open,R,COPA,2,1,25-50%,4,2.6,collected
6/17/2024,low_gate,1,open,R,COPA,3,1,<10%,4,1.9,"top eaten, collected"
6/17/2024,low_gate,1,open,C,ALDE,1,0,,,,
6/17/2024,low_gate,1,open,C,ALDE,2,0,,,,
6/17/2024,low_gate,1,open,C,ALDE,3,0,,,,
6/17/2024,low_gate,1,open,C,BRTE,1,0,,,,
6/17/2024,low_gate,1,open,C,BRTE,2,0,,,,
6/17/2024,low_gate,1,open,C,BRTE,3,0,,,,
6/17/2024,low_gate,1,open,C,COPA,1,0,,,,
6/17/2024,low_gate,1,open,C,COPA,2,1,<10%,4,0.5,"top eaten, collected"
6/17/2024,low_gate,1,open,C,COPA,3,0,,,,
6/17/2024,low_gate,1,shrub,R,ALDE,1,0,,,,
6/17/2024,low_gate,1,shrub,R,ALDE,2,0,,,,
6/17/2024,low_gate,1,shrub,R,ALDE,3,0,,,,
6/17/2024,low_gate,1,shrub,R,BRTE,1,1,,4,10.5,
6/17/2024,low_gate,1,shrub,R,BRTE,2,0,,,,
6/17/2024,low_gate,1,shrub,R,BRTE,3,0,,,,
6/17/2024,low_gate,1,shrub,R,COPA,1,1,<10%,5,3.2,collected
6/17/2024,low_gate,1,shrub,R,COPA,2,0,,,,
6/17/2024,low_gate,1,shrub,R,COPA,3,0,,,,
6/17/2024,low_gate,1,shrub,C,ALDE,1,0,,,,
6/17/2024,low_gate,1,shrub,C,ALDE,2,0,,,,
6/17/2024,low_gate,1,shrub,C,ALDE,3,0,,,,
6/17/2024,low_gate,1,shrub,C,BRTE,1,0,,,,
6/17/2024,low_gate,1,shrub,C,BRTE,2,0,,,,
6/17/2024,low_gate,1,shrub,C,BRTE,3,1,,4,10.8,
6/17/2024,low_gate,1,shrub,C,COPA,1,0,,,,
6/17/2024,low_gate,1,shrub,C,COPA,2,0,,,,
6/17/2024,low_gate,1,shrub,C,COPA,3,1,<10%,4,1.9,collected
6/17/2024,low_gate,2,open,R,ALDE,1,1,10-25%,1,2.1,
6/17/2024,low_gate,2,open,R,ALDE,2,0,,,,
6/17/2024,low_gate,2,open,R,ALDE,3,0,,,,
6/17/2024,low_gate,2,open,R,BRTE,1,0,,,,
6/17/2024,low_gate,2,open,R,BRTE,2,0,,,,
6/17/2024,low_gate,2,open,R,BRTE,3,0,,,,
6/17/2024,low_gate,2,open,R,COPA,1,0,,,,
6/17/2024,low_gate,2,open,R,COPA,2,0,,,,
6/17/2024,low_gate,2,open,R,COPA,3,0,,,,
6/17/2024,low_gate,2,open,C,ALDE,1,0,,,,
6/17/2024,low_gate,2,open,C,ALDE,2,0,,,,
6/17/2024,low_gate,2,open,C,ALDE,3,0,,,,
6/17/2024,low_gate,2,open,C,BRTE,1,1,,3,3.5,
6/17/2024,low_gate,2,open,C,BRTE,2,0,,,,
6/17/2024,low_gate,2,open,C,BRTE,3,0,,,,
6/17/2024,low_gate,2,open,C,COPA,1,1,25-50%,4,1.3,collected
6/17/2024,low_gate,2,open,C,COPA,2,0,,,,
6/17/2024,low_gate,2,open,C,COPA,3,0,,,,
6/17/2024,low_gate,2,shrub,R,ALDE,1,,,,,trampled
6/17/2024,low_gate,2,shrub,R,ALDE,2,0,,,,
6/17/2024,low_gate,2,shrub,R,ALDE,3,0,,,,
6/17/2024,low_gate,2,shrub,R,BRTE,1,0,,,,
6/17/2024,low_gate,2,shrub,R,BRTE,2,0,,,,died
6/17/2024,low_gate,2,shrub,R,BRTE,3,0,,,,
6/17/2024,low_gate,2,shrub,R,COPA,1,1,75-100%,4,2.8,collected
6/17/2024,low_gate,2,shrub,R,COPA,2,,,,,trampled
6/17/2024,low_gate,2,shrub,R,COPA,3,1,75-100%,,1.1,"top eaten, collected"
6/17/2024,low_gate,2,shrub,C,ALDE,1,0,,,,
6/17/2024,low_gate,2,shrub,C,ALDE,2,0,,,,
6/17/2024,low_gate,2,shrub,C,ALDE,3,,,,,trampled
6/17/2024,low_gate,2,shrub,C,BRTE,1,,,,,trampled
6/17/2024,low_gate,2,shrub,C,BRTE,2,0,,,,
6/17/2024,low_gate,2,shrub,C,BRTE,3,0,,,,
6/17/2024,low_gate,2,shrub,C,COPA,1,0,,,,
6/17/2024,low_gate,2,shrub,C,COPA,2,,,,,trampled
6/17/2024,low_gate,2,shrub,C,COPA,3,0,,,,
6/17/2024,low_gate,3,open,R,ALDE,1,0,,,,
6/17/2024,low_gate,3,open,R,ALDE,2,0,,,,
6/17/2024,low_gate,3,open,R,ALDE,3,0,,,,
6/17/2024,low_gate,3,open,R,BRTE,1,0,,,,
6/17/2024,low_gate,3,open,R,BRTE,2,0,,,,
6/17/2024,low_gate,3,open,R,BRTE,3,1,,4,10.3,
6/17/2024,low_gate,3,open,R,COPA,1,0,,,,
6/17/2024,low_gate,3,open,R,COPA,2,0,,,,
6/17/2024,low_gate,3,open,R,COPA,3,1,25-50%,4,0.4,collected
6/17/2024,low_gate,3,open,C,ALDE,1,0,,,,
6/17/2024,low_gate,3,open,C,ALDE,2,0,,,,
6/17/2024,low_gate,3,open,C,ALDE,3,0,,,,
6/17/2024,low_gate,3,open,C,BRTE,1,0,,,,
6/17/2024,low_gate,3,open,C,BRTE,2,0,,,,
6/17/2024,low_gate,3,open,C,BRTE,3,0,,,,
6/17/2024,low_gate,3,open,C,COPA,1,0,,,,
6/17/2024,low_gate,3,open,C,COPA,2,1,<10%,4,2.1,collected
6/17/2024,low_gate,3,open,C,COPA,3,1,<10%,4,3.4,collected
6/17/2024,low_gate,3,shrub,R,ALDE,1,0,,,,
6/17/2024,low_gate,3,shrub,R,ALDE,2,,,,,trampled
6/17/2024,low_gate,3,shrub,R,ALDE,3,0,,,,
6/17/2024,low_gate,3,shrub,R,BRTE,1,0,,,,
6/17/2024,low_gate,3,shrub,R,BRTE,2,0,,,,
6/17/2024,low_gate,3,shrub,R,BRTE,3,0,,,,
6/17/2024,low_gate,3,shrub,R,COPA,1,1,25-50%,,1.4,"top eaten, collected"
6/17/2024,low_gate,3,shrub,R,COPA,2,,,,,trampled
6/17/2024,low_gate,3,shrub,R,COPA,3,1,25-50%,,2.2,"top eaten, collected"
6/17/2024,low_gate,3,shrub,C,ALDE,1,0,,,,
6/17/2024,low_gate,3,shrub,C,ALDE,2,0,,,,
6/17/2024,low_gate,3,shrub,C,ALDE,3,0,,,,
6/17/2024,low_gate,3,shrub,C,BRTE,1,0,,,,
6/17/2024,low_gate,3,shrub,C,BRTE,2,1,,3,8.2,
6/17/2024,low_gate,3,shrub,C,BRTE,3,0,,,,
6/17/2024,low_gate,3,shrub,C,COPA,1,0,,,,
6/17/2024,low_gate,3,shrub,C,COPA,2,1,<10%,,1.1,"top eaten, collected"
6/17/2024,low_gate,3,shrub,C,COPA,3,0,,,,
6/17/2024,low_gate,4,open,R,ALDE,1,0,,,,
6/17/2024,low_gate,4,open,R,ALDE,2,0,,,,
6/17/2024,low_gate,4,open,R,ALDE,3,0,,,,
6/17/2024,low_gate,4,open,R,BRTE,1,0,,,,
6/17/2024,low_gate,4,open,R,BRTE,2,1,,4,0.9,collected
6/17/2024,low_gate,4,open,R,BRTE,3,0,,,,
6/17/2024,low_gate,4,open,R,COPA,1,0,,,,
6/17/2024,low_gate,4,open,R,COPA,2,1,<10%,4,1.6,collected
6/17/2024,low_gate,4,open,R,COPA,3,1,10-25%,5,2.5,
6/17/2024,low_gate,4,open,C,ALDE,1,0,,,,
6/17/2024,low_gate,4,open,C,ALDE,2,0,,,,
6/17/2024,low_gate,4,open,C,ALDE,3,0,,,,
6/17/2024,low_gate,4,open,C,BRTE,1,0,,,,
6/17/2024,low_gate,4,open,C,BRTE,2,0,,,,
6/17/2024,low_gate,4,open,C,BRTE,3,0,,,,
6/17/2024,low_gate,4,open,C,COPA,1,0,,,,
6/17/2024,low_gate,4,open,C,COPA,2,0,,,,
6/17/2024,low_gate,4,open,C,COPA,3,0,,,,
6/17/2024,low_gate,4,shrub,R,ALDE,1,0,,,,
6/17/2024,low_gate,4,shrub,R,ALDE,2,0,,,,
6/17/2024,low_gate,4,shrub,R,ALDE,3,0,,,,
6/17/2024,low_gate,4,shrub,R,BRTE,1,1,,4,0.9,collected
6/17/2024,low_gate,4,shrub,R,BRTE,2,0,,,,
6/17/2024,low_gate,4,shrub,R,BRTE,3,1,<10%,3,8.5,
6/17/2024,low_gate,4,shrub,R,COPA,1,0,,,,
6/17/2024,low_gate,4,shrub,R,COPA,2,0,,,,
6/17/2024,low_gate,4,shrub,R,COPA,3,0,,,,
6/17/2024,low_gate,4,shrub,C,ALDE,1,0,,,,
6/17/2024,low_gate,4,shrub,C,ALDE,2,0,,,,
6/17/2024,low_gate,4,shrub,C,ALDE,3,0,,,,
6/17/2024,low_gate,4,shrub,C,BRTE,1,0,,,,
6/17/2024,low_gate,4,shrub,C,BRTE,2,0,,,,
6/17/2024,low_gate,4,shrub,C,BRTE,3,0,,,,
6/17/2024,low_gate,4,shrub,C,COPA,1,0,,,,
6/17/2024,low_gate,4,shrub,C,COPA,2,0,,,,
6/17/2024,low_gate,4,shrub,C,COPA,3,0,,,,died
6/19/2024,high_gate,1,open,R,ALDE,1,0,,,,
6/19/2024,high_gate,1,open,R,ALDE,2,0,,,,
6/19/2024,high_gate,1,open,R,ALDE,3,0,,,,
6/19/2024,high_gate,1,open,R,BRTE,1,0,,,,
6/19/2024,high_gate,1,open,R,BRTE,2,0,,,,
6/19/2024,high_gate,1,open,R,BRTE,3,0,,,,
6/19/2024,high_gate,1,open,R,COPA,1,0,,,,
6/19/2024,high_gate,1,open,R,COPA,2,0,,,,
6/19/2024,high_gate,1,open,R,COPA,3,0,,,,
6/19/2024,high_gate,1,open,R,PODO,1,0,,,,
6/19/2024,high_gate,1,open,R,PODO,2,0,,,,
6/19/2024,high_gate,1,open,R,PODO,3,0,,,,
6/19/2024,high_gate,1,open,C,ALDE,1,0,,,,
6/19/2024,high_gate,1,open,C,ALDE,2,0,,,,
6/19/2024,high_gate,1,open,C,ALDE,3,0,,,,
6/19/2024,high_gate,1,open,C,BRTE,1,0,,,,
6/19/2024,high_gate,1,open,C,BRTE,2,0,,,,
6/19/2024,high_gate,1,open,C,BRTE,3,0,,,,
6/19/2024,high_gate,1,open,C,COPA,1,0,,,,
6/19/2024,high_gate,1,open,C,COPA,2,0,,,,
6/19/2024,high_gate,1,open,C,COPA,3,0,,,,
6/19/2024,high_gate,1,open,C,PODO,1,0,,,,
6/19/2024,high_gate,1,open,C,PODO,2,0,,,,
6/19/2024,high_gate,1,open,C,PODO,3,0,,,,
6/19/2024,high_gate,1,shrub,R,ALDE,1,0,,,,
6/19/2024,high_gate,1,shrub,R,ALDE,2,0,,,,
6/19/2024,high_gate,1,shrub,R,ALDE,3,0,,,,
6/19/2024,high_gate,1,shrub,R,BRTE,1,1,,4,1,collected
6/19/2024,high_gate,1,shrub,R,BRTE,2,1,,4,4,
6/19/2024,high_gate,1,shrub,R,BRTE,3,1,,4,5.4,
6/19/2024,high_gate,1,shrub,R,COPA,1,0,,,,
6/19/2024,high_gate,1,shrub,R,COPA,2,0,,,,
6/19/2024,high_gate,1,shrub,R,COPA,3,1,75-100%,4,0.5,collected
6/19/2024,high_gate,1,shrub,R,PODO,1,0,,,,
6/19/2024,high_gate,1,shrub,R,PODO,2,0,,,,
6/19/2024,high_gate,1,shrub,R,PODO,3,0,,,,
6/19/2024,high_gate,1,shrub,C,ALDE,1,0,,,,
6/19/2024,high_gate,1,shrub,C,ALDE,2,0,,,,
6/19/2024,high_gate,1,shrub,C,ALDE,3,0,,,,
6/19/2024,high_gate,1,shrub,C,BRTE,1,1,,3,4.3,
6/19/2024,high_gate,1,shrub,C,BRTE,2,0,,,,
6/19/2024,high_gate,1,shrub,C,BRTE,3,1,,4,0.8,collected
6/19/2024,high_gate,1,shrub,C,COPA,1,0,,,,
6/19/2024,high_gate,1,shrub,C,COPA,2,0,,,,
6/19/2024,high_gate,1,shrub,C,COPA,3,0,,,,died
6/19/2024,high_gate,1,shrub,C,PODO,1,0,,,,
6/19/2024,high_gate,1,shrub,C,PODO,2,0,,,,
6/19/2024,high_gate,1,shrub,C,PODO,3,0,,,,
6/19/2024,high_gate,2,open,R,ALDE,1,0,,,,
6/19/2024,high_gate,2,open,R,ALDE,2,0,,,,
6/19/2024,high_gate,2,open,R,ALDE,3,0,,,,
6/19/2024,high_gate,2,open,R,BRTE,1,0,,4,2.8,
6/19/2024,high_gate,2,open,R,BRTE,2,0,,,,
6/19/2024,high_gate,2,open,R,BRTE,3,1,,1,1.3,
6/19/2024,high_gate,2,open,R,COPA,1,,,,,missing
6/19/2024,high_gate,2,open,R,COPA,2,0,,,,
6/19/2024,high_gate,2,open,R,COPA,3,0,,,,
6/19/2024,high_gate,2,open,R,PODO,1,0,,,,
6/19/2024,high_gate,2,open,R,PODO,2,0,,,,
6/19/2024,high_gate,2,open,R,PODO,3,0,,,,
6/19/2024,high_gate,2,open,C,ALDE,1,0,,,,
6/19/2024,high_gate,2,open,C,ALDE,2,0,,,,
6/19/2024,high_gate,2,open,C,ALDE,3,,,,,trampled
6/19/2024,high_gate,2,open,C,BRTE,1,0,,,,
6/19/2024,high_gate,2,open,C,BRTE,2,0,,,,
6/19/2024,high_gate,2,open,C,BRTE,3,0,,,,
6/19/2024,high_gate,2,open,C,COPA,1,0,,,,died
6/19/2024,high_gate,2,open,C,COPA,2,0,,,,
6/19/2024,high_gate,2,open,C,COPA,3,,,,,trampled
6/19/2024,high_gate,2,open,C,PODO,1,0,,,,
6/19/2024,high_gate,2,open,C,PODO,2,0,,,,
6/19/2024,high_gate,2,open,C,PODO,3,0,,,,
6/19/2024,high_gate,2,shrub,R,ALDE,1,0,,,,
6/19/2024,high_gate,2,shrub,R,ALDE,2,0,,,,
6/19/2024,high_gate,2,shrub,R,ALDE,3,0,,,,
6/19/2024,high_gate,2,shrub,R,BRTE,1,0,,,,
6/19/2024,high_gate,2,shrub,R,BRTE,2,0,,,,
6/19/2024,high_gate,2,shrub,R,BRTE,3,1,,6,1.9,collected
6/19/2024,high_gate,2,shrub,R,COPA,1,0,,,,
6/19/2024,high_gate,2,shrub,R,COPA,2,0,,,,
6/19/2024,high_gate,2,shrub,R,COPA,3,0,,,,
6/19/2024,high_gate,2,shrub,R,PODO,1,0,,,,
6/19/2024,high_gate,2,shrub,R,PODO,2,0,,,,
6/19/2024,high_gate,2,shrub,R,PODO,3,0,,,,
6/19/2024,high_gate,2,shrub,C,ALDE,1,0,,,,
6/19/2024,high_gate,2,shrub,C,ALDE,2,1,,1,0.6,"collected, top eaten"
6/19/2024,high_gate,2,shrub,C,ALDE,3,0,,,,
6/19/2024,high_gate,2,shrub,C,BRTE,1,0,,,,
6/19/2024,high_gate,2,shrub,C,BRTE,2,0,,,,
6/19/2024,high_gate,2,shrub,C,BRTE,3,0,,,,
6/19/2024,high_gate,2,shrub,C,COPA,1,1,50-75%,4,0.7,collected
6/19/2024,high_gate,2,shrub,C,COPA,2,0,,,,
6/19/2024,high_gate,2,shrub,C,COPA,3,0,,,,
6/19/2024,high_gate,2,shrub,C,PODO,1,0,,,,
6/19/2024,high_gate,2,shrub,C,PODO,2,0,,,,
6/19/2024,high_gate,2,shrub,C,PODO,3,0,,,,
6/19/2024,high_gate,3,open,R,ALDE,1,0,,,,
6/19/2024,high_gate,3,open,R,ALDE,2,0,,,,
6/19/2024,high_gate,3,open,R,ALDE,3,0,,,,
6/19/2024,high_gate,3,open,R,BRTE,1,0,,,,
6/19/2024,high_gate,3,open,R,BRTE,2,0,,,,
6/19/2024,high_gate,3,open,R,BRTE,3,0,,,,died
6/19/2024,high_gate,3,open,R,COPA,1,0,,,,
6/19/2024,high_gate,3,open,R,COPA,2,0,,,,
6/19/2024,high_gate,3,open,R,COPA,3,0,,,,
6/19/2024,high_gate,3,open,R,PODO,1,0,,,,
6/19/2024,high_gate,3,open,R,PODO,2,,,,,trampled
6/19/2024,high_gate,3,open,R,PODO,3,0,,,,
6/19/2024,high_gate,3,open,C,ALDE,1,0,,,,
6/19/2024,high_gate,3,open,C,ALDE,2,,,,,trampled
6/19/2024,high_gate,3,open,C,ALDE,3,,,,,trampled
6/19/2024,high_gate,3,open,C,BRTE,1,0,,,,
6/19/2024,high_gate,3,open,C,BRTE,2,,,,,trampled
6/19/2024,high_gate,3,open,C,BRTE,3,0,,,,
6/19/2024,high_gate,3,open,C,COPA,1,0,,,,
6/19/2024,high_gate,3,open,C,COPA,2,0,,,,
6/19/2024,high_gate,3,open,C,COPA,3,,,,,trampled
6/19/2024,high_gate,3,open,C,PODO,1,0,,,,
6/19/2024,high_gate,3,open,C,PODO,2,0,,,,
6/19/2024,high_gate,3,open,C,PODO,3,0,,,,
6/19/2024,high_gate,3,shrub,R,ALDE,1,0,,,,
6/19/2024,high_gate,3,shrub,R,ALDE,2,0,,,,
6/19/2024,high_gate,3,shrub,R,ALDE,3,0,,,,
6/19/2024,high_gate,3,shrub,R,BRTE,1,0,,,,
6/19/2024,high_gate,3,shrub,R,BRTE,2,0,,,,
6/19/2024,high_gate,3,shrub,R,BRTE,3,0,,,,
6/19/2024,high_gate,3,shrub,R,COPA,1,0,,,,
6/19/2024,high_gate,3,shrub,R,COPA,2,0,,,,
6/19/2024,high_gate,3,shrub,R,COPA,3,0,,,,
6/19/2024,high_gate,3,shrub,R,PODO,1,0,,,,
6/19/2024,high_gate,3,shrub,R,PODO,2,0,,,,
6/19/2024,high_gate,3,shrub,R,PODO,3,0,,,,
6/19/2024,high_gate,3,shrub,C,ALDE,1,0,,,,
6/19/2024,high_gate,3,shrub,C,ALDE,2,0,,,,
6/19/2024,high_gate,3,shrub,C,ALDE,3,0,,,,
6/19/2024,high_gate,3,shrub,C,BRTE,1,0,,,,
6/19/2024,high_gate,3,shrub,C,BRTE,2,0,,,,
6/19/2024,high_gate,3,shrub,C,BRTE,3,0,,,,
6/19/2024,high_gate,3,shrub,C,COPA,1,0,,,,
6/19/2024,high_gate,3,shrub,C,COPA,2,0,,,,
6/19/2024,high_gate,3,shrub,C,COPA,3,0,,,,
6/19/2024,high_gate,3,shrub,C,PODO,1,0,,,,
6/19/2024,high_gate,3,shrub,C,PODO,2,0,,,,
6/19/2024,high_gate,3,shrub,C,PODO,3,0,,,,
6/19/2024,high_gate,4,open,R,ALDE,1,0,,,,
6/19/2024,high_gate,4,open,R,ALDE,2,0,,,,
6/19/2024,high_gate,4,open,R,ALDE,3,0,,,,
6/19/2024,high_gate,4,open,R,BRTE,1,1,,4,0.9,collected
6/19/2024,high_gate,4,open,R,BRTE,2,0,,,,
6/19/2024,high_gate,4,open,R,BRTE,3,0,,,,
6/19/2024,high_gate,4,open,R,COPA,1,0,,,,
6/19/2024,high_gate,4,open,R,COPA,2,0,,,,
6/19/2024,high_gate,4,open,R,COPA,3,0,,,,
6/19/2024,high_gate,4,open,R,PODO,1,0,,,,
6/19/2024,high_gate,4,open,R,PODO,2,0,,,,
6/19/2024,high_gate,4,open,R,PODO,3,0,,,,
6/19/2024,high_gate,4,open,C,ALDE,1,0,,,,
6/19/2024,high_gate,4,open,C,ALDE,2,0,,,,
6/19/2024,high_gate,4,open,C,ALDE,3,0,,,,
6/19/2024,high_gate,4,open,C,BRTE,1,0,,,,
6/19/2024,high_gate,4,open,C,BRTE,2,0,,,,
6/19/2024,high_gate,4,open,C,BRTE,3,0,,,,
6/19/2024,high_gate,4,open,C,COPA,1,0,,,,
6/19/2024,high_gate,4,open,C,COPA,2,0,,,,
6/19/2024,high_gate,4,open,C,COPA,3,0,,,,germinated then died
6/19/2024,high_gate,4,open,C,PODO,1,0,,,,
6/19/2024,high_gate,4,open,C,PODO,2,0,,,,
6/19/2024,high_gate,4,open,C,PODO,3,0,,,,
6/19/2024,high_gate,4,shrub,R,ALDE,1,0,,,,
6/19/2024,high_gate,4,shrub,R,ALDE,2,0,,,,
6/19/2024,high_gate,4,shrub,R,ALDE,3,0,,,,
6/19/2024,high_gate,4,shrub,R,BRTE,1,0,,,,
6/19/2024,high_gate,4,shrub,R,BRTE,2,0,,,,
6/19/2024,high_gate,4,shrub,R,BRTE,3,0,,,,
6/19/2024,high_gate,4,shrub,R,COPA,1,0,,,,
6/19/2024,high_gate,4,shrub,R,COPA,2,,,,,missing
6/19/2024,high_gate,4,shrub,R,COPA,3,0,,,,
6/19/2024,high_gate,4,shrub,R,PODO,1,0,,,,
6/19/2024,high_gate,4,shrub,R,PODO,2,0,,,,
6/19/2024,high_gate,4,shrub,R,PODO,3,0,,,,
6/19/2024,high_gate,4,shrub,C,ALDE,1,0,,,,
6/19/2024,high_gate,4,shrub,C,ALDE,2,0,,,,
6/19/2024,high_gate,4,shrub,C,ALDE,3,0,,,,
6/19/2024,high_gate,4,shrub,C,BRTE,1,0,,,,
6/19/2024,high_gate,4,shrub,C,BRTE,2,0,,,,
6/19/2024,high_gate,4,shrub,C,BRTE,3,0,,,,
6/19/2024,high_gate,4,shrub,C,COPA,1,0,,,,
6/19/2024,high_gate,4,shrub,C,COPA,2,0,,,,
6/19/2024,high_gate,4,shrub,C,COPA,3,0,,,,
6/19/2024,high_gate,4,shrub,C,PODO,1,0,,,,
6/19/2024,high_gate,4,shrub,C,PODO,2,0,,,,
6/19/2024,high_gate,4,shrub,C,PODO,3,0,,,,
6/19/2024,high_north,1,open,R,ALDE,1,0,,,,
6/19/2024,high_north,1,open,R,ALDE,2,0,,,,
6/19/2024,high_north,1,open,R,ALDE,3,0,,,,
6/19/2024,high_north,1,open,R,BRTE,1,0,,,,
6/19/2024,high_north,1,open,R,BRTE,2,,,,,trampled
6/19/2024,high_north,1,open,R,BRTE,3,0,,,,
6/19/2024,high_north,1,open,R,COPA,1,0,,,,died
6/19/2024,high_north,1,open,R,COPA,2,0,,,,
6/19/2024,high_north,1,open,R,COPA,3,0,,,,
6/19/2024,high_north,1,open,C,ALDE,1,,,,,trampled
6/19/2024,high_north,1,open,C,ALDE,2,0,,,,
6/19/2024,high_north,1,open,C,ALDE,3,0,,,,
6/19/2024,high_north,1,open,C,BRTE,1,0,,,,
6/19/2024,high_north,1,open,C,BRTE,2,0,,,,
6/19/2024,high_north,1,open,C,BRTE,3,0,,,,
6/19/2024,high_north,1,open,C,COPA,1,0,,,,
6/19/2024,high_north,1,open,C,COPA,2,,,,,trampled
6/19/2024,high_north,1,open,C,COPA,3,,,,,trampled
6/19/2024,high_north,1,shrub,R,ALDE,1,0,,,,
6/19/2024,high_north,1,shrub,R,ALDE,2,0,,,,
6/19/2024,high_north,1,shrub,R,ALDE,3,0,,,,
6/19/2024,high_north,1,shrub,R,BRTE,1,0,,,,
6/19/2024,high_north,1,shrub,R,BRTE,2,0,,,,died
6/19/2024,high_north,1,shrub,R,BRTE,3,0,,,,died
6/19/2024,high_north,1,shrub,R,COPA,1,0,,,,
6/19/2024,high_north,1,shrub,R,COPA,2,0,,,,
6/19/2024,high_north,1,shrub,R,COPA,3,0,,,,
6/19/2024,high_north,1,shrub,C,ALDE,1,0,,,,
6/19/2024,high_north,1,shrub,C,ALDE,2,0,,,,
6/19/2024,high_north,1,shrub,C,ALDE,3,0,,,,
6/19/2024,high_north,1,shrub,C,BRTE,1,0,,,,died
6/19/2024,high_north,1,shrub,C,BRTE,2,0,,,,
6/19/2024,high_north,1,shrub,C,BRTE,3,0,,,,
6/19/2024,high_north,1,shrub,C,COPA,1,0,,,,
6/19/2024,high_north,1,shrub,C,COPA,2,0,,,,
6/19/2024,high_north,1,shrub,C,COPA,3,0,,,,
6/19/2024,high_north,2,open,R,ALDE,1,0,,,,
6/19/2024,high_north,2,open,R,ALDE,2,0,,,,
6/19/2024,high_north,2,open,R,ALDE,3,0,,,,
6/19/2024,high_north,2,open,R,BRTE,1,0,,,,
6/19/2024,high_north,2,open,R,BRTE,2,0,,,,
6/19/2024,high_north,2,open,R,BRTE,3,0,,,,
6/19/2024,high_north,2,open,R,COPA,1,0,,,,
6/19/2024,high_north,2,open,R,COPA,2,0,,,,
6/19/2024,high_north,2,open,R,COPA,3,0,,,,germinated then died
6/19/2024,high_north,2,open,C,ALDE,1,0,,,,
6/19/2024,high_north,2,open,C,ALDE,2,0,,,,
6/19/2024,high_north,2,open,C,ALDE,3,0,,,,
6/19/2024,high_north,2,open,C,BRTE,1,0,,,,
6/19/2024,high_north,2,open,C,BRTE,2,,,,,missing
6/19/2024,high_north,2,open,C,BRTE,3,,,,,missing
6/19/2024,high_north,2,open,C,COPA,1,0,,,,
6/19/2024,high_north,2,open,C,COPA,2,0,,,,
6/19/2024,high_north,2,open,C,COPA,3,0,,,,
6/19/2024,high_north,2,shrub,R,ALDE,1,0,,,,
6/19/2024,high_north,2,shrub,R,ALDE,2,0,,,,
6/19/2024,high_north,2,shrub,R,ALDE,3,0,,,,
6/19/2024,high_north,2,shrub,R,BRTE,1,0,,,,
6/19/2024,high_north,2,shrub,R,BRTE,2,0,,,,
6/19/2024,high_north,2,shrub,R,BRTE,3,0,,,,
6/19/2024,high_north,2,shrub,R,COPA,1,0,,,,
6/19/2024,high_north,2,shrub,R,COPA,2,0,,,,
6/19/2024,high_north,2,shrub,R,COPA,3,0,,,,
6/19/2024,high_north,2,shrub,C,ALDE,1,0,,,,
6/19/2024,high_north,2,shrub,C,ALDE,2,0,,,,
6/19/2024,high_north,2,shrub,C,ALDE,3,0,,,,
6/19/2024,high_north,2,shrub,C,BRTE,1,0,,,,
6/19/2024,high_north,2,shrub,C,BRTE,2,0,,,,
6/19/2024,high_north,2,shrub,C,BRTE,3,0,,,,
6/19/2024,high_north,2,shrub,C,COPA,1,0,,,,
6/19/2024,high_north,2,shrub,C,COPA,2,0,,,,
6/19/2024,high_north,2,shrub,C,COPA,3,0,,,,
6/19/2024,high_north,3,open,R,ALDE,1,0,,,,
6/19/2024,high_north,3,open,R,ALDE,2,0,,,,
6/19/2024,high_north,3,open,R,ALDE,3,0,,,,
6/19/2024,high_north,3,open,R,BRTE,1,0,,,,
6/19/2024,high_north,3,open,R,BRTE,2,0,,,,
6/19/2024,high_north,3,open,R,BRTE,3,0,,,,
6/19/2024,high_north,3,open,R,COPA,1,0,,,,
6/19/2024,high_north,3,open,R,COPA,2,0,,,,
6/19/2024,high_north,3,open,R,COPA,3,0,,,,
6/19/2024,high_north,3,open,C,ALDE,1,0,,,,
6/19/2024,high_north,3,open,C,ALDE,2,0,,,,
6/19/2024,high_north,3,open,C,ALDE,3,0,,,,
6/19/2024,high_north,3,open,C,BRTE,1,0,,,,
6/19/2024,high_north,3,open,C,BRTE,2,0,,,,
6/19/2024,high_north,3,open,C,BRTE,3,0,,,,
6/19/2024,high_north,3,open,C,COPA,1,0,,,,
6/19/2024,high_north,3,open,C,COPA,2,0,,,,
6/19/2024,high_north,3,open,C,COPA,3,0,,,,
6/19/2024,high_north,3,shrub,R,ALDE,1,0,,,,
6/19/2024,high_north,3,shrub,R,ALDE,2,0,,,,
6/19/2024,high_north,3,shrub,R,ALDE,3,0,,,,
6/19/2024,high_north,3,shrub,R,BRTE,1,0,,,,
6/19/2024,high_north,3,shrub,R,BRTE,2,1,,3,5.8,
6/19/2024,high_north,3,shrub,R,BRTE,3,0,,,,
6/19/2024,high_north,3,shrub,R,COPA,1,0,,,,
6/19/2024,high_north,3,shrub,R,COPA,2,0,,,,
6/19/2024,high_north,3,shrub,R,COPA,3,0,,,,
6/19/2024,high_north,3,shrub,C,ALDE,1,0,,,,
6/19/2024,high_north,3,shrub,C,ALDE,2,0,,,,
6/19/2024,high_north,3,shrub,C,ALDE,3,0,,,,
6/19/2024,high_north,3,shrub,C,BRTE,1,0,,,,
6/19/2024,high_north,3,shrub,C,BRTE,2,0,,,,died
6/19/2024,high_north,3,shrub,C,BRTE,3,0,,,,
6/19/2024,high_north,3,shrub,C,COPA,1,0,,,,
6/19/2024,high_north,3,shrub,C,COPA,2,0,,,,
6/19/2024,high_north,3,shrub,C,COPA,3,0,,,,
6/19/2024,high_north,4,open,R,ALDE,1,0,,,,
6/19/2024,high_north,4,open,R,ALDE,2,0,,,,
6/19/2024,high_north,4,open,R,ALDE,3,0,,,,
6/19/2024,high_north,4,open,R,BRTE,1,0,,,,
6/19/2024,high_north,4,open,R,BRTE,2,0,,,,
6/19/2024,high_north,4,open,R,BRTE,3,0,,,,
6/19/2024,high_north,4,open,R,COPA,1,0,,,,
6/19/2024,high_north,4,open,R,COPA,2,0,,,,
6/19/2024,high_north,4,open,R,COPA,3,0,,,,
6/19/2024,high_north,4,open,C,ALDE,1,0,,,,
6/19/2024,high_north,4,open,C,ALDE,2,0,,,,
6/19/2024,high_north,4,open,C,ALDE,3,0,,,,
6/19/2024,high_north,4,open,C,BRTE,1,0,,,,
6/19/2024,high_north,4,open,C,BRTE,2,0,,,,
6/19/2024,high_north,4,open,C,BRTE,3,0,,,,
6/19/2024,high_north,4,open,C,COPA,1,0,,,,
6/19/2024,high_north,4,open,C,COPA,2,0,,,,
6/19/2024,high_north,4,open,C,COPA,3,0,,,,
6/19/2024,high_north,4,shrub,R,ALDE,1,0,,,,
6/19/2024,high_north,4,shrub,R,ALDE,2,0,,,,
6/19/2024,high_north,4,shrub,R,ALDE,3,0,,,,
6/19/2024,high_north,4,shrub,R,BRTE,1,1,,1,2.4,
6/19/2024,high_north,4,shrub,R,BRTE,2,1,,3,2.4,
6/19/2024,high_north,4,shrub,R,BRTE,3,0,,,,
6/19/2024,high_north,4,shrub,R,COPA,1,0,,,,
6/19/2024,high_north,4,shrub,R,COPA,2,0,,,,
6/19/2024,high_north,4,shrub,R,COPA,3,1,<10%,4,0.9,"top eaten, collected"
6/19/2024,high_north,4,shrub,C,ALDE,1,0,,,,
6/19/2024,high_north,4,shrub,C,ALDE,2,0,,,,
6/19/2024,high_north,4,shrub,C,ALDE,3,0,,,,
6/19/2024,high_north,4,shrub,C,BRTE,1,0,,,,
6/19/2024,high_north,4,shrub,C,BRTE,2,0,,,,
6/19/2024,high_north,4,shrub,C,BRTE,3,0,,,,
6/19/2024,high_north,4,shrub,C,COPA,1,0,,,,
6/19/2024,high_north,4,shrub,C,COPA,2,0,,,,
6/19/2024,high_north,4,shrub,C,COPA,3,0,,,,
6/19/2024,high_east,1,open,R,ALDE,1,0,,,,
6/19/2024,high_east,1,open,R,ALDE,2,0,,,,
6/19/2024,high_east,1,open,R,ALDE,3,0,,,,
6/19/2024,high_east,1,open,R,BRTE,1,0,,,,trampled
6/19/2024,high_east,1,open,R,BRTE,2,1,,3,4.1,
6/19/2024,high_east,1,open,R,BRTE,3,0,,,,
6/19/2024,high_east,1,open,R,COPA,1,0,,,,
6/19/2024,high_east,1,open,R,COPA,2,0,,,,died
6/19/2024,high_east,1,open,R,COPA,3,0,,,,
6/19/2024,high_east,1,open,C,ALDE,1,0,,,,
6/19/2024,high_east,1,open,C,ALDE,2,0,,,,
6/19/2024,high_east,1,open,C,ALDE,3,0,,,,
6/19/2024,high_east,1,open,C,BRTE,1,0,,,,
6/19/2024,high_east,1,open,C,BRTE,2,0,,,,
6/19/2024,high_east,1,open,C,BRTE,3,1,,4,,basically dead; collected
6/19/2024,high_east,1,open,C,COPA,1,0,,,,
6/19/2024,high_east,1,open,C,COPA,2,0,,,,
6/19/2024,high_east,1,open,C,COPA,3,0,,,,
6/19/2024,high_east,1,shrub,R,ALDE,1,0,,,,
6/19/2024,high_east,1,shrub,R,ALDE,2,0,,,,
6/19/2024,high_east,1,shrub,R,ALDE,3,0,,,,
6/19/2024,high_east,1,shrub,R,BRTE,1,0,,,,
6/19/2024,high_east,1,shrub,R,BRTE,2,0,,,,
6/19/2024,high_east,1,shrub,R,BRTE,3,0,,,,
6/19/2024,high_east,1,shrub,R,COPA,1,0,,,,
6/19/2024,high_east,1,shrub,R,COPA,2,0,,,,
6/19/2024,high_east,1,shrub,R,COPA,3,0,,,,died
6/19/2024,high_east,1,shrub,C,ALDE,1,0,,,,
6/19/2024,high_east,1,shrub,C,ALDE,2,0,,,,
6/19/2024,high_east,1,shrub,C,ALDE,3,0,,,,
6/19/2024,high_east,1,shrub,C,BRTE,1,0,,,,
6/19/2024,high_east,1,shrub,C,BRTE,2,0,,,,
6/19/2024,high_east,1,shrub,C,BRTE,3,0,,,,
6/19/2024,high_east,1,shrub,C,COPA,1,0,,,,
6/19/2024,high_east,1,shrub,C,COPA,2,0,,,,
6/19/2024,high_east,1,shrub,C,COPA,3,1,,4,1.5,collected
6/19/2024,high_east,2,open,R,ALDE,1,0,,,,
6/19/2024,high_east,2,open,R,ALDE,2,0,,,,
6/19/2024,high_east,2,open,R,ALDE,3,0,,,,
6/19/2024,high_east,2,open,R,BRTE,1,0,,,,
6/19/2024,high_east,2,open,R,BRTE,2,0,,,,
6/19/2024,high_east,2,open,R,BRTE,3,0,,,,
6/19/2024,high_east,2,open,R,COPA,1,0,,,,
6/19/2024,high_east,2,open,R,COPA,2,0,,,,died
6/19/2024,high_east,2,open,R,COPA,3,0,,,,
6/19/2024,high_east,2,open,C,ALDE,1,,,,,trampled
6/19/2024,high_east,2,open,C,ALDE,2,,,,,trampled
6/19/2024,high_east,2,open,C,ALDE,3,0,,,,
6/19/2024,high_east,2,open,C,BRTE,1,0,,,,died
6/19/2024,high_east,2,open,C,BRTE,2,,,,,trampled
6/19/2024,high_east,2,open,C,BRTE,3,0,,,,
6/19/2024,high_east,2,open,C,COPA,1,1,,4,0.6,"top eaten, collected"
6/19/2024,high_east,2,open,C,COPA,2,,,,,trampled
6/19/2024,high_east,2,open,C,COPA,3,,,,,trampled
6/19/2024,high_east,2,shrub,R,ALDE,1,0,,,,
6/19/2024,high_east,2,shrub,R,ALDE,2,0,,,,
6/19/2024,high_east,2,shrub,R,ALDE,3,0,,,,
6/19/2024,high_east,2,shrub,R,BRTE,1,0,,,,
6/19/2024,high_east,2,shrub,R,BRTE,2,0,,,,
6/19/2024,high_east,2,shrub,R,BRTE,3,0,,,,
6/19/2024,high_east,2,shrub,R,COPA,1,0,,,,
6/19/2024,high_east,2,shrub,R,COPA,2,1,,4,2.5,collected
6/19/2024,high_east,2,shrub,R,COPA,3,1,,4,2,collected
6/19/2024,high_east,2,shrub,C,ALDE,1,0,,,,
6/19/2024,high_east,2,shrub,C,ALDE,2,0,,,,
6/19/2024,high_east,2,shrub,C,ALDE,3,0,,,,
6/19/2024,high_east,2,shrub,C,BRTE,1,1,,4,,collected
6/19/2024,high_east,2,shrub,C,BRTE,2,0,,,,
6/19/2024,high_east,2,shrub,C,BRTE,3,0,,,,
6/19/2024,high_east,2,shrub,C,COPA,1,0,,,,
6/19/2024,high_east,2,shrub,C,COPA,2,1,,4,,collected
6/19/2024,high_east,2,shrub,C,COPA,3,1,,4,,collected
6/19/2024,high_east,3,open,R,ALDE,1,,,,,trampled
6/19/2024,high_east,3,open,R,ALDE,2,0,,,,
6/19/2024,high_east,3,open,R,ALDE,3,0,,,,
6/19/2024,high_east,3,open,R,BRTE,1,0,,,,
6/19/2024,high_east,3,open,R,BRTE,2,0,,,,
6/19/2024,high_east,3,open,R,BRTE,3,,,,,trampled
6/19/2024,high_east,3,open,R,COPA,1,0,,,,
6/19/2024,high_east,3,open,R,COPA,2,0,,,,
6/19/2024,high_east,3,open,R,COPA,3,0,,,,
6/19/2024,high_east,3,open,C,ALDE,1,0,,,,
6/19/2024,high_east,3,open,C,ALDE,2,0,,,,
6/19/2024,high_east,3,open,C,ALDE,3,0,,,,
6/19/2024,high_east,3,open,C,BRTE,1,0,,,,
6/19/2024,high_east,3,open,C,BRTE,2,0,,,,
6/19/2024,high_east,3,open,C,BRTE,3,0,,,,
6/19/2024,high_east,3,open,C,COPA,1,0,,,,
6/19/2024,high_east,3,open,C,COPA,2,0,,,,
6/19/2024,high_east,3,open,C,COPA,3,0,,,,
6/19/2024,high_east,3,shrub,R,ALDE,1,0,,,,
6/19/2024,high_east,3,shrub,R,ALDE,2,0,,,,
6/19/2024,high_east,3,shrub,R,ALDE,3,0,,,,died
6/19/2024,high_east,3,shrub,R,BRTE,1,0,,,,
6/19/2024,high_east,3,shrub,R,BRTE,2,0,,,,died
6/19/2024,high_east,3,shrub,R,BRTE,3,0,,,,
6/19/2024,high_east,3,shrub,R,COPA,1,0,,,,
6/19/2024,high_east,3,shrub,R,COPA,2,1,,4,0.3,collected
6/19/2024,high_east,3,shrub,R,COPA,3,0,,,,died
6/19/2024,high_east,3,shrub,C,ALDE,1,0,,,,
6/19/2024,high_east,3,shrub,C,ALDE,2,0,,,,
6/19/2024,high_east,3,shrub,C,ALDE,3,0,,,,
6/19/2024,high_east,3,shrub,C,BRTE,1,0,,,,
6/19/2024,high_east,3,shrub,C,BRTE,2,0,,,,
6/19/2024,high_east,3,shrub,C,BRTE,3,0,,,,
6/19/2024,high_east,3,shrub,C,COPA,1,1,,4,0.8,"top eaten, collected"
6/19/2024,high_east,3,shrub,C,COPA,2,0,,,,
6/19/2024,high_east,3,shrub,C,COPA,3,0,,,,
6/19/2024,high_east,4,open,R,ALDE,1,0,,,,
6/19/2024,high_east,4,open,R,ALDE,2,0,,,,
6/19/2024,high_east,4,open,R,ALDE,3,0,,,,
6/19/2024,high_east,4,open,R,BRTE,1,0,,,,
6/19/2024,high_east,4,open,R,BRTE,2,0,,,,
6/19/2024,high_east,4,open,R,BRTE,3,0,,,,
6/19/2024,high_east,4,open,R,COPA,1,1,,4,1,collected
6/19/2024,high_east,4,open,R,COPA,2,0,,,,missing
6/19/2024,high_east,4,open,R,COPA,3,0,,,,
6/19/2024,high_east,4,open,C,ALDE,1,0,,,,
6/19/2024,high_east,4,open,C,ALDE,2,0,,,,
6/19/2024,high_east,4,open,C,ALDE,3,0,,,,
6/19/2024,high_east,4,open,C,BRTE,1,0,,,,
6/19/2024,high_east,4,open,C,BRTE,2,0,,,,
6/19/2024,high_east,4,open,C,BRTE,3,0,,,,
6/19/2024,high_east,4,open,C,COPA,1,0,,,,
6/19/2024,high_east,4,open,C,COPA,2,0,,,,
6/19/2024,high_east,4,open,C,COPA,3,0,,,,
6/19/2024,high_east,4,shrub,R,ALDE,1,0,,,,
6/19/2024,high_east,4,shrub,R,ALDE,2,0,,,,
6/19/2024,high_east,4,shrub,R,ALDE,3,0,,,,
6/19/2024,high_east,4,shrub,R,BRTE,1,0,,,,
6/19/2024,high_east,4,shrub,R,BRTE,2,1,,4,,collected
6/19/2024,high_east,4,shrub,R,BRTE,3,0,,,,
6/19/2024,high_east,4,shrub,R,COPA,1,1,,4,,collected
6/19/2024,high_east,4,shrub,R,COPA,2,0,,,,
6/19/2024,high_east,4,shrub,R,COPA,3,0,,,,
6/19/2024,high_east,4,shrub,C,ALDE,1,1,,4,,collected
6/19/2024,high_east,4,shrub,C,ALDE,2,0,,,,
6/19/2024,high_east,4,shrub,C,ALDE,3,0,,,,
6/19/2024,high_east,4,shrub,C,BRTE,1,0,,,,
6/19/2024,high_east,4,shrub,C,BRTE,2,0,,,,
6/19/2024,high_east,4,shrub,C,BRTE,3,0,,,,
6/19/2024,high_east,4,shrub,C,COPA,1,0,,,,
6/19/2024,high_east,4,shrub,C,COPA,2,0,,,,
6/19/2024,high_east,4,shrub,C,COPA,3,0,,,,
6/25/2024,low_north,1,open,R,ALDE,1,0,,,,
6/25/2024,low_north,1,open,R,ALDE,2,0,,,,
6/25/2024,low_north,1,open,R,ALDE,3,0,,,,
6/25/2024,low_north,1,open,R,BRTE,1,1,,4,5,collected
6/25/2024,low_north,1,open,R,BRTE,2,0,,,,
6/25/2024,low_north,1,open,R,BRTE,3,0,,,,
6/25/2024,low_north,1,open,R,COPA,1,0,,,,
6/25/2024,low_north,1,open,R,COPA,2,1,<10%,,1.1,"top eaten, collected"
6/25/2024,low_north,1,open,R,COPA,3,0,,,,
6/25/2024,low_north,1,open,R,PODO,1,0,,,,
6/25/2024,low_north,1,open,R,PODO,2,0,,,,
6/25/2024,low_north,1,open,R,PODO,3,0,,,,
6/25/2024,low_north,1,open,C,ALDE,1,0,,,,
6/25/2024,low_north,1,open,C,ALDE,2,0,,,,
6/25/2024,low_north,1,open,C,ALDE,3,1,,,1.9,"top eaten, collected"
6/25/2024,low_north,1,open,C,BRTE,1,0,,,,
6/25/2024,low_north,1,open,C,BRTE,2,0,,,,
6/25/2024,low_north,1,open,C,BRTE,3,0,,,,
6/25/2024,low_north,1,open,C,COPA,1,0,,,,
6/25/2024,low_north,1,open,C,COPA,2,0,,,,
6/25/2024,low_north,1,open,C,COPA,3,0,,,,
6/25/2024,low_north,1,open,C,PODO,1,0,,,,
6/25/2024,low_north,1,open,C,PODO,2,0,,,,
6/25/2024,low_north,1,open,C,PODO,3,0,,,,
6/25/2024,low_north,1,shrub,R,ALDE,1,0,,,,
6/25/2024,low_north,1,shrub,R,ALDE,2,1,,,2.5,"top eaten, collected"
6/25/2024,low_north,1,shrub,R,ALDE,3,0,,,,
6/25/2024,low_north,1,shrub,R,BRTE,1,0,,,,
6/25/2024,low_north,1,shrub,R,BRTE,2,0,,,,
6/25/2024,low_north,1,shrub,R,BRTE,3,0,,,,
6/25/2024,low_north,1,shrub,R,COPA,1,0,,,,died
6/25/2024,low_north,1,shrub,R,COPA,2,0,,,,died
6/25/2024,low_north,1,shrub,R,COPA,3,0,,,,
6/25/2024,low_north,1,shrub,R,PODO,1,0,,,,
6/25/2024,low_north,1,shrub,R,PODO,2,1,,1,4,
6/25/2024,low_north,1,shrub,R,PODO,3,0,,,,
6/25/2024,low_north,1,shrub,C,ALDE,1,,,,,trampled
6/25/2024,low_north,1,shrub,C,ALDE,2,,,,,trampled
6/25/2024,low_north,1,shrub,C,ALDE,3,0,,,,
6/25/2024,low_north,1,shrub,C,BRTE,1,,,,,trampled
6/25/2024,low_north,1,shrub,C,BRTE,2,1,,5,4.5,collected
6/25/2024,low_north,1,shrub,C,BRTE,3,0,,,,
6/25/2024,low_north,1,shrub,C,COPA,1,,,,,trampled
6/25/2024,low_north,1,shrub,C,COPA,2,,,,,trampled
6/25/2024,low_north,1,shrub,C,COPA,3,1,,,1.6,"top eaten, collected"
6/25/2024,low_north,1,shrub,C,PODO,1,0,,,,
6/25/2024,low_north,1,shrub,C,PODO,2,0,,,,
6/25/2024,low_north,1,shrub,C,PODO,3,1,,1,2.5,
6/25/2024,low_north,2,open,R,ALDE,1,0,,,,
6/25/2024,low_north,2,open,R,ALDE,2,0,,,,
6/25/2024,low_north,2,open,R,ALDE,3,0,,,,
6/25/2024,low_north,2,open,R,BRTE,1,0,,,,
6/25/2024,low_north,2,open,R,BRTE,2,0,,,,
6/25/2024,low_north,2,open,R,BRTE,3,0,,,,
6/25/2024,low_north,2,open,R,COPA,1,1,,4,1.5,"no fruits, collected"
6/25/2024,low_north,2,open,R,COPA,2,0,,,,
6/25/2024,low_north,2,open,R,COPA,3,0,,,0.5,"top eaten, collected"
6/25/2024,low_north,2,open,R,PODO,1,1,,1,2.4,
6/25/2024,low_north,2,open,R,PODO,2,0,,,,
6/25/2024,low_north,2,open,R,PODO,3,0,,,,
6/25/2024,low_north,2,open,C,ALDE,1,0,,,,
6/25/2024,low_north,2,open,C,ALDE,2,0,,,,
6/25/2024,low_north,2,open,C,ALDE,3,0,,,,
6/25/2024,low_north,2,open,C,BRTE,1,0,,,,
6/25/2024,low_north,2,open,C,BRTE,2,1,,6,4.8,collected
6/25/2024,low_north,2,open,C,BRTE,3,1,,,3.3,top eaten; collected
6/25/2024,low_north,2,open,C,COPA,1,0,,,,
6/25/2024,low_north,2,open,C,COPA,2,0,,,,
6/25/2024,low_north,2,open,C,COPA,3,0,,,,
6/25/2024,low_north,2,open,C,PODO,1,0,,,,
6/25/2024,low_north,2,open,C,PODO,2,0,,,,
6/25/2024,low_north,2,open,C,PODO,3,0,,,,
6/25/2024,low_north,2,shrub,R,ALDE,1,0,,,,
6/25/2024,low_north,2,shrub,R,ALDE,2,0,,,,
6/25/2024,low_north,2,shrub,R,ALDE,3,0,,,,
6/25/2024,low_north,2,shrub,R,BRTE,1,0,,,,
6/25/2024,low_north,2,shrub,R,BRTE,2,,,,,trampled
6/25/2024,low_north,2,shrub,R,BRTE,3,0,,,,
6/25/2024,low_north,2,shrub,R,COPA,1,0,,,,
6/25/2024,low_north,2,shrub,R,COPA,2,,,,,trampled
6/25/2024,low_north,2,shrub,R,COPA,3,0,,,,died
6/25/2024,low_north,2,shrub,R,PODO,1,,,,,trampled
6/25/2024,low_north,2,shrub,R,PODO,2,0,,,,
6/25/2024,low_north,2,shrub,R,PODO,3,0,,,,
6/25/2024,low_north,2,shrub,C,ALDE,1,0,,,,
6/25/2024,low_north,2,shrub,C,ALDE,2,0,,,,
6/25/2024,low_north,2,shrub,C,ALDE,3,0,,,,
6/25/2024,low_north,2,shrub,C,BRTE,1,0,,,,
6/25/2024,low_north,2,shrub,C,BRTE,2,0,,,,
6/25/2024,low_north,2,shrub,C,BRTE,3,0,,,,
6/25/2024,low_north,2,shrub,C,COPA,1,0,,,,died
6/25/2024,low_north,2,shrub,C,COPA,2,0,,,,
6/25/2024,low_north,2,shrub,C,COPA,3,0,,,,
6/25/2024,low_north,2,shrub,C,PODO,1,0,,,,
6/25/2024,low_north,2,shrub,C,PODO,2,0,,,,
6/25/2024,low_north,2,shrub,C,PODO,3,0,,,,
6/25/2024,low_north,3,open,R,ALDE,1,0,,,,
6/25/2024,low_north,3,open,R,ALDE,2,0,,,,
6/25/2024,low_north,3,open,R,ALDE,3,0,,,,
6/25/2024,low_north,3,open,R,BRTE,1,1,,6,7.5,collected
6/25/2024,low_north,3,open,R,BRTE,2,0,,,,
6/25/2024,low_north,3,open,R,BRTE,3,0,,,,
6/25/2024,low_north,3,open,R,COPA,1,0,,,,
6/25/2024,low_north,3,open,R,COPA,2,0,,,,
6/25/2024,low_north,3,open,R,COPA,3,0,,,,
6/25/2024,low_north,3,open,R,PODO,1,0,,,,
6/25/2024,low_north,3,open,R,PODO,2,0,,,,
6/25/2024,low_north,3,open,R,PODO,3,0,,,,
6/25/2024,low_north,3,open,C,ALDE,1,0,,,,
6/25/2024,low_north,3,open,C,ALDE,2,0,,,,
6/25/2024,low_north,3,open,C,ALDE,3,0,,,,
6/25/2024,low_north,3,open,C,BRTE,1,0,,,,
6/25/2024,low_north,3,open,C,BRTE,2,1,,5,8.7,collected
6/25/2024,low_north,3,open,C,BRTE,3,1,,5,6.1,collected
6/25/2024,low_north,3,open,C,COPA,1,0,,,,
6/25/2024,low_north,3,open,C,COPA,2,0,,,,
6/25/2024,low_north,3,open,C,COPA,3,0,,,,
6/25/2024,low_north,3,open,C,PODO,1,0,,,,
6/25/2024,low_north,3,open,C,PODO,2,0,,,,
6/25/2024,low_north,3,open,C,PODO,3,0,,,,
6/25/2024,low_north,3,shrub,R,ALDE,1,0,,,,
6/25/2024,low_north,3,shrub,R,ALDE,2,0,,,,
6/25/2024,low_north,3,shrub,R,ALDE,3,0,,,,
6/25/2024,low_north,3,shrub,R,BRTE,1,0,,,,
6/25/2024,low_north,3,shrub,R,BRTE,2,0,,,,
6/25/2024,low_north,3,shrub,R,BRTE,3,0,,,,
6/25/2024,low_north,3,shrub,R,COPA,1,0,,,,died
6/25/2024,low_north,3,shrub,R,COPA,2,0,,,,
6/25/2024,low_north,3,shrub,R,COPA,3,0,,,,
6/25/2024,low_north,3,shrub,R,PODO,1,0,,,,
6/25/2024,low_north,3,shrub,R,PODO,2,0,,,,
6/25/2024,low_north,3,shrub,R,PODO,3,0,,,,
6/25/2024,low_north,3,shrub,C,ALDE,1,0,,,,
6/25/2024,low_north,3,shrub,C,ALDE,2,0,,,,
6/25/2024,low_north,3,shrub,C,ALDE,3,0,,,,
6/25/2024,low_north,3,shrub,C,BRTE,1,1,,6,7.8,collected; seed drop
6/25/2024,low_north,3,shrub,C,BRTE,2,0,,,,
6/25/2024,low_north,3,shrub,C,BRTE,3,0,,,,
6/25/2024,low_north,3,shrub,C,COPA,1,0,,,,
6/25/2024,low_north,3,shrub,C,COPA,2,0,,,,
6/25/2024,low_north,3,shrub,C,COPA,3,1,25-50%,4,2.6,collected
6/25/2024,low_north,3,shrub,C,PODO,1,0,,,,
6/25/2024,low_north,3,shrub,C,PODO,2,0,,,,
6/25/2024,low_north,3,shrub,C,PODO,3,0,,,,
6/25/2024,low_north,4,shrub,R,ALDE,1,0,,,,
6/25/2024,low_north,4,shrub,R,ALDE,2,0,,,,
6/25/2024,low_north,4,shrub,R,ALDE,3,0,,,,
6/25/2024,low_north,4,shrub,R,BRTE,1,0,,,,
6/25/2024,low_north,4,shrub,R,BRTE,2,0,,,,
6/25/2024,low_north,4,shrub,R,BRTE,3,0,,,,
6/25/2024,low_north,4,shrub,R,COPA,1,0,,,,
6/25/2024,low_north,4,shrub,R,COPA,2,0,,,,
6/25/2024,low_north,4,shrub,R,COPA,3,0,,,,
6/25/2024,low_north,4,shrub,R,PODO,1,0,,,,
6/25/2024,low_north,4,shrub,R,PODO,2,0,,,,
6/25/2024,low_north,4,shrub,R,PODO,3,0,,,,
6/25/2024,low_north,4,shrub,C,ALDE,1,0,,,,
6/25/2024,low_north,4,shrub,C,ALDE,2,0,,,,
6/25/2024,low_north,4,shrub,C,ALDE,3,0,,,,
6/25/2024,low_north,4,shrub,C,BRTE,1,1,,,12.2,"first tiller eaten, second tiller only, top eaten; collected"
6/25/2024,low_north,4,shrub,C,BRTE,2,1,,3,9.3,collected; pulled up
6/25/2024,low_north,4,shrub,C,BRTE,3,1,,4,,died; collected
6/25/2024,low_north,4,shrub,C,COPA,1,1,25-50%,4,2.6,collected
6/25/2024,low_north,4,shrub,C,COPA,2,0,,,,
6/25/2024,low_north,4,shrub,C,COPA,3,0,,,,
6/25/2024,low_north,4,shrub,C,PODO,1,0,,,,
6/25/2024,low_north,4,shrub,C,PODO,2,0,,,,
6/25/2024,low_north,4,shrub,C,PODO,3,0,,,,
6/25/2024,low_gate,1,open,R,ALDE,1,0,,,,
6/25/2024,low_gate,1,open,R,ALDE,2,0,,,,
6/25/2024,low_gate,1,open,R,ALDE,3,0,,,,
6/25/2024,low_gate,1,open,R,BRTE,1,0,,,,
6/25/2024,low_gate,1,open,R,BRTE,2,0,,,,
6/25/2024,low_gate,1,open,R,BRTE,3,0,,,,
6/25/2024,low_gate,1,open,R,COPA,1,0,,,,
6/25/2024,low_gate,1,open,R,COPA,2,1,25-50%,4,2.6,collected
6/25/2024,low_gate,1,open,R,COPA,3,1,<10%,4,1.9,"top eaten, collected"
6/25/2024,low_gate,1,open,C,ALDE,1,0,,,,
6/25/2024,low_gate,1,open,C,ALDE,2,0,,,,
6/25/2024,low_gate,1,open,C,ALDE,3,0,,,,
6/25/2024,low_gate,1,open,C,BRTE,1,0,,,,
6/25/2024,low_gate,1,open,C,BRTE,2,0,,,,
6/25/2024,low_gate,1,open,C,BRTE,3,0,,,,
6/25/2024,low_gate,1,open,C,COPA,1,0,,,,
6/25/2024,low_gate,1,open,C,COPA,2,1,<10%,4,0.5,"top eaten, collected"
6/25/2024,low_gate,1,open,C,COPA,3,0,,,,
6/25/2024,low_gate,1,shrub,R,ALDE,1,0,,,,
6/25/2024,low_gate,1,shrub,R,ALDE,2,0,,,,
6/25/2024,low_gate,1,shrub,R,ALDE,3,0,,,,
6/25/2024,low_gate,1,shrub,R,BRTE,1,1,,6,9.8,collected
6/25/2024,low_gate,1,shrub,R,BRTE,2,0,,,,
6/25/2024,low_gate,1,shrub,R,BRTE,3,0,,,,
6/25/2024,low_gate,1,shrub,R,COPA,1,1,<10%,5,3.2,collected
6/25/2024,low_gate,1,shrub,R,COPA,2,0,,,,
6/25/2024,low_gate,1,shrub,R,COPA,3,0,,,,
6/25/2024,low_gate,1,shrub,C,ALDE,1,0,,,,
6/25/2024,low_gate,1,shrub,C,ALDE,2,0,,,,
6/25/2024,low_gate,1,shrub,C,ALDE,3,0,,,,
6/25/2024,low_gate,1,shrub,C,BRTE,1,0,,,,
6/25/2024,low_gate,1,shrub,C,BRTE,2,0,,,,
6/25/2024,low_gate,1,shrub,C,BRTE,3,1,,6,10.6,collected
6/25/2024,low_gate,1,shrub,C,COPA,1,0,,,,
6/25/2024,low_gate,1,shrub,C,COPA,2,0,,,,
6/25/2024,low_gate,1,shrub,C,COPA,3,1,<10%,4,1.9,collected
6/25/2024,low_gate,2,open,R,ALDE,1,1,10-25%,3,2.4,collected
6/25/2024,low_gate,2,open,R,ALDE,2,0,,,,
6/25/2024,low_gate,2,open,R,ALDE,3,0,,,,
6/25/2024,low_gate,2,open,R,BRTE,1,0,,,,
6/25/2024,low_gate,2,open,R,BRTE,2,0,,,,
6/25/2024,low_gate,2,open,R,BRTE,3,0,,,,
6/25/2024,low_gate,2,open,R,COPA,1,0,,,,
6/25/2024,low_gate,2,open,R,COPA,2,0,,,,
6/25/2024,low_gate,2,open,R,COPA,3,0,,,,
6/25/2024,low_gate,2,open,C,ALDE,1,0,,,,
6/25/2024,low_gate,2,open,C,ALDE,2,0,,,,
6/25/2024,low_gate,2,open,C,ALDE,3,0,,,,
6/25/2024,low_gate,2,open,C,BRTE,1,1,,4,,collected
6/25/2024,low_gate,2,open,C,BRTE,2,0,,,,
6/25/2024,low_gate,2,open,C,BRTE,3,0,,,,
6/25/2024,low_gate,2,open,C,COPA,1,1,25-50%,4,1.3,collected
6/25/2024,low_gate,2,open,C,COPA,2,0,,,,
6/25/2024,low_gate,2,open,C,COPA,3,0,,,,
6/25/2024,low_gate,2,shrub,R,ALDE,1,,,,,trampled
6/25/2024,low_gate,2,shrub,R,ALDE,2,0,,,,
6/25/2024,low_gate,2,shrub,R,ALDE,3,0,,,,
6/25/2024,low_gate,2,shrub,R,BRTE,1,0,,,,
6/25/2024,low_gate,2,shrub,R,BRTE,2,1,,4,,collected
6/25/2024,low_gate,2,shrub,R,BRTE,3,0,,,,
6/25/2024,low_gate,2,shrub,R,COPA,1,1,75-100%,4,2.8,collected
6/25/2024,low_gate,2,shrub,R,COPA,2,,,,,trampled
6/25/2024,low_gate,2,shrub,R,COPA,3,1,75-100%,,1.1,"top eaten, collected"
6/25/2024,low_gate,2,shrub,C,ALDE,1,0,,,,
6/25/2024,low_gate,2,shrub,C,ALDE,2,0,,,,
6/25/2024,low_gate,2,shrub,C,ALDE,3,,,,,trampled
6/25/2024,low_gate,2,shrub,C,BRTE,1,,,,,trampled
6/25/2024,low_gate,2,shrub,C,BRTE,2,0,,,,
6/25/2024,low_gate,2,shrub,C,BRTE,3,0,,,,
6/25/2024,low_gate,2,shrub,C,COPA,1,0,,,,
6/25/2024,low_gate,2,shrub,C,COPA,2,,,,,trampled
6/25/2024,low_gate,2,shrub,C,COPA,3,0,,,,
6/25/2024,low_gate,3,open,R,ALDE,1,0,,,,
6/25/2024,low_gate,3,open,R,ALDE,2,0,,,,
6/25/2024,low_gate,3,open,R,ALDE,3,0,,,,
6/25/2024,low_gate,3,open,R,BRTE,1,0,,,,
6/25/2024,low_gate,3,open,R,BRTE,2,0,,,,
6/25/2024,low_gate,3,open,R,BRTE,3,1,,6,9.7,collected
6/25/2024,low_gate,3,open,R,COPA,1,0,,,,
6/25/2024,low_gate,3,open,R,COPA,2,0,,,,
6/25/2024,low_gate,3,open,R,COPA,3,1,25-50%,4,0.4,collected
6/25/2024,low_gate,3,open,C,ALDE,1,0,,,,
6/25/2024,low_gate,3,open,C,ALDE,2,0,,,,
6/25/2024,low_gate,3,open,C,ALDE,3,0,,,,
6/25/2024,low_gate,3,open,C,BRTE,1,0,,,,
6/25/2024,low_gate,3,open,C,BRTE,2,0,,,,
6/25/2024,low_gate,3,open,C,BRTE,3,0,,,,
6/25/2024,low_gate,3,open,C,COPA,1,0,,,,
6/25/2024,low_gate,3,open,C,COPA,2,1,<10%,4,2.1,collected
6/25/2024,low_gate,3,open,C,COPA,3,1,<10%,4,3.4,collected
6/25/2024,low_gate,3,shrub,R,ALDE,1,0,,,,
6/25/2024,low_gate,3,shrub,R,ALDE,2,,,,,trampled
6/25/2024,low_gate,3,shrub,R,ALDE,3,0,,,,
6/25/2024,low_gate,3,shrub,R,BRTE,1,0,,,,
6/25/2024,low_gate,3,shrub,R,BRTE,2,0,,,,
6/25/2024,low_gate,3,shrub,R,BRTE,3,0,,,,
6/25/2024,low_gate,3,shrub,R,COPA,1,1,25-50%,,1.4,"top eaten, collected"
6/25/2024,low_gate,3,shrub,R,COPA,2,,,,,trampled
6/25/2024,low_gate,3,shrub,R,COPA,3,1,25-50%,,2.2,"top eaten, collected"
6/25/2024,low_gate,3,shrub,C,ALDE,1,0,,,,
6/25/2024,low_gate,3,shrub,C,ALDE,2,0,,,,
6/25/2024,low_gate,3,shrub,C,ALDE,3,0,,,,
6/25/2024,low_gate,3,shrub,C,BRTE,1,0,,,,
6/25/2024,low_gate,3,shrub,C,BRTE,2,1,,5,8.2,collected
6/25/2024,low_gate,3,shrub,C,BRTE,3,0,,,,
6/25/2024,low_gate,3,shrub,C,COPA,1,0,,,,
6/25/2024,low_gate,3,shrub,C,COPA,2,1,<10%,,1.1,"top eaten, collected"
6/25/2024,low_gate,3,shrub,C,COPA,3,0,,,,
6/25/2024,low_gate,4,open,R,ALDE,1,0,,,,
6/25/2024,low_gate,4,open,R,ALDE,2,0,,,,
6/25/2024,low_gate,4,open,R,ALDE,3,0,,,,
6/25/2024,low_gate,4,open,R,BRTE,1,0,,,,
6/25/2024,low_gate,4,open,R,BRTE,2,1,,4,0.9,collected
6/25/2024,low_gate,4,open,R,BRTE,3,0,,,,
6/25/2024,low_gate,4,open,R,COPA,1,0,,,,
6/25/2024,low_gate,4,open,R,COPA,2,1,<10%,4,1.6,collected
6/25/2024,low_gate,4,open,R,COPA,3,1,10-25%,4,,top eaten; collected
6/25/2024,low_gate,4,open,C,ALDE,1,0,,,,
6/25/2024,low_gate,4,open,C,ALDE,2,0,,,,
6/25/2024,low_gate,4,open,C,ALDE,3,0,,,,
6/25/2024,low_gate,4,open,C,BRTE,1,0,,,,
6/25/2024,low_gate,4,open,C,BRTE,2,0,,,,
6/25/2024,low_gate,4,open,C,BRTE,3,0,,,,
6/25/2024,low_gate,4,open,C,COPA,1,0,,,,
6/25/2024,low_gate,4,open,C,COPA,2,0,,,,
6/25/2024,low_gate,4,open,C,COPA,3,0,,,,
6/25/2024,low_gate,4,shrub,R,ALDE,1,0,,,,
6/25/2024,low_gate,4,shrub,R,ALDE,2,0,,,,
6/25/2024,low_gate,4,shrub,R,ALDE,3,0,,,,
6/25/2024,low_gate,4,shrub,R,BRTE,1,1,,4,0.9,collected
6/25/2024,low_gate,4,shrub,R,BRTE,2,0,,,,
6/25/2024,low_gate,4,shrub,R,BRTE,3,1,<10%,5,7.5,collected
6/25/2024,low_gate,4,shrub,R,COPA,1,0,,,,
6/25/2024,low_gate,4,shrub,R,COPA,2,0,,,,
6/25/2024,low_gate,4,shrub,R,COPA,3,0,,,,
6/25/2024,low_gate,4,shrub,C,ALDE,1,0,,,,
6/25/2024,low_gate,4,shrub,C,ALDE,2,0,,,,
6/25/2024,low_gate,4,shrub,C,ALDE,3,0,,,,
6/25/2024,low_gate,4,shrub,C,BRTE,1,0,,,,
6/25/2024,low_gate,4,shrub,C,BRTE,2,0,,,,
6/25/2024,low_gate,4,shrub,C,BRTE,3,0,,,,
6/25/2024,low_gate,4,shrub,C,COPA,1,0,,,,
6/25/2024,low_gate,4,shrub,C,COPA,2,0,,,,
6/25/2024,low_gate,4,shrub,C,COPA,3,0,,,,died
6/25/2024,high_north,1,open,R,ALDE,1,0,,,,
6/25/2024,high_north,1,open,R,ALDE,2,0,,,,
6/25/2024,high_north,1,open,R,ALDE,3,0,,,,
6/25/2024,high_north,1,open,R,BRTE,1,0,,,,
6/25/2024,high_north,1,open,R,BRTE,2,,,,,trampled
6/25/2024,high_north,1,open,R,BRTE,3,0,,,,
6/25/2024,high_north,1,open,R,COPA,1,0,,,,died
6/25/2024,high_north,1,open,R,COPA,2,0,,,,
6/25/2024,high_north,1,open,R,COPA,3,0,,,,
6/25/2024,high_north,1,open,C,ALDE,1,,,,,trampled
6/25/2024,high_north,1,open,C,ALDE,2,0,,,,
6/25/2024,high_north,1,open,C,ALDE,3,0,,,,
6/25/2024,high_north,1,open,C,BRTE,1,0,,,,
6/25/2024,high_north,1,open,C,BRTE,2,0,,,,
6/25/2024,high_north,1,open,C,BRTE,3,0,,,,
6/25/2024,high_north,1,open,C,COPA,1,0,,,,
6/25/2024,high_north,1,open,C,COPA,2,,,,,trampled
6/25/2024,high_north,1,open,C,COPA,3,,,,,trampled
6/25/2024,high_north,1,shrub,R,ALDE,1,0,,,,
6/25/2024,high_north,1,shrub,R,ALDE,2,0,,,,
6/25/2024,high_north,1,shrub,R,ALDE,3,0,,,,
6/25/2024,high_north,1,shrub,R,BRTE,1,0,,,,
6/25/2024,high_north,1,shrub,R,BRTE,2,0,,,,died
6/25/2024,high_north,1,shrub,R,BRTE,3,0,,,,died
6/25/2024,high_north,1,shrub,R,COPA,1,0,,,,
6/25/2024,high_north,1,shrub,R,COPA,2,0,,,,
6/25/2024,high_north,1,shrub,R,COPA,3,0,,,,
6/25/2024,high_north,1,shrub,C,ALDE,1,0,,,,
6/25/2024,high_north,1,shrub,C,ALDE,2,0,,,,
6/25/2024,high_north,1,shrub,C,ALDE,3,0,,,,
6/25/2024,high_north,1,shrub,C,BRTE,1,0,,,,died
6/25/2024,high_north,1,shrub,C,BRTE,2,0,,,,
6/25/2024,high_north,1,shrub,C,BRTE,3,0,,,,
6/25/2024,high_north,1,shrub,C,COPA,1,0,,,,
6/25/2024,high_north,1,shrub,C,COPA,2,0,,,,
6/25/2024,high_north,1,shrub,C,COPA,3,0,,,,
6/25/2024,high_north,2,open,R,ALDE,1,0,,,,
6/25/2024,high_north,2,open,R,ALDE,2,0,,,,
6/25/2024,high_north,2,open,R,ALDE,3,0,,,,
6/25/2024,high_north,2,open,R,BRTE,1,0,,,,
6/25/2024,high_north,2,open,R,BRTE,2,0,,,,
6/25/2024,high_north,2,open,R,BRTE,3,0,,,,
6/25/2024,high_north,2,open,R,COPA,1,0,,,,
6/25/2024,high_north,2,open,R,COPA,2,0,,,,
6/25/2024,high_north,2,open,R,COPA,3,0,,,,germinated then died
6/25/2024,high_north,2,open,C,ALDE,1,0,,,,
6/25/2024,high_north,2,open,C,ALDE,2,0,,,,
6/25/2024,high_north,2,open,C,ALDE,3,0,,,,
6/25/2024,high_north,2,open,C,BRTE,1,0,,,,
6/25/2024,high_north,2,open,C,BRTE,2,,,,,missing
6/25/2024,high_north,2,open,C,BRTE,3,,,,,missing
6/25/2024,high_north,2,open,C,COPA,1,0,,,,
6/25/2024,high_north,2,open,C,COPA,2,0,,,,
6/25/2024,high_north,2,open,C,COPA,3,0,,,,
6/25/2024,high_north,2,shrub,R,ALDE,1,0,,,,
6/25/2024,high_north,2,shrub,R,ALDE,2,0,,,,
6/25/2024,high_north,2,shrub,R,ALDE,3,0,,,,
6/25/2024,high_north,2,shrub,R,BRTE,1,0,,,,
6/25/2024,high_north,2,shrub,R,BRTE,2,0,,,,
6/25/2024,high_north,2,shrub,R,BRTE,3,0,,,,
6/25/2024,high_north,2,shrub,R,COPA,1,0,,,,
6/25/2024,high_north,2,shrub,R,COPA,2,0,,,,
6/25/2024,high_north,2,shrub,R,COPA,3,0,,,,
6/25/2024,high_north,2,shrub,C,ALDE,1,0,,,,
6/25/2024,high_north,2,shrub,C,ALDE,2,0,,,,
6/25/2024,high_north,2,shrub,C,ALDE,3,0,,,,
6/25/2024,high_north,2,shrub,C,BRTE,1,0,,,,
6/25/2024,high_north,2,shrub,C,BRTE,2,0,,,,
6/25/2024,high_north,2,shrub,C,BRTE,3,0,,,,
6/25/2024,high_north,2,shrub,C,COPA,1,0,,,,
6/25/2024,high_north,2,shrub,C,COPA,2,0,,,,
6/25/2024,high_north,2,shrub,C,COPA,3,0,,,,
6/25/2024,high_north,3,open,R,ALDE,1,0,,,,
6/25/2024,high_north,3,open,R,ALDE,2,0,,,,
6/25/2024,high_north,3,open,R,ALDE,3,0,,,,
6/25/2024,high_north,3,open,R,BRTE,1,0,,,,
6/25/2024,high_north,3,open,R,BRTE,2,0,,,,
6/25/2024,high_north,3,open,R,BRTE,3,0,,,,
6/25/2024,high_north,3,open,R,COPA,1,0,,,,
6/25/2024,high_north,3,open,R,COPA,2,0,,,,
6/25/2024,high_north,3,open,R,COPA,3,0,,,,
6/25/2024,high_north,3,open,C,ALDE,1,0,,,,
6/25/2024,high_north,3,open,C,ALDE,2,0,,,,
6/25/2024,high_north,3,open,C,ALDE,3,0,,,,
6/25/2024,high_north,3,open,C,BRTE,1,0,,,,
6/25/2024,high_north,3,open,C,BRTE,2,0,,,,
6/25/2024,high_north,3,open,C,BRTE,3,0,,,,
6/25/2024,high_north,3,open,C,COPA,1,0,,,,
6/25/2024,high_north,3,open,C,COPA,2,0,,,,
6/25/2024,high_north,3,open,C,COPA,3,0,,,,
6/25/2024,high_north,3,shrub,R,ALDE,1,0,,,,
6/25/2024,high_north,3,shrub,R,ALDE,2,0,,,,
6/25/2024,high_north,3,shrub,R,ALDE,3,0,,,,
6/25/2024,high_north,3,shrub,R,BRTE,1,0,,,,
6/25/2024,high_north,3,shrub,R,BRTE,2,1,,3,5.8,
6/25/2024,high_north,3,shrub,R,BRTE,3,0,,,,
6/25/2024,high_north,3,shrub,R,COPA,1,0,,,,
6/25/2024,high_north,3,shrub,R,COPA,2,0,,,,
6/25/2024,high_north,3,shrub,R,COPA,3,0,,,,
6/25/2024,high_north,3,shrub,C,ALDE,1,0,,,,
6/25/2024,high_north,3,shrub,C,ALDE,2,0,,,,
6/25/2024,high_north,3,shrub,C,ALDE,3,0,,,,
6/25/2024,high_north,3,shrub,C,BRTE,1,0,,,,
6/25/2024,high_north,3,shrub,C,BRTE,2,0,,,,died
6/25/2024,high_north,3,shrub,C,BRTE,3,0,,,,
6/25/2024,high_north,3,shrub,C,COPA,1,0,,,,
6/25/2024,high_north,3,shrub,C,COPA,2,0,,,,
6/25/2024,high_north,3,shrub,C,COPA,3,0,,,,
6/25/2024,high_north,4,open,R,ALDE,1,0,,,,
6/25/2024,high_north,4,open,R,ALDE,2,0,,,,
6/25/2024,high_north,4,open,R,ALDE,3,0,,,,
6/25/2024,high_north,4,open,R,BRTE,1,0,,,,
6/25/2024,high_north,4,open,R,BRTE,2,0,,,,
6/25/2024,high_north,4,open,R,BRTE,3,0,,,,
6/25/2024,high_north,4,open,R,COPA,1,0,,,,
6/25/2024,high_north,4,open,R,COPA,2,0,,,,
6/25/2024,high_north,4,open,R,COPA,3,0,,,,
6/25/2024,high_north,4,open,C,ALDE,1,0,,,,
6/25/2024,high_north,4,open,C,ALDE,2,0,,,,
6/25/2024,high_north,4,open,C,ALDE,3,0,,,,
6/25/2024,high_north,4,open,C,BRTE,1,0,,,,
6/25/2024,high_north,4,open,C,BRTE,2,0,,,,
6/25/2024,high_north,4,open,C,BRTE,3,0,,,,
6/25/2024,high_north,4,open,C,COPA,1,0,,,,
6/25/2024,high_north,4,open,C,COPA,2,0,,,,
6/25/2024,high_north,4,open,C,COPA,3,0,,,,
6/25/2024,high_north,4,shrub,R,ALDE,1,0,,,,
6/25/2024,high_north,4,shrub,R,ALDE,2,0,,,,
6/25/2024,high_north,4,shrub,R,ALDE,3,0,,,,
6/25/2024,high_north,4,shrub,R,BRTE,1,1,,1,2.4,
6/25/2024,high_north,4,shrub,R,BRTE,2,1,,4,,trampled? Collected
6/25/2024,high_north,4,shrub,R,BRTE,3,0,,,,
6/25/2024,high_north,4,shrub,R,COPA,1,0,,,,
6/25/2024,high_north,4,shrub,R,COPA,2,0,,,,
6/25/2024,high_north,4,shrub,R,COPA,3,1,<10%,4,0.9,"top eaten, collected"
6/25/2024,high_north,4,shrub,C,ALDE,1,0,,,,
6/25/2024,high_north,4,shrub,C,ALDE,2,0,,,,
6/25/2024,high_north,4,shrub,C,ALDE,3,0,,,,
6/25/2024,high_north,4,shrub,C,BRTE,1,0,,,,
6/25/2024,high_north,4,shrub,C,BRTE,2,0,,,,
6/25/2024,high_north,4,shrub,C,BRTE,3,0,,,,
6/25/2024,high_north,4,shrub,C,COPA,1,0,,,,
6/25/2024,high_north,4,shrub,C,COPA,2,0,,,,
6/25/2024,high_north,4,shrub,C,COPA,3,0,,,,
7/1/2024,low_north,1,open,R,ALDE,1,0,,,,
7/1/2024,low_north,1,open,R,ALDE,2,0,,,,
7/1/2024,low_north,1,open,R,ALDE,3,0,,,,
7/1/2024,low_north,1,open,R,BRTE,1,1,,4,5,collected
7/1/2024,low_north,1,open,R,BRTE,2,0,,,,
7/1/2024,low_north,1,open,R,BRTE,3,0,,,,
7/1/2024,low_north,1,open,R,COPA,1,0,,,,
7/1/2024,low_north,1,open,R,COPA,2,1,<10%,,1.1,"top eaten, collected"
7/1/2024,low_north,1,open,R,COPA,3,0,,,,
7/1/2024,low_north,1,open,R,PODO,1,0,,,,
7/1/2024,low_north,1,open,R,PODO,2,0,,,,
7/1/2024,low_north,1,open,R,PODO,3,0,,,,
7/1/2024,low_north,1,open,C,ALDE,1,0,,,,
7/1/2024,low_north,1,open,C,ALDE,2,0,,,,
7/1/2024,low_north,1,open,C,ALDE,3,1,,,1.9,"top eaten, collected"
7/1/2024,low_north,1,open,C,BRTE,1,0,,,,
7/1/2024,low_north,1,open,C,BRTE,2,0,,,,
7/1/2024,low_north,1,open,C,BRTE,3,0,,,,
7/1/2024,low_north,1,open,C,COPA,1,0,,,,
7/1/2024,low_north,1,open,C,COPA,2,0,,,,
7/1/2024,low_north,1,open,C,COPA,3,0,,,,
7/1/2024,low_north,1,open,C,PODO,1,0,,,,
7/1/2024,low_north,1,open,C,PODO,2,0,,,,
7/1/2024,low_north,1,open,C,PODO,3,0,,,,
7/1/2024,low_north,1,shrub,R,ALDE,1,0,,,,
7/1/2024,low_north,1,shrub,R,ALDE,2,1,,,2.5,"top eaten, collected"
7/1/2024,low_north,1,shrub,R,ALDE,3,0,,,,
7/1/2024,low_north,1,shrub,R,BRTE,1,0,,,,
7/1/2024,low_north,1,shrub,R,BRTE,2,0,,,,
7/1/2024,low_north,1,shrub,R,BRTE,3,0,,,,
7/1/2024,low_north,1,shrub,R,COPA,1,0,,,,died
7/1/2024,low_north,1,shrub,R,COPA,2,0,,,,died
7/1/2024,low_north,1,shrub,R,COPA,3,0,,,,
7/1/2024,low_north,1,shrub,R,PODO,1,0,,,,
7/1/2024,low_north,1,shrub,R,PODO,2,1,,1,3.5,
7/1/2024,low_north,1,shrub,R,PODO,3,0,,,,
7/1/2024,low_north,1,shrub,C,ALDE,1,,,,,trampled
7/1/2024,low_north,1,shrub,C,ALDE,2,,,,,trampled
7/1/2024,low_north,1,shrub,C,ALDE,3,0,,,,
7/1/2024,low_north,1,shrub,C,BRTE,1,,,,,trampled
7/1/2024,low_north,1,shrub,C,BRTE,2,1,,5,4.5,collected
7/1/2024,low_north,1,shrub,C,BRTE,3,0,,,,
7/1/2024,low_north,1,shrub,C,COPA,1,,,,,trampled
7/1/2024,low_north,1,shrub,C,COPA,2,,,,,trampled
7/1/2024,low_north,1,shrub,C,COPA,3,1,,,1.6,"top eaten, collected"
7/1/2024,low_north,1,shrub,C,PODO,1,0,,,,
7/1/2024,low_north,1,shrub,C,PODO,2,0,,,,
7/1/2024,low_north,1,shrub,C,PODO,3,1,,1,3.2,
7/1/2024,low_north,2,open,R,ALDE,1,0,,,,
7/1/2024,low_north,2,open,R,ALDE,2,0,,,,
7/1/2024,low_north,2,open,R,ALDE,3,0,,,,
7/1/2024,low_north,2,open,R,BRTE,1,0,,,,
7/1/2024,low_north,2,open,R,BRTE,2,0,,,,
7/1/2024,low_north,2,open,R,BRTE,3,0,,,,
7/1/2024,low_north,2,open,R,COPA,1,1,,4,1.5,"no fruits, collected"
7/1/2024,low_north,2,open,R,COPA,2,0,,,,
7/1/2024,low_north,2,open,R,COPA,3,0,,,0.5,"top eaten, collected"
7/1/2024,low_north,2,open,R,PODO,1,1,,1,2.5,
7/1/2024,low_north,2,open,R,PODO,2,0,,,,
7/1/2024,low_north,2,open,R,PODO,3,0,,,,
7/1/2024,low_north,2,open,C,ALDE,1,0,,,,
7/1/2024,low_north,2,open,C,ALDE,2,0,,,,
7/1/2024,low_north,2,open,C,ALDE,3,0,,,,
7/1/2024,low_north,2,open,C,BRTE,1,0,,,,
7/1/2024,low_north,2,open,C,BRTE,2,1,,6,4.8,collected
7/1/2024,low_north,2,open,C,BRTE,3,1,,,3.3,top eaten; collected
7/1/2024,low_north,2,open,C,COPA,1,0,,,,
7/1/2024,low_north,2,open,C,COPA,2,0,,,,
7/1/2024,low_north,2,open,C,COPA,3,0,,,,
7/1/2024,low_north,2,open,C,PODO,1,0,,,,
7/1/2024,low_north,2,open,C,PODO,2,0,,,,
7/1/2024,low_north,2,open,C,PODO,3,0,,,,
7/1/2024,low_north,2,shrub,R,ALDE,1,0,,,,
7/1/2024,low_north,2,shrub,R,ALDE,2,0,,,,
7/1/2024,low_north,2,shrub,R,ALDE,3,0,,,,
7/1/2024,low_north,2,shrub,R,BRTE,1,0,,,,
7/1/2024,low_north,2,shrub,R,BRTE,2,,,,,trampled
7/1/2024,low_north,2,shrub,R,BRTE,3,0,,,,
7/1/2024,low_north,2,shrub,R,COPA,1,0,,,,
7/1/2024,low_north,2,shrub,R,COPA,2,,,,,trampled
7/1/2024,low_north,2,shrub,R,COPA,3,0,,,,died
7/1/2024,low_north,2,shrub,R,PODO,1,,,,,trampled
7/1/2024,low_north,2,shrub,R,PODO,2,0,,,,
7/1/2024,low_north,2,shrub,R,PODO,3,0,,,,
7/1/2024,low_north,2,shrub,C,ALDE,1,0,,,,
7/1/2024,low_north,2,shrub,C,ALDE,2,0,,,,
7/1/2024,low_north,2,shrub,C,ALDE,3,0,,,,
7/1/2024,low_north,2,shrub,C,BRTE,1,0,,,,
7/1/2024,low_north,2,shrub,C,BRTE,2,0,,,,
7/1/2024,low_north,2,shrub,C,BRTE,3,0,,,,
7/1/2024,low_north,2,shrub,C,COPA,1,0,,,,died
7/1/2024,low_north,2,shrub,C,COPA,2,0,,,,
7/1/2024,low_north,2,shrub,C,COPA,3,0,,,,
7/1/2024,low_north,2,shrub,C,PODO,1,0,,,,
7/1/2024,low_north,2,shrub,C,PODO,2,0,,,,
7/1/2024,low_north,2,shrub,C,PODO,3,0,,,,
7/1/2024,low_north,3,open,R,ALDE,1,0,,,,
7/1/2024,low_north,3,open,R,ALDE,2,0,,,,
7/1/2024,low_north,3,open,R,ALDE,3,0,,,,
7/1/2024,low_north,3,open,R,BRTE,1,1,,6,7.5,collected
7/1/2024,low_north,3,open,R,BRTE,2,0,,,,
7/1/2024,low_north,3,open,R,BRTE,3,0,,,,
7/1/2024,low_north,3,open,R,COPA,1,0,,,,
7/1/2024,low_north,3,open,R,COPA,2,0,,,,
7/1/2024,low_north,3,open,R,COPA,3,0,,,,
7/1/2024,low_north,3,open,R,PODO,1,0,,,,
7/1/2024,low_north,3,open,R,PODO,2,0,,,,
7/1/2024,low_north,3,open,R,PODO,3,0,,,,
7/1/2024,low_north,3,open,C,ALDE,1,0,,,,
7/1/2024,low_north,3,open,C,ALDE,2,0,,,,
7/1/2024,low_north,3,open,C,ALDE,3,0,,,,
7/1/2024,low_north,3,open,C,BRTE,1,0,,,,
7/1/2024,low_north,3,open,C,BRTE,2,1,,5,8.7,collected
7/1/2024,low_north,3,open,C,BRTE,3,1,,5,6.1,collected
7/1/2024,low_north,3,open,C,COPA,1,0,,,,
7/1/2024,low_north,3,open,C,COPA,2,0,,,,
7/1/2024,low_north,3,open,C,COPA,3,0,,,,
7/1/2024,low_north,3,open,C,PODO,1,0,,,,
7/1/2024,low_north,3,open,C,PODO,2,0,,,,
7/1/2024,low_north,3,open,C,PODO,3,0,,,,
7/1/2024,low_north,3,shrub,R,ALDE,1,0,,,,
7/1/2024,low_north,3,shrub,R,ALDE,2,0,,,,
7/1/2024,low_north,3,shrub,R,ALDE,3,0,,,,
7/1/2024,low_north,3,shrub,R,BRTE,1,0,,,,
7/1/2024,low_north,3,shrub,R,BRTE,2,0,,,,
7/1/2024,low_north,3,shrub,R,BRTE,3,0,,,,
7/1/2024,low_north,3,shrub,R,COPA,1,0,,,,died
7/1/2024,low_north,3,shrub,R,COPA,2,0,,,,
7/1/2024,low_north,3,shrub,R,COPA,3,0,,,,
7/1/2024,low_north,3,shrub,R,PODO,1,0,,,,
7/1/2024,low_north,3,shrub,R,PODO,2,0,,,,
7/1/2024,low_north,3,shrub,R,PODO,3,0,,,,
7/1/2024,low_north,3,shrub,C,ALDE,1,0,,,,
7/1/2024,low_north,3,shrub,C,ALDE,2,0,,,,
7/1/2024,low_north,3,shrub,C,ALDE,3,0,,,,
7/1/2024,low_north,3,shrub,C,BRTE,1,1,,6,7.8,collected; seed drop
7/1/2024,low_north,3,shrub,C,BRTE,2,0,,,,
7/1/2024,low_north,3,shrub,C,BRTE,3,0,,,,
7/1/2024,low_north,3,shrub,C,COPA,1,0,,,,
7/1/2024,low_north,3,shrub,C,COPA,2,0,,,,
7/1/2024,low_north,3,shrub,C,COPA,3,1,25-50%,4,2.6,collected
7/1/2024,low_north,3,shrub,C,PODO,1,0,,,,
7/1/2024,low_north,3,shrub,C,PODO,2,0,,,,
7/1/2024,low_north,3,shrub,C,PODO,3,0,,,,
7/1/2024,low_north,4,shrub,R,ALDE,1,0,,,,
7/1/2024,low_north,4,shrub,R,ALDE,2,0,,,,
7/1/2024,low_north,4,shrub,R,ALDE,3,0,,,,
7/1/2024,low_north,4,shrub,R,BRTE,1,0,,,,
7/1/2024,low_north,4,shrub,R,BRTE,2,0,,,,
7/1/2024,low_north,4,shrub,R,BRTE,3,0,,,,
7/1/2024,low_north,4,shrub,R,COPA,1,0,,,,
7/1/2024,low_north,4,shrub,R,COPA,2,0,,,,
7/1/2024,low_north,4,shrub,R,COPA,3,0,,,,
7/1/2024,low_north,4,shrub,R,PODO,1,0,,,,
7/1/2024,low_north,4,shrub,R,PODO,2,0,,,,
7/1/2024,low_north,4,shrub,R,PODO,3,0,,,,
7/1/2024,low_north,4,shrub,C,ALDE,1,0,,,,
7/1/2024,low_north,4,shrub,C,ALDE,2,0,,,,
7/1/2024,low_north,4,shrub,C,ALDE,3,0,,,,
7/1/2024,low_north,4,shrub,C,BRTE,1,1,,,12.2,"first tiller eaten, second tiller only, top eaten; collected"
7/1/2024,low_north,4,shrub,C,BRTE,2,1,,3,9.3,collected; pulled up
7/1/2024,low_north,4,shrub,C,BRTE,3,1,,4,,died; collected
7/1/2024,low_north,4,shrub,C,COPA,1,1,25-50%,4,2.6,collected
7/1/2024,low_north,4,shrub,C,COPA,2,0,,,,
7/1/2024,low_north,4,shrub,C,COPA,3,0,,,,
7/1/2024,low_north,4,shrub,C,PODO,1,0,,,,
7/1/2024,low_north,4,shrub,C,PODO,2,0,,,,
7/1/2024,low_north,4,shrub,C,PODO,3,0,,,,
7/1/2024,high_gate,1,open,R,ALDE,1,0,,,,
7/1/2024,high_gate,1,open,R,ALDE,2,0,,,,
7/1/2024,high_gate,1,open,R,ALDE,3,0,,,,
7/1/2024,high_gate,1,open,R,BRTE,1,0,,,,
7/1/2024,high_gate,1,open,R,BRTE,2,0,,,,
7/1/2024,high_gate,1,open,R,BRTE,3,0,,,,
7/1/2024,high_gate,1,open,R,COPA,1,0,,,,
7/1/2024,high_gate,1,open,R,COPA,2,0,,,,
7/1/2024,high_gate,1,open,R,COPA,3,0,,,,
7/1/2024,high_gate,1,open,R,PODO,1,0,,,,
7/1/2024,high_gate,1,open,R,PODO,2,0,,,,
7/1/2024,high_gate,1,open,R,PODO,3,0,,,,
7/1/2024,high_gate,1,open,C,ALDE,1,0,,,,
7/1/2024,high_gate,1,open,C,ALDE,2,0,,,,
7/1/2024,high_gate,1,open,C,ALDE,3,0,,,,
7/1/2024,high_gate,1,open,C,BRTE,1,0,,,,
7/1/2024,high_gate,1,open,C,BRTE,2,0,,,,
7/1/2024,high_gate,1,open,C,BRTE,3,0,,,,
7/1/2024,high_gate,1,open,C,COPA,1,0,,,,
7/1/2024,high_gate,1,open,C,COPA,2,0,,,,
7/1/2024,high_gate,1,open,C,COPA,3,0,,,,
7/1/2024,high_gate,1,open,C,PODO,1,0,,,,
7/1/2024,high_gate,1,open,C,PODO,2,0,,,,
7/1/2024,high_gate,1,open,C,PODO,3,0,,,,
7/1/2024,high_gate,1,shrub,R,ALDE,1,0,,,,
7/1/2024,high_gate,1,shrub,R,ALDE,2,0,,,,
7/1/2024,high_gate,1,shrub,R,ALDE,3,0,,,,
7/1/2024,high_gate,1,shrub,R,BRTE,1,1,,4,1,collected
7/1/2024,high_gate,1,shrub,R,BRTE,2,1,,6,3.2,collected
7/1/2024,high_gate,1,shrub,R,BRTE,3,1,,6,4.6,collected
7/1/2024,high_gate,1,shrub,R,COPA,1,0,,,,
7/1/2024,high_gate,1,shrub,R,COPA,2,0,,,,
7/1/2024,high_gate,1,shrub,R,COPA,3,1,75-100%,4,0.5,collected
7/1/2024,high_gate,1,shrub,R,PODO,1,0,,,,
7/1/2024,high_gate,1,shrub,R,PODO,2,0,,,,
7/1/2024,high_gate,1,shrub,R,PODO,3,0,,,,
7/1/2024,high_gate,1,shrub,C,ALDE,1,0,,,,
7/1/2024,high_gate,1,shrub,C,ALDE,2,0,,,,
7/1/2024,high_gate,1,shrub,C,ALDE,3,0,,,,
7/1/2024,high_gate,1,shrub,C,BRTE,1,1,,6,4.3,collected
7/1/2024,high_gate,1,shrub,C,BRTE,2,0,,,,
7/1/2024,high_gate,1,shrub,C,BRTE,3,1,,4,0.8,collected
7/1/2024,high_gate,1,shrub,C,COPA,1,0,,,,
7/1/2024,high_gate,1,shrub,C,COPA,2,0,,,,
7/1/2024,high_gate,1,shrub,C,COPA,3,0,,,,died
7/1/2024,high_gate,1,shrub,C,PODO,1,0,,,,
7/1/2024,high_gate,1,shrub,C,PODO,2,0,,,,
7/1/2024,high_gate,1,shrub,C,PODO,3,0,,,,
7/1/2024,high_gate,2,open,R,ALDE,1,0,,,,
7/1/2024,high_gate,2,open,R,ALDE,2,0,,,,
7/1/2024,high_gate,2,open,R,ALDE,3,0,,,,
7/1/2024,high_gate,2,open,R,BRTE,1,0,,6,3,collected
7/1/2024,high_gate,2,open,R,BRTE,2,0,,,,
7/1/2024,high_gate,2,open,R,BRTE,3,1,,1,1.3,collected
7/1/2024,high_gate,2,open,R,COPA,1,,,,,missing
7/1/2024,high_gate,2,open,R,COPA,2,0,,,,
7/1/2024,high_gate,2,open,R,COPA,3,0,,,,
7/1/2024,high_gate,2,open,R,PODO,1,0,,,,
7/1/2024,high_gate,2,open,R,PODO,2,0,,,,
7/1/2024,high_gate,2,open,R,PODO,3,0,,,,
7/1/2024,high_gate,2,open,C,ALDE,1,0,,,,
7/1/2024,high_gate,2,open,C,ALDE,2,0,,,,
7/1/2024,high_gate,2,open,C,ALDE,3,,,,,trampled
7/1/2024,high_gate,2,open,C,BRTE,1,0,,,,
7/1/2024,high_gate,2,open,C,BRTE,2,0,,,,
7/1/2024,high_gate,2,open,C,BRTE,3,0,,,,
7/1/2024,high_gate,2,open,C,COPA,1,0,,,,died
7/1/2024,high_gate,2,open,C,COPA,2,0,,,,
7/1/2024,high_gate,2,open,C,COPA,3,,,,,trampled
7/1/2024,high_gate,2,open,C,PODO,1,0,,,,
7/1/2024,high_gate,2,open,C,PODO,2,0,,,,
7/1/2024,high_gate,2,open,C,PODO,3,0,,,,
7/1/2024,high_gate,2,shrub,R,ALDE,1,0,,,,
7/1/2024,high_gate,2,shrub,R,ALDE,2,0,,,,
7/1/2024,high_gate,2,shrub,R,ALDE,3,0,,,,
7/1/2024,high_gate,2,shrub,R,BRTE,1,0,,,,
7/1/2024,high_gate,2,shrub,R,BRTE,2,0,,,,
7/1/2024,high_gate,2,shrub,R,BRTE,3,1,,6,1.9,collected
7/1/2024,high_gate,2,shrub,R,COPA,1,0,,,,
7/1/2024,high_gate,2,shrub,R,COPA,2,0,,,,
7/1/2024,high_gate,2,shrub,R,COPA,3,0,,,,
7/1/2024,high_gate,2,shrub,R,PODO,1,0,,,,
7/1/2024,high_gate,2,shrub,R,PODO,2,0,,,,
7/1/2024,high_gate,2,shrub,R,PODO,3,0,,,,
7/1/2024,high_gate,2,shrub,C,ALDE,1,0,,,,
7/1/2024,high_gate,2,shrub,C,ALDE,2,1,,1,0.6,"collected, top eaten"
7/1/2024,high_gate,2,shrub,C,ALDE,3,0,,,,
7/1/2024,high_gate,2,shrub,C,BRTE,1,0,,,,
7/1/2024,high_gate,2,shrub,C,BRTE,2,0,,,,
7/1/2024,high_gate,2,shrub,C,BRTE,3,0,,,,
7/1/2024,high_gate,2,shrub,C,COPA,1,1,50-75%,4,0.7,collected
7/1/2024,high_gate,2,shrub,C,COPA,2,0,,,,
7/1/2024,high_gate,2,shrub,C,COPA,3,0,,,,
7/1/2024,high_gate,2,shrub,C,PODO,1,0,,,,
7/1/2024,high_gate,2,shrub,C,PODO,2,0,,,,
7/1/2024,high_gate,2,shrub,C,PODO,3,0,,,,
7/1/2024,high_gate,3,open,R,ALDE,1,0,,,,
7/1/2024,high_gate,3,open,R,ALDE,2,0,,,,
7/1/2024,high_gate,3,open,R,ALDE,3,0,,,,
7/1/2024,high_gate,3,open,R,BRTE,1,0,,,,
7/1/2024,high_gate,3,open,R,BRTE,2,0,,,,
7/1/2024,high_gate,3,open,R,BRTE,3,0,,,,died
7/1/2024,high_gate,3,open,R,COPA,1,0,,,,
7/1/2024,high_gate,3,open,R,COPA,2,0,,,,
7/1/2024,high_gate,3,open,R,COPA,3,0,,,,
7/1/2024,high_gate,3,open,R,PODO,1,0,,,,
7/1/2024,high_gate,3,open,R,PODO,2,,,,,trampled
7/1/2024,high_gate,3,open,R,PODO,3,0,,,,
7/1/2024,high_gate,3,open,C,ALDE,1,0,,,,
7/1/2024,high_gate,3,open,C,ALDE,2,,,,,trampled
7/1/2024,high_gate,3,open,C,ALDE,3,,,,,trampled
7/1/2024,high_gate,3,open,C,BRTE,1,0,,,,
7/1/2024,high_gate,3,open,C,BRTE,2,,,,,trampled
7/1/2024,high_gate,3,open,C,BRTE,3,0,,,,
7/1/2024,high_gate,3,open,C,COPA,1,0,,,,
7/1/2024,high_gate,3,open,C,COPA,2,0,,,,
7/1/2024,high_gate,3,open,C,COPA,3,,,,,trampled
7/1/2024,high_gate,3,open,C,PODO,1,0,,,,
7/1/2024,high_gate,3,open,C,PODO,2,0,,,,
7/1/2024,high_gate,3,open,C,PODO,3,0,,,,
7/1/2024,high_gate,3,shrub,R,ALDE,1,0,,,,
7/1/2024,high_gate,3,shrub,R,ALDE,2,0,,,,
7/1/2024,high_gate,3,shrub,R,ALDE,3,0,,,,
7/1/2024,high_gate,3,shrub,R,BRTE,1,0,,,,
7/1/2024,high_gate,3,shrub,R,BRTE,2,0,,,,
7/1/2024,high_gate,3,shrub,R,BRTE,3,0,,,,
7/1/2024,high_gate,3,shrub,R,COPA,1,0,,,,
7/1/2024,high_gate,3,shrub,R,COPA,2,0,,,,
7/1/2024,high_gate,3,shrub,R,COPA,3,0,,,,
7/1/2024,high_gate,3,shrub,R,PODO,1,0,,,,
7/1/2024,high_gate,3,shrub,R,PODO,2,0,,,,
7/1/2024,high_gate,3,shrub,R,PODO,3,0,,,,
7/1/2024,high_gate,3,shrub,C,ALDE,1,0,,,,
7/1/2024,high_gate,3,shrub,C,ALDE,2,0,,,,
7/1/2024,high_gate,3,shrub,C,ALDE,3,0,,,,
7/1/2024,high_gate,3,shrub,C,BRTE,1,0,,,,
7/1/2024,high_gate,3,shrub,C,BRTE,2,0,,,,
7/1/2024,high_gate,3,shrub,C,BRTE,3,0,,,,
7/1/2024,high_gate,3,shrub,C,COPA,1,0,,,,
7/1/2024,high_gate,3,shrub,C,COPA,2,0,,,,
7/1/2024,high_gate,3,shrub,C,COPA,3,0,,,,
7/1/2024,high_gate,3,shrub,C,PODO,1,0,,,,
7/1/2024,high_gate,3,shrub,C,PODO,2,0,,,,
7/1/2024,high_gate,3,shrub,C,PODO,3,0,,,,
7/1/2024,high_gate,4,open,R,ALDE,1,0,,,,
7/1/2024,high_gate,4,open,R,ALDE,2,0,,,,
7/1/2024,high_gate,4,open,R,ALDE,3,0,,,,
7/1/2024,high_gate,4,open,R,BRTE,1,1,,4,0.9,collected
7/1/2024,high_gate,4,open,R,BRTE,2,0,,,,
7/1/2024,high_gate,4,open,R,BRTE,3,0,,,,
7/1/2024,high_gate,4,open,R,COPA,1,0,,,,
7/1/2024,high_gate,4,open,R,COPA,2,0,,,,
7/1/2024,high_gate,4,open,R,COPA,3,0,,,,
7/1/2024,high_gate,4,open,R,PODO,1,0,,,,
7/1/2024,high_gate,4,open,R,PODO,2,0,,,,
7/1/2024,high_gate,4,open,R,PODO,3,0,,,,
7/1/2024,high_gate,4,open,C,ALDE,1,0,,,,
7/1/2024,high_gate,4,open,C,ALDE,2,0,,,,
7/1/2024,high_gate,4,open,C,ALDE,3,0,,,,
7/1/2024,high_gate,4,open,C,BRTE,1,0,,,,
7/1/2024,high_gate,4,open,C,BRTE,2,0,,,,
7/1/2024,high_gate,4,open,C,BRTE,3,0,,,,
7/1/2024,high_gate,4,open,C,COPA,1,0,,,,
7/1/2024,high_gate,4,open,C,COPA,2,0,,,,
7/1/2024,high_gate,4,open,C,COPA,3,0,,,,germinated then died
7/1/2024,high_gate,4,open,C,PODO,1,0,,,,
7/1/2024,high_gate,4,open,C,PODO,2,0,,,,
7/1/2024,high_gate,4,open,C,PODO,3,0,,,,
7/1/2024,high_gate,4,shrub,R,ALDE,1,0,,,,
7/1/2024,high_gate,4,shrub,R,ALDE,2,0,,,,
7/1/2024,high_gate,4,shrub,R,ALDE,3,0,,,,
7/1/2024,high_gate,4,shrub,R,BRTE,1,0,,,,
7/1/2024,high_gate,4,shrub,R,BRTE,2,0,,,,
7/1/2024,high_gate,4,shrub,R,BRTE,3,0,,,,
7/1/2024,high_gate,4,shrub,R,COPA,1,0,,,,
7/1/2024,high_gate,4,shrub,R,COPA,2,,,,,missing
7/1/2024,high_gate,4,shrub,R,COPA,3,0,,,,
7/1/2024,high_gate,4,shrub,R,PODO,1,0,,,,
7/1/2024,high_gate,4,shrub,R,PODO,2,0,,,,
7/1/2024,high_gate,4,shrub,R,PODO,3,0,,,,
7/1/2024,high_gate,4,shrub,C,ALDE,1,0,,,,
7/1/2024,high_gate,4,shrub,C,ALDE,2,0,,,,
7/1/2024,high_gate,4,shrub,C,ALDE,3,0,,,,
7/1/2024,high_gate,4,shrub,C,BRTE,1,0,,,,
7/1/2024,high_gate,4,shrub,C,BRTE,2,0,,,,
7/1/2024,high_gate,4,shrub,C,BRTE,3,0,,,,
7/1/2024,high_gate,4,shrub,C,COPA,1,0,,,,
7/1/2024,high_gate,4,shrub,C,COPA,2,0,,,,
7/1/2024,high_gate,4,shrub,C,COPA,3,0,,,,
7/1/2024,high_gate,4,shrub,C,PODO,1,0,,,,
7/1/2024,high_gate,4,shrub,C,PODO,2,0,,,,
7/1/2024,high_gate,4,shrub,C,PODO,3,0,,,,
7/1/2024,high_north,1,open,R,ALDE,1,0,,,,
7/1/2024,high_north,1,open,R,ALDE,2,0,,,,
7/1/2024,high_north,1,open,R,ALDE,3,0,,,,
7/1/2024,high_north,1,open,R,BRTE,1,0,,,,
7/1/2024,high_north,1,open,R,BRTE,2,,,,,trampled
7/1/2024,high_north,1,open,R,BRTE,3,0,,,,
7/1/2024,high_north,1,open,R,COPA,1,0,,,,died
7/1/2024,high_north,1,open,R,COPA,2,0,,,,
7/1/2024,high_north,1,open,R,COPA,3,0,,,,
7/1/2024,high_north,1,open,C,ALDE,1,,,,,trampled
7/1/2024,high_north,1,open,C,ALDE,2,0,,,,
7/1/2024,high_north,1,open,C,ALDE,3,0,,,,
7/1/2024,high_north,1,open,C,BRTE,1,0,,,,
7/1/2024,high_north,1,open,C,BRTE,2,0,,,,
7/1/2024,high_north,1,open,C,BRTE,3,0,,,,
7/1/2024,high_north,1,open,C,COPA,1,0,,,,
7/1/2024,high_north,1,open,C,COPA,2,,,,,trampled
7/1/2024,high_north,1,open,C,COPA,3,,,,,trampled
7/1/2024,high_north,1,shrub,R,ALDE,1,0,,,,
7/1/2024,high_north,1,shrub,R,ALDE,2,0,,,,
7/1/2024,high_north,1,shrub,R,ALDE,3,0,,,,
7/1/2024,high_north,1,shrub,R,BRTE,1,0,,,,
7/1/2024,high_north,1,shrub,R,BRTE,2,0,,,,died
7/1/2024,high_north,1,shrub,R,BRTE,3,0,,,,died
7/1/2024,high_north,1,shrub,R,COPA,1,0,,,,
7/1/2024,high_north,1,shrub,R,COPA,2,0,,,,
7/1/2024,high_north,1,shrub,R,COPA,3,0,,,,
7/1/2024,high_north,1,shrub,C,ALDE,1,0,,,,
7/1/2024,high_north,1,shrub,C,ALDE,2,0,,,,
7/1/2024,high_north,1,shrub,C,ALDE,3,0,,,,
7/1/2024,high_north,1,shrub,C,BRTE,1,0,,,,died
7/1/2024,high_north,1,shrub,C,BRTE,2,0,,,,
7/1/2024,high_north,1,shrub,C,BRTE,3,0,,,,
7/1/2024,high_north,1,shrub,C,COPA,1,0,,,,
7/1/2024,high_north,1,shrub,C,COPA,2,0,,,,
7/1/2024,high_north,1,shrub,C,COPA,3,0,,,,
7/1/2024,high_north,2,open,R,ALDE,1,0,,,,
7/1/2024,high_north,2,open,R,ALDE,2,0,,,,
7/1/2024,high_north,2,open,R,ALDE,3,0,,,,
7/1/2024,high_north,2,open,R,BRTE,1,0,,,,
7/1/2024,high_north,2,open,R,BRTE,2,0,,,,
7/1/2024,high_north,2,open,R,BRTE,3,0,,,,
7/1/2024,high_north,2,open,R,COPA,1,0,,,,
7/1/2024,high_north,2,open,R,COPA,2,0,,,,
7/1/2024,high_north,2,open,R,COPA,3,0,,,,germinated then died
7/1/2024,high_north,2,open,C,ALDE,1,0,,,,
7/1/2024,high_north,2,open,C,ALDE,2,0,,,,
7/1/2024,high_north,2,open,C,ALDE,3,0,,,,
7/1/2024,high_north,2,open,C,BRTE,1,0,,,,
7/1/2024,high_north,2,open,C,BRTE,2,,,,,missing
7/1/2024,high_north,2,open,C,BRTE,3,,,,,missing
7/1/2024,high_north,2,open,C,COPA,1,0,,,,
7/1/2024,high_north,2,open,C,COPA,2,0,,,,
7/1/2024,high_north,2,open,C,COPA,3,0,,,,
7/1/2024,high_north,2,shrub,R,ALDE,1,0,,,,
7/1/2024,high_north,2,shrub,R,ALDE,2,0,,,,
7/1/2024,high_north,2,shrub,R,ALDE,3,0,,,,
7/1/2024,high_north,2,shrub,R,BRTE,1,0,,,,
7/1/2024,high_north,2,shrub,R,BRTE,2,0,,,,
7/1/2024,high_north,2,shrub,R,BRTE,3,0,,,,
7/1/2024,high_north,2,shrub,R,COPA,1,0,,,,
7/1/2024,high_north,2,shrub,R,COPA,2,0,,,,
7/1/2024,high_north,2,shrub,R,COPA,3,0,,,,
7/1/2024,high_north,2,shrub,C,ALDE,1,0,,,,
7/1/2024,high_north,2,shrub,C,ALDE,2,0,,,,
7/1/2024,high_north,2,shrub,C,ALDE,3,0,,,,
7/1/2024,high_north,2,shrub,C,BRTE,1,0,,,,
7/1/2024,high_north,2,shrub,C,BRTE,2,0,,,,
7/1/2024,high_north,2,shrub,C,BRTE,3,0,,,,
7/1/2024,high_north,2,shrub,C,COPA,1,0,,,,
7/1/2024,high_north,2,shrub,C,COPA,2,0,,,,
7/1/2024,high_north,2,shrub,C,COPA,3,0,,,,
7/1/2024,high_north,3,open,R,ALDE,1,0,,,,
7/1/2024,high_north,3,open,R,ALDE,2,0,,,,
7/1/2024,high_north,3,open,R,ALDE,3,0,,,,
7/1/2024,high_north,3,open,R,BRTE,1,0,,,,
7/1/2024,high_north,3,open,R,BRTE,2,0,,,,
7/1/2024,high_north,3,open,R,BRTE,3,0,,,,
7/1/2024,high_north,3,open,R,COPA,1,0,,,,
7/1/2024,high_north,3,open,R,COPA,2,0,,,,
7/1/2024,high_north,3,open,R,COPA,3,0,,,,
7/1/2024,high_north,3,open,C,ALDE,1,0,,,,
7/1/2024,high_north,3,open,C,ALDE,2,0,,,,
7/1/2024,high_north,3,open,C,ALDE,3,0,,,,
7/1/2024,high_north,3,open,C,BRTE,1,0,,,,
7/1/2024,high_north,3,open,C,BRTE,2,0,,,,
7/1/2024,high_north,3,open,C,BRTE,3,0,,,,
7/1/2024,high_north,3,open,C,COPA,1,0,,,,
7/1/2024,high_north,3,open,C,COPA,2,0,,,,
7/1/2024,high_north,3,open,C,COPA,3,0,,,,
7/1/2024,high_north,3,shrub,R,ALDE,1,0,,,,
7/1/2024,high_north,3,shrub,R,ALDE,2,0,,,,
7/1/2024,high_north,3,shrub,R,ALDE,3,0,,,,
7/1/2024,high_north,3,shrub,R,BRTE,1,0,,,,
7/1/2024,high_north,3,shrub,R,BRTE,2,1,,6,6.7,
7/1/2024,high_north,3,shrub,R,BRTE,3,0,,,,
7/1/2024,high_north,3,shrub,R,COPA,1,0,,,,
7/1/2024,high_north,3,shrub,R,COPA,2,0,,,,
7/1/2024,high_north,3,shrub,R,COPA,3,0,,,,
7/1/2024,high_north,3,shrub,C,ALDE,1,0,,,,
7/1/2024,high_north,3,shrub,C,ALDE,2,0,,,,
7/1/2024,high_north,3,shrub,C,ALDE,3,0,,,,
7/1/2024,high_north,3,shrub,C,BRTE,1,0,,,,
7/1/2024,high_north,3,shrub,C,BRTE,2,0,,,,died
7/1/2024,high_north,3,shrub,C,BRTE,3,0,,,,
7/1/2024,high_north,3,shrub,C,COPA,1,0,,,,
7/1/2024,high_north,3,shrub,C,COPA,2,0,,,,
7/1/2024,high_north,3,shrub,C,COPA,3,0,,,,
7/1/2024,high_north,4,open,R,ALDE,1,0,,,,
7/1/2024,high_north,4,open,R,ALDE,2,0,,,,
7/1/2024,high_north,4,open,R,ALDE,3,0,,,,
7/1/2024,high_north,4,open,R,BRTE,1,0,,,,
7/1/2024,high_north,4,open,R,BRTE,2,0,,,,
7/1/2024,high_north,4,open,R,BRTE,3,0,,,,
7/1/2024,high_north,4,open,R,COPA,1,0,,,,
7/1/2024,high_north,4,open,R,COPA,2,0,,,,
7/1/2024,high_north,4,open,R,COPA,3,0,,,,
7/1/2024,high_north,4,open,C,ALDE,1,0,,,,
7/1/2024,high_north,4,open,C,ALDE,2,0,,,,
7/1/2024,high_north,4,open,C,ALDE,3,0,,,,
7/1/2024,high_north,4,open,C,BRTE,1,0,,,,
7/1/2024,high_north,4,open,C,BRTE,2,0,,,,
7/1/2024,high_north,4,open,C,BRTE,3,0,,,,
7/1/2024,high_north,4,open,C,COPA,1,0,,,,
7/1/2024,high_north,4,open,C,COPA,2,0,,,,
7/1/2024,high_north,4,open,C,COPA,3,0,,,,
7/1/2024,high_north,4,shrub,R,ALDE,1,0,,,,
7/1/2024,high_north,4,shrub,R,ALDE,2,0,,,,
7/1/2024,high_north,4,shrub,R,ALDE,3,0,,,,
7/1/2024,high_north,4,shrub,R,BRTE,1,1,,6,2.3,collected
7/1/2024,high_north,4,shrub,R,BRTE,2,1,,4,,trampled? Collected
7/1/2024,high_north,4,shrub,R,BRTE,3,0,,,,
7/1/2024,high_north,4,shrub,R,COPA,1,0,,,,
7/1/2024,high_north,4,shrub,R,COPA,2,0,,,,
7/1/2024,high_north,4,shrub,R,COPA,3,1,<10%,4,0.9,"top eaten, collected"
7/1/2024,high_north,4,shrub,C,ALDE,1,0,,,,
7/1/2024,high_north,4,shrub,C,ALDE,2,0,,,,
7/1/2024,high_north,4,shrub,C,ALDE,3,0,,,,
7/1/2024,high_north,4,shrub,C,BRTE,1,0,,,,
7/1/2024,high_north,4,shrub,C,BRTE,2,0,,,,
7/1/2024,high_north,4,shrub,C,BRTE,3,0,,,,
7/1/2024,high_north,4,shrub,C,COPA,1,0,,,,
7/1/2024,high_north,4,shrub,C,COPA,2,0,,,,
7/1/2024,high_north,4,shrub,C,COPA,3,0,,,,
7/1/2024,high_east,1,open,R,ALDE,1,0,,,,
7/1/2024,high_east,1,open,R,ALDE,2,0,,,,
7/1/2024,high_east,1,open,R,ALDE,3,0,,,,
7/1/2024,high_east,1,open,R,BRTE,1,0,,,,trampled
7/1/2024,high_east,1,open,R,BRTE,2,1,,6,2.5,collected
7/1/2024,high_east,1,open,R,BRTE,3,0,,,,
7/1/2024,high_east,1,open,R,COPA,1,0,,,,
7/1/2024,high_east,1,open,R,COPA,2,0,,,,died
7/1/2024,high_east,1,open,R,COPA,3,0,,,,
7/1/2024,high_east,1,open,C,ALDE,1,0,,,,
7/1/2024,high_east,1,open,C,ALDE,2,0,,,,
7/1/2024,high_east,1,open,C,ALDE,3,0,,,,
7/1/2024,high_east,1,open,C,BRTE,1,0,,,,
7/1/2024,high_east,1,open,C,BRTE,2,0,,,,
7/1/2024,high_east,1,open,C,BRTE,3,1,,4,,basically dead; collected
7/1/2024,high_east,1,open,C,COPA,1,0,,,,
7/1/2024,high_east,1,open,C,COPA,2,0,,,,
7/1/2024,high_east,1,open,C,COPA,3,0,,,,
7/1/2024,high_east,1,shrub,R,ALDE,1,0,,,,
7/1/2024,high_east,1,shrub,R,ALDE,2,0,,,,
7/1/2024,high_east,1,shrub,R,ALDE,3,0,,,,
7/1/2024,high_east,1,shrub,R,BRTE,1,0,,,,
7/1/2024,high_east,1,shrub,R,BRTE,2,0,,,,
7/1/2024,high_east,1,shrub,R,BRTE,3,0,,,,
7/1/2024,high_east,1,shrub,R,COPA,1,0,,,,
7/1/2024,high_east,1,shrub,R,COPA,2,0,,,,
7/1/2024,high_east,1,shrub,R,COPA,3,0,,,,died
7/1/2024,high_east,1,shrub,C,ALDE,1,0,,,,
7/1/2024,high_east,1,shrub,C,ALDE,2,0,,,,
7/1/2024,high_east,1,shrub,C,ALDE,3,0,,,,
7/1/2024,high_east,1,shrub,C,BRTE,1,0,,,,
7/1/2024,high_east,1,shrub,C,BRTE,2,0,,,,
7/1/2024,high_east,1,shrub,C,BRTE,3,0,,,,
7/1/2024,high_east,1,shrub,C,COPA,1,0,,,,
7/1/2024,high_east,1,shrub,C,COPA,2,0,,,,
7/1/2024,high_east,1,shrub,C,COPA,3,1,,4,1.5,collected
7/1/2024,high_east,2,open,R,ALDE,1,0,,,,
7/1/2024,high_east,2,open,R,ALDE,2,0,,,,
7/1/2024,high_east,2,open,R,ALDE,3,0,,,,
7/1/2024,high_east,2,open,R,BRTE,1,0,,,,
7/1/2024,high_east,2,open,R,BRTE,2,0,,,,
7/1/2024,high_east,2,open,R,BRTE,3,0,,,,
7/1/2024,high_east,2,open,R,COPA,1,0,,,,
7/1/2024,high_east,2,open,R,COPA,2,0,,,,died
7/1/2024,high_east,2,open,R,COPA,3,0,,,,
7/1/2024,high_east,2,open,C,ALDE,1,,,,,trampled
7/1/2024,high_east,2,open,C,ALDE,2,,,,,trampled
7/1/2024,high_east,2,open,C,ALDE,3,0,,,,
7/1/2024,high_east,2,open,C,BRTE,1,0,,,,died
7/1/2024,high_east,2,open,C,BRTE,2,,,,,trampled
7/1/2024,high_east,2,open,C,BRTE,3,0,,,,
7/1/2024,high_east,2,open,C,COPA,1,1,,4,0.6,"top eaten, collected"
7/1/2024,high_east,2,open,C,COPA,2,,,,,trampled
7/1/2024,high_east,2,open,C,COPA,3,,,,,trampled
7/1/2024,high_east,2,shrub,R,ALDE,1,0,,,,
7/1/2024,high_east,2,shrub,R,ALDE,2,0,,,,
7/1/2024,high_east,2,shrub,R,ALDE,3,0,,,,
7/1/2024,high_east,2,shrub,R,BRTE,1,0,,,,
7/1/2024,high_east,2,shrub,R,BRTE,2,0,,,,
7/1/2024,high_east,2,shrub,R,BRTE,3,0,,,,
7/1/2024,high_east,2,shrub,R,COPA,1,0,,,,
7/1/2024,high_east,2,shrub,R,COPA,2,1,,4,2.5,collected
7/1/2024,high_east,2,shrub,R,COPA,3,1,,4,2,collected
7/1/2024,high_east,2,shrub,C,ALDE,1,0,,,,
7/1/2024,high_east,2,shrub,C,ALDE,2,0,,,,
7/1/2024,high_east,2,shrub,C,ALDE,3,0,,,,
7/1/2024,high_east,2,shrub,C,BRTE,1,1,,4,,collected
7/1/2024,high_east,2,shrub,C,BRTE,2,0,,,,
7/1/2024,high_east,2,shrub,C,BRTE,3,0,,,,
7/1/2024,high_east,2,shrub,C,COPA,1,0,,,,
7/1/2024,high_east,2,shrub,C,COPA,2,1,,4,,collected
7/1/2024,high_east,2,shrub,C,COPA,3,1,,4,,collected
7/1/2024,high_east,3,open,R,ALDE,1,,,,,trampled
7/1/2024,high_east,3,open,R,ALDE,2,0,,,,
7/1/2024,high_east,3,open,R,ALDE,3,0,,,,
7/1/2024,high_east,3,open,R,BRTE,1,0,,,,
7/1/2024,high_east,3,open,R,BRTE,2,0,,,,
7/1/2024,high_east,3,open,R,BRTE,3,,,,,trampled
7/1/2024,high_east,3,open,R,COPA,1,0,,,,
7/1/2024,high_east,3,open,R,COPA,2,0,,,,
7/1/2024,high_east,3,open,R,COPA,3,0,,,,
7/1/2024,high_east,3,open,C,ALDE,1,0,,,,
7/1/2024,high_east,3,open,C,ALDE,2,0,,,,
7/1/2024,high_east,3,open,C,ALDE,3,0,,,,
7/1/2024,high_east,3,open,C,BRTE,1,0,,,,
7/1/2024,high_east,3,open,C,BRTE,2,0,,,,
7/1/2024,high_east,3,open,C,BRTE,3,0,,,,
7/1/2024,high_east,3,open,C,COPA,1,0,,,,
7/1/2024,high_east,3,open,C,COPA,2,0,,,,
7/1/2024,high_east,3,open,C,COPA,3,0,,,,
7/1/2024,high_east,3,shrub,R,ALDE,1,0,,,,
7/1/2024,high_east,3,shrub,R,ALDE,2,0,,,,
7/1/2024,high_east,3,shrub,R,ALDE,3,0,,,,died
7/1/2024,high_east,3,shrub,R,BRTE,1,0,,,,
7/1/2024,high_east,3,shrub,R,BRTE,2,0,,,,died
7/1/2024,high_east,3,shrub,R,BRTE,3,0,,,,
7/1/2024,high_east,3,shrub,R,COPA,1,0,,,,
7/1/2024,high_east,3,shrub,R,COPA,2,1,,4,0.3,collected
7/1/2024,high_east,3,shrub,R,COPA,3,0,,,,died
7/1/2024,high_east,3,shrub,C,ALDE,1,0,,,,
7/1/2024,high_east,3,shrub,C,ALDE,2,0,,,,
7/1/2024,high_east,3,shrub,C,ALDE,3,0,,,,
7/1/2024,high_east,3,shrub,C,BRTE,1,0,,,,
7/1/2024,high_east,3,shrub,C,BRTE,2,0,,,,
7/1/2024,high_east,3,shrub,C,BRTE,3,0,,,,
7/1/2024,high_east,3,shrub,C,COPA,1,1,,4,0.8,"top eaten, collected"
7/1/2024,high_east,3,shrub,C,COPA,2,0,,,,
7/1/2024,high_east,3,shrub,C,COPA,3,0,,,,
7/1/2024,high_east,4,open,R,ALDE,1,0,,,,
7/1/2024,high_east,4,open,R,ALDE,2,0,,,,
7/1/2024,high_east,4,open,R,ALDE,3,0,,,,
7/1/2024,high_east,4,open,R,BRTE,1,0,,,,
7/1/2024,high_east,4,open,R,BRTE,2,0,,,,
7/1/2024,high_east,4,open,R,BRTE,3,0,,,,
7/1/2024,high_east,4,open,R,COPA,1,1,,4,1,collected
7/1/2024,high_east,4,open,R,COPA,2,0,,,,missing
7/1/2024,high_east,4,open,R,COPA,3,0,,,,
7/1/2024,high_east,4,open,C,ALDE,1,0,,,,
7/1/2024,high_east,4,open,C,ALDE,2,0,,,,
7/1/2024,high_east,4,open,C,ALDE,3,0,,,,
7/1/2024,high_east,4,open,C,BRTE,1,0,,,,
7/1/2024,high_east,4,open,C,BRTE,2,0,,,,
7/1/2024,high_east,4,open,C,BRTE,3,0,,,,
7/1/2024,high_east,4,open,C,COPA,1,0,,,,
7/1/2024,high_east,4,open,C,COPA,2,0,,,,
7/1/2024,high_east,4,open,C,COPA,3,0,,,,
7/1/2024,high_east,4,shrub,R,ALDE,1,0,,,,
7/1/2024,high_east,4,shrub,R,ALDE,2,0,,,,
7/1/2024,high_east,4,shrub,R,ALDE,3,0,,,,
7/1/2024,high_east,4,shrub,R,BRTE,1,0,,,,
7/1/2024,high_east,4,shrub,R,BRTE,2,1,,4,,collected
7/1/2024,high_east,4,shrub,R,BRTE,3,0,,,,
7/1/2024,high_east,4,shrub,R,COPA,1,1,,4,,collected
7/1/2024,high_east,4,shrub,R,COPA,2,0,,,,
7/1/2024,high_east,4,shrub,R,COPA,3,0,,,,
7/1/2024,high_east,4,shrub,C,ALDE,1,1,,4,,collected
7/1/2024,high_east,4,shrub,C,ALDE,2,0,,,,
7/1/2024,high_east,4,shrub,C,ALDE,3,0,,,,
7/1/2024,high_east,4,shrub,C,BRTE,1,0,,,,
7/1/2024,high_east,4,shrub,C,BRTE,2,0,,,,
7/1/2024,high_east,4,shrub,C,BRTE,3,0,,,,
7/1/2024,high_east,4,shrub,C,COPA,1,0,,,,
7/1/2024,high_east,4,shrub,C,COPA,2,0,,,,
7/9/2024,low_north,1,open,R,ALDE,1,0,,,,
7/9/2024,low_north,1,open,R,ALDE,2,0,,,,
7/9/2024,low_north,1,open,R,ALDE,3,0,,,,
7/9/2024,low_north,1,open,R,BRTE,1,1,,4,5,collected
7/9/2024,low_north,1,open,R,BRTE,2,0,,,,
7/9/2024,low_north,1,open,R,BRTE,3,0,,,,
7/9/2024,low_north,1,open,R,COPA,1,0,,,,
7/9/2024,low_north,1,open,R,COPA,2,1,<10%,,1.1,"top eaten, collected"
7/9/2024,low_north,1,open,R,COPA,3,0,,,,
7/9/2024,low_north,1,open,R,PODO,1,0,,,,
7/9/2024,low_north,1,open,R,PODO,2,0,,,,
7/9/2024,low_north,1,open,R,PODO,3,0,,,,
7/9/2024,low_north,1,open,C,ALDE,1,0,,,,
7/9/2024,low_north,1,open,C,ALDE,2,0,,,,
7/9/2024,low_north,1,open,C,ALDE,3,1,,,1.9,"top eaten, collected"
7/9/2024,low_north,1,open,C,BRTE,1,0,,,,
7/9/2024,low_north,1,open,C,BRTE,2,0,,,,
7/9/2024,low_north,1,open,C,BRTE,3,0,,,,
7/9/2024,low_north,1,open,C,COPA,1,0,,,,
7/9/2024,low_north,1,open,C,COPA,2,0,,,,
7/9/2024,low_north,1,open,C,COPA,3,0,,,,
7/9/2024,low_north,1,open,C,PODO,1,0,,,,
7/9/2024,low_north,1,open,C,PODO,2,0,,,,
7/9/2024,low_north,1,open,C,PODO,3,0,,,,
7/9/2024,low_north,1,shrub,R,ALDE,1,0,,,,
7/9/2024,low_north,1,shrub,R,ALDE,2,1,,,2.5,"top eaten, collected"
7/9/2024,low_north,1,shrub,R,ALDE,3,0,,,,
7/9/2024,low_north,1,shrub,R,BRTE,1,0,,,,
7/9/2024,low_north,1,shrub,R,BRTE,2,0,,,,
7/9/2024,low_north,1,shrub,R,BRTE,3,0,,,,
7/9/2024,low_north,1,shrub,R,COPA,1,0,,,,died
7/9/2024,low_north,1,shrub,R,COPA,2,0,,,,died
7/9/2024,low_north,1,shrub,R,COPA,3,0,,,,
7/9/2024,low_north,1,shrub,R,PODO,1,0,,,,
7/9/2024,low_north,1,shrub,R,PODO,2,1,,1,4.2,collected
7/9/2024,low_north,1,shrub,R,PODO,3,0,,,,
7/9/2024,low_north,1,shrub,C,ALDE,1,,,,,trampled
7/9/2024,low_north,1,shrub,C,ALDE,2,,,,,trampled
7/9/2024,low_north,1,shrub,C,ALDE,3,0,,,,
7/9/2024,low_north,1,shrub,C,BRTE,1,,,,,trampled
7/9/2024,low_north,1,shrub,C,BRTE,2,1,,5,4.5,collected
7/9/2024,low_north,1,shrub,C,BRTE,3,0,,,,
7/9/2024,low_north,1,shrub,C,COPA,1,,,,,trampled
7/9/2024,low_north,1,shrub,C,COPA,2,,,,,trampled
7/9/2024,low_north,1,shrub,C,COPA,3,1,,,1.6,"top eaten, collected"
7/9/2024,low_north,1,shrub,C,PODO,1,0,,,,
7/9/2024,low_north,1,shrub,C,PODO,2,0,,,,
7/9/2024,low_north,1,shrub,C,PODO,3,1,,1,3,collected
7/9/2024,low_north,2,open,R,ALDE,1,0,,,,
7/9/2024,low_north,2,open,R,ALDE,2,0,,,,
7/9/2024,low_north,2,open,R,ALDE,3,0,,,,
7/9/2024,low_north,2,open,R,BRTE,1,0,,,,
7/9/2024,low_north,2,open,R,BRTE,2,0,,,,
7/9/2024,low_north,2,open,R,BRTE,3,0,,,,
7/9/2024,low_north,2,open,R,COPA,1,1,,4,1.5,"no fruits, collected"
7/9/2024,low_north,2,open,R,COPA,2,0,,,,
7/9/2024,low_north,2,open,R,COPA,3,0,,,0.5,"top eaten, collected"
7/9/2024,low_north,2,open,R,PODO,1,1,,1,2.5,collected
7/9/2024,low_north,2,open,R,PODO,2,0,,,,
7/9/2024,low_north,2,open,R,PODO,3,0,,,,
7/9/2024,low_north,2,open,C,ALDE,1,0,,,,
7/9/2024,low_north,2,open,C,ALDE,2,0,,,,
7/9/2024,low_north,2,open,C,ALDE,3,0,,,,
7/9/2024,low_north,2,open,C,BRTE,1,0,,,,
7/9/2024,low_north,2,open,C,BRTE,2,1,,6,4.8,collected
7/9/2024,low_north,2,open,C,BRTE,3,1,,,3.3,top eaten; collected
7/9/2024,low_north,2,open,C,COPA,1,0,,,,
7/9/2024,low_north,2,open,C,COPA,2,0,,,,
7/9/2024,low_north,2,open,C,COPA,3,0,,,,
7/9/2024,low_north,2,open,C,PODO,1,0,,,,
7/9/2024,low_north,2,open,C,PODO,2,0,,,,
7/9/2024,low_north,2,open,C,PODO,3,0,,,,
7/9/2024,low_north,2,shrub,R,ALDE,1,0,,,,
7/9/2024,low_north,2,shrub,R,ALDE,2,0,,,,
7/9/2024,low_north,2,shrub,R,ALDE,3,0,,,,
7/9/2024,low_north,2,shrub,R,BRTE,1,0,,,,
7/9/2024,low_north,2,shrub,R,BRTE,2,,,,,trampled
7/9/2024,low_north,2,shrub,R,BRTE,3,0,,,,
7/9/2024,low_north,2,shrub,R,COPA,1,0,,,,
7/9/2024,low_north,2,shrub,R,COPA,2,,,,,trampled
7/9/2024,low_north,2,shrub,R,COPA,3,0,,,,died
7/9/2024,low_north,2,shrub,R,PODO,1,,,,,trampled
7/9/2024,low_north,2,shrub,R,PODO,2,0,,,,
7/9/2024,low_north,2,shrub,R,PODO,3,0,,,,
7/9/2024,low_north,2,shrub,C,ALDE,1,0,,,,
7/9/2024,low_north,2,shrub,C,ALDE,2,0,,,,
7/9/2024,low_north,2,shrub,C,ALDE,3,0,,,,
7/9/2024,low_north,2,shrub,C,BRTE,1,0,,,,
7/9/2024,low_north,2,shrub,C,BRTE,2,0,,,,
7/9/2024,low_north,2,shrub,C,BRTE,3,0,,,,
7/9/2024,low_north,2,shrub,C,COPA,1,0,,,,died
7/9/2024,low_north,2,shrub,C,COPA,2,0,,,,
7/9/2024,low_north,2,shrub,C,COPA,3,0,,,,
7/9/2024,low_north,2,shrub,C,PODO,1,0,,,,
7/9/2024,low_north,2,shrub,C,PODO,2,0,,,,
7/9/2024,low_north,2,shrub,C,PODO,3,0,,,,
7/9/2024,low_north,3,open,R,ALDE,1,0,,,,
7/9/2024,low_north,3,open,R,ALDE,2,0,,,,
7/9/2024,low_north,3,open,R,ALDE,3,0,,,,
7/9/2024,low_north,3,open,R,BRTE,1,1,,6,7.5,collected
7/9/2024,low_north,3,open,R,BRTE,2,0,,,,
7/9/2024,low_north,3,open,R,BRTE,3,0,,,,
7/9/2024,low_north,3,open,R,COPA,1,0,,,,
7/9/2024,low_north,3,open,R,COPA,2,0,,,,
7/9/2024,low_north,3,open,R,COPA,3,0,,,,
7/9/2024,low_north,3,open,R,PODO,1,0,,,,
7/9/2024,low_north,3,open,R,PODO,2,0,,,,
7/9/2024,low_north,3,open,R,PODO,3,0,,,,
7/9/2024,low_north,3,open,C,ALDE,1,0,,,,
7/9/2024,low_north,3,open,C,ALDE,2,0,,,,
7/9/2024,low_north,3,open,C,ALDE,3,0,,,,
7/9/2024,low_north,3,open,C,BRTE,1,0,,,,
7/9/2024,low_north,3,open,C,BRTE,2,1,,5,8.7,collected
7/9/2024,low_north,3,open,C,BRTE,3,1,,5,6.1,collected
7/9/2024,low_north,3,open,C,COPA,1,0,,,,
7/9/2024,low_north,3,open,C,COPA,2,0,,,,
7/9/2024,low_north,3,open,C,COPA,3,0,,,,
7/9/2024,low_north,3,open,C,PODO,1,0,,,,
7/9/2024,low_north,3,open,C,PODO,2,0,,,,
7/9/2024,low_north,3,open,C,PODO,3,0,,,,
7/9/2024,low_north,3,shrub,R,ALDE,1,0,,,,
7/9/2024,low_north,3,shrub,R,ALDE,2,0,,,,
7/9/2024,low_north,3,shrub,R,ALDE,3,0,,,,
7/9/2024,low_north,3,shrub,R,BRTE,1,0,,,,
7/9/2024,low_north,3,shrub,R,BRTE,2,0,,,,
7/9/2024,low_north,3,shrub,R,BRTE,3,0,,,,
7/9/2024,low_north,3,shrub,R,COPA,1,0,,,,died
7/9/2024,low_north,3,shrub,R,COPA,2,0,,,,
7/9/2024,low_north,3,shrub,R,COPA,3,0,,,,
7/9/2024,low_north,3,shrub,R,PODO,1,0,,,,
7/9/2024,low_north,3,shrub,R,PODO,2,0,,,,
7/9/2024,low_north,3,shrub,R,PODO,3,0,,,,
7/9/2024,low_north,3,shrub,C,ALDE,1,0,,,,
7/9/2024,low_north,3,shrub,C,ALDE,2,0,,,,
7/9/2024,low_north,3,shrub,C,ALDE,3,0,,,,
7/9/2024,low_north,3,shrub,C,BRTE,1,1,,6,7.8,collected; seed drop
7/9/2024,low_north,3,shrub,C,BRTE,2,0,,,,
7/9/2024,low_north,3,shrub,C,BRTE,3,0,,,,
7/9/2024,low_north,3,shrub,C,COPA,1,0,,,,
7/9/2024,low_north,3,shrub,C,COPA,2,0,,,,
7/9/2024,low_north,3,shrub,C,COPA,3,1,25-50%,4,2.6,collected
7/9/2024,low_north,3,shrub,C,PODO,1,0,,,,
7/9/2024,low_north,3,shrub,C,PODO,2,0,,,,
7/9/2024,low_north,3,shrub,C,PODO,3,0,,,,
7/9/2024,low_north,4,shrub,R,ALDE,1,0,,,,
7/9/2024,low_north,4,shrub,R,ALDE,2,0,,,,
7/9/2024,low_north,4,shrub,R,ALDE,3,0,,,,
7/9/2024,low_north,4,shrub,R,BRTE,1,0,,,,
7/9/2024,low_north,4,shrub,R,BRTE,2,0,,,,
7/9/2024,low_north,4,shrub,R,BRTE,3,0,,,,
7/9/2024,low_north,4,shrub,R,COPA,1,0,,,,
7/9/2024,low_north,4,shrub,R,COPA,2,0,,,,
7/9/2024,low_north,4,shrub,R,COPA,3,0,,,,
7/9/2024,low_north,4,shrub,R,PODO,1,0,,,,
7/9/2024,low_north,4,shrub,R,PODO,2,0,,,,
7/9/2024,low_north,4,shrub,R,PODO,3,0,,,,
7/9/2024,low_north,4,shrub,C,ALDE,1,0,,,,
7/9/2024,low_north,4,shrub,C,ALDE,2,0,,,,
7/9/2024,low_north,4,shrub,C,ALDE,3,0,,,,
7/9/2024,low_north,4,shrub,C,BRTE,1,1,,,12.2,"first tiller eaten, second tiller only, top eaten; collected"
7/9/2024,low_north,4,shrub,C,BRTE,2,1,,3,9.3,collected; pulled up
7/9/2024,low_north,4,shrub,C,BRTE,3,1,,4,,died; collected
7/9/2024,low_north,4,shrub,C,COPA,1,1,25-50%,4,2.6,collected
7/9/2024,low_north,4,shrub,C,COPA,2,0,,,,
7/9/2024,low_north,4,shrub,C,COPA,3,0,,,,
7/9/2024,low_north,4,shrub,C,PODO,1,0,,,,
7/9/2024,low_north,4,shrub,C,PODO,2,0,,,,
7/9/2024,low_north,4,shrub,C,PODO,3,0,,,,
