"","date","time","temp","patch","site","season","elevation"
"2","4/29/2024","19:00","60.712","shrub","low_gate","summer24","low"
"3","4/30/2024","1:00","57.614","shrub","low_gate","summer24","low"
"4","4/30/2024","7:00","56.923","shrub","low_gate","summer24","low"
"5","4/30/2024","13:00","57.785","shrub","low_gate","summer24","low"
"6","4/30/2024","19:00","46.548","shrub","low_gate","summer24","low"
"7","5/1/2024","1:00","41.254","shrub","low_gate","summer24","low"
"8","5/1/2024","7:00","37.87","shrub","low_gate","summer24","low"
"9","5/1/2024","13:00","46.548","shrub","low_gate","summer24","low"
"10","5/1/2024","19:00","44.56","shrub","low_gate","summer24","low"
"11","5/2/2024","1:00","38.25","shrub","low_gate","summer24","low"
"12","5/2/2024","7:00","35.758","shrub","low_gate","summer24","low"
"13","5/2/2024","13:00","49.582","shrub","low_gate","summer24","low"
"14","5/2/2024","19:00","47.446","shrub","low_gate","summer24","low"
"15","5/3/2024","1:00","42.363","shrub","low_gate","summer24","low"
"16","5/3/2024","7:00","39.196","shrub","low_gate","summer24","low"
"17","5/3/2024","13:00","50.643","shrub","low_gate","summer24","low"
"18","5/3/2024","19:00","48.517","shrub","low_gate","summer24","low"
"19","5/4/2024","1:00","43.099","shrub","low_gate","summer24","low"
"20","5/4/2024","7:00","39.384","shrub","low_gate","summer24","low"
"21","5/4/2024","13:00","52.75","shrub","low_gate","summer24","low"
"22","5/4/2024","19:00","52.576","shrub","low_gate","summer24","low"
"23","5/5/2024","1:00","48.695","shrub","low_gate","summer24","low"
"24","5/5/2024","7:00","47.088","shrub","low_gate","summer24","low"
"25","5/5/2024","13:00","47.266","shrub","low_gate","summer24","low"
"26","5/5/2024","19:00","46.728","shrub","low_gate","summer24","low"
"27","5/6/2024","1:00","42.915","shrub","low_gate","summer24","low"
"28","5/6/2024","7:00","41.625","shrub","low_gate","summer24","low"
"29","5/6/2024","13:00","49.05","shrub","low_gate","summer24","low"
"30","5/6/2024","19:00","48.695","shrub","low_gate","summer24","low"
"31","5/7/2024","1:00","42.179","shrub","low_gate","summer24","low"
"32","5/7/2024","7:00","40.509","shrub","low_gate","summer24","low"
"33","5/7/2024","13:00","49.404","shrub","low_gate","summer24","low"
"34","5/7/2024","19:00","46.728","shrub","low_gate","summer24","low"
"35","5/8/2024","1:00","42.179","shrub","low_gate","summer24","low"
"36","5/8/2024","7:00","40.696","shrub","low_gate","summer24","low"
"37","5/8/2024","13:00","48.339","shrub","low_gate","summer24","low"
"38","5/8/2024","19:00","46.728","shrub","low_gate","summer24","low"
"39","5/9/2024","1:00","42.548","shrub","low_gate","summer24","low"
"40","5/9/2024","7:00","41.625","shrub","low_gate","summer24","low"
"41","5/9/2024","13:00","53.1","shrub","low_gate","summer24","low"
"42","5/9/2024","19:00","51.699","shrub","low_gate","summer24","low"
"43","5/10/2024","1:00","45.828","shrub","low_gate","summer24","low"
"44","5/10/2024","7:00","43.466","shrub","low_gate","summer24","low"
"45","5/10/2024","13:00","57.268","shrub","low_gate","summer24","low"
"46","5/10/2024","19:00","55.537","shrub","low_gate","summer24","low"
"47","5/11/2024","1:00","48.517","shrub","low_gate","summer24","low"
"48","5/11/2024","7:00","45.104","shrub","low_gate","summer24","low"
"49","5/11/2024","13:00","60.368","shrub","low_gate","summer24","low"
"50","5/11/2024","19:00","59.337","shrub","low_gate","summer24","low"
"51","5/12/2024","1:00","50.466","shrub","low_gate","summer24","low"
"52","5/12/2024","7:00","47.624","shrub","low_gate","summer24","low"
"53","5/12/2024","13:00","62.598","shrub","low_gate","summer24","low"
"54","5/12/2024","19:00","60.024","shrub","low_gate","summer24","low"
"55","5/13/2024","1:00","52.925","shrub","low_gate","summer24","low"
"56","5/13/2024","7:00","49.582","shrub","low_gate","summer24","low"
"57","5/13/2024","13:00","64.139","shrub","low_gate","summer24","low"
"58","5/13/2024","19:00","58.993","shrub","low_gate","summer24","low"
"59","5/14/2024","1:00","51.699","shrub","low_gate","summer24","low"
"60","5/14/2024","7:00","48.16","shrub","low_gate","summer24","low"
"61","5/14/2024","13:00","54.842","shrub","low_gate","summer24","low"
"62","5/14/2024","19:00","55.537","shrub","low_gate","summer24","low"
"63","5/15/2024","1:00","49.582","shrub","low_gate","summer24","low"
"64","5/15/2024","7:00","47.802","shrub","low_gate","summer24","low"
"65","5/15/2024","13:00","62.425","shrub","low_gate","summer24","low"
"66","5/15/2024","19:00","60.368","shrub","low_gate","summer24","low"
"67","5/16/2024","1:00","52.225","shrub","low_gate","summer24","low"
"68","5/16/2024","7:00","48.871","shrub","low_gate","summer24","low"
"69","5/16/2024","13:00","63.797","shrub","low_gate","summer24","low"
"70","5/16/2024","19:00","60.712","shrub","low_gate","summer24","low"
"71","5/17/2024","1:00","53.1","shrub","low_gate","summer24","low"
"72","5/17/2024","7:00","49.05","shrub","low_gate","summer24","low"
"73","5/17/2024","13:00","64.481","shrub","low_gate","summer24","low"
"74","5/17/2024","19:00","58.993","shrub","low_gate","summer24","low"
"75","5/18/2024","1:00","49.937","shrub","low_gate","summer24","low"
"76","5/18/2024","7:00","45.466","shrub","low_gate","summer24","low"
"77","5/18/2024","13:00","60.195","shrub","low_gate","summer24","low"
"78","5/18/2024","19:00","57.958","shrub","low_gate","summer24","low"
"79","5/19/2024","1:00","52.576","shrub","low_gate","summer24","low"
"80","5/19/2024","7:00","48.339","shrub","low_gate","summer24","low"
"81","5/19/2024","13:00","61.398","shrub","low_gate","summer24","low"
"82","5/19/2024","19:00","56.23","shrub","low_gate","summer24","low"
"83","5/20/2024","1:00","49.05","shrub","low_gate","summer24","low"
"84","5/20/2024","7:00","46.728","shrub","low_gate","summer24","low"
"85","5/20/2024","13:00","55.364","shrub","low_gate","summer24","low"
"86","5/20/2024","19:00","51.523","shrub","low_gate","summer24","low"
"87","5/21/2024","1:00","46.008","shrub","low_gate","summer24","low"
"88","5/21/2024","7:00","43.282","shrub","low_gate","summer24","low"
"89","5/21/2024","13:00","52.401","shrub","low_gate","summer24","low"
"90","5/21/2024","19:00","54.495","shrub","low_gate","summer24","low"
"91","5/22/2024","1:00","47.446","shrub","low_gate","summer24","low"
"92","5/22/2024","7:00","46.728","shrub","low_gate","summer24","low"
"93","5/22/2024","13:00","47.802","shrub","low_gate","summer24","low"
"94","5/22/2024","19:00","50.466","shrub","low_gate","summer24","low"
"95","5/23/2024","1:00","45.466","shrub","low_gate","summer24","low"
"96","5/23/2024","7:00","42.732","shrub","low_gate","summer24","low"
"97","5/23/2024","13:00","45.104","shrub","low_gate","summer24","low"
"98","5/23/2024","19:00","49.404","shrub","low_gate","summer24","low"
"99","5/24/2024","1:00","43.648","shrub","low_gate","summer24","low"
"100","5/24/2024","7:00","40.321","shrub","low_gate","summer24","low"
"101","5/24/2024","13:00","56.404","shrub","low_gate","summer24","low"
"102","5/24/2024","19:00","53.973","shrub","low_gate","summer24","low"
"103","5/25/2024","1:00","47.088","shrub","low_gate","summer24","low"
"104","5/25/2024","7:00","43.831","shrub","low_gate","summer24","low"
"105","5/25/2024","13:00","52.05","shrub","low_gate","summer24","low"
"106","5/25/2024","19:00","54.322","shrub","low_gate","summer24","low"
"107","5/26/2024","1:00","48.871","shrub","low_gate","summer24","low"
"108","5/26/2024","7:00","44.379","shrub","low_gate","summer24","low"
"109","5/26/2024","13:00","58.476","shrub","low_gate","summer24","low"
"110","5/26/2024","19:00","57.096","shrub","low_gate","summer24","low"
"111","5/27/2024","1:00","49.937","shrub","low_gate","summer24","low"
"112","5/27/2024","7:00","46.548","shrub","low_gate","summer24","low"
"113","5/27/2024","13:00","63.282","shrub","low_gate","summer24","low"
"114","5/27/2024","19:00","60.368","shrub","low_gate","summer24","low"
"115","5/28/2024","1:00","52.225","shrub","low_gate","summer24","low"
"116","5/28/2024","7:00","48.695","shrub","low_gate","summer24","low"
"117","5/28/2024","13:00","66.193","shrub","low_gate","summer24","low"
"118","5/28/2024","19:00","63.111","shrub","low_gate","summer24","low"
"119","5/29/2024","1:00","56.057","shrub","low_gate","summer24","low"
"120","5/29/2024","7:00","52.75","shrub","low_gate","summer24","low"
"121","5/29/2024","13:00","60.195","shrub","low_gate","summer24","low"
"122","5/29/2024","19:00","49.937","shrub","low_gate","summer24","low"
"123","5/30/2024","1:00","49.05","shrub","low_gate","summer24","low"
"124","5/30/2024","7:00","45.828","shrub","low_gate","summer24","low"
"125","5/30/2024","13:00","58.303","shrub","low_gate","summer24","low"
"126","5/30/2024","19:00","58.131","shrub","low_gate","summer24","low"
"127","5/31/2024","1:00","50.113","shrub","low_gate","summer24","low"
"128","5/31/2024","7:00","46.369","shrub","low_gate","summer24","low"
"129","5/31/2024","13:00","62.254","shrub","low_gate","summer24","low"
"130","5/31/2024","19:00","59.508","shrub","low_gate","summer24","low"
"131","6/1/2024","1:00","52.05","shrub","low_gate","summer24","low"
"132","6/1/2024","7:00","48.339","shrub","low_gate","summer24","low"
"133","6/1/2024","13:00","63.282","shrub","low_gate","summer24","low"
"134","6/1/2024","19:00","61.398","shrub","low_gate","summer24","low"
"135","6/2/2024","1:00","56.404","shrub","low_gate","summer24","low"
"136","6/2/2024","7:00","53.449","shrub","low_gate","summer24","low"
"137","6/2/2024","13:00","60.712","shrub","low_gate","summer24","low"
"138","6/2/2024","19:00","62.083","shrub","low_gate","summer24","low"
"139","6/3/2024","1:00","55.884","shrub","low_gate","summer24","low"
"140","6/3/2024","7:00","54.322","shrub","low_gate","summer24","low"
"141","6/3/2024","13:00","58.476","shrub","low_gate","summer24","low"
"142","6/3/2024","19:00","59.68","shrub","low_gate","summer24","low"
"143","6/4/2024","1:00","53.973","shrub","low_gate","summer24","low"
"144","6/4/2024","7:00","49.228","shrub","low_gate","summer24","low"
"145","6/4/2024","13:00","65.851","shrub","low_gate","summer24","low"
"146","6/4/2024","19:00","63.968","shrub","low_gate","summer24","low"
"147","6/5/2024","1:00","56.923","shrub","low_gate","summer24","low"
"148","6/5/2024","7:00","52.925","shrub","low_gate","summer24","low"
"149","6/5/2024","13:00","69.449","shrub","low_gate","summer24","low"
"150","6/5/2024","19:00","67.392","shrub","low_gate","summer24","low"
"151","6/6/2024","1:00","58.993","shrub","low_gate","summer24","low"
"152","6/6/2024","7:00","54.495","shrub","low_gate","summer24","low"
"153","6/6/2024","13:00","70.48","shrub","low_gate","summer24","low"
"154","6/6/2024","19:00","68.763","shrub","low_gate","summer24","low"
"155","6/7/2024","1:00","61.054","shrub","low_gate","summer24","low"
"156","6/7/2024","7:00","56.923","shrub","low_gate","summer24","low"
"157","6/7/2024","13:00","73.926","shrub","low_gate","summer24","low"
"158","6/7/2024","19:00","69.793","shrub","low_gate","summer24","low"
"159","6/8/2024","1:00","61.398","shrub","low_gate","summer24","low"
"160","6/8/2024","7:00","56.923","shrub","low_gate","summer24","low"
"161","6/8/2024","13:00","73.58","shrub","low_gate","summer24","low"
"162","6/8/2024","19:00","69.449","shrub","low_gate","summer24","low"
"163","6/9/2024","1:00","61.398","shrub","low_gate","summer24","low"
"164","6/9/2024","7:00","58.82","shrub","low_gate","summer24","low"
"165","6/9/2024","13:00","71.339","shrub","low_gate","summer24","low"
"166","6/9/2024","19:00","63.455","shrub","low_gate","summer24","low"
"167","6/10/2024","1:00","59.68","shrub","low_gate","summer24","low"
"168","6/10/2024","7:00","57.268","shrub","low_gate","summer24","low"
"169","6/10/2024","13:00","72.199","shrub","low_gate","summer24","low"
"170","6/10/2024","19:00","66.537","shrub","low_gate","summer24","low"
"171","6/11/2024","1:00","59.164","shrub","low_gate","summer24","low"
"172","6/11/2024","7:00","55.017","shrub","low_gate","summer24","low"
"173","6/11/2024","13:00","69.964","shrub","low_gate","summer24","low"
"174","6/11/2024","19:00","67.735","shrub","low_gate","summer24","low"
"175","6/12/2024","1:00","60.024","shrub","low_gate","summer24","low"
"176","6/12/2024","7:00","55.537","shrub","low_gate","summer24","low"
"177","6/12/2024","13:00","71.856","shrub","low_gate","summer24","low"
"178","6/12/2024","19:00","68.763","shrub","low_gate","summer24","low"
"179","6/13/2024","1:00","60.712","shrub","low_gate","summer24","low"
"180","6/13/2024","7:00","56.923","shrub","low_gate","summer24","low"
"181","6/13/2024","13:00","72.891","shrub","low_gate","summer24","low"
"182","6/13/2024","19:00","70.48","shrub","low_gate","summer24","low"
"183","6/14/2024","1:00","63.797","shrub","low_gate","summer24","low"
"184","6/14/2024","7:00","61.227","shrub","low_gate","summer24","low"
"185","6/14/2024","13:00","75.832","shrub","low_gate","summer24","low"
"186","6/14/2024","19:00","71.339","shrub","low_gate","summer24","low"
"187","6/15/2024","1:00","62.94","shrub","low_gate","summer24","low"
"188","6/15/2024","7:00","60.195","shrub","low_gate","summer24","low"
"189","6/15/2024","13:00","72.199","shrub","low_gate","summer24","low"
"190","6/15/2024","19:00","67.392","shrub","low_gate","summer24","low"
"191","6/16/2024","1:00","58.993","shrub","low_gate","summer24","low"
"192","6/16/2024","7:00","53.973","shrub","low_gate","summer24","low"
"193","6/16/2024","13:00","70.308","shrub","low_gate","summer24","low"
"194","6/16/2024","19:00","66.366","shrub","low_gate","summer24","low"
"195","6/17/2024","1:00","60.368","shrub","low_gate","summer24","low"
"196","6/17/2024","7:00","57.785","shrub","low_gate","summer24","low"
"197","6/17/2024","13:00","59.337","shrub","low_gate","summer24","low"
"198","6/17/2024","19:00","58.131","shrub","low_gate","summer24","low"
"199","6/18/2024","1:00","51.523","shrub","low_gate","summer24","low"
"200","6/18/2024","7:00","48.695","shrub","low_gate","summer24","low"
"201","6/18/2024","13:00","62.598","shrub","low_gate","summer24","low"
"202","6/18/2024","19:00","60.712","shrub","low_gate","summer24","low"
"203","6/19/2024","1:00","51.874","shrub","low_gate","summer24","low"
"204","6/19/2024","7:00","48.339","shrub","low_gate","summer24","low"
"205","6/19/2024","13:00","68.763","shrub","low_gate","summer24","low"
"206","6/19/2024","19:00","64.825","shrub","low_gate","summer24","low"
"207","6/20/2024","1:00","55.017","shrub","low_gate","summer24","low"
"208","6/20/2024","7:00","52.75","shrub","low_gate","summer24","low"
"209","6/20/2024","13:00","72.372","shrub","low_gate","summer24","low"
"210","6/20/2024","19:00","71.512","shrub","low_gate","summer24","low"
"211","6/21/2024","1:00","60.712","shrub","low_gate","summer24","low"
"212","6/21/2024","7:00","57.958","shrub","low_gate","summer24","low"
"213","6/21/2024","13:00","77.05","shrub","low_gate","summer24","low"
"214","6/21/2024","19:00","74.446","shrub","low_gate","summer24","low"
"215","6/22/2024","1:00","64.31","shrub","low_gate","summer24","low"
"216","6/22/2024","7:00","58.993","shrub","low_gate","summer24","low"
"217","6/22/2024","13:00","79.151","shrub","low_gate","summer24","low"
"218","6/22/2024","19:00","75.312","shrub","low_gate","summer24","low"
"219","6/23/2024","1:00","64.139","shrub","low_gate","summer24","low"
"220","6/23/2024","7:00","60.368","shrub","low_gate","summer24","low"
"221","6/23/2024","13:00","80.735","shrub","low_gate","summer24","low"
"222","6/23/2024","19:00","76.703","shrub","low_gate","summer24","low"
"223","6/24/2024","1:00","65.509","shrub","low_gate","summer24","low"
"224","6/24/2024","7:00","61.054","shrub","low_gate","summer24","low"
"225","6/24/2024","13:00","81.442","shrub","low_gate","summer24","low"
"226","6/24/2024","19:00","76.876","shrub","low_gate","summer24","low"
"227","6/25/2024","1:00","65.851","shrub","low_gate","summer24","low"
"228","6/25/2024","7:00","61.054","shrub","low_gate","summer24","low"
"229","6/25/2024","13:00","82.152","shrub","low_gate","summer24","low"
"230","6/25/2024","19:00","80.206","shrub","low_gate","summer24","low"
"231","6/26/2024","1:00","67.564","shrub","low_gate","summer24","low"
"232","6/26/2024","7:00","64.481","shrub","low_gate","summer24","low"
"233","6/26/2024","13:00","72.545","shrub","low_gate","summer24","low"
"234","6/26/2024","19:00","73.062","shrub","low_gate","summer24","low"
"235","6/27/2024","1:00","65.68","shrub","low_gate","summer24","low"
"236","6/27/2024","7:00","62.769","shrub","low_gate","summer24","low"
"237","6/27/2024","13:00","76.703","shrub","low_gate","summer24","low"
"238","6/27/2024","19:00","73.234","shrub","low_gate","summer24","low"
"239","6/28/2024","1:00","63.455","shrub","low_gate","summer24","low"
"240","6/28/2024","7:00","58.131","shrub","low_gate","summer24","low"
"241","6/28/2024","13:00","78.449","shrub","low_gate","summer24","low"
"242","6/28/2024","19:00","73.234","shrub","low_gate","summer24","low"
"243","6/29/2024","1:00","62.769","shrub","low_gate","summer24","low"
"244","6/29/2024","7:00","58.647","shrub","low_gate","summer24","low"
"245","6/29/2024","13:00","79.502","shrub","low_gate","summer24","low"
"246","6/29/2024","19:00","76.876","shrub","low_gate","summer24","low"
"247","6/30/2024","1:00","67.735","shrub","low_gate","summer24","low"
"248","6/30/2024","7:00","65.167","shrub","low_gate","summer24","low"
"249","6/30/2024","13:00","80.206","shrub","low_gate","summer24","low"
"250","6/30/2024","19:00","76.006","shrub","low_gate","summer24","low"
"251","7/1/2024","1:00","67.906","shrub","low_gate","summer24","low"
"252","7/1/2024","7:00","63.797","shrub","low_gate","summer24","low"
"253","7/1/2024","13:00","69.964","shrub","low_gate","summer24","low"
"254","7/1/2024","19:00","64.139","shrub","low_gate","summer24","low"
"255","7/2/2024","1:00","58.131","shrub","low_gate","summer24","low"
"256","7/2/2024","7:00","53.449","shrub","low_gate","summer24","low"
"257","7/2/2024","13:00","70.308","shrub","low_gate","summer24","low"
"258","7/2/2024","19:00","67.906","shrub","low_gate","summer24","low"
"259","7/3/2024","1:00","59.508","shrub","low_gate","summer24","low"
"260","7/3/2024","7:00","55.711","shrub","low_gate","summer24","low"
"261","7/3/2024","13:00","68.248","shrub","low_gate","summer24","low"
"262","7/3/2024","19:00","67.392","shrub","low_gate","summer24","low"
"263","7/4/2024","1:00","58.82","shrub","low_gate","summer24","low"
"264","7/4/2024","7:00","54.842","shrub","low_gate","summer24","low"
"265","7/4/2024","13:00","71.512","shrub","low_gate","summer24","low"
"266","7/4/2024","19:00","68.934","shrub","low_gate","summer24","low"
"267","7/5/2024","1:00","60.195","shrub","low_gate","summer24","low"
"268","7/5/2024","7:00","56.75","shrub","low_gate","summer24","low"
"269","7/5/2024","13:00","75.139","shrub","low_gate","summer24","low"
"270","7/5/2024","19:00","72.891","shrub","low_gate","summer24","low"
"271","7/6/2024","1:00","63.626","shrub","low_gate","summer24","low"
"272","7/6/2024","7:00","59.337","shrub","low_gate","summer24","low"
"273","7/6/2024","13:00","76.876","shrub","low_gate","summer24","low"
"274","7/6/2024","19:00","75.659","shrub","low_gate","summer24","low"
"275","7/7/2024","1:00","65.509","shrub","low_gate","summer24","low"
"276","7/7/2024","7:00","61.227","shrub","low_gate","summer24","low"
"277","7/7/2024","13:00","76.528","shrub","low_gate","summer24","low"
"278","7/7/2024","19:00","74.271","shrub","low_gate","summer24","low"
"279","7/8/2024","1:00","64.652","shrub","low_gate","summer24","low"
"280","7/8/2024","7:00","60.883","shrub","low_gate","summer24","low"
"281","7/8/2024","13:00","80.559","shrub","low_gate","summer24","low"
"282","7/8/2024","19:00","78.098","shrub","low_gate","summer24","low"
"283","7/9/2024","1:00","67.564","shrub","low_gate","summer24","low"
"284","7/9/2024","7:00","63.455","shrub","low_gate","summer24","low"
"285","7/9/2024","13:00","83.221","shrub","low_gate","summer24","low"
"286","7/9/2024","19:00","103.307","shrub","low_gate","summer24","low"
"287","7/10/2024","1:00","73.753","shrub","low_gate","summer24","low"
"288","7/10/2024","7:00","61.398","shrub","low_gate","summer24","low"
"289","7/10/2024","13:00","95.783","shrub","low_gate","summer24","low"
"290","7/10/2024","19:00","76.876","shrub","low_gate","summer24","low"
"291","7/11/2024","1:00","76.181","shrub","low_gate","summer24","low"
"292","7/11/2024","7:00","73.753","shrub","low_gate","summer24","low"
"293","7/11/2024","13:00","75.139","shrub","low_gate","summer24","low"
"294","7/11/2024","19:00","76.876","shrub","low_gate","summer24","low"
"295","7/12/2024","1:00","76.528","shrub","low_gate","summer24","low"
"296","7/12/2024","7:00","74.271","shrub","low_gate","summer24","low"
"297","7/12/2024","13:00","75.659","shrub","low_gate","summer24","low"
"298","7/12/2024","19:00","77.4","shrub","low_gate","summer24","low"
"299","7/13/2024","1:00","76.876","shrub","low_gate","summer24","low"
"300","7/13/2024","7:00","74.619","shrub","low_gate","summer24","low"
"301","7/13/2024","13:00","75.659","shrub","low_gate","summer24","low"
"302","7/13/2024","19:00","77.4","shrub","low_gate","summer24","low"
"303","7/14/2024","1:00","76.876","shrub","low_gate","summer24","low"
"304","7/14/2024","7:00","76.006","shrub","low_gate","summer24","low"
"305","7/14/2024","13:00","77.4","shrub","low_gate","summer24","low"
"306","7/14/2024","19:00","78.624","shrub","low_gate","summer24","low"
"307","7/15/2024","1:00","78.098","shrub","low_gate","summer24","low"
"308","7/15/2024","7:00","76.354","shrub","low_gate","summer24","low"
"309","7/15/2024","13:00","77.4","shrub","low_gate","summer24","low"
"310","7/15/2024","19:00","78.098","shrub","low_gate","summer24","low"
"311","7/16/2024","1:00","77.749","shrub","low_gate","summer24","low"
"312","7/16/2024","7:00","75.659","shrub","low_gate","summer24","low"
"313","7/16/2024","13:00","75.832","shrub","low_gate","summer24","low"
"314","7/16/2024","19:00","77.225","shrub","low_gate","summer24","low"
"315","7/17/2024","1:00","76.876","shrub","low_gate","summer24","low"
"316","7/17/2024","7:00","74.619","shrub","low_gate","summer24","low"
"317","7/17/2024","13:00","76.006","shrub","low_gate","summer24","low"
"318","7/17/2024","19:00","77.749","shrub","low_gate","summer24","low"
"319","7/18/2024","1:00","76.703","shrub","low_gate","summer24","low"
"320","7/18/2024","7:00","74.791","shrub","low_gate","summer24","low"
"321","7/18/2024","13:00","75.659","shrub","low_gate","summer24","low"
"322","7/18/2024","19:00","77.749","shrub","low_gate","summer24","low"
"323","7/19/2024","1:00","76.876","shrub","low_gate","summer24","low"
"324","7/19/2024","7:00","75.139","shrub","low_gate","summer24","low"
"325","7/19/2024","13:00","76.703","shrub","low_gate","summer24","low"
"326","7/19/2024","19:00","77.923","shrub","low_gate","summer24","low"
"327","7/20/2024","1:00","77.05","shrub","low_gate","summer24","low"
"328","7/20/2024","7:00","74.964","shrub","low_gate","summer24","low"
"329","7/20/2024","13:00","75.832","shrub","low_gate","summer24","low"
"330","7/20/2024","19:00","77.749","shrub","low_gate","summer24","low"
"331","7/21/2024","1:00","77.4","shrub","low_gate","summer24","low"
"332","7/21/2024","7:00","75.484","shrub","low_gate","summer24","low"
"333","7/21/2024","13:00","76.181","shrub","low_gate","summer24","low"
"334","7/21/2024","19:00","78.449","shrub","low_gate","summer24","low"
"335","7/22/2024","1:00","77.923","shrub","low_gate","summer24","low"
"336","7/22/2024","7:00","76.006","shrub","low_gate","summer24","low"
"337","7/22/2024","13:00","76.876","shrub","low_gate","summer24","low"
"338","7/22/2024","19:00","78.098","shrub","low_gate","summer24","low"
"339","7/23/2024","1:00","77.225","shrub","low_gate","summer24","low"
"340","7/23/2024","7:00","74.098","shrub","low_gate","summer24","low"
"341","7/23/2024","13:00","76.006","shrub","low_gate","summer24","low"
"342","7/23/2024","19:00","77.574","shrub","low_gate","summer24","low"
"343","7/24/2024","1:00","77.05","shrub","low_gate","summer24","low"
"344","7/24/2024","7:00","75.139","shrub","low_gate","summer24","low"
"345","7/24/2024","13:00","76.006","shrub","low_gate","summer24","low"
"346","7/24/2024","19:00","77.4","shrub","low_gate","summer24","low"
"347","7/25/2024","1:00","76.876","shrub","low_gate","summer24","low"
"348","7/25/2024","7:00","75.832","shrub","low_gate","summer24","low"
"349","7/25/2024","13:00","76.528","shrub","low_gate","summer24","low"
"350","7/25/2024","19:00","77.05","shrub","low_gate","summer24","low"
"351","7/26/2024","1:00","75.832","shrub","low_gate","summer24","low"
"352","7/26/2024","7:00","74.271","shrub","low_gate","summer24","low"
"353","7/26/2024","13:00","75.139","shrub","low_gate","summer24","low"
"354","7/26/2024","19:00","76.354","shrub","low_gate","summer24","low"
"355","7/27/2024","1:00","75.484","shrub","low_gate","summer24","low"
"356","7/27/2024","7:00","73.753","shrub","low_gate","summer24","low"
"357","7/27/2024","13:00","72.718","shrub","low_gate","summer24","low"
"358","7/27/2024","19:00","73.926","shrub","low_gate","summer24","low"
"359","7/28/2024","1:00","72.372","shrub","low_gate","summer24","low"
"360","7/28/2024","7:00","71.339","shrub","low_gate","summer24","low"
"361","7/28/2024","13:00","72.545","shrub","low_gate","summer24","low"
"362","7/28/2024","19:00","74.619","shrub","low_gate","summer24","low"
"363","7/29/2024","1:00","73.58","shrub","low_gate","summer24","low"
"364","7/29/2024","7:00","71.856","shrub","low_gate","summer24","low"
"365","7/29/2024","13:00","73.58","shrub","low_gate","summer24","low"
"366","7/29/2024","19:00","74.619","shrub","low_gate","summer24","low"
"367","7/30/2024","1:00","73.58","shrub","low_gate","summer24","low"
"368","7/30/2024","7:00","71.683","shrub","low_gate","summer24","low"
"369","7/30/2024","13:00","73.407","shrub","low_gate","summer24","low"
"370","7/30/2024","19:00","75.139","shrub","low_gate","summer24","low"
"371","7/31/2024","1:00","73.58","shrub","low_gate","summer24","low"
"372","7/31/2024","7:00","72.028","shrub","low_gate","summer24","low"
"373","7/31/2024","13:00","73.234","shrub","low_gate","summer24","low"
"374","7/31/2024","19:00","74.791","shrub","low_gate","summer24","low"
"375","8/1/2024","1:00","73.753","shrub","low_gate","summer24","low"
"376","8/1/2024","7:00","71.683","shrub","low_gate","summer24","low"
"377","8/1/2024","13:00","72.891","shrub","low_gate","summer24","low"
"378","8/1/2024","19:00","74.791","shrub","low_gate","summer24","low"
"379","8/2/2024","1:00","74.619","shrub","low_gate","summer24","low"
"380","8/2/2024","7:00","72.718","shrub","low_gate","summer24","low"
"381","8/2/2024","13:00","73.926","shrub","low_gate","summer24","low"
"382","8/2/2024","19:00","75.484","shrub","low_gate","summer24","low"
"383","8/3/2024","1:00","75.312","shrub","low_gate","summer24","low"
"384","8/3/2024","7:00","73.753","shrub","low_gate","summer24","low"
"385","8/3/2024","13:00","74.964","shrub","low_gate","summer24","low"
"386","8/3/2024","19:00","77.225","shrub","low_gate","summer24","low"
"387","8/4/2024","1:00","76.876","shrub","low_gate","summer24","low"
"388","8/4/2024","7:00","75.484","shrub","low_gate","summer24","low"
"389","8/4/2024","13:00","76.006","shrub","low_gate","summer24","low"
"390","8/4/2024","19:00","77.4","shrub","low_gate","summer24","low"
"391","8/5/2024","1:00","76.876","shrub","low_gate","summer24","low"
"392","8/5/2024","7:00","75.139","shrub","low_gate","summer24","low"
"393","8/5/2024","13:00","76.181","shrub","low_gate","summer24","low"
"394","8/5/2024","19:00","77.574","shrub","low_gate","summer24","low"
"395","8/6/2024","1:00","76.703","shrub","low_gate","summer24","low"
"396","8/6/2024","7:00","75.312","shrub","low_gate","summer24","low"
"397","8/6/2024","13:00","76.181","shrub","low_gate","summer24","low"
"398","8/6/2024","19:00","77.225","shrub","low_gate","summer24","low"
"399","8/7/2024","1:00","76.181","shrub","low_gate","summer24","low"
"400","8/7/2024","7:00","74.446","shrub","low_gate","summer24","low"
"401","8/7/2024","13:00","75.139","shrub","low_gate","summer24","low"
"402","8/7/2024","19:00","76.006","shrub","low_gate","summer24","low"
"403","8/8/2024","1:00","75.139","shrub","low_gate","summer24","low"
"404","8/8/2024","7:00","72.372","shrub","low_gate","summer24","low"
"405","8/8/2024","13:00","73.407","shrub","low_gate","summer24","low"
"406","8/8/2024","19:00","75.312","shrub","low_gate","summer24","low"
"407","8/9/2024","1:00","74.619","shrub","low_gate","summer24","low"
"408","8/9/2024","7:00","72.891","shrub","low_gate","summer24","low"
"409","8/9/2024","13:00","73.407","shrub","low_gate","summer24","low"
"410","8/9/2024","19:00","73.234","shrub","low_gate","summer24","low"
"411","8/10/2024","1:00","69.964","shrub","low_gate","summer24","low"
"412","8/10/2024","7:00","69.622","shrub","low_gate","summer24","low"
"413","8/10/2024","13:00","70.995","shrub","low_gate","summer24","low"
"414","8/10/2024","19:00","73.407","shrub","low_gate","summer24","low"
"415","8/11/2024","1:00","73.407","shrub","low_gate","summer24","low"
"416","8/11/2024","7:00","71.683","shrub","low_gate","summer24","low"
"417","8/11/2024","13:00","72.372","shrub","low_gate","summer24","low"
"418","8/11/2024","19:00","74.446","shrub","low_gate","summer24","low"
"419","8/12/2024","1:00","74.271","shrub","low_gate","summer24","low"
"420","8/12/2024","7:00","73.062","shrub","low_gate","summer24","low"
"421","8/12/2024","13:00","73.926","shrub","low_gate","summer24","low"
"422","8/12/2024","19:00","74.791","shrub","low_gate","summer24","low"
"423","8/13/2024","1:00","70.824","shrub","low_gate","summer24","low"
"424","8/13/2024","7:00","69.278","shrub","low_gate","summer24","low"
"425","8/13/2024","13:00","74.446","shrub","low_gate","summer24","low"
"426","8/13/2024","19:00","73.407","shrub","low_gate","summer24","low"
"427","8/14/2024","1:00","69.278","shrub","low_gate","summer24","low"
"428","8/14/2024","7:00","68.077","shrub","low_gate","summer24","low"
"429","8/14/2024","13:00","75.659","shrub","low_gate","summer24","low"
"430","8/14/2024","19:00","74.619","shrub","low_gate","summer24","low"
"431","8/15/2024","1:00","70.48","shrub","low_gate","summer24","low"
"432","8/15/2024","7:00","68.248","shrub","low_gate","summer24","low"
"433","8/15/2024","13:00","73.407","shrub","low_gate","summer24","low"
"434","8/15/2024","19:00","74.791","shrub","low_gate","summer24","low"
"435","8/16/2024","1:00","70.48","shrub","low_gate","summer24","low"
"436","8/16/2024","7:00","68.077","shrub","low_gate","summer24","low"
"437","8/16/2024","13:00","74.098","shrub","low_gate","summer24","low"
"438","8/16/2024","19:00","74.791","shrub","low_gate","summer24","low"
"439","8/17/2024","1:00","71.512","shrub","low_gate","summer24","low"
"440","8/17/2024","7:00","68.763","shrub","low_gate","summer24","low"
"441","8/17/2024","13:00","74.791","shrub","low_gate","summer24","low"
"442","8/17/2024","19:00","72.891","shrub","low_gate","summer24","low"
"443","8/18/2024","1:00","69.964","shrub","low_gate","summer24","low"
"444","8/18/2024","7:00","68.763","shrub","low_gate","summer24","low"
"445","8/18/2024","13:00","73.926","shrub","low_gate","summer24","low"
"446","8/18/2024","19:00","76.528","shrub","low_gate","summer24","low"
"447","8/19/2024","1:00","71.856","shrub","low_gate","summer24","low"
"448","8/19/2024","7:00","70.137","shrub","low_gate","summer24","low"
"449","8/19/2024","13:00","74.271","shrub","low_gate","summer24","low"
"450","8/19/2024","19:00","75.484","shrub","low_gate","summer24","low"
"451","8/20/2024","1:00","73.234","shrub","low_gate","summer24","low"
"452","8/20/2024","7:00","70.995","shrub","low_gate","summer24","low"
"453","8/20/2024","13:00","75.139","shrub","low_gate","summer24","low"
"454","8/20/2024","19:00","75.659","shrub","low_gate","summer24","low"
"455","8/21/2024","1:00","72.718","shrub","low_gate","summer24","low"
"456","8/21/2024","7:00","69.107","shrub","low_gate","summer24","low"
"457","8/21/2024","13:00","74.098","shrub","low_gate","summer24","low"
"458","8/21/2024","19:00","74.791","shrub","low_gate","summer24","low"
"459","8/22/2024","1:00","70.308","shrub","low_gate","summer24","low"
"460","8/22/2024","7:00","68.248","shrub","low_gate","summer24","low"
"461","8/22/2024","13:00","73.234","shrub","low_gate","summer24","low"
"462","8/22/2024","19:00","75.139","shrub","low_gate","summer24","low"
"463","8/23/2024","1:00","71.683","shrub","low_gate","summer24","low"
"464","8/23/2024","7:00","69.449","shrub","low_gate","summer24","low"
"465","8/23/2024","13:00","75.139","shrub","low_gate","summer24","low"
"2100","4/29/2024","19:00","59.851","shrub","low_north","summer24","low"
"3100","4/30/2024","1:00","57.441","shrub","low_north","summer24","low"
"466","4/30/2024","7:00","56.75","shrub","low_north","summer24","low"
"510","4/30/2024","13:00","47.802","shrub","low_north","summer24","low"
"610","4/30/2024","19:00","53.274","shrub","low_north","summer24","low"
"710","5/1/2024","1:00","43.282","shrub","low_north","summer24","low"
"810","5/1/2024","7:00","38.44","shrub","low_north","summer24","low"
"910","5/1/2024","13:00","45.828","shrub","low_north","summer24","low"
"1010","5/1/2024","19:00","45.828","shrub","low_north","summer24","low"
"1110","5/2/2024","1:00","39.007","shrub","low_north","summer24","low"
"1210","5/2/2024","7:00","35.758","shrub","low_north","summer24","low"
"1310","5/2/2024","13:00","46.008","shrub","low_north","summer24","low"
"1410","5/2/2024","19:00","51.699","shrub","low_north","summer24","low"
"1510","5/3/2024","1:00","44.195","shrub","low_north","summer24","low"
"1610","5/3/2024","7:00","39.947","shrub","low_north","summer24","low"
"1710","5/3/2024","13:00","49.582","shrub","low_north","summer24","low"
"1810","5/3/2024","19:00","53.1","shrub","low_north","summer24","low"
"1910","5/4/2024","1:00","44.56","shrub","low_north","summer24","low"
"2010","5/4/2024","7:00","40.134","shrub","low_north","summer24","low"
"2110","5/4/2024","13:00","51.699","shrub","low_north","summer24","low"
"2210","5/4/2024","19:00","57.441","shrub","low_north","summer24","low"
"2310","5/5/2024","1:00","50.819","shrub","low_north","summer24","low"
"2410","5/5/2024","7:00","48.517","shrub","low_north","summer24","low"
"2510","5/5/2024","13:00","49.05","shrub","low_north","summer24","low"
"2610","5/5/2024","19:00","49.582","shrub","low_north","summer24","low"
"2710","5/6/2024","1:00","44.379","shrub","low_north","summer24","low"
"2810","5/6/2024","7:00","42.363","shrub","low_north","summer24","low"
"2910","5/6/2024","13:00","49.05","shrub","low_north","summer24","low"
"3010","5/6/2024","19:00","54.147","shrub","low_north","summer24","low"
"3110","5/7/2024","1:00","43.831","shrub","low_north","summer24","low"
"3210","5/7/2024","7:00","40.696","shrub","low_north","summer24","low"
"3310","5/7/2024","13:00","48.339","shrub","low_north","summer24","low"
"3410","5/7/2024","19:00","49.228","shrub","low_north","summer24","low"
"3510","5/8/2024","1:00","43.466","shrub","low_north","summer24","low"
"3610","5/8/2024","7:00","41.254","shrub","low_north","summer24","low"
"3710","5/8/2024","13:00","47.802","shrub","low_north","summer24","low"
"3810","5/8/2024","19:00","49.228","shrub","low_north","summer24","low"
"3910","5/9/2024","1:00","43.648","shrub","low_north","summer24","low"
"4010","5/9/2024","7:00","41.994","shrub","low_north","summer24","low"
"4110","5/9/2024","13:00","50.819","shrub","low_north","summer24","low"
"4210","5/9/2024","19:00","54.322","shrub","low_north","summer24","low"
"4310","5/10/2024","1:00","47.446","shrub","low_north","summer24","low"
"4410","5/10/2024","7:00","44.013","shrub","low_north","summer24","low"
"4510","5/10/2024","13:00","55.364","shrub","low_north","summer24","low"
"467","5/10/2024","19:00","61.398","shrub","low_north","summer24","low"
"471","5/11/2024","1:00","51.523","shrub","low_north","summer24","low"
"481","5/11/2024","7:00","46.369","shrub","low_north","summer24","low"
"491","5/11/2024","13:00","57.785","shrub","low_north","summer24","low"
"501","5/11/2024","19:00","64.31","shrub","low_north","summer24","low"
"511","5/12/2024","1:00","53.623","shrub","low_north","summer24","low"
"521","5/12/2024","7:00","49.05","shrub","low_north","summer24","low"
"531","5/12/2024","13:00","60.024","shrub","low_north","summer24","low"
"541","5/12/2024","19:00","65.68","shrub","low_north","summer24","low"
"551","5/13/2024","1:00","56.404","shrub","low_north","summer24","low"
"561","5/13/2024","7:00","51.699","shrub","low_north","summer24","low"
"571","5/13/2024","13:00","61.569","shrub","low_north","summer24","low"
"581","5/13/2024","19:00","61.741","shrub","low_north","summer24","low"
"591","5/14/2024","1:00","53.973","shrub","low_north","summer24","low"
"601","5/14/2024","7:00","49.582","shrub","low_north","summer24","low"
"611","5/14/2024","13:00","54.147","shrub","low_north","summer24","low"
"621","5/14/2024","19:00","58.647","shrub","low_north","summer24","low"
"631","5/15/2024","1:00","51.346","shrub","low_north","summer24","low"
"641","5/15/2024","7:00","49.05","shrub","low_north","summer24","low"
"651","5/15/2024","13:00","58.131","shrub","low_north","summer24","low"
"661","5/15/2024","19:00","64.481","shrub","low_north","summer24","low"
"671","5/16/2024","1:00","54.669","shrub","low_north","summer24","low"
"681","5/16/2024","7:00","49.759","shrub","low_north","summer24","low"
"691","5/16/2024","13:00","60.539","shrub","low_north","summer24","low"
"701","5/16/2024","19:00","66.537","shrub","low_north","summer24","low"
"711","5/17/2024","1:00","55.711","shrub","low_north","summer24","low"
"721","5/17/2024","7:00","50.113","shrub","low_north","summer24","low"
"731","5/17/2024","13:00","60.024","shrub","low_north","summer24","low"
"741","5/17/2024","19:00","64.31","shrub","low_north","summer24","low"
"751","5/18/2024","1:00","52.75","shrub","low_north","summer24","low"
"761","5/18/2024","7:00","46.728","shrub","low_north","summer24","low"
"771","5/18/2024","13:00","56.923","shrub","low_north","summer24","low"
"781","5/18/2024","19:00","64.481","shrub","low_north","summer24","low"
"791","5/19/2024","1:00","55.364","shrub","low_north","summer24","low"
"801","5/19/2024","7:00","49.582","shrub","low_north","summer24","low"
"811","5/19/2024","13:00","58.647","shrub","low_north","summer24","low"
"821","5/19/2024","19:00","59.164","shrub","low_north","summer24","low"
"831","5/20/2024","1:00","51.172","shrub","low_north","summer24","low"
"841","5/20/2024","7:00","47.624","shrub","low_north","summer24","low"
"851","5/20/2024","13:00","55.364","shrub","low_north","summer24","low"
"861","5/20/2024","19:00","54.669","shrub","low_north","summer24","low"
"871","5/21/2024","1:00","47.446","shrub","low_north","summer24","low"
"881","5/21/2024","7:00","43.466","shrub","low_north","summer24","low"
"891","5/21/2024","13:00","52.05","shrub","low_north","summer24","low"
"901","5/21/2024","19:00","58.993","shrub","low_north","summer24","low"
"911","5/22/2024","1:00","49.05","shrub","low_north","summer24","low"
"921","5/22/2024","7:00","47.802","shrub","low_north","summer24","low"
"931","5/22/2024","13:00","48.517","shrub","low_north","summer24","low"
"941","5/22/2024","19:00","52.75","shrub","low_north","summer24","low"
"951","5/23/2024","1:00","47.088","shrub","low_north","summer24","low"
"961","5/23/2024","7:00","43.466","shrub","low_north","summer24","low"
"971","5/23/2024","13:00","42.548","shrub","low_north","summer24","low"
"981","5/23/2024","19:00","48.871","shrub","low_north","summer24","low"
"991","5/24/2024","1:00","43.648","shrub","low_north","summer24","low"
"1001","5/24/2024","7:00","40.134","shrub","low_north","summer24","low"
"1011","5/24/2024","13:00","51.874","shrub","low_north","summer24","low"
"1021","5/24/2024","19:00","58.993","shrub","low_north","summer24","low"
"1031","5/25/2024","1:00","48.695","shrub","low_north","summer24","low"
"1041","5/25/2024","7:00","44.379","shrub","low_north","summer24","low"
"1051","5/25/2024","13:00","51.523","shrub","low_north","summer24","low"
"1061","5/25/2024","19:00","58.993","shrub","low_north","summer24","low"
"1071","5/26/2024","1:00","50.819","shrub","low_north","summer24","low"
"1081","5/26/2024","7:00","45.648","shrub","low_north","summer24","low"
"1091","5/26/2024","13:00","55.189","shrub","low_north","summer24","low"
"1101","5/26/2024","19:00","60.368","shrub","low_north","summer24","low"
"1111","5/27/2024","1:00","52.05","shrub","low_north","summer24","low"
"1121","5/27/2024","7:00","47.802","shrub","low_north","summer24","low"
"1131","5/27/2024","13:00","57.785","shrub","low_north","summer24","low"
"1141","5/27/2024","19:00","67.05","shrub","low_north","summer24","low"
"1151","5/28/2024","1:00","55.189","shrub","low_north","summer24","low"
"1161","5/28/2024","7:00","50.29","shrub","low_north","summer24","low"
"1171","5/28/2024","13:00","61.054","shrub","low_north","summer24","low"
"1181","5/28/2024","19:00","67.735","shrub","low_north","summer24","low"
"1191","5/29/2024","1:00","58.993","shrub","low_north","summer24","low"
"1201","5/29/2024","7:00","54.495","shrub","low_north","summer24","low"
"1211","5/29/2024","13:00","59.337","shrub","low_north","summer24","low"
"1221","5/29/2024","19:00","57.268","shrub","low_north","summer24","low"
"1231","5/30/2024","1:00","51.172","shrub","low_north","summer24","low"
"1241","5/30/2024","7:00","46.548","shrub","low_north","summer24","low"
"1251","5/30/2024","13:00","56.23","shrub","low_north","summer24","low"
"1261","5/30/2024","19:00","63.455","shrub","low_north","summer24","low"
"1271","5/31/2024","1:00","52.401","shrub","low_north","summer24","low"
"1281","5/31/2024","7:00","47.446","shrub","low_north","summer24","low"
"1291","5/31/2024","13:00","57.268","shrub","low_north","summer24","low"
"1301","5/31/2024","19:00","67.564","shrub","low_north","summer24","low"
"1311","6/1/2024","1:00","55.017","shrub","low_north","summer24","low"
"1321","6/1/2024","7:00","49.582","shrub","low_north","summer24","low"
"1331","6/1/2024","13:00","60.712","shrub","low_north","summer24","low"
"1341","6/1/2024","19:00","65.68","shrub","low_north","summer24","low"
"1351","6/2/2024","1:00","58.647","shrub","low_north","summer24","low"
"1361","6/2/2024","7:00","54.842","shrub","low_north","summer24","low"
"1371","6/2/2024","13:00","61.741","shrub","low_north","summer24","low"
"1381","6/2/2024","19:00","67.221","shrub","low_north","summer24","low"
"1391","6/3/2024","1:00","58.476","shrub","low_north","summer24","low"
"1401","6/3/2024","7:00","55.884","shrub","low_north","summer24","low"
"1411","6/3/2024","13:00","59.508","shrub","low_north","summer24","low"
"1421","6/3/2024","19:00","63.626","shrub","low_north","summer24","low"
"1431","6/4/2024","1:00","56.404","shrub","low_north","summer24","low"
"1441","6/4/2024","7:00","50.643","shrub","low_north","summer24","low"
"1451","6/4/2024","13:00","62.425","shrub","low_north","summer24","low"
"1461","6/4/2024","19:00","69.622","shrub","low_north","summer24","low"
"1471","6/5/2024","1:00","60.539","shrub","low_north","summer24","low"
"1481","6/5/2024","7:00","54.842","shrub","low_north","summer24","low"
"1491","6/5/2024","13:00","66.879","shrub","low_north","summer24","low"
"1501","6/5/2024","19:00","74.098","shrub","low_north","summer24","low"
"1511","6/6/2024","1:00","62.769","shrub","low_north","summer24","low"
"1521","6/6/2024","7:00","57.096","shrub","low_north","summer24","low"
"1531","6/6/2024","13:00","67.735","shrub","low_north","summer24","low"
"1541","6/6/2024","19:00","72.891","shrub","low_north","summer24","low"
"1551","6/7/2024","1:00","64.139","shrub","low_north","summer24","low"
"1561","6/7/2024","7:00","59.164","shrub","low_north","summer24","low"
"1571","6/7/2024","13:00","70.308","shrub","low_north","summer24","low"
"1581","6/7/2024","19:00","75.139","shrub","low_north","summer24","low"
"1591","6/8/2024","1:00","65.851","shrub","low_north","summer24","low"
"1601","6/8/2024","7:00","60.024","shrub","low_north","summer24","low"
"1611","6/8/2024","13:00","70.48","shrub","low_north","summer24","low"
"1621","6/8/2024","19:00","77.749","shrub","low_north","summer24","low"
"1631","6/9/2024","1:00","66.537","shrub","low_north","summer24","low"
"1641","6/9/2024","7:00","62.083","shrub","low_north","summer24","low"
"1651","6/9/2024","13:00","69.622","shrub","low_north","summer24","low"
"1661","6/9/2024","19:00","67.221","shrub","low_north","summer24","low"
"1671","6/10/2024","1:00","61.741","shrub","low_north","summer24","low"
"1681","6/10/2024","7:00","58.303","shrub","low_north","summer24","low"
"1691","6/10/2024","13:00","68.248","shrub","low_north","summer24","low"
"1701","6/10/2024","19:00","70.824","shrub","low_north","summer24","low"
"1711","6/11/2024","1:00","61.398","shrub","low_north","summer24","low"
"1721","6/11/2024","7:00","55.884","shrub","low_north","summer24","low"
"1731","6/11/2024","13:00","67.735","shrub","low_north","summer24","low"
"1741","6/11/2024","19:00","75.139","shrub","low_north","summer24","low"
"1751","6/12/2024","1:00","63.282","shrub","low_north","summer24","low"
"1761","6/12/2024","7:00","56.923","shrub","low_north","summer24","low"
"1771","6/12/2024","13:00","70.137","shrub","low_north","summer24","low"
"1781","6/12/2024","19:00","78.624","shrub","low_north","summer24","low"
"1791","6/13/2024","1:00","64.481","shrub","low_north","summer24","low"
"1801","6/13/2024","7:00","58.993","shrub","low_north","summer24","low"
"1811","6/13/2024","13:00","71.168","shrub","low_north","summer24","low"
"1821","6/13/2024","19:00","80.911","shrub","low_north","summer24","low"
"1831","6/14/2024","1:00","68.248","shrub","low_north","summer24","low"
"1841","6/14/2024","7:00","63.968","shrub","low_north","summer24","low"
"1851","6/14/2024","13:00","75.312","shrub","low_north","summer24","low"
"1861","6/14/2024","19:00","81.442","shrub","low_north","summer24","low"
"1871","6/15/2024","1:00","67.735","shrub","low_north","summer24","low"
"1881","6/15/2024","7:00","63.282","shrub","low_north","summer24","low"
"1891","6/15/2024","13:00","72.891","shrub","low_north","summer24","low"
"1901","6/15/2024","19:00","73.926","shrub","low_north","summer24","low"
"1911","6/16/2024","1:00","63.455","shrub","low_north","summer24","low"
"1921","6/16/2024","7:00","56.923","shrub","low_north","summer24","low"
"1931","6/16/2024","13:00","68.592","shrub","low_north","summer24","low"
"1941","6/16/2024","19:00","76.006","shrub","low_north","summer24","low"
"1951","6/17/2024","1:00","64.825","shrub","low_north","summer24","low"
"1961","6/17/2024","7:00","60.712","shrub","low_north","summer24","low"
"1971","6/17/2024","13:00","60.883","shrub","low_north","summer24","low"
"1981","6/17/2024","19:00","62.598","shrub","low_north","summer24","low"
"1991","6/18/2024","1:00","53.623","shrub","low_north","summer24","low"
"2001","6/18/2024","7:00","49.05","shrub","low_north","summer24","low"
"2011","6/18/2024","13:00","61.741","shrub","low_north","summer24","low"
"2021","6/18/2024","19:00","67.735","shrub","low_north","summer24","low"
"2031","6/19/2024","1:00","54.842","shrub","low_north","summer24","low"
"2041","6/19/2024","7:00","49.937","shrub","low_north","summer24","low"
"2051","6/19/2024","13:00","65.338","shrub","low_north","summer24","low"
"2061","6/19/2024","19:00","75.139","shrub","low_north","summer24","low"
"2071","6/20/2024","1:00","59.337","shrub","low_north","summer24","low"
"2081","6/20/2024","7:00","54.842","shrub","low_north","summer24","low"
"2091","6/20/2024","13:00","69.107","shrub","low_north","summer24","low"
"2101","6/20/2024","19:00","80.206","shrub","low_north","summer24","low"
"2111","6/21/2024","1:00","65.509","shrub","low_north","summer24","low"
"2121","6/21/2024","7:00","60.539","shrub","low_north","summer24","low"
"2131","6/21/2024","13:00","74.098","shrub","low_north","summer24","low"
"2141","6/21/2024","19:00","82.508","shrub","low_north","summer24","low"
"2151","6/22/2024","1:00","68.763","shrub","low_north","summer24","low"
"2161","6/22/2024","7:00","61.741","shrub","low_north","summer24","low"
"2171","6/22/2024","13:00","77.4","shrub","low_north","summer24","low"
"2181","6/22/2024","19:00","85.735","shrub","low_north","summer24","low"
"2191","6/23/2024","1:00","68.592","shrub","low_north","summer24","low"
"2201","6/23/2024","7:00","63.111","shrub","low_north","summer24","low"
"2211","6/23/2024","13:00","79.853","shrub","low_north","summer24","low"
"2221","6/23/2024","19:00","87.368","shrub","low_north","summer24","low"
"2231","6/24/2024","1:00","70.137","shrub","low_north","summer24","low"
"2241","6/24/2024","7:00","63.626","shrub","low_north","summer24","low"
"2251","6/24/2024","13:00","80.206","shrub","low_north","summer24","low"
"2261","6/24/2024","19:00","88.099","shrub","low_north","summer24","low"
"2271","6/25/2024","1:00","70.137","shrub","low_north","summer24","low"
"2281","6/25/2024","7:00","63.455","shrub","low_north","summer24","low"
"2291","6/25/2024","13:00","80.911","shrub","low_north","summer24","low"
"2301","6/25/2024","19:00","91.8","shrub","low_north","summer24","low"
"2311","6/26/2024","1:00","72.891","shrub","low_north","summer24","low"
"2321","6/26/2024","7:00","67.564","shrub","low_north","summer24","low"
"2331","6/26/2024","13:00","74.964","shrub","low_north","summer24","low"
"2341","6/26/2024","19:00","82.152","shrub","low_north","summer24","low"
"2351","6/27/2024","1:00","69.964","shrub","low_north","summer24","low"
"2361","6/27/2024","7:00","64.996","shrub","low_north","summer24","low"
"2371","6/27/2024","13:00","77.4","shrub","low_north","summer24","low"
"2381","6/27/2024","19:00","86.823","shrub","low_north","summer24","low"
"2391","6/28/2024","1:00","68.763","shrub","low_north","summer24","low"
"2401","6/28/2024","7:00","61.054","shrub","low_north","summer24","low"
"2411","6/28/2024","13:00","74.619","shrub","low_north","summer24","low"
"2421","6/28/2024","19:00","81.975","shrub","low_north","summer24","low"
"2431","6/29/2024","1:00","66.879","shrub","low_north","summer24","low"
"2441","6/29/2024","7:00","60.883","shrub","low_north","summer24","low"
"2451","6/29/2024","13:00","77.574","shrub","low_north","summer24","low"
"2461","6/29/2024","19:00","91.612","shrub","low_north","summer24","low"
"2471","6/30/2024","1:00","73.753","shrub","low_north","summer24","low"
"2481","6/30/2024","7:00","68.421","shrub","low_north","summer24","low"
"2491","6/30/2024","13:00","80.206","shrub","low_north","summer24","low"
"2501","6/30/2024","19:00","86.641","shrub","low_north","summer24","low"
"2511","7/1/2024","1:00","72.545","shrub","low_north","summer24","low"
"2521","7/1/2024","7:00","66.879","shrub","low_north","summer24","low"
"2531","7/1/2024","13:00","73.407","shrub","low_north","summer24","low"
"2541","7/1/2024","19:00","68.934","shrub","low_north","summer24","low"
"2551","7/2/2024","1:00","59.508","shrub","low_north","summer24","low"
"2561","7/2/2024","7:00","52.576","shrub","low_north","summer24","low"
"2571","7/2/2024","13:00","69.793","shrub","low_north","summer24","low"
"2581","7/2/2024","19:00","78.975","shrub","low_north","summer24","low"
"2591","7/3/2024","1:00","62.769","shrub","low_north","summer24","low"
"2601","7/3/2024","7:00","56.404","shrub","low_north","summer24","low"
"2611","7/3/2024","13:00","66.193","shrub","low_north","summer24","low"
"2621","7/3/2024","19:00","75.484","shrub","low_north","summer24","low"
"2631","7/4/2024","1:00","61.054","shrub","low_north","summer24","low"
"2641","7/4/2024","7:00","55.017","shrub","low_north","summer24","low"
"2651","7/4/2024","13:00","70.308","shrub","low_north","summer24","low"
"2661","7/4/2024","19:00","79.853","shrub","low_north","summer24","low"
"2671","7/5/2024","1:00","63.797","shrub","low_north","summer24","low"
"2681","7/5/2024","7:00","57.785","shrub","low_north","summer24","low"
"2691","7/5/2024","13:00","74.791","shrub","low_north","summer24","low"
"2701","7/5/2024","19:00","87.186","shrub","low_north","summer24","low"
"2711","7/6/2024","1:00","68.421","shrub","low_north","summer24","low"
"2721","7/6/2024","7:00","61.054","shrub","low_north","summer24","low"
"2731","7/6/2024","13:00","77.574","shrub","low_north","summer24","low"
"2741","7/6/2024","19:00","89.2","shrub","low_north","summer24","low"
"2751","7/7/2024","1:00","70.651","shrub","low_north","summer24","low"
"2761","7/7/2024","7:00","63.455","shrub","low_north","summer24","low"
"2771","7/7/2024","13:00","78.975","shrub","low_north","summer24","low"
"2781","7/7/2024","19:00","88.282","shrub","low_north","summer24","low"
"2791","7/8/2024","1:00","70.137","shrub","low_north","summer24","low"
"2801","7/8/2024","7:00","63.111","shrub","low_north","summer24","low"
"2811","7/8/2024","13:00","81.09","shrub","low_north","summer24","low"
"2821","7/8/2024","19:00","92.926","shrub","low_north","summer24","low"
"2831","7/9/2024","1:00","73.234","shrub","low_north","summer24","low"
"2841","7/9/2024","7:00","66.193","shrub","low_north","summer24","low"
"2851","7/9/2024","13:00","83.935","shrub","low_north","summer24","low"
"2861","7/9/2024","19:00","102.697","shrub","low_north","summer24","low"
"2871","7/10/2024","1:00","74.964","shrub","low_north","summer24","low"
"2881","7/10/2024","7:00","62.254","shrub","low_north","summer24","low"
"2891","7/10/2024","13:00","93.873","shrub","low_north","summer24","low"
"2901","7/10/2024","19:00","77.225","shrub","low_north","summer24","low"
"2911","7/11/2024","1:00","76.703","shrub","low_north","summer24","low"
"2921","7/11/2024","7:00","74.271","shrub","low_north","summer24","low"
"2931","7/11/2024","13:00","75.312","shrub","low_north","summer24","low"
"2941","7/11/2024","19:00","77.4","shrub","low_north","summer24","low"
"2951","7/12/2024","1:00","77.225","shrub","low_north","summer24","low"
"2961","7/12/2024","7:00","74.791","shrub","low_north","summer24","low"
"2971","7/12/2024","13:00","75.659","shrub","low_north","summer24","low"
"2981","7/12/2024","19:00","77.749","shrub","low_north","summer24","low"
"2991","7/13/2024","1:00","77.4","shrub","low_north","summer24","low"
"3001","7/13/2024","7:00","75.139","shrub","low_north","summer24","low"
"3011","7/13/2024","13:00","76.006","shrub","low_north","summer24","low"
"3021","7/13/2024","19:00","77.923","shrub","low_north","summer24","low"
"3031","7/14/2024","1:00","77.4","shrub","low_north","summer24","low"
"3041","7/14/2024","7:00","76.528","shrub","low_north","summer24","low"
"3051","7/14/2024","13:00","77.574","shrub","low_north","summer24","low"
"3061","7/14/2024","19:00","79.151","shrub","low_north","summer24","low"
"3071","7/15/2024","1:00","78.8","shrub","low_north","summer24","low"
"3081","7/15/2024","7:00","76.876","shrub","low_north","summer24","low"
"3091","7/15/2024","13:00","77.574","shrub","low_north","summer24","low"
"3101","7/15/2024","19:00","78.624","shrub","low_north","summer24","low"
"3111","7/16/2024","1:00","78.098","shrub","low_north","summer24","low"
"3121","7/16/2024","7:00","76.181","shrub","low_north","summer24","low"
"3131","7/16/2024","13:00","76.006","shrub","low_north","summer24","low"
"3141","7/16/2024","19:00","77.574","shrub","low_north","summer24","low"
"3151","7/17/2024","1:00","77.225","shrub","low_north","summer24","low"
"3161","7/17/2024","7:00","75.139","shrub","low_north","summer24","low"
"3171","7/17/2024","13:00","76.006","shrub","low_north","summer24","low"
"3181","7/17/2024","19:00","78.098","shrub","low_north","summer24","low"
"3191","7/18/2024","1:00","77.05","shrub","low_north","summer24","low"
"3201","7/18/2024","7:00","75.139","shrub","low_north","summer24","low"
"3211","7/18/2024","13:00","75.659","shrub","low_north","summer24","low"
"3221","7/18/2024","19:00","77.923","shrub","low_north","summer24","low"
"3231","7/19/2024","1:00","77.4","shrub","low_north","summer24","low"
"3241","7/19/2024","7:00","75.659","shrub","low_north","summer24","low"
"3251","7/19/2024","13:00","76.876","shrub","low_north","summer24","low"
"3261","7/19/2024","19:00","78.274","shrub","low_north","summer24","low"
"3271","7/20/2024","1:00","77.574","shrub","low_north","summer24","low"
"3281","7/20/2024","7:00","75.484","shrub","low_north","summer24","low"
"3291","7/20/2024","13:00","76.006","shrub","low_north","summer24","low"
"3301","7/20/2024","19:00","78.098","shrub","low_north","summer24","low"
"3311","7/21/2024","1:00","77.923","shrub","low_north","summer24","low"
"3321","7/21/2024","7:00","76.006","shrub","low_north","summer24","low"
"3331","7/21/2024","13:00","76.181","shrub","low_north","summer24","low"
"3341","7/21/2024","19:00","78.624","shrub","low_north","summer24","low"
"3351","7/22/2024","1:00","78.449","shrub","low_north","summer24","low"
"3361","7/22/2024","7:00","76.528","shrub","low_north","summer24","low"
"3371","7/22/2024","13:00","77.225","shrub","low_north","summer24","low"
"3381","7/22/2024","19:00","78.8","shrub","low_north","summer24","low"
"3391","7/23/2024","1:00","77.749","shrub","low_north","summer24","low"
"3401","7/23/2024","7:00","74.791","shrub","low_north","summer24","low"
"3411","7/23/2024","13:00","76.006","shrub","low_north","summer24","low"
"3421","7/23/2024","19:00","77.923","shrub","low_north","summer24","low"
"3431","7/24/2024","1:00","77.574","shrub","low_north","summer24","low"
"3441","7/24/2024","7:00","75.659","shrub","low_north","summer24","low"
"3451","7/24/2024","13:00","76.006","shrub","low_north","summer24","low"
"3461","7/24/2024","19:00","77.749","shrub","low_north","summer24","low"
"3471","7/25/2024","1:00","77.4","shrub","low_north","summer24","low"
"3481","7/25/2024","7:00","76.181","shrub","low_north","summer24","low"
"3491","7/25/2024","13:00","76.876","shrub","low_north","summer24","low"
"3501","7/25/2024","19:00","77.574","shrub","low_north","summer24","low"
"3511","7/26/2024","1:00","76.528","shrub","low_north","summer24","low"
"3521","7/26/2024","7:00","74.791","shrub","low_north","summer24","low"
"3531","7/26/2024","13:00","75.312","shrub","low_north","summer24","low"
"3541","7/26/2024","19:00","76.703","shrub","low_north","summer24","low"
"3551","7/27/2024","1:00","76.006","shrub","low_north","summer24","low"
"3561","7/27/2024","7:00","74.271","shrub","low_north","summer24","low"
"3571","7/27/2024","13:00","73.062","shrub","low_north","summer24","low"
"3581","7/27/2024","19:00","74.098","shrub","low_north","summer24","low"
"3591","7/28/2024","1:00","72.891","shrub","low_north","summer24","low"
"3601","7/28/2024","7:00","71.683","shrub","low_north","summer24","low"
"3611","7/28/2024","13:00","72.372","shrub","low_north","summer24","low"
"3621","7/28/2024","19:00","74.791","shrub","low_north","summer24","low"
"3631","7/29/2024","1:00","74.098","shrub","low_north","summer24","low"
"3641","7/29/2024","7:00","72.372","shrub","low_north","summer24","low"
"3651","7/29/2024","13:00","73.58","shrub","low_north","summer24","low"
"3661","7/29/2024","19:00","74.964","shrub","low_north","summer24","low"
"3671","7/30/2024","1:00","74.098","shrub","low_north","summer24","low"
"3681","7/30/2024","7:00","72.199","shrub","low_north","summer24","low"
"3691","7/30/2024","13:00","73.407","shrub","low_north","summer24","low"
"3701","7/30/2024","19:00","75.312","shrub","low_north","summer24","low"
"3711","7/31/2024","1:00","74.098","shrub","low_north","summer24","low"
"3721","7/31/2024","7:00","72.372","shrub","low_north","summer24","low"
"3731","7/31/2024","13:00","73.234","shrub","low_north","summer24","low"
"3741","7/31/2024","19:00","75.139","shrub","low_north","summer24","low"
"3751","8/1/2024","1:00","74.271","shrub","low_north","summer24","low"
"3761","8/1/2024","7:00","72.199","shrub","low_north","summer24","low"
"3771","8/1/2024","13:00","73.062","shrub","low_north","summer24","low"
"3781","8/1/2024","19:00","75.139","shrub","low_north","summer24","low"
"3791","8/2/2024","1:00","74.964","shrub","low_north","summer24","low"
"3801","8/2/2024","7:00","73.062","shrub","low_north","summer24","low"
"3811","8/2/2024","13:00","73.926","shrub","low_north","summer24","low"
"3821","8/2/2024","19:00","75.832","shrub","low_north","summer24","low"
"3831","8/3/2024","1:00","75.659","shrub","low_north","summer24","low"
"3841","8/3/2024","7:00","74.098","shrub","low_north","summer24","low"
"3851","8/3/2024","13:00","74.964","shrub","low_north","summer24","low"
"3861","8/3/2024","19:00","77.574","shrub","low_north","summer24","low"
"3871","8/4/2024","1:00","77.4","shrub","low_north","summer24","low"
"3881","8/4/2024","7:00","75.832","shrub","low_north","summer24","low"
"3891","8/4/2024","13:00","76.181","shrub","low_north","summer24","low"
"3901","8/4/2024","19:00","77.749","shrub","low_north","summer24","low"
"3911","8/5/2024","1:00","77.4","shrub","low_north","summer24","low"
"3921","8/5/2024","7:00","75.659","shrub","low_north","summer24","low"
"3931","8/5/2024","13:00","76.354","shrub","low_north","summer24","low"
"3941","8/5/2024","19:00","77.923","shrub","low_north","summer24","low"
"3951","8/6/2024","1:00","77.05","shrub","low_north","summer24","low"
"3961","8/6/2024","7:00","75.659","shrub","low_north","summer24","low"
"3971","8/6/2024","13:00","76.354","shrub","low_north","summer24","low"
"3981","8/6/2024","19:00","77.574","shrub","low_north","summer24","low"
"3991","8/7/2024","1:00","76.703","shrub","low_north","summer24","low"
"4001","8/7/2024","7:00","74.964","shrub","low_north","summer24","low"
"4011","8/7/2024","13:00","75.484","shrub","low_north","summer24","low"
"4021","8/7/2024","19:00","76.528","shrub","low_north","summer24","low"
"4031","8/8/2024","1:00","75.659","shrub","low_north","summer24","low"
"4041","8/8/2024","7:00","73.062","shrub","low_north","summer24","low"
"4051","8/8/2024","13:00","73.407","shrub","low_north","summer24","low"
"4061","8/8/2024","19:00","75.659","shrub","low_north","summer24","low"
"4071","8/9/2024","1:00","75.139","shrub","low_north","summer24","low"
"4081","8/9/2024","7:00","73.234","shrub","low_north","summer24","low"
"4091","8/9/2024","13:00","73.58","shrub","low_north","summer24","low"
"4101","8/9/2024","19:00","74.098","shrub","low_north","summer24","low"
"4111","8/10/2024","1:00","70.824","shrub","low_north","summer24","low"
"4121","8/10/2024","7:00","69.793","shrub","low_north","summer24","low"
"4131","8/10/2024","13:00","71.168","shrub","low_north","summer24","low"
"4141","8/10/2024","19:00","73.753","shrub","low_north","summer24","low"
"4151","8/11/2024","1:00","73.753","shrub","low_north","summer24","low"
"4161","8/11/2024","7:00","72.199","shrub","low_north","summer24","low"
"4171","8/11/2024","13:00","72.545","shrub","low_north","summer24","low"
"4181","8/11/2024","19:00","74.619","shrub","low_north","summer24","low"
"4191","8/12/2024","1:00","74.446","shrub","low_north","summer24","low"
"4201","8/12/2024","7:00","73.407","shrub","low_north","summer24","low"
"4211","8/12/2024","13:00","73.926","shrub","low_north","summer24","low"
"4221","8/12/2024","19:00","74.964","shrub","low_north","summer24","low"
"4231","8/13/2024","1:00","70.995","shrub","low_north","summer24","low"
"4241","8/13/2024","7:00","69.449","shrub","low_north","summer24","low"
"4251","8/13/2024","13:00","74.446","shrub","low_north","summer24","low"
"4261","8/13/2024","19:00","73.753","shrub","low_north","summer24","low"
"4271","8/14/2024","1:00","69.449","shrub","low_north","summer24","low"
"4281","8/14/2024","7:00","68.077","shrub","low_north","summer24","low"
"4291","8/14/2024","13:00","75.484","shrub","low_north","summer24","low"
"4301","8/14/2024","19:00","74.964","shrub","low_north","summer24","low"
"4311","8/15/2024","1:00","70.651","shrub","low_north","summer24","low"
"4321","8/15/2024","7:00","68.248","shrub","low_north","summer24","low"
"4331","8/15/2024","13:00","73.407","shrub","low_north","summer24","low"
"4341","8/15/2024","19:00","74.964","shrub","low_north","summer24","low"
"4351","8/16/2024","1:00","70.651","shrub","low_north","summer24","low"
"4361","8/16/2024","7:00","68.077","shrub","low_north","summer24","low"
"4371","8/16/2024","13:00","73.926","shrub","low_north","summer24","low"
"4381","8/16/2024","19:00","75.139","shrub","low_north","summer24","low"
"4391","8/17/2024","1:00","71.683","shrub","low_north","summer24","low"
"4401","8/17/2024","7:00","68.934","shrub","low_north","summer24","low"
"4411","8/17/2024","13:00","74.791","shrub","low_north","summer24","low"
"4421","8/17/2024","19:00","73.062","shrub","low_north","summer24","low"
"4431","8/18/2024","1:00","69.964","shrub","low_north","summer24","low"
"4441","8/18/2024","7:00","68.763","shrub","low_north","summer24","low"
"4451","8/18/2024","13:00","73.926","shrub","low_north","summer24","low"
"4461","8/18/2024","19:00","76.876","shrub","low_north","summer24","low"
"4471","8/19/2024","1:00","71.856","shrub","low_north","summer24","low"
"4481","8/19/2024","7:00","70.137","shrub","low_north","summer24","low"
"4491","8/19/2024","13:00","74.271","shrub","low_north","summer24","low"
"4501","8/19/2024","19:00","76.006","shrub","low_north","summer24","low"
"4511","8/20/2024","1:00","73.234","shrub","low_north","summer24","low"
"4521","8/20/2024","7:00","70.995","shrub","low_north","summer24","low"
"4531","8/20/2024","13:00","75.139","shrub","low_north","summer24","low"
"4541","8/20/2024","19:00","76.006","shrub","low_north","summer24","low"
"4551","8/21/2024","1:00","72.718","shrub","low_north","summer24","low"
"4561","8/21/2024","7:00","69.278","shrub","low_north","summer24","low"
"4571","8/21/2024","13:00","73.926","shrub","low_north","summer24","low"
"4581","8/21/2024","19:00","75.139","shrub","low_north","summer24","low"
"4591","8/22/2024","1:00","70.48","shrub","low_north","summer24","low"
"4601","8/22/2024","7:00","68.248","shrub","low_north","summer24","low"
"4611","8/22/2024","13:00","73.062","shrub","low_north","summer24","low"
"4621","8/22/2024","19:00","75.312","shrub","low_north","summer24","low"
"4631","8/23/2024","1:00","71.683","shrub","low_north","summer24","low"
"4641","8/23/2024","7:00","69.622","shrub","low_north","summer24","low"
"4651","8/23/2024","13:00","74.964","shrub","low_north","summer24","low"
"2102","4/29/2024","19:00","61.227","shrub","high_gate","summer24","high"
"3102","4/30/2024","1:00","58.131","shrub","high_gate","summer24","high"
"468","4/30/2024","7:00","57.268","shrub","high_gate","summer24","high"
"512","4/30/2024","13:00","58.131","shrub","high_gate","summer24","high"
"612","4/30/2024","19:00","59.851","shrub","high_gate","summer24","high"
"712","5/1/2024","1:00","44.922","shrub","high_gate","summer24","high"
"812","5/1/2024","7:00","33.607","shrub","high_gate","summer24","high"
"912","5/1/2024","13:00","44.013","shrub","high_gate","summer24","high"
"1012","5/1/2024","19:00","43.099","shrub","high_gate","summer24","high"
"1112","5/2/2024","1:00","35.951","shrub","high_gate","summer24","high"
"1212","5/2/2024","7:00","33.607","shrub","high_gate","summer24","high"
"1312","5/2/2024","13:00","55.711","shrub","high_gate","summer24","high"
"1412","5/2/2024","19:00","48.871","shrub","high_gate","summer24","high"
"1512","5/3/2024","1:00","41.439","shrub","high_gate","summer24","high"
"1612","5/3/2024","7:00","37.107","shrub","high_gate","summer24","high"
"1712","5/3/2024","13:00","50.113","shrub","high_gate","summer24","high"
"1812","5/3/2024","19:00","50.29","shrub","high_gate","summer24","high"
"1912","5/4/2024","1:00","41.439","shrub","high_gate","summer24","high"
"2012","5/4/2024","7:00","37.87","shrub","high_gate","summer24","high"
"2112","5/4/2024","13:00","60.024","shrub","high_gate","summer24","high"
"2212","5/4/2024","19:00","53.274","shrub","high_gate","summer24","high"
"2312","5/5/2024","1:00","47.982","shrub","high_gate","summer24","high"
"2412","5/5/2024","7:00","45.828","shrub","high_gate","summer24","high"
"2512","5/5/2024","13:00","46.548","shrub","high_gate","summer24","high"
"2612","5/5/2024","19:00","45.828","shrub","high_gate","summer24","high"
"2712","5/6/2024","1:00","41.439","shrub","high_gate","summer24","high"
"2812","5/6/2024","7:00","40.509","shrub","high_gate","summer24","high"
"2912","5/6/2024","13:00","47.266","shrub","high_gate","summer24","high"
"3012","5/6/2024","19:00","46.008","shrub","high_gate","summer24","high"
"3112","5/7/2024","1:00","39.007","shrub","high_gate","summer24","high"
"3212","5/7/2024","7:00","37.679","shrub","high_gate","summer24","high"
"3312","5/7/2024","13:00","47.446","shrub","high_gate","summer24","high"
"3412","5/7/2024","19:00","45.648","shrub","high_gate","summer24","high"
"3512","5/8/2024","1:00","39.573","shrub","high_gate","summer24","high"
"3612","5/8/2024","7:00","38.44","shrub","high_gate","summer24","high"
"3712","5/8/2024","13:00","46.548","shrub","high_gate","summer24","high"
"3812","5/8/2024","19:00","47.982","shrub","high_gate","summer24","high"
"3912","5/9/2024","1:00","40.696","shrub","high_gate","summer24","high"
"4012","5/9/2024","7:00","39.384","shrub","high_gate","summer24","high"
"4112","5/9/2024","13:00","56.23","shrub","high_gate","summer24","high"
"4212","5/9/2024","19:00","52.925","shrub","high_gate","summer24","high"
"4312","5/10/2024","1:00","43.831","shrub","high_gate","summer24","high"
"4412","5/10/2024","7:00","40.509","shrub","high_gate","summer24","high"
"4512","5/10/2024","13:00","63.626","shrub","high_gate","summer24","high"
"469","5/10/2024","19:00","60.883","shrub","high_gate","summer24","high"
"472","5/11/2024","1:00","47.266","shrub","high_gate","summer24","high"
"482","5/11/2024","7:00","43.466","shrub","high_gate","summer24","high"
"492","5/11/2024","13:00","67.735","shrub","high_gate","summer24","high"
"502","5/11/2024","19:00","60.712","shrub","high_gate","summer24","high"
"513","5/12/2024","1:00","49.582","shrub","high_gate","summer24","high"
"522","5/12/2024","7:00","45.828","shrub","high_gate","summer24","high"
"532","5/12/2024","13:00","69.964","shrub","high_gate","summer24","high"
"542","5/12/2024","19:00","63.626","shrub","high_gate","summer24","high"
"552","5/13/2024","1:00","52.401","shrub","high_gate","summer24","high"
"562","5/13/2024","7:00","48.16","shrub","high_gate","summer24","high"
"572","5/13/2024","13:00","72.718","shrub","high_gate","summer24","high"
"582","5/13/2024","19:00","58.82","shrub","high_gate","summer24","high"
"592","5/14/2024","1:00","50.995","shrub","high_gate","summer24","high"
"602","5/14/2024","7:00","47.266","shrub","high_gate","summer24","high"
"613","5/14/2024","13:00","59.68","shrub","high_gate","summer24","high"
"622","5/14/2024","19:00","56.057","shrub","high_gate","summer24","high"
"632","5/15/2024","1:00","47.802","shrub","high_gate","summer24","high"
"642","5/15/2024","7:00","46.548","shrub","high_gate","summer24","high"
"652","5/15/2024","13:00","60.883","shrub","high_gate","summer24","high"
"662","5/15/2024","19:00","58.993","shrub","high_gate","summer24","high"
"672","5/16/2024","1:00","49.404","shrub","high_gate","summer24","high"
"682","5/16/2024","7:00","46.728","shrub","high_gate","summer24","high"
"692","5/16/2024","13:00","70.824","shrub","high_gate","summer24","high"
"702","5/16/2024","19:00","64.825","shrub","high_gate","summer24","high"
"713","5/17/2024","1:00","50.466","shrub","high_gate","summer24","high"
"722","5/17/2024","7:00","46.548","shrub","high_gate","summer24","high"
"732","5/17/2024","13:00","68.248","shrub","high_gate","summer24","high"
"742","5/17/2024","19:00","60.368","shrub","high_gate","summer24","high"
"752","5/18/2024","1:00","46.908","shrub","high_gate","summer24","high"
"762","5/18/2024","7:00","42.179","shrub","high_gate","summer24","high"
"772","5/18/2024","13:00","67.564","shrub","high_gate","summer24","high"
"782","5/18/2024","19:00","58.993","shrub","high_gate","summer24","high"
"792","5/19/2024","1:00","50.819","shrub","high_gate","summer24","high"
"802","5/19/2024","7:00","44.922","shrub","high_gate","summer24","high"
"813","5/19/2024","13:00","61.912","shrub","high_gate","summer24","high"
"822","5/19/2024","19:00","55.537","shrub","high_gate","summer24","high"
"832","5/20/2024","1:00","45.104","shrub","high_gate","summer24","high"
"842","5/20/2024","7:00","42.548","shrub","high_gate","summer24","high"
"852","5/20/2024","13:00","57.958","shrub","high_gate","summer24","high"
"862","5/20/2024","19:00","52.05","shrub","high_gate","summer24","high"
"872","5/21/2024","1:00","43.831","shrub","high_gate","summer24","high"
"882","5/21/2024","7:00","41.067","shrub","high_gate","summer24","high"
"892","5/21/2024","13:00","53.274","shrub","high_gate","summer24","high"
"902","5/21/2024","19:00","54.669","shrub","high_gate","summer24","high"
"913","5/22/2024","1:00","44.742","shrub","high_gate","summer24","high"
"922","5/22/2024","7:00","44.922","shrub","high_gate","summer24","high"
"932","5/22/2024","13:00","46.008","shrub","high_gate","summer24","high"
"942","5/22/2024","19:00","49.582","shrub","high_gate","summer24","high"
"952","5/23/2024","1:00","43.099","shrub","high_gate","summer24","high"
"962","5/23/2024","7:00","40.881","shrub","high_gate","summer24","high"
"972","5/23/2024","13:00","43.099","shrub","high_gate","summer24","high"
"982","5/23/2024","19:00","49.404","shrub","high_gate","summer24","high"
"992","5/24/2024","1:00","41.067","shrub","high_gate","summer24","high"
"1002","5/24/2024","7:00","38.629","shrub","high_gate","summer24","high"
"1013","5/24/2024","13:00","59.164","shrub","high_gate","summer24","high"
"1022","5/24/2024","19:00","54.495","shrub","high_gate","summer24","high"
"1032","5/25/2024","1:00","44.56","shrub","high_gate","summer24","high"
"1042","5/25/2024","7:00","42.363","shrub","high_gate","summer24","high"
"1052","5/25/2024","13:00","50.643","shrub","high_gate","summer24","high"
"1062","5/25/2024","19:00","46.008","shrub","high_gate","summer24","high"
"1072","5/26/2024","1:00","45.648","shrub","high_gate","summer24","high"
"1082","5/26/2024","7:00","41.625","shrub","high_gate","summer24","high"
"1092","5/26/2024","13:00","64.31","shrub","high_gate","summer24","high"
"1102","5/26/2024","19:00","62.254","shrub","high_gate","summer24","high"
"1113","5/27/2024","1:00","49.582","shrub","high_gate","summer24","high"
"1122","5/27/2024","7:00","44.195","shrub","high_gate","summer24","high"
"1132","5/27/2024","13:00","67.221","shrub","high_gate","summer24","high"
"1142","5/27/2024","19:00","64.139","shrub","high_gate","summer24","high"
"1152","5/28/2024","1:00","50.643","shrub","high_gate","summer24","high"
"1162","5/28/2024","7:00","47.266","shrub","high_gate","summer24","high"
"1172","5/28/2024","13:00","71.856","shrub","high_gate","summer24","high"
"1182","5/28/2024","19:00","63.797","shrub","high_gate","summer24","high"
"1192","5/29/2024","1:00","54.842","shrub","high_gate","summer24","high"
"1202","5/29/2024","7:00","51.172","shrub","high_gate","summer24","high"
"1213","5/29/2024","13:00","56.923","shrub","high_gate","summer24","high"
"1222","5/29/2024","19:00","53.1","shrub","high_gate","summer24","high"
"1232","5/30/2024","1:00","46.728","shrub","high_gate","summer24","high"
"1242","5/30/2024","7:00","43.282","shrub","high_gate","summer24","high"
"1252","5/30/2024","13:00","56.404","shrub","high_gate","summer24","high"
"1262","5/30/2024","19:00","56.577","shrub","high_gate","summer24","high"
"1272","5/31/2024","1:00","47.446","shrub","high_gate","summer24","high"
"1282","5/31/2024","7:00","42.915","shrub","high_gate","summer24","high"
"1292","5/31/2024","13:00","68.248","shrub","high_gate","summer24","high"
"1302","5/31/2024","19:00","64.31","shrub","high_gate","summer24","high"
"1313","6/1/2024","1:00","49.759","shrub","high_gate","summer24","high"
"1322","6/1/2024","7:00","46.369","shrub","high_gate","summer24","high"
"1332","6/1/2024","13:00","71.339","shrub","high_gate","summer24","high"
"1342","6/1/2024","19:00","62.769","shrub","high_gate","summer24","high"
"1352","6/2/2024","1:00","54.669","shrub","high_gate","summer24","high"
"1362","6/2/2024","7:00","51.699","shrub","high_gate","summer24","high"
"1372","6/2/2024","13:00","64.481","shrub","high_gate","summer24","high"
"1382","6/2/2024","19:00","61.741","shrub","high_gate","summer24","high"
"1392","6/3/2024","1:00","52.75","shrub","high_gate","summer24","high"
"1402","6/3/2024","7:00","52.05","shrub","high_gate","summer24","high"
"1413","6/3/2024","13:00","57.096","shrub","high_gate","summer24","high"
"1422","6/3/2024","19:00","60.712","shrub","high_gate","summer24","high"
"1432","6/4/2024","1:00","51.523","shrub","high_gate","summer24","high"
"1442","6/4/2024","7:00","45.828","shrub","high_gate","summer24","high"
"1452","6/4/2024","13:00","71.339","shrub","high_gate","summer24","high"
"1462","6/4/2024","19:00","64.481","shrub","high_gate","summer24","high"
"1472","6/5/2024","1:00","53.798","shrub","high_gate","summer24","high"
"1482","6/5/2024","7:00","49.582","shrub","high_gate","summer24","high"
"1492","6/5/2024","13:00","78.274","shrub","high_gate","summer24","high"
"1502","6/5/2024","19:00","71.683","shrub","high_gate","summer24","high"
"1513","6/6/2024","1:00","55.537","shrub","high_gate","summer24","high"
"1522","6/6/2024","7:00","51.172","shrub","high_gate","summer24","high"
"1532","6/6/2024","13:00","79.678","shrub","high_gate","summer24","high"
"1542","6/6/2024","19:00","68.763","shrub","high_gate","summer24","high"
"1552","6/7/2024","1:00","57.268","shrub","high_gate","summer24","high"
"1562","6/7/2024","7:00","53.623","shrub","high_gate","summer24","high"
"1572","6/7/2024","13:00","82.686","shrub","high_gate","summer24","high"
"1582","6/7/2024","19:00","72.891","shrub","high_gate","summer24","high"
"1592","6/8/2024","1:00","59.337","shrub","high_gate","summer24","high"
"1602","6/8/2024","7:00","54.495","shrub","high_gate","summer24","high"
"1613","6/8/2024","13:00","83.043","shrub","high_gate","summer24","high"
"1622","6/8/2024","19:00","75.312","shrub","high_gate","summer24","high"
"1632","6/9/2024","1:00","58.993","shrub","high_gate","summer24","high"
"1642","6/9/2024","7:00","56.404","shrub","high_gate","summer24","high"
"1652","6/9/2024","13:00","78.8","shrub","high_gate","summer24","high"
"1662","6/9/2024","19:00","63.797","shrub","high_gate","summer24","high"
"1672","6/10/2024","1:00","57.958","shrub","high_gate","summer24","high"
"1682","6/10/2024","7:00","54.842","shrub","high_gate","summer24","high"
"1692","6/10/2024","13:00","69.449","shrub","high_gate","summer24","high"
"1702","6/10/2024","19:00","69.449","shrub","high_gate","summer24","high"
"1713","6/11/2024","1:00","57.958","shrub","high_gate","summer24","high"
"1722","6/11/2024","7:00","53.449","shrub","high_gate","summer24","high"
"1732","6/11/2024","13:00","77.574","shrub","high_gate","summer24","high"
"1742","6/11/2024","19:00","70.48","shrub","high_gate","summer24","high"
"1752","6/12/2024","1:00","57.958","shrub","high_gate","summer24","high"
"1762","6/12/2024","7:00","53.274","shrub","high_gate","summer24","high"
"1772","6/12/2024","13:00","80.382","shrub","high_gate","summer24","high"
"1782","6/12/2024","19:00","73.234","shrub","high_gate","summer24","high"
"1792","6/13/2024","1:00","56.577","shrub","high_gate","summer24","high"
"1802","6/13/2024","7:00","52.05","shrub","high_gate","summer24","high"
"1813","6/13/2024","13:00","81.797","shrub","high_gate","summer24","high"
"1822","6/13/2024","19:00","75.139","shrub","high_gate","summer24","high"
"1832","6/14/2024","1:00","61.569","shrub","high_gate","summer24","high"
"1842","6/14/2024","7:00","58.647","shrub","high_gate","summer24","high"
"1852","6/14/2024","13:00","83.399","shrub","high_gate","summer24","high"
"1862","6/14/2024","19:00","74.964","shrub","high_gate","summer24","high"
"1872","6/15/2024","1:00","59.851","shrub","high_gate","summer24","high"
"1882","6/15/2024","7:00","56.577","shrub","high_gate","summer24","high"
"1892","6/15/2024","13:00","77.225","shrub","high_gate","summer24","high"
"1902","6/15/2024","19:00","66.537","shrub","high_gate","summer24","high"
"1913","6/16/2024","1:00","54.495","shrub","high_gate","summer24","high"
"1922","6/16/2024","7:00","49.05","shrub","high_gate","summer24","high"
"1932","6/16/2024","13:00","77.923","shrub","high_gate","summer24","high"
"1942","6/16/2024","19:00","69.622","shrub","high_gate","summer24","high"
"1952","6/17/2024","1:00","57.096","shrub","high_gate","summer24","high"
"1962","6/17/2024","7:00","54.495","shrub","high_gate","summer24","high"
"1972","6/17/2024","13:00","55.189","shrub","high_gate","summer24","high"
"1982","6/17/2024","19:00","54.147","shrub","high_gate","summer24","high"
"1992","6/18/2024","1:00","46.908","shrub","high_gate","summer24","high"
"2002","6/18/2024","7:00","43.831","shrub","high_gate","summer24","high"
"2013","6/18/2024","13:00","63.968","shrub","high_gate","summer24","high"
"2022","6/18/2024","19:00","61.227","shrub","high_gate","summer24","high"
"2032","6/19/2024","1:00","46.369","shrub","high_gate","summer24","high"
"2042","6/19/2024","7:00","43.466","shrub","high_gate","summer24","high"
"2052","6/19/2024","13:00","74.446","shrub","high_gate","summer24","high"
"2062","6/19/2024","19:00","68.592","shrub","high_gate","summer24","high"
"2072","6/20/2024","1:00","49.937","shrub","high_gate","summer24","high"
"2082","6/20/2024","7:00","46.548","shrub","high_gate","summer24","high"
"2092","6/20/2024","13:00","80.911","shrub","high_gate","summer24","high"
"2103","6/20/2024","19:00","76.703","shrub","high_gate","summer24","high"
"2113","6/21/2024","1:00","55.884","shrub","high_gate","summer24","high"
"2122","6/21/2024","7:00","51.874","shrub","high_gate","summer24","high"
"2132","6/21/2024","13:00","83.399","shrub","high_gate","summer24","high"
"2142","6/21/2024","19:00","73.926","shrub","high_gate","summer24","high"
"2152","6/22/2024","1:00","57.785","shrub","high_gate","summer24","high"
"2162","6/22/2024","7:00","53.973","shrub","high_gate","summer24","high"
"2172","6/22/2024","13:00","87.004","shrub","high_gate","summer24","high"
"2182","6/22/2024","19:00","78.8","shrub","high_gate","summer24","high"
"2192","6/23/2024","1:00","59.851","shrub","high_gate","summer24","high"
"2202","6/23/2024","7:00","56.577","shrub","high_gate","summer24","high"
"2213","6/23/2024","13:00","89.755","shrub","high_gate","summer24","high"
"2222","6/23/2024","19:00","80.911","shrub","high_gate","summer24","high"
"2232","6/24/2024","1:00","60.195","shrub","high_gate","summer24","high"
"2242","6/24/2024","7:00","57.096","shrub","high_gate","summer24","high"
"2252","6/24/2024","13:00","90.867","shrub","high_gate","summer24","high"
"2262","6/24/2024","19:00","79.326","shrub","high_gate","summer24","high"
"2272","6/25/2024","1:00","60.883","shrub","high_gate","summer24","high"
"2282","6/25/2024","7:00","56.75","shrub","high_gate","summer24","high"
"2292","6/25/2024","13:00","92.363","shrub","high_gate","summer24","high"
"2302","6/25/2024","19:00","82.686","shrub","high_gate","summer24","high"
"2313","6/26/2024","1:00","62.254","shrub","high_gate","summer24","high"
"2322","6/26/2024","7:00","58.303","shrub","high_gate","summer24","high"
"2332","6/26/2024","13:00","70.48","shrub","high_gate","summer24","high"
"2342","6/26/2024","19:00","73.58","shrub","high_gate","summer24","high"
"2352","6/27/2024","1:00","60.368","shrub","high_gate","summer24","high"
"2362","6/27/2024","7:00","58.131","shrub","high_gate","summer24","high"
"2372","6/27/2024","13:00","77.574","shrub","high_gate","summer24","high"
"2382","6/27/2024","19:00","73.58","shrub","high_gate","summer24","high"
"2392","6/28/2024","1:00","56.057","shrub","high_gate","summer24","high"
"2402","6/28/2024","7:00","50.819","shrub","high_gate","summer24","high"
"2413","6/28/2024","13:00","77.574","shrub","high_gate","summer24","high"
"2422","6/28/2024","19:00","71.339","shrub","high_gate","summer24","high"
"2432","6/29/2024","1:00","56.23","shrub","high_gate","summer24","high"
"2442","6/29/2024","7:00","53.1","shrub","high_gate","summer24","high"
"2452","6/29/2024","13:00","86.277","shrub","high_gate","summer24","high"
"2462","6/29/2024","19:00","80.911","shrub","high_gate","summer24","high"
"2472","6/30/2024","1:00","63.455","shrub","high_gate","summer24","high"
"2482","6/30/2024","7:00","59.337","shrub","high_gate","summer24","high"
"2492","6/30/2024","13:00","90.124","shrub","high_gate","summer24","high"
"2502","6/30/2024","19:00","79.326","shrub","high_gate","summer24","high"
"2513","7/1/2024","1:00","64.139","shrub","high_gate","summer24","high"
"2522","7/1/2024","7:00","59.68","shrub","high_gate","summer24","high"
"2532","7/1/2024","13:00","72.199","shrub","high_gate","summer24","high"
"2542","7/1/2024","19:00","59.68","shrub","high_gate","summer24","high"
"2552","7/2/2024","1:00","55.711","shrub","high_gate","summer24","high"
"2562","7/2/2024","7:00","50.643","shrub","high_gate","summer24","high"
"2572","7/2/2024","13:00","75.139","shrub","high_gate","summer24","high"
"2582","7/2/2024","19:00","71.683","shrub","high_gate","summer24","high"
"2592","7/3/2024","1:00","57.958","shrub","high_gate","summer24","high"
"2602","7/3/2024","7:00","53.449","shrub","high_gate","summer24","high"
"2613","7/3/2024","13:00","74.446","shrub","high_gate","summer24","high"
"2622","7/3/2024","19:00","68.592","shrub","high_gate","summer24","high"
"2632","7/4/2024","1:00","55.364","shrub","high_gate","summer24","high"
"2642","7/4/2024","7:00","51.523","shrub","high_gate","summer24","high"
"2652","7/4/2024","13:00","75.484","shrub","high_gate","summer24","high"
"2662","7/4/2024","19:00","73.062","shrub","high_gate","summer24","high"
"2672","7/5/2024","1:00","56.923","shrub","high_gate","summer24","high"
"2682","7/5/2024","7:00","52.401","shrub","high_gate","summer24","high"
"2692","7/5/2024","13:00","82.864","shrub","high_gate","summer24","high"
"2702","7/5/2024","19:00","78.098","shrub","high_gate","summer24","high"
"2713","7/6/2024","1:00","59.68","shrub","high_gate","summer24","high"
"2722","7/6/2024","7:00","54.322","shrub","high_gate","summer24","high"
"2732","7/6/2024","13:00","87.733","shrub","high_gate","summer24","high"
"2742","7/6/2024","19:00","76.006","shrub","high_gate","summer24","high"
"2752","7/7/2024","1:00","56.923","shrub","high_gate","summer24","high"
"2762","7/7/2024","7:00","54.495","shrub","high_gate","summer24","high"
"2772","7/7/2024","13:00","85.014","shrub","high_gate","summer24","high"
"2782","7/7/2024","19:00","78.098","shrub","high_gate","summer24","high"
"2792","7/8/2024","1:00","59.337","shrub","high_gate","summer24","high"
"2802","7/8/2024","7:00","55.884","shrub","high_gate","summer24","high"
"2813","7/8/2024","13:00","92.55","shrub","high_gate","summer24","high"
"2822","7/8/2024","19:00","83.221","shrub","high_gate","summer24","high"
"2832","7/9/2024","1:00","62.769","shrub","high_gate","summer24","high"
"2842","7/9/2024","7:00","58.647","shrub","high_gate","summer24","high"
"2852","7/9/2024","13:00","109.18","shrub","high_gate","summer24","high"
"2862","7/9/2024","19:00","103.307","shrub","high_gate","summer24","high"
"2872","7/10/2024","1:00","73.407","shrub","high_gate","summer24","high"
"2882","7/10/2024","7:00","61.227","shrub","high_gate","summer24","high"
"2892","7/10/2024","13:00","98.699","shrub","high_gate","summer24","high"
"2902","7/10/2024","19:00","77.4","shrub","high_gate","summer24","high"
"2913","7/11/2024","1:00","76.876","shrub","high_gate","summer24","high"
"2922","7/11/2024","7:00","74.271","shrub","high_gate","summer24","high"
"2932","7/11/2024","13:00","75.484","shrub","high_gate","summer24","high"
"2942","7/11/2024","19:00","77.574","shrub","high_gate","summer24","high"
"2952","7/12/2024","1:00","77.225","shrub","high_gate","summer24","high"
"2962","7/12/2024","7:00","74.791","shrub","high_gate","summer24","high"
"2972","7/12/2024","13:00","75.832","shrub","high_gate","summer24","high"
"2982","7/12/2024","19:00","78.098","shrub","high_gate","summer24","high"
"2992","7/13/2024","1:00","77.749","shrub","high_gate","summer24","high"
"3002","7/13/2024","7:00","75.484","shrub","high_gate","summer24","high"
"3013","7/13/2024","13:00","76.181","shrub","high_gate","summer24","high"
"3022","7/13/2024","19:00","78.274","shrub","high_gate","summer24","high"
"3032","7/14/2024","1:00","77.749","shrub","high_gate","summer24","high"
"3042","7/14/2024","7:00","76.876","shrub","high_gate","summer24","high"
"3052","7/14/2024","13:00","77.749","shrub","high_gate","summer24","high"
"3062","7/14/2024","19:00","79.326","shrub","high_gate","summer24","high"
"3072","7/15/2024","1:00","78.975","shrub","high_gate","summer24","high"
"3082","7/15/2024","7:00","77.05","shrub","high_gate","summer24","high"
"3092","7/15/2024","13:00","77.749","shrub","high_gate","summer24","high"
"3103","7/15/2024","19:00","78.624","shrub","high_gate","summer24","high"
"3113","7/16/2024","1:00","78.098","shrub","high_gate","summer24","high"
"3122","7/16/2024","7:00","75.832","shrub","high_gate","summer24","high"
"3132","7/16/2024","13:00","76.181","shrub","high_gate","summer24","high"
"3142","7/16/2024","19:00","77.574","shrub","high_gate","summer24","high"
"3152","7/17/2024","1:00","77.05","shrub","high_gate","summer24","high"
"3162","7/17/2024","7:00","74.964","shrub","high_gate","summer24","high"
"3172","7/17/2024","13:00","76.181","shrub","high_gate","summer24","high"
"3182","7/17/2024","19:00","78.098","shrub","high_gate","summer24","high"
"3192","7/18/2024","1:00","76.876","shrub","high_gate","summer24","high"
"3202","7/18/2024","7:00","74.964","shrub","high_gate","summer24","high"
"3213","7/18/2024","13:00","75.659","shrub","high_gate","summer24","high"
"3222","7/18/2024","19:00","77.923","shrub","high_gate","summer24","high"
"3232","7/19/2024","1:00","77.05","shrub","high_gate","summer24","high"
"3242","7/19/2024","7:00","75.312","shrub","high_gate","summer24","high"
"3252","7/19/2024","13:00","76.876","shrub","high_gate","summer24","high"
"3262","7/19/2024","19:00","78.274","shrub","high_gate","summer24","high"
"3272","7/20/2024","1:00","77.4","shrub","high_gate","summer24","high"
"3282","7/20/2024","7:00","75.139","shrub","high_gate","summer24","high"
"3292","7/20/2024","13:00","76.006","shrub","high_gate","summer24","high"
"3302","7/20/2024","19:00","78.098","shrub","high_gate","summer24","high"
"3313","7/21/2024","1:00","77.749","shrub","high_gate","summer24","high"
"3322","7/21/2024","7:00","75.659","shrub","high_gate","summer24","high"
"3332","7/21/2024","13:00","76.354","shrub","high_gate","summer24","high"
"3342","7/21/2024","19:00","78.624","shrub","high_gate","summer24","high"
"3352","7/22/2024","1:00","78.274","shrub","high_gate","summer24","high"
"3362","7/22/2024","7:00","76.354","shrub","high_gate","summer24","high"
"3372","7/22/2024","13:00","77.225","shrub","high_gate","summer24","high"
"3382","7/22/2024","19:00","78.8","shrub","high_gate","summer24","high"
"3392","7/23/2024","1:00","77.574","shrub","high_gate","summer24","high"
"3402","7/23/2024","7:00","74.619","shrub","high_gate","summer24","high"
"3413","7/23/2024","13:00","76.006","shrub","high_gate","summer24","high"
"3422","7/23/2024","19:00","77.923","shrub","high_gate","summer24","high"
"3432","7/24/2024","1:00","77.225","shrub","high_gate","summer24","high"
"3442","7/24/2024","7:00","75.312","shrub","high_gate","summer24","high"
"3452","7/24/2024","13:00","76.181","shrub","high_gate","summer24","high"
"3462","7/24/2024","19:00","77.923","shrub","high_gate","summer24","high"
"3472","7/25/2024","1:00","77.4","shrub","high_gate","summer24","high"
"3482","7/25/2024","7:00","76.181","shrub","high_gate","summer24","high"
"3492","7/25/2024","13:00","76.876","shrub","high_gate","summer24","high"
"3502","7/25/2024","19:00","77.574","shrub","high_gate","summer24","high"
"3513","7/26/2024","1:00","76.354","shrub","high_gate","summer24","high"
"3522","7/26/2024","7:00","74.619","shrub","high_gate","summer24","high"
"3532","7/26/2024","13:00","75.312","shrub","high_gate","summer24","high"
"3542","7/26/2024","19:00","76.876","shrub","high_gate","summer24","high"
"3552","7/27/2024","1:00","75.832","shrub","high_gate","summer24","high"
"3562","7/27/2024","7:00","74.098","shrub","high_gate","summer24","high"
"3572","7/27/2024","13:00","72.891","shrub","high_gate","summer24","high"
"3582","7/27/2024","19:00","74.098","shrub","high_gate","summer24","high"
"3592","7/28/2024","1:00","72.718","shrub","high_gate","summer24","high"
"3602","7/28/2024","7:00","71.512","shrub","high_gate","summer24","high"
"3613","7/28/2024","13:00","72.545","shrub","high_gate","summer24","high"
"3622","7/28/2024","19:00","74.791","shrub","high_gate","summer24","high"
"3632","7/29/2024","1:00","74.098","shrub","high_gate","summer24","high"
"3642","7/29/2024","7:00","72.199","shrub","high_gate","summer24","high"
"3652","7/29/2024","13:00","73.753","shrub","high_gate","summer24","high"
"3662","7/29/2024","19:00","75.139","shrub","high_gate","summer24","high"
"3672","7/30/2024","1:00","74.098","shrub","high_gate","summer24","high"
"3682","7/30/2024","7:00","72.028","shrub","high_gate","summer24","high"
"3692","7/30/2024","13:00","73.407","shrub","high_gate","summer24","high"
"3702","7/30/2024","19:00","75.312","shrub","high_gate","summer24","high"
"3713","7/31/2024","1:00","73.926","shrub","high_gate","summer24","high"
"3722","7/31/2024","7:00","72.372","shrub","high_gate","summer24","high"
"3732","7/31/2024","13:00","73.234","shrub","high_gate","summer24","high"
"3742","7/31/2024","19:00","75.139","shrub","high_gate","summer24","high"
"3752","8/1/2024","1:00","74.098","shrub","high_gate","summer24","high"
"3762","8/1/2024","7:00","72.028","shrub","high_gate","summer24","high"
"3772","8/1/2024","13:00","73.062","shrub","high_gate","summer24","high"
"3782","8/1/2024","19:00","75.139","shrub","high_gate","summer24","high"
"3792","8/2/2024","1:00","74.964","shrub","high_gate","summer24","high"
"3802","8/2/2024","7:00","73.062","shrub","high_gate","summer24","high"
"3813","8/2/2024","13:00","74.098","shrub","high_gate","summer24","high"
"3822","8/2/2024","19:00","76.006","shrub","high_gate","summer24","high"
"3832","8/3/2024","1:00","75.832","shrub","high_gate","summer24","high"
"3842","8/3/2024","7:00","74.098","shrub","high_gate","summer24","high"
"3852","8/3/2024","13:00","75.139","shrub","high_gate","summer24","high"
"3862","8/3/2024","19:00","77.574","shrub","high_gate","summer24","high"
"3872","8/4/2024","1:00","77.574","shrub","high_gate","summer24","high"
"3882","8/4/2024","7:00","75.832","shrub","high_gate","summer24","high"
"3892","8/4/2024","13:00","76.181","shrub","high_gate","summer24","high"
"3902","8/4/2024","19:00","77.749","shrub","high_gate","summer24","high"
"3913","8/5/2024","1:00","77.4","shrub","high_gate","summer24","high"
"3922","8/5/2024","7:00","75.659","shrub","high_gate","summer24","high"
"3932","8/5/2024","13:00","76.354","shrub","high_gate","summer24","high"
"3942","8/5/2024","19:00","78.098","shrub","high_gate","summer24","high"
"3952","8/6/2024","1:00","77.05","shrub","high_gate","summer24","high"
"3962","8/6/2024","7:00","75.659","shrub","high_gate","summer24","high"
"3972","8/6/2024","13:00","76.354","shrub","high_gate","summer24","high"
"3982","8/6/2024","19:00","77.749","shrub","high_gate","summer24","high"
"3992","8/7/2024","1:00","76.876","shrub","high_gate","summer24","high"
"4002","8/7/2024","7:00","74.791","shrub","high_gate","summer24","high"
"4013","8/7/2024","13:00","75.484","shrub","high_gate","summer24","high"
"4022","8/7/2024","19:00","76.703","shrub","high_gate","summer24","high"
"4032","8/8/2024","1:00","75.832","shrub","high_gate","summer24","high"
"4042","8/8/2024","7:00","72.891","shrub","high_gate","summer24","high"
"4052","8/8/2024","13:00","73.58","shrub","high_gate","summer24","high"
"4062","8/8/2024","19:00","75.832","shrub","high_gate","summer24","high"
"4072","8/9/2024","1:00","75.139","shrub","high_gate","summer24","high"
"4082","8/9/2024","7:00","73.234","shrub","high_gate","summer24","high"
"4092","8/9/2024","13:00","73.753","shrub","high_gate","summer24","high"
"4102","8/9/2024","19:00","74.098","shrub","high_gate","summer24","high"
"4113","8/10/2024","1:00","70.824","shrub","high_gate","summer24","high"
"4122","8/10/2024","7:00","69.964","shrub","high_gate","summer24","high"
"4132","8/10/2024","13:00","71.168","shrub","high_gate","summer24","high"
"4142","8/10/2024","19:00","73.926","shrub","high_gate","summer24","high"
"4152","8/11/2024","1:00","73.926","shrub","high_gate","summer24","high"
"4162","8/11/2024","7:00","72.199","shrub","high_gate","summer24","high"
"4172","8/11/2024","13:00","72.545","shrub","high_gate","summer24","high"
"4182","8/11/2024","19:00","74.791","shrub","high_gate","summer24","high"
"4192","8/12/2024","1:00","74.619","shrub","high_gate","summer24","high"
"4202","8/12/2024","7:00","73.407","shrub","high_gate","summer24","high"
"4213","8/12/2024","13:00","74.098","shrub","high_gate","summer24","high"
"4222","8/12/2024","19:00","75.484","shrub","high_gate","summer24","high"
"4232","8/13/2024","1:00","70.824","shrub","high_gate","summer24","high"
"4242","8/13/2024","7:00","69.107","shrub","high_gate","summer24","high"
"4252","8/13/2024","13:00","74.964","shrub","high_gate","summer24","high"
"4262","8/13/2024","19:00","74.098","shrub","high_gate","summer24","high"
"4272","8/14/2024","1:00","69.107","shrub","high_gate","summer24","high"
"4282","8/14/2024","7:00","67.392","shrub","high_gate","summer24","high"
"4292","8/14/2024","13:00","76.181","shrub","high_gate","summer24","high"
"4302","8/14/2024","19:00","75.484","shrub","high_gate","summer24","high"
"4313","8/15/2024","1:00","70.48","shrub","high_gate","summer24","high"
"4322","8/15/2024","7:00","67.735","shrub","high_gate","summer24","high"
"4332","8/15/2024","13:00","74.098","shrub","high_gate","summer24","high"
"4342","8/15/2024","19:00","75.832","shrub","high_gate","summer24","high"
"4352","8/16/2024","1:00","70.48","shrub","high_gate","summer24","high"
"4362","8/16/2024","7:00","67.735","shrub","high_gate","summer24","high"
"4372","8/16/2024","13:00","74.446","shrub","high_gate","summer24","high"
"4382","8/16/2024","19:00","76.006","shrub","high_gate","summer24","high"
"4392","8/17/2024","1:00","71.683","shrub","high_gate","summer24","high"
"4402","8/17/2024","7:00","68.421","shrub","high_gate","summer24","high"
"4413","8/17/2024","13:00","75.832","shrub","high_gate","summer24","high"
"4422","8/17/2024","19:00","73.062","shrub","high_gate","summer24","high"
"4432","8/18/2024","1:00","69.793","shrub","high_gate","summer24","high"
"4442","8/18/2024","7:00","68.421","shrub","high_gate","summer24","high"
"4452","8/18/2024","13:00","74.619","shrub","high_gate","summer24","high"
"4462","8/18/2024","19:00","77.749","shrub","high_gate","summer24","high"
"4472","8/19/2024","1:00","71.683","shrub","high_gate","summer24","high"
"4482","8/19/2024","7:00","69.793","shrub","high_gate","summer24","high"
"4492","8/19/2024","13:00","74.791","shrub","high_gate","summer24","high"
"4502","8/19/2024","19:00","76.876","shrub","high_gate","summer24","high"
"4513","8/20/2024","1:00","73.407","shrub","high_gate","summer24","high"
"4522","8/20/2024","7:00","70.824","shrub","high_gate","summer24","high"
"4532","8/20/2024","13:00","76.006","shrub","high_gate","summer24","high"
"4542","8/20/2024","19:00","77.05","shrub","high_gate","summer24","high"
"4552","8/21/2024","1:00","72.891","shrub","high_gate","summer24","high"
"4562","8/21/2024","7:00","68.934","shrub","high_gate","summer24","high"
"4572","8/21/2024","13:00","74.619","shrub","high_gate","summer24","high"
"4582","8/21/2024","19:00","75.832","shrub","high_gate","summer24","high"
"4592","8/22/2024","1:00","70.137","shrub","high_gate","summer24","high"
"4602","8/22/2024","7:00","67.564","shrub","high_gate","summer24","high"
"4612","8/22/2024","13:00","73.58","shrub","high_gate","summer24","high"
"4622","8/22/2024","19:00","76.181","shrub","high_gate","summer24","high"
"4632","8/23/2024","1:00","71.512","shrub","high_gate","summer24","high"
"4642","8/23/2024","7:00","69.107","shrub","high_gate","summer24","high"
"4652","8/23/2024","13:00","75.312","shrub","high_gate","summer24","high"
"2104","4/29/2024","19:00","60.368","open","low_gate","summer24","low"
"3104","4/30/2024","1:00","57.785","open","low_gate","summer24","low"
"470","4/30/2024","7:00","56.923","open","low_gate","summer24","low"
"514","4/30/2024","13:00","58.131","open","low_gate","summer24","low"
"614","4/30/2024","19:00","53.798","open","low_gate","summer24","low"
"714","5/1/2024","1:00","41.254","open","low_gate","summer24","low"
"814","5/1/2024","7:00","35.758","open","low_gate","summer24","low"
"914","5/1/2024","13:00","48.16","open","low_gate","summer24","low"
"1014","5/1/2024","19:00","47.624","open","low_gate","summer24","low"
"1114","5/2/2024","1:00","37.297","open","low_gate","summer24","low"
"1214","5/2/2024","7:00","34.59","open","low_gate","summer24","low"
"1314","5/2/2024","13:00","56.057","open","low_gate","summer24","low"
"1414","5/2/2024","19:00","53.973","open","low_gate","summer24","low"
"1514","5/3/2024","1:00","43.466","open","low_gate","summer24","low"
"1614","5/3/2024","7:00","37.87","open","low_gate","summer24","low"
"1714","5/3/2024","13:00","58.993","open","low_gate","summer24","low"
"1814","5/3/2024","19:00","58.82","open","low_gate","summer24","low"
"1914","5/4/2024","1:00","44.922","open","low_gate","summer24","low"
"2014","5/4/2024","7:00","38.44","open","low_gate","summer24","low"
"2114","5/4/2024","13:00","60.712","open","low_gate","summer24","low"
"2214","5/4/2024","19:00","60.883","open","low_gate","summer24","low"
"2314","5/5/2024","1:00","50.995","open","low_gate","summer24","low"
"2414","5/5/2024","7:00","47.982","open","low_gate","summer24","low"
"2514","5/5/2024","13:00","48.871","open","low_gate","summer24","low"
"2614","5/5/2024","19:00","48.16","open","low_gate","summer24","low"
"2714","5/6/2024","1:00","41.81","open","low_gate","summer24","low"
"2814","5/6/2024","7:00","40.509","open","low_gate","summer24","low"
"2914","5/6/2024","13:00","51.874","open","low_gate","summer24","low"
"3014","5/6/2024","19:00","58.303","open","low_gate","summer24","low"
"3114","5/7/2024","1:00","41.81","open","low_gate","summer24","low"
"3214","5/7/2024","7:00","39.196","open","low_gate","summer24","low"
"3314","5/7/2024","13:00","53.798","open","low_gate","summer24","low"
"3414","5/7/2024","19:00","51.346","open","low_gate","summer24","low"
"3514","5/8/2024","1:00","41.254","open","low_gate","summer24","low"
"3614","5/8/2024","7:00","39.196","open","low_gate","summer24","low"
"3714","5/8/2024","13:00","52.925","open","low_gate","summer24","low"
"3814","5/8/2024","19:00","56.923","open","low_gate","summer24","low"
"3914","5/9/2024","1:00","42.732","open","low_gate","summer24","low"
"4014","5/9/2024","7:00","39.947","open","low_gate","summer24","low"
"4114","5/9/2024","13:00","63.797","open","low_gate","summer24","low"
"4214","5/9/2024","19:00","65.509","open","low_gate","summer24","low"
"4314","5/10/2024","1:00","47.266","open","low_gate","summer24","low"
"4414","5/10/2024","7:00","41.81","open","low_gate","summer24","low"
"4514","5/10/2024","13:00","68.421","open","low_gate","summer24","low"
"4610","5/10/2024","19:00","72.028","open","low_gate","summer24","low"
"473","5/11/2024","1:00","51.346","open","low_gate","summer24","low"
"483","5/11/2024","7:00","44.013","open","low_gate","summer24","low"
"493","5/11/2024","13:00","70.308","open","low_gate","summer24","low"
"503","5/11/2024","19:00","74.964","open","low_gate","summer24","low"
"515","5/12/2024","1:00","53.623","open","low_gate","summer24","low"
"523","5/12/2024","7:00","47.088","open","low_gate","summer24","low"
"533","5/12/2024","13:00","73.753","open","low_gate","summer24","low"
"543","5/12/2024","19:00","74.619","open","low_gate","summer24","low"
"553","5/13/2024","1:00","56.577","open","low_gate","summer24","low"
"563","5/13/2024","7:00","49.759","open","low_gate","summer24","low"
"573","5/13/2024","13:00","74.964","open","low_gate","summer24","low"
"583","5/13/2024","19:00","68.763","open","low_gate","summer24","low"
"593","5/14/2024","1:00","54.322","open","low_gate","summer24","low"
"603","5/14/2024","7:00","47.802","open","low_gate","summer24","low"
"615","5/14/2024","13:00","61.569","open","low_gate","summer24","low"
"623","5/14/2024","19:00","66.708","open","low_gate","summer24","low"
"633","5/15/2024","1:00","51.699","open","low_gate","summer24","low"
"643","5/15/2024","7:00","47.802","open","low_gate","summer24","low"
"653","5/15/2024","13:00","74.446","open","low_gate","summer24","low"
"663","5/15/2024","19:00","73.753","open","low_gate","summer24","low"
"673","5/16/2024","1:00","56.057","open","low_gate","summer24","low"
"683","5/16/2024","7:00","49.404","open","low_gate","summer24","low"
"693","5/16/2024","13:00","75.659","open","low_gate","summer24","low"
"703","5/16/2024","19:00","75.312","open","low_gate","summer24","low"
"715","5/17/2024","1:00","56.75","open","low_gate","summer24","low"
"723","5/17/2024","7:00","49.05","open","low_gate","summer24","low"
"733","5/17/2024","13:00","74.446","open","low_gate","summer24","low"
"743","5/17/2024","19:00","74.271","open","low_gate","summer24","low"
"753","5/18/2024","1:00","52.925","open","low_gate","summer24","low"
"763","5/18/2024","7:00","44.742","open","low_gate","summer24","low"
"773","5/18/2024","13:00","70.308","open","low_gate","summer24","low"
"783","5/18/2024","19:00","71.683","open","low_gate","summer24","low"
"793","5/19/2024","1:00","57.441","open","low_gate","summer24","low"
"803","5/19/2024","7:00","49.228","open","low_gate","summer24","low"
"815","5/19/2024","13:00","74.964","open","low_gate","summer24","low"
"823","5/19/2024","19:00","67.906","open","low_gate","summer24","low"
"833","5/20/2024","1:00","51.523","open","low_gate","summer24","low"
"843","5/20/2024","7:00","46.548","open","low_gate","summer24","low"
"853","5/20/2024","13:00","65.338","open","low_gate","summer24","low"
"863","5/20/2024","19:00","59.68","open","low_gate","summer24","low"
"873","5/21/2024","1:00","47.266","open","low_gate","summer24","low"
"883","5/21/2024","7:00","41.439","open","low_gate","summer24","low"
"893","5/21/2024","13:00","57.096","open","low_gate","summer24","low"
"903","5/21/2024","19:00","67.05","open","low_gate","summer24","low"
"915","5/22/2024","1:00","50.113","open","low_gate","summer24","low"
"923","5/22/2024","7:00","48.16","open","low_gate","summer24","low"
"933","5/22/2024","13:00","48.871","open","low_gate","summer24","low"
"943","5/22/2024","19:00","54.842","open","low_gate","summer24","low"
"953","5/23/2024","1:00","45.104","open","low_gate","summer24","low"
"963","5/23/2024","7:00","41.067","open","low_gate","summer24","low"
"973","5/23/2024","13:00","46.548","open","low_gate","summer24","low"
"983","5/23/2024","19:00","58.993","open","low_gate","summer24","low"
"993","5/24/2024","1:00","44.195","open","low_gate","summer24","low"
"1003","5/24/2024","7:00","37.87","open","low_gate","summer24","low"
"1015","5/24/2024","13:00","63.111","open","low_gate","summer24","low"
"1023","5/24/2024","19:00","63.797","open","low_gate","summer24","low"
"1033","5/25/2024","1:00","48.695","open","low_gate","summer24","low"
"1043","5/25/2024","7:00","42.548","open","low_gate","summer24","low"
"1053","5/25/2024","13:00","55.537","open","low_gate","summer24","low"
"1063","5/25/2024","19:00","65.509","open","low_gate","summer24","low"
"1073","5/26/2024","1:00","51.346","open","low_gate","summer24","low"
"1083","5/26/2024","7:00","43.466","open","low_gate","summer24","low"
"1093","5/26/2024","13:00","65.68","open","low_gate","summer24","low"
"1103","5/26/2024","19:00","68.421","open","low_gate","summer24","low"
"1115","5/27/2024","1:00","51.346","open","low_gate","summer24","low"
"1123","5/27/2024","7:00","44.922","open","low_gate","summer24","low"
"1133","5/27/2024","13:00","74.271","open","low_gate","summer24","low"
"1143","5/27/2024","19:00","78.975","open","low_gate","summer24","low"
"1153","5/28/2024","1:00","56.75","open","low_gate","summer24","low"
"1163","5/28/2024","7:00","49.228","open","low_gate","summer24","low"
"1173","5/28/2024","13:00","78.098","open","low_gate","summer24","low"
"1183","5/28/2024","19:00","76.876","open","low_gate","summer24","low"
"1193","5/29/2024","1:00","61.054","open","low_gate","summer24","low"
"1203","5/29/2024","7:00","54.495","open","low_gate","summer24","low"
"1215","5/29/2024","13:00","65.338","open","low_gate","summer24","low"
"1223","5/29/2024","19:00","59.851","open","low_gate","summer24","low"
"1233","5/30/2024","1:00","49.05","open","low_gate","summer24","low"
"1243","5/30/2024","7:00","42.732","open","low_gate","summer24","low"
"1253","5/30/2024","13:00","64.652","open","low_gate","summer24","low"
"1263","5/30/2024","19:00","70.824","open","low_gate","summer24","low"
"1273","5/31/2024","1:00","51.346","open","low_gate","summer24","low"
"1283","5/31/2024","7:00","43.648","open","low_gate","summer24","low"
"1293","5/31/2024","13:00","74.098","open","low_gate","summer24","low"
"1303","5/31/2024","19:00","78.449","open","low_gate","summer24","low"
"1315","6/1/2024","1:00","55.884","open","low_gate","summer24","low"
"1323","6/1/2024","7:00","47.982","open","low_gate","summer24","low"
"1333","6/1/2024","13:00","74.271","open","low_gate","summer24","low"
"1343","6/1/2024","19:00","74.446","open","low_gate","summer24","low"
"1353","6/2/2024","1:00","60.368","open","low_gate","summer24","low"
"1363","6/2/2024","7:00","55.017","open","low_gate","summer24","low"
"1373","6/2/2024","13:00","69.107","open","low_gate","summer24","low"
"1383","6/2/2024","19:00","75.832","open","low_gate","summer24","low"
"1393","6/3/2024","1:00","59.68","open","low_gate","summer24","low"
"1403","6/3/2024","7:00","56.23","open","low_gate","summer24","low"
"1415","6/3/2024","13:00","63.797","open","low_gate","summer24","low"
"1423","6/3/2024","19:00","68.763","open","low_gate","summer24","low"
"1433","6/4/2024","1:00","56.23","open","low_gate","summer24","low"
"1443","6/4/2024","7:00","48.339","open","low_gate","summer24","low"
"1453","6/4/2024","13:00","78.449","open","low_gate","summer24","low"
"1463","6/4/2024","19:00","77.923","open","low_gate","summer24","low"
"1473","6/5/2024","1:00","61.054","open","low_gate","summer24","low"
"1483","6/5/2024","7:00","53.274","open","low_gate","summer24","low"
"1493","6/5/2024","13:00","82.33","open","low_gate","summer24","low"
"1503","6/5/2024","19:00","85.194","open","low_gate","summer24","low"
"1515","6/6/2024","1:00","63.111","open","low_gate","summer24","low"
"1523","6/6/2024","7:00","54.669","open","low_gate","summer24","low"
"1533","6/6/2024","13:00","85.014","open","low_gate","summer24","low"
"1543","6/6/2024","19:00","82.864","open","low_gate","summer24","low"
"1553","6/7/2024","1:00","65.167","open","low_gate","summer24","low"
"1563","6/7/2024","7:00","57.268","open","low_gate","summer24","low"
"1573","6/7/2024","13:00","86.641","open","low_gate","summer24","low"
"1583","6/7/2024","19:00","85.014","open","low_gate","summer24","low"
"1593","6/8/2024","1:00","64.996","open","low_gate","summer24","low"
"1603","6/8/2024","7:00","56.404","open","low_gate","summer24","low"
"1615","6/8/2024","13:00","85.194","open","low_gate","summer24","low"
"1623","6/8/2024","19:00","88.833","open","low_gate","summer24","low"
"1633","6/9/2024","1:00","65.68","open","low_gate","summer24","low"
"1643","6/9/2024","7:00","60.368","open","low_gate","summer24","low"
"1653","6/9/2024","13:00","82.152","open","low_gate","summer24","low"
"1663","6/9/2024","19:00","69.964","open","low_gate","summer24","low"
"1673","6/10/2024","1:00","60.195","open","low_gate","summer24","low"
"1683","6/10/2024","7:00","55.537","open","low_gate","summer24","low"
"1693","6/10/2024","13:00","80.735","open","low_gate","summer24","low"
"1703","6/10/2024","19:00","76.354","open","low_gate","summer24","low"
"1715","6/11/2024","1:00","58.993","open","low_gate","summer24","low"
"1723","6/11/2024","7:00","52.05","open","low_gate","summer24","low"
"1733","6/11/2024","13:00","82.864","open","low_gate","summer24","low"
"1743","6/11/2024","19:00","86.641","open","low_gate","summer24","low"
"1753","6/12/2024","1:00","63.968","open","low_gate","summer24","low"
"1763","6/12/2024","7:00","54.842","open","low_gate","summer24","low"
"1773","6/12/2024","13:00","84.834","open","low_gate","summer24","low"
"1783","6/12/2024","19:00","87.368","open","low_gate","summer24","low"
"1793","6/13/2024","1:00","64.139","open","low_gate","summer24","low"
"1803","6/13/2024","7:00","56.404","open","low_gate","summer24","low"
"1815","6/13/2024","13:00","86.823","open","low_gate","summer24","low"
"1823","6/13/2024","19:00","92.55","open","low_gate","summer24","low"
"1833","6/14/2024","1:00","69.793","open","low_gate","summer24","low"
"1843","6/14/2024","7:00","63.111","open","low_gate","summer24","low"
"1853","6/14/2024","13:00","89.938","open","low_gate","summer24","low"
"1863","6/14/2024","19:00","90.68","open","low_gate","summer24","low"
"1873","6/15/2024","1:00","68.077","open","low_gate","summer24","low"
"1883","6/15/2024","7:00","61.569","open","low_gate","summer24","low"
"1893","6/15/2024","13:00","83.935","open","low_gate","summer24","low"
"1903","6/15/2024","19:00","78.624","open","low_gate","summer24","low"
"1915","6/16/2024","1:00","61.054","open","low_gate","summer24","low"
"1923","6/16/2024","7:00","52.225","open","low_gate","summer24","low"
"1933","6/16/2024","13:00","85.915","open","low_gate","summer24","low"
"1943","6/16/2024","19:00","84.834","open","low_gate","summer24","low"
"1953","6/17/2024","1:00","65.68","open","low_gate","summer24","low"
"1963","6/17/2024","7:00","59.851","open","low_gate","summer24","low"
"1973","6/17/2024","13:00","63.111","open","low_gate","summer24","low"
"1983","6/17/2024","19:00","64.825","open","low_gate","summer24","low"
"1993","6/18/2024","1:00","51.346","open","low_gate","summer24","low"
"2003","6/18/2024","7:00","47.088","open","low_gate","summer24","low"
"2015","6/18/2024","13:00","71.339","open","low_gate","summer24","low"
"2023","6/18/2024","19:00","75.659","open","low_gate","summer24","low"
"2033","6/19/2024","1:00","53.623","open","low_gate","summer24","low"
"2043","6/19/2024","7:00","46.728","open","low_gate","summer24","low"
"2053","6/19/2024","13:00","81.975","open","low_gate","summer24","low"
"2063","6/19/2024","19:00","88.65","open","low_gate","summer24","low"
"2073","6/20/2024","1:00","59.164","open","low_gate","summer24","low"
"2083","6/20/2024","7:00","52.925","open","low_gate","summer24","low"
"2093","6/20/2024","13:00","87.915","open","low_gate","summer24","low"
"2105","6/20/2024","19:00","96.361","open","low_gate","summer24","low"
"2115","6/21/2024","1:00","66.193","open","low_gate","summer24","low"
"2123","6/21/2024","7:00","59.164","open","low_gate","summer24","low"
"2133","6/21/2024","13:00","92.363","open","low_gate","summer24","low"
"2143","6/21/2024","19:00","96.361","open","low_gate","summer24","low"
"2153","6/22/2024","1:00","69.278","open","low_gate","summer24","low"
"2163","6/22/2024","7:00","59.508","open","low_gate","summer24","low"
"2173","6/22/2024","13:00","93.115","open","low_gate","summer24","low"
"2183","6/22/2024","19:00","96.555","open","low_gate","summer24","low"
"2193","6/23/2024","1:00","68.763","open","low_gate","summer24","low"
"2203","6/23/2024","7:00","61.054","open","low_gate","summer24","low"
"2215","6/23/2024","13:00","94.062","open","low_gate","summer24","low"
"2223","6/23/2024","19:00","96.555","open","low_gate","summer24","low"
"2233","6/24/2024","1:00","69.964","open","low_gate","summer24","low"
"2243","6/24/2024","7:00","61.569","open","low_gate","summer24","low"
"2253","6/24/2024","13:00","94.253","open","low_gate","summer24","low"
"2263","6/24/2024","19:00","97.137","open","low_gate","summer24","low"
"2273","6/25/2024","1:00","69.793","open","low_gate","summer24","low"
"2283","6/25/2024","7:00","61.227","open","low_gate","summer24","low"
"2293","6/25/2024","13:00","95.4","open","low_gate","summer24","low"
"2303","6/25/2024","19:00","97.916","open","low_gate","summer24","low"
"2315","6/26/2024","1:00","72.545","open","low_gate","summer24","low"
"2323","6/26/2024","7:00","66.193","open","low_gate","summer24","low"
"2333","6/26/2024","13:00","77.225","open","low_gate","summer24","low"
"2343","6/26/2024","19:00","85.374","open","low_gate","summer24","low"
"2353","6/27/2024","1:00","68.934","open","low_gate","summer24","low"
"2363","6/27/2024","7:00","63.797","open","low_gate","summer24","low"
"2373","6/27/2024","13:00","85.554","open","low_gate","summer24","low"
"2383","6/27/2024","19:00","89.755","open","low_gate","summer24","low"
"2393","6/28/2024","1:00","66.366","open","low_gate","summer24","low"
"2403","6/28/2024","7:00","57.958","open","low_gate","summer24","low"
"2415","6/28/2024","13:00","87.733","open","low_gate","summer24","low"
"2423","6/28/2024","19:00","86.097","open","low_gate","summer24","low"
"2433","6/29/2024","1:00","64.996","open","low_gate","summer24","low"
"2443","6/29/2024","7:00","58.303","open","low_gate","summer24","low"
"2453","6/29/2024","13:00","89.017","open","low_gate","summer24","low"
"2463","6/29/2024","19:00","95.59","open","low_gate","summer24","low"
"2473","6/30/2024","1:00","72.545","open","low_gate","summer24","low"
"2483","6/30/2024","7:00","66.537","open","low_gate","summer24","low"
"2493","6/30/2024","13:00","88.466","open","low_gate","summer24","low"
"2503","6/30/2024","19:00","90.124","open","low_gate","summer24","low"
"2515","7/1/2024","1:00","71.512","open","low_gate","summer24","low"
"2523","7/1/2024","7:00","64.481","open","low_gate","summer24","low"
"2533","7/1/2024","13:00","74.098","open","low_gate","summer24","low"
"2543","7/1/2024","19:00","66.193","open","low_gate","summer24","low"
"2553","7/2/2024","1:00","56.923","open","low_gate","summer24","low"
"2563","7/2/2024","7:00","50.29","open","low_gate","summer24","low"
"2573","7/2/2024","13:00","77.749","open","low_gate","summer24","low"
"2583","7/2/2024","19:00","80.911","open","low_gate","summer24","low"
"2593","7/3/2024","1:00","60.539","open","low_gate","summer24","low"
"2603","7/3/2024","7:00","54.322","open","low_gate","summer24","low"
"2615","7/3/2024","13:00","75.484","open","low_gate","summer24","low"
"2623","7/3/2024","19:00","82.152","open","low_gate","summer24","low"
"2633","7/4/2024","1:00","60.712","open","low_gate","summer24","low"
"2643","7/4/2024","7:00","53.798","open","low_gate","summer24","low"
"2653","7/4/2024","13:00","83.221","open","low_gate","summer24","low"
"2663","7/4/2024","19:00","83.399","open","low_gate","summer24","low"
"2673","7/5/2024","1:00","63.111","open","low_gate","summer24","low"
"2683","7/5/2024","7:00","56.577","open","low_gate","summer24","low"
"2693","7/5/2024","13:00","85.915","open","low_gate","summer24","low"
"2703","7/5/2024","19:00","92.363","open","low_gate","summer24","low"
"2715","7/6/2024","1:00","68.077","open","low_gate","summer24","low"
"2723","7/6/2024","7:00","59.851","open","low_gate","summer24","low"
"2733","7/6/2024","13:00","87.004","open","low_gate","summer24","low"
"2743","7/6/2024","19:00","93.682","open","low_gate","summer24","low"
"2753","7/7/2024","1:00","69.449","open","low_gate","summer24","low"
"2763","7/7/2024","7:00","61.912","open","low_gate","summer24","low"
"2773","7/7/2024","13:00","87.004","open","low_gate","summer24","low"
"2783","7/7/2024","19:00","94.633","open","low_gate","summer24","low"
"2793","7/8/2024","1:00","69.964","open","low_gate","summer24","low"
"2803","7/8/2024","7:00","62.254","open","low_gate","summer24","low"
"2815","7/8/2024","13:00","91.053","open","low_gate","summer24","low"
"2823","7/8/2024","19:00","97.916","open","low_gate","summer24","low"
"2833","7/9/2024","1:00","72.545","open","low_gate","summer24","low"
"2843","7/9/2024","7:00","64.825","open","low_gate","summer24","low"
"2853","7/9/2024","13:00","93.682","open","low_gate","summer24","low"
"2863","7/9/2024","19:00","102.9","open","low_gate","summer24","low"
"2873","7/10/2024","1:00","73.58","open","low_gate","summer24","low"
"2883","7/10/2024","7:00","61.569","open","low_gate","summer24","low"
"2893","7/10/2024","13:00","94.633","open","low_gate","summer24","low"
"2903","7/10/2024","19:00","77.4","open","low_gate","summer24","low"
"2915","7/11/2024","1:00","76.876","open","low_gate","summer24","low"
"2923","7/11/2024","7:00","74.446","open","low_gate","summer24","low"
"2933","7/11/2024","13:00","75.312","open","low_gate","summer24","low"
"2943","7/11/2024","19:00","77.574","open","low_gate","summer24","low"
"2953","7/12/2024","1:00","77.225","open","low_gate","summer24","low"
"2963","7/12/2024","7:00","74.964","open","low_gate","summer24","low"
"2973","7/12/2024","13:00","75.832","open","low_gate","summer24","low"
"2983","7/12/2024","19:00","77.923","open","low_gate","summer24","low"
"2993","7/13/2024","1:00","77.574","open","low_gate","summer24","low"
"3003","7/13/2024","7:00","75.312","open","low_gate","summer24","low"
"3015","7/13/2024","13:00","76.006","open","low_gate","summer24","low"
"3023","7/13/2024","19:00","78.098","open","low_gate","summer24","low"
"3033","7/14/2024","1:00","77.574","open","low_gate","summer24","low"
"3043","7/14/2024","7:00","76.528","open","low_gate","summer24","low"
"3053","7/14/2024","13:00","77.574","open","low_gate","summer24","low"
"3063","7/14/2024","19:00","79.151","open","low_gate","summer24","low"
"3073","7/15/2024","1:00","78.8","open","low_gate","summer24","low"
"3083","7/15/2024","7:00","76.876","open","low_gate","summer24","low"
"3093","7/15/2024","13:00","77.574","open","low_gate","summer24","low"
"3105","7/15/2024","19:00","78.449","open","low_gate","summer24","low"
"3115","7/16/2024","1:00","78.098","open","low_gate","summer24","low"
"3123","7/16/2024","7:00","76.006","open","low_gate","summer24","low"
"3133","7/16/2024","13:00","76.006","open","low_gate","summer24","low"
"3143","7/16/2024","19:00","77.4","open","low_gate","summer24","low"
"3153","7/17/2024","1:00","77.225","open","low_gate","summer24","low"
"3163","7/17/2024","7:00","75.139","open","low_gate","summer24","low"
"3173","7/17/2024","13:00","76.181","open","low_gate","summer24","low"
"3183","7/17/2024","19:00","78.098","open","low_gate","summer24","low"
"3193","7/18/2024","1:00","77.05","open","low_gate","summer24","low"
"3203","7/18/2024","7:00","75.139","open","low_gate","summer24","low"
"3215","7/18/2024","13:00","75.659","open","low_gate","summer24","low"
"3223","7/18/2024","19:00","78.098","open","low_gate","summer24","low"
"3233","7/19/2024","1:00","77.4","open","low_gate","summer24","low"
"3243","7/19/2024","7:00","75.484","open","low_gate","summer24","low"
"3253","7/19/2024","13:00","76.876","open","low_gate","summer24","low"
"3263","7/19/2024","19:00","78.449","open","low_gate","summer24","low"
"3273","7/20/2024","1:00","77.574","open","low_gate","summer24","low"
"3283","7/20/2024","7:00","75.484","open","low_gate","summer24","low"
"3293","7/20/2024","13:00","76.006","open","low_gate","summer24","low"
"3303","7/20/2024","19:00","78.098","open","low_gate","summer24","low"
"3315","7/21/2024","1:00","77.923","open","low_gate","summer24","low"
"3323","7/21/2024","7:00","76.006","open","low_gate","summer24","low"
"3333","7/21/2024","13:00","76.354","open","low_gate","summer24","low"
"3343","7/21/2024","19:00","78.8","open","low_gate","summer24","low"
"3353","7/22/2024","1:00","78.449","open","low_gate","summer24","low"
"3363","7/22/2024","7:00","76.528","open","low_gate","summer24","low"
"3373","7/22/2024","13:00","77.225","open","low_gate","summer24","low"
"3383","7/22/2024","19:00","78.8","open","low_gate","summer24","low"
"3393","7/23/2024","1:00","77.749","open","low_gate","summer24","low"
"3403","7/23/2024","7:00","74.791","open","low_gate","summer24","low"
"3415","7/23/2024","13:00","76.006","open","low_gate","summer24","low"
"3423","7/23/2024","19:00","77.923","open","low_gate","summer24","low"
"3433","7/24/2024","1:00","77.4","open","low_gate","summer24","low"
"3443","7/24/2024","7:00","75.659","open","low_gate","summer24","low"
"3453","7/24/2024","13:00","76.181","open","low_gate","summer24","low"
"3463","7/24/2024","19:00","77.923","open","low_gate","summer24","low"
"3473","7/25/2024","1:00","77.574","open","low_gate","summer24","low"
"3483","7/25/2024","7:00","76.181","open","low_gate","summer24","low"
"3493","7/25/2024","13:00","76.876","open","low_gate","summer24","low"
"3503","7/25/2024","19:00","77.574","open","low_gate","summer24","low"
"3515","7/26/2024","1:00","76.528","open","low_gate","summer24","low"
"3523","7/26/2024","7:00","74.791","open","low_gate","summer24","low"
"3533","7/26/2024","13:00","75.312","open","low_gate","summer24","low"
"3543","7/26/2024","19:00","76.876","open","low_gate","summer24","low"
"3553","7/27/2024","1:00","76.006","open","low_gate","summer24","low"
"3563","7/27/2024","7:00","74.271","open","low_gate","summer24","low"
"3573","7/27/2024","13:00","73.062","open","low_gate","summer24","low"
"3583","7/27/2024","19:00","74.098","open","low_gate","summer24","low"
"3593","7/28/2024","1:00","72.891","open","low_gate","summer24","low"
"3603","7/28/2024","7:00","71.683","open","low_gate","summer24","low"
"3615","7/28/2024","13:00","72.372","open","low_gate","summer24","low"
"3623","7/28/2024","19:00","74.791","open","low_gate","summer24","low"
"3633","7/29/2024","1:00","74.098","open","low_gate","summer24","low"
"3643","7/29/2024","7:00","72.372","open","low_gate","summer24","low"
"3653","7/29/2024","13:00","73.58","open","low_gate","summer24","low"
"3663","7/29/2024","19:00","75.139","open","low_gate","summer24","low"
"3673","7/30/2024","1:00","74.098","open","low_gate","summer24","low"
"3683","7/30/2024","7:00","72.199","open","low_gate","summer24","low"
"3693","7/30/2024","13:00","73.407","open","low_gate","summer24","low"
"3703","7/30/2024","19:00","75.484","open","low_gate","summer24","low"
"3715","7/31/2024","1:00","74.098","open","low_gate","summer24","low"
"3723","7/31/2024","7:00","72.545","open","low_gate","summer24","low"
"3733","7/31/2024","13:00","73.234","open","low_gate","summer24","low"
"3743","7/31/2024","19:00","75.139","open","low_gate","summer24","low"
"3753","8/1/2024","1:00","74.271","open","low_gate","summer24","low"
"3763","8/1/2024","7:00","72.199","open","low_gate","summer24","low"
"3773","8/1/2024","13:00","73.062","open","low_gate","summer24","low"
"3783","8/1/2024","19:00","75.139","open","low_gate","summer24","low"
"3793","8/2/2024","1:00","74.964","open","low_gate","summer24","low"
"3803","8/2/2024","7:00","73.234","open","low_gate","summer24","low"
"3815","8/2/2024","13:00","74.098","open","low_gate","summer24","low"
"3823","8/2/2024","19:00","75.832","open","low_gate","summer24","low"
"3833","8/3/2024","1:00","75.659","open","low_gate","summer24","low"
"3843","8/3/2024","7:00","74.098","open","low_gate","summer24","low"
"3853","8/3/2024","13:00","75.139","open","low_gate","summer24","low"
"3863","8/3/2024","19:00","77.574","open","low_gate","summer24","low"
"3873","8/4/2024","1:00","77.574","open","low_gate","summer24","low"
"3883","8/4/2024","7:00","76.006","open","low_gate","summer24","low"
"3893","8/4/2024","13:00","76.181","open","low_gate","summer24","low"
"3903","8/4/2024","19:00","77.749","open","low_gate","summer24","low"
"3915","8/5/2024","1:00","77.4","open","low_gate","summer24","low"
"3923","8/5/2024","7:00","75.659","open","low_gate","summer24","low"
"3933","8/5/2024","13:00","76.354","open","low_gate","summer24","low"
"3943","8/5/2024","19:00","78.098","open","low_gate","summer24","low"
"3953","8/6/2024","1:00","77.225","open","low_gate","summer24","low"
"3963","8/6/2024","7:00","75.659","open","low_gate","summer24","low"
"3973","8/6/2024","13:00","76.354","open","low_gate","summer24","low"
"3983","8/6/2024","19:00","77.749","open","low_gate","summer24","low"
"3993","8/7/2024","1:00","76.876","open","low_gate","summer24","low"
"4003","8/7/2024","7:00","74.964","open","low_gate","summer24","low"
"4015","8/7/2024","13:00","75.484","open","low_gate","summer24","low"
"4023","8/7/2024","19:00","76.528","open","low_gate","summer24","low"
"4033","8/8/2024","1:00","75.832","open","low_gate","summer24","low"
"4043","8/8/2024","7:00","73.062","open","low_gate","summer24","low"
"4053","8/8/2024","13:00","73.407","open","low_gate","summer24","low"
"4063","8/8/2024","19:00","75.659","open","low_gate","summer24","low"
"4073","8/9/2024","1:00","75.139","open","low_gate","summer24","low"
"4083","8/9/2024","7:00","73.407","open","low_gate","summer24","low"
"4093","8/9/2024","13:00","73.753","open","low_gate","summer24","low"
"4103","8/9/2024","19:00","74.098","open","low_gate","summer24","low"
"4115","8/10/2024","1:00","70.995","open","low_gate","summer24","low"
"4123","8/10/2024","7:00","69.964","open","low_gate","summer24","low"
"4133","8/10/2024","13:00","71.168","open","low_gate","summer24","low"
"4143","8/10/2024","19:00","73.926","open","low_gate","summer24","low"
"4153","8/11/2024","1:00","73.926","open","low_gate","summer24","low"
"4163","8/11/2024","7:00","72.199","open","low_gate","summer24","low"
"4173","8/11/2024","13:00","72.545","open","low_gate","summer24","low"
"4183","8/11/2024","19:00","74.791","open","low_gate","summer24","low"
"4193","8/12/2024","1:00","74.619","open","low_gate","summer24","low"
"4203","8/12/2024","7:00","73.407","open","low_gate","summer24","low"
"4215","8/12/2024","13:00","73.926","open","low_gate","summer24","low"
"4223","8/12/2024","19:00","75.312","open","low_gate","summer24","low"
"4233","8/13/2024","1:00","70.824","open","low_gate","summer24","low"
"4243","8/13/2024","7:00","69.278","open","low_gate","summer24","low"
"4253","8/13/2024","13:00","74.619","open","low_gate","summer24","low"
"4263","8/13/2024","19:00","73.926","open","low_gate","summer24","low"
"4273","8/14/2024","1:00","69.107","open","low_gate","summer24","low"
"4283","8/14/2024","7:00","67.735","open","low_gate","summer24","low"
"4293","8/14/2024","13:00","75.832","open","low_gate","summer24","low"
"4303","8/14/2024","19:00","75.139","open","low_gate","summer24","low"
"4315","8/15/2024","1:00","70.48","open","low_gate","summer24","low"
"4323","8/15/2024","7:00","67.906","open","low_gate","summer24","low"
"4333","8/15/2024","13:00","73.753","open","low_gate","summer24","low"
"4343","8/15/2024","19:00","75.484","open","low_gate","summer24","low"
"4353","8/16/2024","1:00","70.48","open","low_gate","summer24","low"
"4363","8/16/2024","7:00","67.906","open","low_gate","summer24","low"
"4373","8/16/2024","13:00","74.271","open","low_gate","summer24","low"
"4383","8/16/2024","19:00","75.484","open","low_gate","summer24","low"
"4393","8/17/2024","1:00","71.683","open","low_gate","summer24","low"
"4403","8/17/2024","7:00","68.592","open","low_gate","summer24","low"
"4415","8/17/2024","13:00","75.484","open","low_gate","summer24","low"
"4423","8/17/2024","19:00","73.062","open","low_gate","summer24","low"
"4433","8/18/2024","1:00","69.793","open","low_gate","summer24","low"
"4443","8/18/2024","7:00","68.592","open","low_gate","summer24","low"
"4453","8/18/2024","13:00","74.271","open","low_gate","summer24","low"
"4463","8/18/2024","19:00","77.4","open","low_gate","summer24","low"
"4473","8/19/2024","1:00","71.683","open","low_gate","summer24","low"
"4483","8/19/2024","7:00","69.793","open","low_gate","summer24","low"
"4493","8/19/2024","13:00","74.446","open","low_gate","summer24","low"
"4503","8/19/2024","19:00","76.354","open","low_gate","summer24","low"
"4515","8/20/2024","1:00","73.407","open","low_gate","summer24","low"
"4523","8/20/2024","7:00","70.824","open","low_gate","summer24","low"
"4533","8/20/2024","13:00","75.659","open","low_gate","summer24","low"
"4543","8/20/2024","19:00","76.703","open","low_gate","summer24","low"
"4553","8/21/2024","1:00","72.718","open","low_gate","summer24","low"
"4563","8/21/2024","7:00","68.934","open","low_gate","summer24","low"
"4573","8/21/2024","13:00","74.271","open","low_gate","summer24","low"
"4583","8/21/2024","19:00","75.484","open","low_gate","summer24","low"
"4593","8/22/2024","1:00","70.308","open","low_gate","summer24","low"
"4603","8/22/2024","7:00","67.735","open","low_gate","summer24","low"
"4613","8/22/2024","13:00","73.407","open","low_gate","summer24","low"
"4623","8/22/2024","19:00","75.832","open","low_gate","summer24","low"
"4633","8/23/2024","1:00","71.512","open","low_gate","summer24","low"
"4643","8/23/2024","7:00","69.278","open","low_gate","summer24","low"
"4653","8/23/2024","13:00","75.139","open","low_gate","summer24","low"
"4661","8/23/2024","13:04","","open","low_gate","summer24","low"
"4671","8/23/2024","13:04","","open","low_gate","summer24","low"
"4681","8/23/2024","13:04","","open","low_gate","summer24","low"
"2106","4/29/2024","19:00","60.024","open","high_north","summer24","high"
"3106","4/30/2024","1:00","57.441","open","high_north","summer24","high"
"474","4/30/2024","7:00","56.75","open","high_north","summer24","high"
"516","4/30/2024","13:00","56.23","open","high_north","summer24","high"
"616","4/30/2024","19:00","59.508","open","high_north","summer24","high"
"716","5/1/2024","1:00","43.831","open","high_north","summer24","high"
"816","5/1/2024","7:00","32.815","open","high_north","summer24","high"
"916","5/1/2024","13:00","46.188","open","high_north","summer24","high"
"1016","5/1/2024","19:00","43.099","open","high_north","summer24","high"
"1116","5/2/2024","1:00","36.145","open","high_north","summer24","high"
"1216","5/2/2024","7:00","34.198","open","high_north","summer24","high"
"1316","5/2/2024","13:00","50.29","open","high_north","summer24","high"
"1416","5/2/2024","19:00","51.346","open","high_north","summer24","high"
"1516","5/3/2024","1:00","42.179","open","high_north","summer24","high"
"1616","5/3/2024","7:00","36.723","open","high_north","summer24","high"
"1716","5/3/2024","13:00","48.871","open","high_north","summer24","high"
"1816","5/3/2024","19:00","54.495","open","high_north","summer24","high"
"1916","5/4/2024","1:00","43.099","open","high_north","summer24","high"
"2016","5/4/2024","7:00","38.061","open","high_north","summer24","high"
"2116","5/4/2024","13:00","55.364","open","high_north","summer24","high"
"2216","5/4/2024","19:00","56.404","open","high_north","summer24","high"
"2316","5/5/2024","1:00","48.695","open","high_north","summer24","high"
"2416","5/5/2024","7:00","46.188","open","high_north","summer24","high"
"2516","5/5/2024","13:00","45.286","open","high_north","summer24","high"
"2616","5/5/2024","19:00","44.922","open","high_north","summer24","high"
"2716","5/6/2024","1:00","40.696","open","high_north","summer24","high"
"2816","5/6/2024","7:00","39.384","open","high_north","summer24","high"
"2916","5/6/2024","13:00","46.369","open","high_north","summer24","high"
"3016","5/6/2024","19:00","49.228","open","high_north","summer24","high"
"3116","5/7/2024","1:00","39.384","open","high_north","summer24","high"
"3216","5/7/2024","7:00","36.531","open","high_north","summer24","high"
"3316","5/7/2024","13:00","46.728","open","high_north","summer24","high"
"3416","5/7/2024","19:00","49.759","open","high_north","summer24","high"
"3516","5/8/2024","1:00","39.76","open","high_north","summer24","high"
"3616","5/8/2024","7:00","37.107","open","high_north","summer24","high"
"3716","5/8/2024","13:00","47.266","open","high_north","summer24","high"
"3816","5/8/2024","19:00","50.29","open","high_north","summer24","high"
"3916","5/9/2024","1:00","40.509","open","high_north","summer24","high"
"4016","5/9/2024","7:00","37.87","open","high_north","summer24","high"
"4116","5/9/2024","13:00","55.711","open","high_north","summer24","high"
"4216","5/9/2024","19:00","56.577","open","high_north","summer24","high"
"4316","5/10/2024","1:00","44.742","open","high_north","summer24","high"
"4416","5/10/2024","7:00","39.384","open","high_north","summer24","high"
"4516","5/10/2024","13:00","62.425","open","high_north","summer24","high"
"4614","5/10/2024","19:00","66.366","open","high_north","summer24","high"
"475","5/11/2024","1:00","50.113","open","high_north","summer24","high"
"484","5/11/2024","7:00","43.466","open","high_north","summer24","high"
"494","5/11/2024","13:00","64.652","open","high_north","summer24","high"
"504","5/11/2024","19:00","66.708","open","high_north","summer24","high"
"517","5/12/2024","1:00","52.05","open","high_north","summer24","high"
"524","5/12/2024","7:00","45.286","open","high_north","summer24","high"
"534","5/12/2024","13:00","67.221","open","high_north","summer24","high"
"544","5/12/2024","19:00","67.735","open","high_north","summer24","high"
"554","5/13/2024","1:00","54.842","open","high_north","summer24","high"
"564","5/13/2024","7:00","48.16","open","high_north","summer24","high"
"574","5/13/2024","13:00","68.248","open","high_north","summer24","high"
"584","5/13/2024","19:00","62.94","open","high_north","summer24","high"
"594","5/14/2024","1:00","52.576","open","high_north","summer24","high"
"604","5/14/2024","7:00","47.446","open","high_north","summer24","high"
"617","5/14/2024","13:00","59.337","open","high_north","summer24","high"
"624","5/14/2024","19:00","61.912","open","high_north","summer24","high"
"634","5/15/2024","1:00","50.819","open","high_north","summer24","high"
"644","5/15/2024","7:00","47.446","open","high_north","summer24","high"
"654","5/15/2024","13:00","63.455","open","high_north","summer24","high"
"664","5/15/2024","19:00","64.996","open","high_north","summer24","high"
"674","5/16/2024","1:00","52.75","open","high_north","summer24","high"
"684","5/16/2024","7:00","46.908","open","high_north","summer24","high"
"694","5/16/2024","13:00","68.077","open","high_north","summer24","high"
"704","5/16/2024","19:00","66.708","open","high_north","summer24","high"
"717","5/17/2024","1:00","52.576","open","high_north","summer24","high"
"724","5/17/2024","7:00","46.369","open","high_north","summer24","high"
"734","5/17/2024","13:00","65.338","open","high_north","summer24","high"
"744","5/17/2024","19:00","63.968","open","high_north","summer24","high"
"754","5/18/2024","1:00","48.695","open","high_north","summer24","high"
"764","5/18/2024","7:00","41.625","open","high_north","summer24","high"
"774","5/18/2024","13:00","63.455","open","high_north","summer24","high"
"784","5/18/2024","19:00","64.139","open","high_north","summer24","high"
"794","5/19/2024","1:00","53.449","open","high_north","summer24","high"
"804","5/19/2024","7:00","46.728","open","high_north","summer24","high"
"817","5/19/2024","13:00","63.455","open","high_north","summer24","high"
"824","5/19/2024","19:00","61.741","open","high_north","summer24","high"
"834","5/20/2024","1:00","49.05","open","high_north","summer24","high"
"844","5/20/2024","7:00","43.648","open","high_north","summer24","high"
"854","5/20/2024","13:00","61.054","open","high_north","summer24","high"
"864","5/20/2024","19:00","58.476","open","high_north","summer24","high"
"874","5/21/2024","1:00","47.802","open","high_north","summer24","high"
"884","5/21/2024","7:00","41.81","open","high_north","summer24","high"
"894","5/21/2024","13:00","56.75","open","high_north","summer24","high"
"904","5/21/2024","19:00","60.195","open","high_north","summer24","high"
"917","5/22/2024","1:00","48.517","open","high_north","summer24","high"
"924","5/22/2024","7:00","46.369","open","high_north","summer24","high"
"934","5/22/2024","13:00","46.188","open","high_north","summer24","high"
"944","5/22/2024","19:00","50.29","open","high_north","summer24","high"
"954","5/23/2024","1:00","43.099","open","high_north","summer24","high"
"964","5/23/2024","7:00","40.696","open","high_north","summer24","high"
"974","5/23/2024","13:00","41.254","open","high_north","summer24","high"
"984","5/23/2024","19:00","50.466","open","high_north","summer24","high"
"994","5/24/2024","1:00","42.179","open","high_north","summer24","high"
"1004","5/24/2024","7:00","37.679","open","high_north","summer24","high"
"1017","5/24/2024","13:00","55.711","open","high_north","summer24","high"
"1024","5/24/2024","19:00","57.096","open","high_north","summer24","high"
"1034","5/25/2024","1:00","46.008","open","high_north","summer24","high"
"1044","5/25/2024","7:00","40.881","open","high_north","summer24","high"
"1054","5/25/2024","13:00","50.29","open","high_north","summer24","high"
"1064","5/25/2024","19:00","55.189","open","high_north","summer24","high"
"1074","5/26/2024","1:00","47.802","open","high_north","summer24","high"
"1084","5/26/2024","7:00","41.625","open","high_north","summer24","high"
"1094","5/26/2024","13:00","62.083","open","high_north","summer24","high"
"1104","5/26/2024","19:00","64.825","open","high_north","summer24","high"
"1117","5/27/2024","1:00","51.523","open","high_north","summer24","high"
"1124","5/27/2024","7:00","44.195","open","high_north","summer24","high"
"1134","5/27/2024","13:00","67.735","open","high_north","summer24","high"
"1144","5/27/2024","19:00","70.824","open","high_north","summer24","high"
"1154","5/28/2024","1:00","53.798","open","high_north","summer24","high"
"1164","5/28/2024","7:00","47.266","open","high_north","summer24","high"
"1174","5/28/2024","13:00","72.199","open","high_north","summer24","high"
"1184","5/28/2024","19:00","72.718","open","high_north","summer24","high"
"1194","5/29/2024","1:00","58.82","open","high_north","summer24","high"
"1204","5/29/2024","7:00","52.576","open","high_north","summer24","high"
"1217","5/29/2024","13:00","58.131","open","high_north","summer24","high"
"1224","5/29/2024","19:00","58.82","open","high_north","summer24","high"
"1234","5/30/2024","1:00","48.517","open","high_north","summer24","high"
"1244","5/30/2024","7:00","42.179","open","high_north","summer24","high"
"1254","5/30/2024","13:00","58.82","open","high_north","summer24","high"
"1264","5/30/2024","19:00","62.254","open","high_north","summer24","high"
"1274","5/31/2024","1:00","50.466","open","high_north","summer24","high"
"1284","5/31/2024","7:00","42.548","open","high_north","summer24","high"
"1294","5/31/2024","13:00","68.592","open","high_north","summer24","high"
"1304","5/31/2024","19:00","71.683","open","high_north","summer24","high"
"1317","6/1/2024","1:00","54.495","open","high_north","summer24","high"
"1324","6/1/2024","7:00","47.624","open","high_north","summer24","high"
"1334","6/1/2024","13:00","71.339","open","high_north","summer24","high"
"1344","6/1/2024","19:00","69.964","open","high_north","summer24","high"
"1354","6/2/2024","1:00","58.647","open","high_north","summer24","high"
"1364","6/2/2024","7:00","53.798","open","high_north","summer24","high"
"1374","6/2/2024","13:00","67.392","open","high_north","summer24","high"
"1384","6/2/2024","19:00","67.392","open","high_north","summer24","high"
"1394","6/3/2024","1:00","56.577","open","high_north","summer24","high"
"1404","6/3/2024","7:00","53.973","open","high_north","summer24","high"
"1417","6/3/2024","13:00","57.441","open","high_north","summer24","high"
"1424","6/3/2024","19:00","61.227","open","high_north","summer24","high"
"1434","6/4/2024","1:00","53.449","open","high_north","summer24","high"
"1444","6/4/2024","7:00","46.548","open","high_north","summer24","high"
"1454","6/4/2024","13:00","70.48","open","high_north","summer24","high"
"1464","6/4/2024","19:00","70.995","open","high_north","summer24","high"
"1474","6/5/2024","1:00","57.785","open","high_north","summer24","high"
"1484","6/5/2024","7:00","51.523","open","high_north","summer24","high"
"1494","6/5/2024","13:00","76.703","open","high_north","summer24","high"
"1504","6/5/2024","19:00","79.502","open","high_north","summer24","high"
"1517","6/6/2024","1:00","62.083","open","high_north","summer24","high"
"1524","6/6/2024","7:00","54.322","open","high_north","summer24","high"
"1534","6/6/2024","13:00","79.502","open","high_north","summer24","high"
"1544","6/6/2024","19:00","77.749","open","high_north","summer24","high"
"1554","6/7/2024","1:00","63.797","open","high_north","summer24","high"
"1564","6/7/2024","7:00","56.923","open","high_north","summer24","high"
"1574","6/7/2024","13:00","82.33","open","high_north","summer24","high"
"1584","6/7/2024","19:00","81.442","open","high_north","summer24","high"
"1594","6/8/2024","1:00","65.338","open","high_north","summer24","high"
"1604","6/8/2024","7:00","57.441","open","high_north","summer24","high"
"1617","6/8/2024","13:00","81.621","open","high_north","summer24","high"
"1624","6/8/2024","19:00","83.757","open","high_north","summer24","high"
"1634","6/9/2024","1:00","65.851","open","high_north","summer24","high"
"1644","6/9/2024","7:00","60.024","open","high_north","summer24","high"
"1654","6/9/2024","13:00","78.8","open","high_north","summer24","high"
"1664","6/9/2024","19:00","69.793","open","high_north","summer24","high"
"1674","6/10/2024","1:00","59.851","open","high_north","summer24","high"
"1684","6/10/2024","7:00","54.842","open","high_north","summer24","high"
"1694","6/10/2024","13:00","74.271","open","high_north","summer24","high"
"1704","6/10/2024","19:00","79.853","open","high_north","summer24","high"
"1717","6/11/2024","1:00","62.083","open","high_north","summer24","high"
"1724","6/11/2024","7:00","54.495","open","high_north","summer24","high"
"1734","6/11/2024","13:00","80.382","open","high_north","summer24","high"
"1744","6/11/2024","19:00","80.735","open","high_north","summer24","high"
"1754","6/12/2024","1:00","63.797","open","high_north","summer24","high"
"1764","6/12/2024","7:00","55.189","open","high_north","summer24","high"
"1774","6/12/2024","13:00","81.442","open","high_north","summer24","high"
"1784","6/12/2024","19:00","83.221","open","high_north","summer24","high"
"1794","6/13/2024","1:00","63.626","open","high_north","summer24","high"
"1804","6/13/2024","7:00","55.364","open","high_north","summer24","high"
"1817","6/13/2024","13:00","83.221","open","high_north","summer24","high"
"1824","6/13/2024","19:00","86.459","open","high_north","summer24","high"
"1834","6/14/2024","1:00","69.107","open","high_north","summer24","high"
"1844","6/14/2024","7:00","62.769","open","high_north","summer24","high"
"1854","6/14/2024","13:00","86.459","open","high_north","summer24","high"
"1864","6/14/2024","19:00","85.014","open","high_north","summer24","high"
"1874","6/15/2024","1:00","67.564","open","high_north","summer24","high"
"1884","6/15/2024","7:00","60.883","open","high_north","summer24","high"
"1894","6/15/2024","13:00","80.029","open","high_north","summer24","high"
"1904","6/15/2024","19:00","76.181","open","high_north","summer24","high"
"1917","6/16/2024","1:00","61.398","open","high_north","summer24","high"
"1924","6/16/2024","7:00","52.401","open","high_north","summer24","high"
"1934","6/16/2024","13:00","79.853","open","high_north","summer24","high"
"1944","6/16/2024","19:00","79.678","open","high_north","summer24","high"
"1954","6/17/2024","1:00","64.652","open","high_north","summer24","high"
"1964","6/17/2024","7:00","59.508","open","high_north","summer24","high"
"1974","6/17/2024","13:00","58.476","open","high_north","summer24","high"
"1984","6/17/2024","19:00","58.647","open","high_north","summer24","high"
"1994","6/18/2024","1:00","49.582","open","high_north","summer24","high"
"2004","6/18/2024","7:00","43.831","open","high_north","summer24","high"
"2017","6/18/2024","13:00","61.741","open","high_north","summer24","high"
"2024","6/18/2024","19:00","67.05","open","high_north","summer24","high"
"2034","6/19/2024","1:00","50.466","open","high_north","summer24","high"
"2044","6/19/2024","7:00","44.56","open","high_north","summer24","high"
"2054","6/19/2024","13:00","75.832","open","high_north","summer24","high"
"2064","6/19/2024","19:00","79.678","open","high_north","summer24","high"
"2074","6/20/2024","1:00","57.441","open","high_north","summer24","high"
"2084","6/20/2024","7:00","50.113","open","high_north","summer24","high"
"2094","6/20/2024","13:00","82.152","open","high_north","summer24","high"
"2107","6/20/2024","19:00","87.004","open","high_north","summer24","high"
"2117","6/21/2024","1:00","65.167","open","high_north","summer24","high"
"2124","6/21/2024","7:00","56.75","open","high_north","summer24","high"
"2134","6/21/2024","13:00","86.097","open","high_north","summer24","high"
"2144","6/21/2024","19:00","86.823","open","high_north","summer24","high"
"2154","6/22/2024","1:00","66.879","open","high_north","summer24","high"
"2164","6/22/2024","7:00","58.476","open","high_north","summer24","high"
"2174","6/22/2024","13:00","88.099","open","high_north","summer24","high"
"2184","6/22/2024","19:00","89.384","open","high_north","summer24","high"
"2194","6/23/2024","1:00","68.421","open","high_north","summer24","high"
"2204","6/23/2024","7:00","61.398","open","high_north","summer24","high"
"2217","6/23/2024","13:00","90.124","open","high_north","summer24","high"
"2224","6/23/2024","19:00","89.569","open","high_north","summer24","high"
"2234","6/24/2024","1:00","69.107","open","high_north","summer24","high"
"2244","6/24/2024","7:00","61.912","open","high_north","summer24","high"
"2254","6/24/2024","13:00","90.495","open","high_north","summer24","high"
"2264","6/24/2024","19:00","88.65","open","high_north","summer24","high"
"2274","6/25/2024","1:00","68.763","open","high_north","summer24","high"
"2284","6/25/2024","7:00","61.398","open","high_north","summer24","high"
"2294","6/25/2024","13:00","92.174","open","high_north","summer24","high"
"2304","6/25/2024","19:00","90.867","open","high_north","summer24","high"
"2317","6/26/2024","1:00","70.824","open","high_north","summer24","high"
"2324","6/26/2024","7:00","63.455","open","high_north","summer24","high"
"2334","6/26/2024","13:00","75.832","open","high_north","summer24","high"
"2344","6/26/2024","19:00","79.326","open","high_north","summer24","high"
"2354","6/27/2024","1:00","64.996","open","high_north","summer24","high"
"2364","6/27/2024","7:00","60.024","open","high_north","summer24","high"
"2374","6/27/2024","13:00","78.449","open","high_north","summer24","high"
"2384","6/27/2024","19:00","79.853","open","high_north","summer24","high"
"2394","6/28/2024","1:00","61.912","open","high_north","summer24","high"
"2404","6/28/2024","7:00","53.623","open","high_north","summer24","high"
"2417","6/28/2024","13:00","84.474","open","high_north","summer24","high"
"2424","6/28/2024","19:00","85.014","open","high_north","summer24","high"
"2434","6/29/2024","1:00","63.968","open","high_north","summer24","high"
"2444","6/29/2024","7:00","57.096","open","high_north","summer24","high"
"2454","6/29/2024","13:00","88.466","open","high_north","summer24","high"
"2464","6/29/2024","19:00","91.053","open","high_north","summer24","high"
"2474","6/30/2024","1:00","72.028","open","high_north","summer24","high"
"2484","6/30/2024","7:00","64.139","open","high_north","summer24","high"
"2494","6/30/2024","13:00","90.309","open","high_north","summer24","high"
"2504","6/30/2024","19:00","88.65","open","high_north","summer24","high"
"2517","7/1/2024","1:00","71.856","open","high_north","summer24","high"
"2524","7/1/2024","7:00","64.481","open","high_north","summer24","high"
"2534","7/1/2024","13:00","82.33","open","high_north","summer24","high"
"2544","7/1/2024","19:00","67.221","open","high_north","summer24","high"
"2554","7/2/2024","1:00","56.923","open","high_north","summer24","high"
"2564","7/2/2024","7:00","48.339","open","high_north","summer24","high"
"2574","7/2/2024","13:00","77.923","open","high_north","summer24","high"
"2584","7/2/2024","19:00","79.502","open","high_north","summer24","high"
"2594","7/3/2024","1:00","60.368","open","high_north","summer24","high"
"2604","7/3/2024","7:00","52.576","open","high_north","summer24","high"
"2617","7/3/2024","13:00","81.621","open","high_north","summer24","high"
"2624","7/3/2024","19:00","80.559","open","high_north","summer24","high"
"2634","7/4/2024","1:00","60.368","open","high_north","summer24","high"
"2644","7/4/2024","7:00","51.874","open","high_north","summer24","high"
"2654","7/4/2024","13:00","80.382","open","high_north","summer24","high"
"2664","7/4/2024","19:00","82.152","open","high_north","summer24","high"
"2674","7/5/2024","1:00","62.254","open","high_north","summer24","high"
"2684","7/5/2024","7:00","53.798","open","high_north","summer24","high"
"2694","7/5/2024","13:00","85.374","open","high_north","summer24","high"
"2704","7/5/2024","19:00","89.017","open","high_north","summer24","high"
"2717","7/6/2024","1:00","67.05","open","high_north","summer24","high"
"2724","7/6/2024","7:00","57.441","open","high_north","summer24","high"
"2734","7/6/2024","13:00","88.282","open","high_north","summer24","high"
"2744","7/6/2024","19:00","82.33","open","high_north","summer24","high"
"2754","7/7/2024","1:00","64.652","open","high_north","summer24","high"
"2764","7/7/2024","7:00","57.441","open","high_north","summer24","high"
"2774","7/7/2024","13:00","87.552","open","high_north","summer24","high"
"2784","7/7/2024","19:00","88.282","open","high_north","summer24","high"
"2794","7/8/2024","1:00","67.392","open","high_north","summer24","high"
"2804","7/8/2024","7:00","59.851","open","high_north","summer24","high"
"2817","7/8/2024","13:00","90.867","open","high_north","summer24","high"
"2824","7/8/2024","19:00","94.062","open","high_north","summer24","high"
"2834","7/9/2024","1:00","71.683","open","high_north","summer24","high"
"2844","7/9/2024","7:00","63.626","open","high_north","summer24","high"
"2854","7/9/2024","13:00","108.964","open","high_north","summer24","high"
"2108","5/6/2024","19:00","66.708","open","low_north","summer24","low"
"3107","5/7/2024","1:00","67.221","open","low_north","summer24","low"
"476","5/7/2024","7:00","67.221","open","low_north","summer24","low"
"518","5/7/2024","13:00","56.057","open","low_north","summer24","low"
"618","5/7/2024","19:00","52.75","open","low_north","summer24","low"
"718","5/8/2024","1:00","42.915","open","low_north","summer24","low"
"818","5/8/2024","7:00","40.134","open","low_north","summer24","low"
"918","5/8/2024","13:00","53.274","open","low_north","summer24","low"
"1018","5/8/2024","19:00","51.874","open","low_north","summer24","low"
"1118","5/9/2024","1:00","42.732","open","low_north","summer24","low"
"1218","5/9/2024","7:00","40.696","open","low_north","summer24","low"
"1318","5/9/2024","13:00","64.31","open","low_north","summer24","low"
"1418","5/9/2024","19:00","62.769","open","low_north","summer24","low"
"1518","5/10/2024","1:00","48.339","open","low_north","summer24","low"
"1618","5/10/2024","7:00","42.915","open","low_north","summer24","low"
"1718","5/10/2024","13:00","71.856","open","low_north","summer24","low"
"1818","5/10/2024","19:00","69.449","open","low_north","summer24","low"
"1918","5/11/2024","1:00","52.225","open","low_north","summer24","low"
"2018","5/11/2024","7:00","44.922","open","low_north","summer24","low"
"2118","5/11/2024","13:00","75.484","open","low_north","summer24","low"
"2218","5/11/2024","19:00","73.062","open","low_north","summer24","low"
"2318","5/12/2024","1:00","54.669","open","low_north","summer24","low"
"2418","5/12/2024","7:00","47.982","open","low_north","summer24","low"
"2518","5/12/2024","13:00","78.624","open","low_north","summer24","low"
"2618","5/12/2024","19:00","73.407","open","low_north","summer24","low"
"2718","5/13/2024","1:00","57.614","open","low_north","summer24","low"
"2818","5/13/2024","7:00","50.995","open","low_north","summer24","low"
"2917","5/13/2024","13:00","79.678","open","low_north","summer24","low"
"3017","5/13/2024","19:00","68.592","open","low_north","summer24","low"
"3117","5/14/2024","1:00","54.842","open","low_north","summer24","low"
"3217","5/14/2024","7:00","48.16","open","low_north","summer24","low"
"3317","5/14/2024","13:00","62.769","open","low_north","summer24","low"
"3417","5/14/2024","19:00","64.481","open","low_north","summer24","low"
"3517","5/15/2024","1:00","51.346","open","low_north","summer24","low"
"3617","5/15/2024","7:00","47.802","open","low_north","summer24","low"
"3717","5/15/2024","13:00","74.446","open","low_north","summer24","low"
"3817","5/15/2024","19:00","70.995","open","low_north","summer24","low"
"3917","5/16/2024","1:00","55.537","open","low_north","summer24","low"
"4017","5/16/2024","7:00","49.228","open","low_north","summer24","low"
"4117","5/16/2024","13:00","79.326","open","low_north","summer24","low"
"4217","5/16/2024","19:00","71.856","open","low_north","summer24","low"
"4317","5/17/2024","1:00","56.057","open","low_north","summer24","low"
"4417","5/17/2024","7:00","48.695","open","low_north","summer24","low"
"4517","5/17/2024","13:00","78.449","open","low_north","summer24","low"
"4615","5/17/2024","19:00","70.651","open","low_north","summer24","low"
"477","5/18/2024","1:00","52.576","open","low_north","summer24","low"
"485","5/18/2024","7:00","44.56","open","low_north","summer24","low"
"495","5/18/2024","13:00","75.484","open","low_north","summer24","low"
"505","5/18/2024","19:00","69.449","open","low_north","summer24","low"
"519","5/19/2024","1:00","57.268","open","low_north","summer24","low"
"525","5/19/2024","7:00","48.517","open","low_north","summer24","low"
"535","5/19/2024","13:00","76.528","open","low_north","summer24","low"
"545","5/19/2024","19:00","64.996","open","low_north","summer24","low"
"555","5/20/2024","1:00","50.995","open","low_north","summer24","low"
"565","5/20/2024","7:00","46.728","open","low_north","summer24","low"
"575","5/20/2024","13:00","65.338","open","low_north","summer24","low"
"585","5/20/2024","19:00","57.096","open","low_north","summer24","low"
"595","5/21/2024","1:00","45.648","open","low_north","summer24","low"
"605","5/21/2024","7:00","40.881","open","low_north","summer24","low"
"619","5/21/2024","13:00","59.164","open","low_north","summer24","low"
"625","5/21/2024","19:00","63.626","open","low_north","summer24","low"
"635","5/22/2024","1:00","48.695","open","low_north","summer24","low"
"645","5/22/2024","7:00","47.624","open","low_north","summer24","low"
"655","5/22/2024","13:00","48.517","open","low_north","summer24","low"
"665","5/22/2024","19:00","53.449","open","low_north","summer24","low"
"675","5/23/2024","1:00","44.379","open","low_north","summer24","low"
"685","5/23/2024","7:00","40.696","open","low_north","summer24","low"
"695","5/23/2024","13:00","42.915","open","low_north","summer24","low"
"705","5/23/2024","19:00","51.523","open","low_north","summer24","low"
"719","5/24/2024","1:00","41.81","open","low_north","summer24","low"
"725","5/24/2024","7:00","36.723","open","low_north","summer24","low"
"735","5/24/2024","13:00","67.05","open","low_north","summer24","low"
"745","5/24/2024","19:00","62.598","open","low_north","summer24","low"
"755","5/25/2024","1:00","47.802","open","low_north","summer24","low"
"765","5/25/2024","7:00","42.179","open","low_north","summer24","low"
"775","5/25/2024","13:00","57.268","open","low_north","summer24","low"
"785","5/25/2024","19:00","62.425","open","low_north","summer24","low"
"795","5/26/2024","1:00","50.995","open","low_north","summer24","low"
"805","5/26/2024","7:00","43.282","open","low_north","summer24","low"
"819","5/26/2024","13:00","68.934","open","low_north","summer24","low"
"825","5/26/2024","19:00","65.851","open","low_north","summer24","low"
"835","5/27/2024","1:00","52.05","open","low_north","summer24","low"
"845","5/27/2024","7:00","45.648","open","low_north","summer24","low"
"855","5/27/2024","13:00","77.923","open","low_north","summer24","low"
"865","5/27/2024","19:00","74.271","open","low_north","summer24","low"
"875","5/28/2024","1:00","56.057","open","low_north","summer24","low"
"885","5/28/2024","7:00","49.228","open","low_north","summer24","low"
"895","5/28/2024","13:00","82.508","open","low_north","summer24","low"
"905","5/28/2024","19:00","76.181","open","low_north","summer24","low"
"919","5/29/2024","1:00","61.569","open","low_north","summer24","low"
"925","5/29/2024","7:00","55.017","open","low_north","summer24","low"
"935","5/29/2024","13:00","66.879","open","low_north","summer24","low"
"945","5/29/2024","19:00","58.82","open","low_north","summer24","low"
"955","5/30/2024","1:00","48.517","open","low_north","summer24","low"
"965","5/30/2024","7:00","42.363","open","low_north","summer24","low"
"975","5/30/2024","13:00","67.564","open","low_north","summer24","low"
"985","5/30/2024","19:00","68.077","open","low_north","summer24","low"
"995","5/31/2024","1:00","51.172","open","low_north","summer24","low"
"1005","5/31/2024","7:00","44.195","open","low_north","summer24","low"
"1019","5/31/2024","13:00","70.824","open","low_north","summer24","low"
"1025","5/31/2024","19:00","74.619","open","low_north","summer24","low"
"1035","6/1/2024","1:00","54.842","open","low_north","summer24","low"
"1045","6/1/2024","7:00","47.624","open","low_north","summer24","low"
"1055","6/1/2024","13:00","73.062","open","low_north","summer24","low"
"1065","6/1/2024","19:00","72.372","open","low_north","summer24","low"
"1075","6/2/2024","1:00","60.712","open","low_north","summer24","low"
"1085","6/2/2024","7:00","55.189","open","low_north","summer24","low"
"1095","6/2/2024","13:00","68.248","open","low_north","summer24","low"
"1105","6/2/2024","19:00","72.718","open","low_north","summer24","low"
"1119","6/3/2024","1:00","59.164","open","low_north","summer24","low"
"1125","6/3/2024","7:00","56.057","open","low_north","summer24","low"
"1135","6/3/2024","13:00","62.598","open","low_north","summer24","low"
"1145","6/3/2024","19:00","67.221","open","low_north","summer24","low"
"1155","6/4/2024","1:00","56.057","open","low_north","summer24","low"
"1165","6/4/2024","7:00","47.802","open","low_north","summer24","low"
"1175","6/4/2024","13:00","81.975","open","low_north","summer24","low"
"1185","6/4/2024","19:00","76.703","open","low_north","summer24","low"
"1195","6/5/2024","1:00","61.227","open","low_north","summer24","low"
"1205","6/5/2024","7:00","53.623","open","low_north","summer24","low"
"1219","6/5/2024","13:00","87.004","open","low_north","summer24","low"
"1225","6/5/2024","19:00","83.757","open","low_north","summer24","low"
"1235","6/6/2024","1:00","63.455","open","low_north","summer24","low"
"1245","6/6/2024","7:00","55.537","open","low_north","summer24","low"
"1255","6/6/2024","13:00","90.124","open","low_north","summer24","low"
"1265","6/6/2024","19:00","83.043","open","low_north","summer24","low"
"1275","6/7/2024","1:00","66.193","open","low_north","summer24","low"
"1285","6/7/2024","7:00","58.476","open","low_north","summer24","low"
"1295","6/7/2024","13:00","92.55","open","low_north","summer24","low"
"1305","6/7/2024","19:00","84.474","open","low_north","summer24","low"
"1319","6/8/2024","1:00","67.221","open","low_north","summer24","low"
"1325","6/8/2024","7:00","58.647","open","low_north","summer24","low"
"1335","6/8/2024","13:00","92.737","open","low_north","summer24","low"
"1345","6/8/2024","19:00","87.915","open","low_north","summer24","low"
"1355","6/9/2024","1:00","67.564","open","low_north","summer24","low"
"1365","6/9/2024","7:00","61.912","open","low_north","summer24","low"
"1375","6/9/2024","13:00","86.277","open","low_north","summer24","low"
"1385","6/9/2024","19:00","71.339","open","low_north","summer24","low"
"1395","6/10/2024","1:00","60.539","open","low_north","summer24","low"
"1405","6/10/2024","7:00","56.057","open","low_north","summer24","low"
"1419","6/10/2024","13:00","85.915","open","low_north","summer24","low"
"1425","6/10/2024","19:00","77.225","open","low_north","summer24","low"
"1435","6/11/2024","1:00","60.368","open","low_north","summer24","low"
"1445","6/11/2024","7:00","53.1","open","low_north","summer24","low"
"1455","6/11/2024","13:00","87.004","open","low_north","summer24","low"
"1465","6/11/2024","19:00","83.935","open","low_north","summer24","low"
"1475","6/12/2024","1:00","63.626","open","low_north","summer24","low"
"1485","6/12/2024","7:00","54.842","open","low_north","summer24","low"
"1495","6/12/2024","13:00","83.757","open","low_north","summer24","low"
"1505","6/12/2024","19:00","85.554","open","low_north","summer24","low"
"1519","6/13/2024","1:00","64.139","open","low_north","summer24","low"
"1525","6/13/2024","7:00","56.923","open","low_north","summer24","low"
"1535","6/13/2024","13:00","92.174","open","low_north","summer24","low"
"1545","6/13/2024","19:00","90.68","open","low_north","summer24","low"
"1555","6/14/2024","1:00","70.308","open","low_north","summer24","low"
"1565","6/14/2024","7:00","64.139","open","low_north","summer24","low"
"1575","6/14/2024","13:00","95.59","open","low_north","summer24","low"
"1585","6/14/2024","19:00","88.466","open","low_north","summer24","low"
"1595","6/15/2024","1:00","68.248","open","low_north","summer24","low"
"1605","6/15/2024","7:00","62.425","open","low_north","summer24","low"
"1619","6/15/2024","13:00","88.466","open","low_north","summer24","low"
"1625","6/15/2024","19:00","77.923","open","low_north","summer24","low"
"1635","6/16/2024","1:00","61.741","open","low_north","summer24","low"
"1645","6/16/2024","7:00","53.1","open","low_north","summer24","low"
"1655","6/16/2024","13:00","89.384","open","low_north","summer24","low"
"1665","6/16/2024","19:00","82.864","open","low_north","summer24","low"
"1675","6/17/2024","1:00","65.851","open","low_north","summer24","low"
"1685","6/17/2024","7:00","60.024","open","low_north","summer24","low"
"1695","6/17/2024","13:00","64.31","open","low_north","summer24","low"
"1705","6/17/2024","19:00","63.797","open","low_north","summer24","low"
"1719","6/18/2024","1:00","50.29","open","low_north","summer24","low"
"1725","6/18/2024","7:00","45.286","open","low_north","summer24","low"
"1735","6/18/2024","13:00","74.791","open","low_north","summer24","low"
"1745","6/18/2024","19:00","74.098","open","low_north","summer24","low"
"1755","6/19/2024","1:00","53.1","open","low_north","summer24","low"
"1765","6/19/2024","7:00","46.369","open","low_north","summer24","low"
"1775","6/19/2024","13:00","87.552","open","low_north","summer24","low"
"1785","6/19/2024","19:00","85.194","open","low_north","summer24","low"
"1795","6/20/2024","1:00","58.82","open","low_north","summer24","low"
"1805","6/20/2024","7:00","52.925","open","low_north","summer24","low"
"1819","6/20/2024","13:00","91.8","open","low_north","summer24","low"
"1825","6/20/2024","19:00","92.174","open","low_north","summer24","low"
"1835","6/21/2024","1:00","66.537","open","low_north","summer24","low"
"1845","6/21/2024","7:00","59.68","open","low_north","summer24","low"
"1855","6/21/2024","13:00","95.59","open","low_north","summer24","low"
"1865","6/21/2024","19:00","92.737","open","low_north","summer24","low"
"1875","6/22/2024","1:00","69.964","open","low_north","summer24","low"
"1885","6/22/2024","7:00","60.024","open","low_north","summer24","low"
"1895","6/22/2024","13:00","99.687","open","low_north","summer24","low"
"1905","6/22/2024","19:00","95.4","open","low_north","summer24","low"
"1919","6/23/2024","1:00","68.763","open","low_north","summer24","low"
"1925","6/23/2024","7:00","61.741","open","low_north","summer24","low"
"1935","6/23/2024","13:00","101.082","open","low_north","summer24","low"
"1945","6/23/2024","19:00","94.633","open","low_north","summer24","low"
"1955","6/24/2024","1:00","69.793","open","low_north","summer24","low"
"1965","6/24/2024","7:00","61.569","open","low_north","summer24","low"
"1975","6/24/2024","13:00","101.282","open","low_north","summer24","low"
"1985","6/24/2024","19:00","95.207","open","low_north","summer24","low"
"1995","6/25/2024","1:00","69.107","open","low_north","summer24","low"
"2005","6/25/2024","7:00","61.227","open","low_north","summer24","low"
"2019","6/25/2024","13:00","100.283","open","low_north","summer24","low"
"2025","6/25/2024","19:00","95.783","open","low_north","summer24","low"
"2035","6/26/2024","1:00","72.545","open","low_north","summer24","low"
"2045","6/26/2024","7:00","66.708","open","low_north","summer24","low"
"2055","6/26/2024","13:00","78.274","open","low_north","summer24","low"
"2065","6/26/2024","19:00","83.221","open","low_north","summer24","low"
"2075","6/27/2024","1:00","69.449","open","low_north","summer24","low"
"2085","6/27/2024","7:00","63.797","open","low_north","summer24","low"
"2095","6/27/2024","13:00","84.654","open","low_north","summer24","low"
"2109","6/27/2024","19:00","87.915","open","low_north","summer24","low"
"2119","6/28/2024","1:00","66.537","open","low_north","summer24","low"
"2125","6/28/2024","7:00","57.614","open","low_north","summer24","low"
"2135","6/28/2024","13:00","83.935","open","low_north","summer24","low"
"2145","6/28/2024","19:00","85.374","open","low_north","summer24","low"
"2155","6/29/2024","1:00","65.338","open","low_north","summer24","low"
"2165","6/29/2024","7:00","58.303","open","low_north","summer24","low"
"2175","6/29/2024","13:00","87.733","open","low_north","summer24","low"
"2185","6/29/2024","19:00","95.976","open","low_north","summer24","low"
"2195","6/30/2024","1:00","73.407","open","low_north","summer24","low"
"2205","6/30/2024","7:00","67.221","open","low_north","summer24","low"
"2219","6/30/2024","13:00","88.282","open","low_north","summer24","low"
"2225","6/30/2024","19:00","89.017","open","low_north","summer24","low"
"2235","7/1/2024","1:00","72.199","open","low_north","summer24","low"
"2245","7/1/2024","7:00","65.167","open","low_north","summer24","low"
"2255","7/1/2024","13:00","75.832","open","low_north","summer24","low"
"2265","7/1/2024","19:00","67.05","open","low_north","summer24","low"
"2275","7/2/2024","1:00","56.923","open","low_north","summer24","low"
"2285","7/2/2024","7:00","48.871","open","low_north","summer24","low"
"2295","7/2/2024","13:00","76.876","open","low_north","summer24","low"
"2305","7/2/2024","19:00","80.735","open","low_north","summer24","low"
"2319","7/3/2024","1:00","60.368","open","low_north","summer24","low"
"2325","7/3/2024","7:00","53.274","open","low_north","summer24","low"
"2335","7/3/2024","13:00","70.48","open","low_north","summer24","low"
"2345","7/3/2024","19:00","78.449","open","low_north","summer24","low"
"2355","7/4/2024","1:00","59.851","open","low_north","summer24","low"
"2365","7/4/2024","7:00","52.576","open","low_north","summer24","low"
"2375","7/4/2024","13:00","79.151","open","low_north","summer24","low"
"2385","7/4/2024","19:00","84.474","open","low_north","summer24","low"
"2395","7/5/2024","1:00","63.455","open","low_north","summer24","low"
"2405","7/5/2024","7:00","56.23","open","low_north","summer24","low"
"2419","7/5/2024","13:00","84.115","open","low_north","summer24","low"
"2425","7/5/2024","19:00","92.363","open","low_north","summer24","low"
"2435","7/6/2024","1:00","67.906","open","low_north","summer24","low"
"2445","7/6/2024","7:00","59.164","open","low_north","summer24","low"
"2455","7/6/2024","13:00","87.186","open","low_north","summer24","low"
"2465","7/6/2024","19:00","94.444","open","low_north","summer24","low"
"2475","7/7/2024","1:00","70.137","open","low_north","summer24","low"
"2485","7/7/2024","7:00","61.912","open","low_north","summer24","low"
"2495","7/7/2024","13:00","89.017","open","low_north","summer24","low"
"2505","7/7/2024","19:00","94.062","open","low_north","summer24","low"
"2519","7/8/2024","1:00","69.622","open","low_north","summer24","low"
"2525","7/8/2024","7:00","61.398","open","low_north","summer24","low"
"2535","7/8/2024","13:00","90.68","open","low_north","summer24","low"
"2545","7/8/2024","19:00","98.307","open","low_north","summer24","low"
"2555","7/9/2024","1:00","72.545","open","low_north","summer24","low"
"2565","7/9/2024","7:00","64.481","open","low_north","summer24","low"
"2575","7/9/2024","13:00","94.253","open","low_north","summer24","low"
"2585","7/9/2024","19:00","103.104","open","low_north","summer24","low"
"2595","7/10/2024","1:00","75.659","open","low_north","summer24","low"
"2605","7/10/2024","7:00","62.425","open","low_north","summer24","low"
"2619","7/10/2024","13:00","93.873","open","low_north","summer24","low"
"2625","7/10/2024","19:00","76.876","open","low_north","summer24","low"
"2635","7/11/2024","1:00","76.181","open","low_north","summer24","low"
"2645","7/11/2024","7:00","73.753","open","low_north","summer24","low"
"2655","7/11/2024","13:00","75.139","open","low_north","summer24","low"
"2665","7/11/2024","19:00","77.05","open","low_north","summer24","low"
"2675","7/12/2024","1:00","76.528","open","low_north","summer24","low"
"2685","7/12/2024","7:00","74.271","open","low_north","summer24","low"
"2695","7/12/2024","13:00","75.659","open","low_north","summer24","low"
"2705","7/12/2024","19:00","77.4","open","low_north","summer24","low"
"2719","7/13/2024","1:00","76.876","open","low_north","summer24","low"
"2725","7/13/2024","7:00","74.619","open","low_north","summer24","low"
"2735","7/13/2024","13:00","75.659","open","low_north","summer24","low"
"2745","7/13/2024","19:00","77.4","open","low_north","summer24","low"
"2755","7/14/2024","1:00","76.876","open","low_north","summer24","low"
"2765","7/14/2024","7:00","76.181","open","low_north","summer24","low"
"2775","7/14/2024","13:00","77.4","open","low_north","summer24","low"
"2785","7/14/2024","19:00","78.624","open","low_north","summer24","low"
"2795","7/15/2024","1:00","78.274","open","low_north","summer24","low"
"2805","7/15/2024","7:00","76.354","open","low_north","summer24","low"
"2819","7/15/2024","13:00","77.574","open","low_north","summer24","low"
"2825","7/15/2024","19:00","78.449","open","low_north","summer24","low"
"2835","7/16/2024","1:00","77.923","open","low_north","summer24","low"
"2845","7/16/2024","7:00","75.832","open","low_north","summer24","low"
"2855","7/16/2024","13:00","76.006","open","low_north","summer24","low"
"2864","7/16/2024","19:00","77.225","open","low_north","summer24","low"
"2874","7/17/2024","1:00","76.876","open","low_north","summer24","low"
"2884","7/17/2024","7:00","74.619","open","low_north","summer24","low"
"2894","7/17/2024","13:00","76.006","open","low_north","summer24","low"
"2904","7/17/2024","19:00","77.923","open","low_north","summer24","low"
"2918","7/18/2024","1:00","76.528","open","low_north","summer24","low"
"2924","7/18/2024","7:00","74.619","open","low_north","summer24","low"
"2934","7/18/2024","13:00","75.659","open","low_north","summer24","low"
"2944","7/18/2024","19:00","77.574","open","low_north","summer24","low"
"2954","7/19/2024","1:00","76.703","open","low_north","summer24","low"
"2964","7/19/2024","7:00","74.964","open","low_north","summer24","low"
"2974","7/19/2024","13:00","76.703","open","low_north","summer24","low"
"2984","7/19/2024","19:00","77.749","open","low_north","summer24","low"
"2994","7/20/2024","1:00","76.876","open","low_north","summer24","low"
"3004","7/20/2024","7:00","74.791","open","low_north","summer24","low"
"3018","7/20/2024","13:00","75.659","open","low_north","summer24","low"
"3024","7/20/2024","19:00","77.574","open","low_north","summer24","low"
"3034","7/21/2024","1:00","77.4","open","low_north","summer24","low"
"3044","7/21/2024","7:00","75.312","open","low_north","summer24","low"
"3054","7/21/2024","13:00","76.006","open","low_north","summer24","low"
"3064","7/21/2024","19:00","78.274","open","low_north","summer24","low"
"3074","7/22/2024","1:00","77.749","open","low_north","summer24","low"
"3084","7/22/2024","7:00","76.006","open","low_north","summer24","low"
"3094","7/22/2024","13:00","77.05","open","low_north","summer24","low"
"3108","7/22/2024","19:00","78.274","open","low_north","summer24","low"
"3118","7/23/2024","1:00","77.225","open","low_north","summer24","low"
"3124","7/23/2024","7:00","74.098","open","low_north","summer24","low"
"3134","7/23/2024","13:00","76.006","open","low_north","summer24","low"
"3144","7/23/2024","19:00","77.4","open","low_north","summer24","low"
"3154","7/24/2024","1:00","76.703","open","low_north","summer24","low"
"3164","7/24/2024","7:00","74.964","open","low_north","summer24","low"
"3174","7/24/2024","13:00","76.006","open","low_north","summer24","low"
"3184","7/24/2024","19:00","77.225","open","low_north","summer24","low"
"3194","7/25/2024","1:00","76.876","open","low_north","summer24","low"
"3204","7/25/2024","7:00","75.659","open","low_north","summer24","low"
"3218","7/25/2024","13:00","76.528","open","low_north","summer24","low"
"3224","7/25/2024","19:00","77.05","open","low_north","summer24","low"
"3234","7/26/2024","1:00","75.832","open","low_north","summer24","low"
"3244","7/26/2024","7:00","74.271","open","low_north","summer24","low"
"3254","7/26/2024","13:00","75.139","open","low_north","summer24","low"
"3264","7/26/2024","19:00","76.354","open","low_north","summer24","low"
"3274","7/27/2024","1:00","75.312","open","low_north","summer24","low"
"3284","7/27/2024","7:00","73.753","open","low_north","summer24","low"
"3294","7/27/2024","13:00","72.718","open","low_north","summer24","low"
"3304","7/27/2024","19:00","73.753","open","low_north","summer24","low"
"3318","7/28/2024","1:00","72.372","open","low_north","summer24","low"
"3324","7/28/2024","7:00","71.339","open","low_north","summer24","low"
"3334","7/28/2024","13:00","72.545","open","low_north","summer24","low"
"3344","7/28/2024","19:00","74.446","open","low_north","summer24","low"
"3354","7/29/2024","1:00","73.58","open","low_north","summer24","low"
"3364","7/29/2024","7:00","71.856","open","low_north","summer24","low"
"3374","7/29/2024","13:00","73.753","open","low_north","summer24","low"
"3384","7/29/2024","19:00","74.619","open","low_north","summer24","low"
"3394","7/30/2024","1:00","73.58","open","low_north","summer24","low"
"3404","7/30/2024","7:00","71.512","open","low_north","summer24","low"
"3418","7/30/2024","13:00","73.58","open","low_north","summer24","low"
"3424","7/30/2024","19:00","74.964","open","low_north","summer24","low"
"3434","7/31/2024","1:00","73.407","open","low_north","summer24","low"
"3444","7/31/2024","7:00","71.856","open","low_north","summer24","low"
"3454","7/31/2024","13:00","73.234","open","low_north","summer24","low"
"3464","7/31/2024","19:00","74.791","open","low_north","summer24","low"
"3474","8/1/2024","1:00","73.58","open","low_north","summer24","low"
"3484","8/1/2024","7:00","71.512","open","low_north","summer24","low"
"3494","8/1/2024","13:00","72.891","open","low_north","summer24","low"
"3504","8/1/2024","19:00","74.791","open","low_north","summer24","low"
"3518","8/2/2024","1:00","74.446","open","low_north","summer24","low"
"3524","8/2/2024","7:00","72.545","open","low_north","summer24","low"
"3534","8/2/2024","13:00","73.926","open","low_north","summer24","low"
"3544","8/2/2024","19:00","75.484","open","low_north","summer24","low"
"3554","8/3/2024","1:00","75.139","open","low_north","summer24","low"
"3564","8/3/2024","7:00","73.58","open","low_north","summer24","low"
"3574","8/3/2024","13:00","74.791","open","low_north","summer24","low"
"3584","8/3/2024","19:00","77.05","open","low_north","summer24","low"
"3594","8/4/2024","1:00","76.876","open","low_north","summer24","low"
"3604","8/4/2024","7:00","75.484","open","low_north","summer24","low"
"3618","8/4/2024","13:00","76.006","open","low_north","summer24","low"
"3624","8/4/2024","19:00","77.225","open","low_north","summer24","low"
"3634","8/5/2024","1:00","76.876","open","low_north","summer24","low"
"3644","8/5/2024","7:00","75.139","open","low_north","summer24","low"
"3654","8/5/2024","13:00","76.181","open","low_north","summer24","low"
"3664","8/5/2024","19:00","77.574","open","low_north","summer24","low"
"3674","8/6/2024","1:00","76.528","open","low_north","summer24","low"
"3684","8/6/2024","7:00","75.139","open","low_north","summer24","low"
"3694","8/6/2024","13:00","76.181","open","low_north","summer24","low"
"3704","8/6/2024","19:00","77.05","open","low_north","summer24","low"
"3718","8/7/2024","1:00","76.181","open","low_north","summer24","low"
"3724","8/7/2024","7:00","74.446","open","low_north","summer24","low"
"3734","8/7/2024","13:00","75.139","open","low_north","summer24","low"
"3744","8/7/2024","19:00","76.006","open","low_north","summer24","low"
"3754","8/8/2024","1:00","75.139","open","low_north","summer24","low"
"3764","8/8/2024","7:00","72.372","open","low_north","summer24","low"
"3774","8/8/2024","13:00","73.407","open","low_north","summer24","low"
"3784","8/8/2024","19:00","75.312","open","low_north","summer24","low"
"3794","8/9/2024","1:00","74.619","open","low_north","summer24","low"
"3804","8/9/2024","7:00","72.718","open","low_north","summer24","low"
"3818","8/9/2024","13:00","73.407","open","low_north","summer24","low"
"3824","8/9/2024","19:00","73.234","open","low_north","summer24","low"
"3834","8/10/2024","1:00","69.793","open","low_north","summer24","low"
"3844","8/10/2024","7:00","69.622","open","low_north","summer24","low"
"3854","8/10/2024","13:00","70.995","open","low_north","summer24","low"
"3864","8/10/2024","19:00","73.407","open","low_north","summer24","low"
"3874","8/11/2024","1:00","73.407","open","low_north","summer24","low"
"3884","8/11/2024","7:00","71.683","open","low_north","summer24","low"
"3894","8/11/2024","13:00","72.545","open","low_north","summer24","low"
"3904","8/11/2024","19:00","74.446","open","low_north","summer24","low"
"3918","8/12/2024","1:00","74.271","open","low_north","summer24","low"
"3924","8/12/2024","7:00","73.062","open","low_north","summer24","low"
"3934","8/12/2024","13:00","74.271","open","low_north","summer24","low"
"3944","8/12/2024","19:00","74.791","open","low_north","summer24","low"
"3954","8/13/2024","1:00","71.168","open","low_north","summer24","low"
"3964","8/13/2024","7:00","69.793","open","low_north","summer24","low"
"3974","8/13/2024","13:00","74.271","open","low_north","summer24","low"
"3984","8/13/2024","19:00","73.58","open","low_north","summer24","low"
"3994","8/14/2024","1:00","69.622","open","low_north","summer24","low"
"4004","8/14/2024","7:00","68.248","open","low_north","summer24","low"
"4018","8/14/2024","13:00","75.312","open","low_north","summer24","low"
"4024","8/14/2024","19:00","74.619","open","low_north","summer24","low"
"4034","8/15/2024","1:00","70.824","open","low_north","summer24","low"
"4044","8/15/2024","7:00","68.592","open","low_north","summer24","low"
"4054","8/15/2024","13:00","73.234","open","low_north","summer24","low"
"4064","8/15/2024","19:00","74.619","open","low_north","summer24","low"
"4074","8/16/2024","1:00","70.651","open","low_north","summer24","low"
"4084","8/16/2024","7:00","68.421","open","low_north","summer24","low"
"4094","8/16/2024","13:00","73.753","open","low_north","summer24","low"
"4104","8/16/2024","19:00","74.619","open","low_north","summer24","low"
"4118","8/17/2024","1:00","71.683","open","low_north","summer24","low"
"4124","8/17/2024","7:00","69.107","open","low_north","summer24","low"
"4134","8/17/2024","13:00","74.446","open","low_north","summer24","low"
"4144","8/17/2024","19:00","73.062","open","low_north","summer24","low"
"4154","8/18/2024","1:00","70.308","open","low_north","summer24","low"
"4164","8/18/2024","7:00","69.107","open","low_north","summer24","low"
"4174","8/18/2024","13:00","73.753","open","low_north","summer24","low"
"4184","8/18/2024","19:00","76.354","open","low_north","summer24","low"
"4194","8/19/2024","1:00","72.028","open","low_north","summer24","low"
"4204","8/19/2024","7:00","70.48","open","low_north","summer24","low"
"4218","8/19/2024","13:00","74.098","open","low_north","summer24","low"
"4224","8/19/2024","19:00","75.484","open","low_north","summer24","low"
"4234","8/20/2024","1:00","73.234","open","low_north","summer24","low"
"4244","8/20/2024","7:00","71.168","open","low_north","summer24","low"
"4254","8/20/2024","13:00","74.791","open","low_north","summer24","low"
"4264","8/20/2024","19:00","75.484","open","low_north","summer24","low"
"4274","8/21/2024","1:00","72.718","open","low_north","summer24","low"
"4284","8/21/2024","7:00","69.622","open","low_north","summer24","low"
"4294","8/21/2024","13:00","73.753","open","low_north","summer24","low"
"4304","8/21/2024","19:00","74.619","open","low_north","summer24","low"
"4318","8/22/2024","1:00","70.651","open","low_north","summer24","low"
"4324","8/22/2024","7:00","68.421","open","low_north","summer24","low"
"4334","8/22/2024","13:00","72.891","open","low_north","summer24","low"
"4344","8/22/2024","19:00","74.791","open","low_north","summer24","low"
"4354","8/23/2024","1:00","71.856","open","low_north","summer24","low"
"4364","8/23/2024","7:00","69.793","open","low_north","summer24","low"
"4374","8/23/2024","13:00","74.791","open","low_north","summer24","low"
"2120","4/29/2024","19:00","60.539","cage","low_gate","summer24","low"
"3109","4/30/2024","1:00","57.785","cage","low_gate","summer24","low"
"478","4/30/2024","7:00","56.923","cage","low_gate","summer24","low"
"520","4/30/2024","13:00","57.096","cage","low_gate","summer24","low"
"620","4/30/2024","19:00","49.582","cage","low_gate","summer24","low"
"720","5/1/2024","1:00","39.947","cage","low_gate","summer24","low"
"820","5/1/2024","7:00","35.175","cage","low_gate","summer24","low"
"920","5/1/2024","13:00","46.548","cage","low_gate","summer24","low"
"1020","5/1/2024","19:00","45.286","cage","low_gate","summer24","low"
"1120","5/2/2024","1:00","36.145","cage","low_gate","summer24","low"
"1220","5/2/2024","7:00","33.805","cage","low_gate","summer24","low"
"1320","5/2/2024","13:00","51.874","cage","low_gate","summer24","low"
"1420","5/2/2024","19:00","50.29","cage","low_gate","summer24","low"
"1520","5/3/2024","1:00","41.81","cage","low_gate","summer24","low"
"1620","5/3/2024","7:00","36.914","cage","low_gate","summer24","low"
"1720","5/3/2024","13:00","53.798","cage","low_gate","summer24","low"
"1820","5/3/2024","19:00","53.274","cage","low_gate","summer24","low"
"1920","5/4/2024","1:00","43.099","cage","low_gate","summer24","low"
"2020","5/4/2024","7:00","37.488","cage","low_gate","summer24","low"
"2126","5/4/2024","13:00","56.923","cage","low_gate","summer24","low"
"2220","5/4/2024","19:00","57.958","cage","low_gate","summer24","low"
"2320","5/5/2024","1:00","49.759","cage","low_gate","summer24","low"
"2420","5/5/2024","7:00","47.266","cage","low_gate","summer24","low"
"2520","5/5/2024","13:00","48.339","cage","low_gate","summer24","low"
"2620","5/5/2024","19:00","47.802","cage","low_gate","summer24","low"
"2720","5/6/2024","1:00","41.81","cage","low_gate","summer24","low"
"2820","5/6/2024","7:00","40.134","cage","low_gate","summer24","low"
"2919","5/6/2024","13:00","50.29","cage","low_gate","summer24","low"
"3019","5/6/2024","19:00","53.623","cage","low_gate","summer24","low"
"3119","5/7/2024","1:00","41.439","cage","low_gate","summer24","low"
"3219","5/7/2024","7:00","38.818","cage","low_gate","summer24","low"
"3319","5/7/2024","13:00","51.699","cage","low_gate","summer24","low"
"3419","5/7/2024","19:00","48.517","cage","low_gate","summer24","low"
"3519","5/8/2024","1:00","40.696","cage","low_gate","summer24","low"
"3619","5/8/2024","7:00","38.629","cage","low_gate","summer24","low"
"3719","5/8/2024","13:00","50.113","cage","low_gate","summer24","low"
"3819","5/8/2024","19:00","50.643","cage","low_gate","summer24","low"
"3919","5/9/2024","1:00","41.81","cage","low_gate","summer24","low"
"4019","5/9/2024","7:00","39.947","cage","low_gate","summer24","low"
"4119","5/9/2024","13:00","58.131","cage","low_gate","summer24","low"
"4219","5/9/2024","19:00","58.303","cage","low_gate","summer24","low"
"4319","5/10/2024","1:00","46.008","cage","low_gate","summer24","low"
"4418","5/10/2024","7:00","41.625","cage","low_gate","summer24","low"
"4518","5/10/2024","13:00","63.111","cage","low_gate","summer24","low"
"4616","5/10/2024","19:00","64.825","cage","low_gate","summer24","low"
"479","5/11/2024","1:00","49.759","cage","low_gate","summer24","low"
"486","5/11/2024","7:00","43.466","cage","low_gate","summer24","low"
"496","5/11/2024","13:00","66.022","cage","low_gate","summer24","low"
"506","5/11/2024","19:00","67.906","cage","low_gate","summer24","low"
"5110","5/12/2024","1:00","51.346","cage","low_gate","summer24","low"
"526","5/12/2024","7:00","46.188","cage","low_gate","summer24","low"
"536","5/12/2024","13:00","68.421","cage","low_gate","summer24","low"
"546","5/12/2024","19:00","67.392","cage","low_gate","summer24","low"
"556","5/13/2024","1:00","53.973","cage","low_gate","summer24","low"
"566","5/13/2024","7:00","48.517","cage","low_gate","summer24","low"
"576","5/13/2024","13:00","69.107","cage","low_gate","summer24","low"
"586","5/13/2024","19:00","63.282","cage","low_gate","summer24","low"
"596","5/14/2024","1:00","52.05","cage","low_gate","summer24","low"
"606","5/14/2024","7:00","46.548","cage","low_gate","summer24","low"
"6110","5/14/2024","13:00","58.993","cage","low_gate","summer24","low"
"626","5/14/2024","19:00","60.539","cage","low_gate","summer24","low"
"636","5/15/2024","1:00","49.582","cage","low_gate","summer24","low"
"646","5/15/2024","7:00","46.728","cage","low_gate","summer24","low"
"656","5/15/2024","13:00","67.906","cage","low_gate","summer24","low"
"666","5/15/2024","19:00","67.735","cage","low_gate","summer24","low"
"676","5/16/2024","1:00","53.274","cage","low_gate","summer24","low"
"686","5/16/2024","7:00","48.16","cage","low_gate","summer24","low"
"696","5/16/2024","13:00","69.622","cage","low_gate","summer24","low"
"706","5/16/2024","19:00","67.564","cage","low_gate","summer24","low"
"7110","5/17/2024","1:00","54.322","cage","low_gate","summer24","low"
"726","5/17/2024","7:00","47.982","cage","low_gate","summer24","low"
"736","5/17/2024","13:00","68.077","cage","low_gate","summer24","low"
"746","5/17/2024","19:00","65.167","cage","low_gate","summer24","low"
"756","5/18/2024","1:00","49.759","cage","low_gate","summer24","low"
"766","5/18/2024","7:00","43.099","cage","low_gate","summer24","low"
"776","5/18/2024","13:00","64.825","cage","low_gate","summer24","low"
"786","5/18/2024","19:00","64.652","cage","low_gate","summer24","low"
"796","5/19/2024","1:00","54.147","cage","low_gate","summer24","low"
"806","5/19/2024","7:00","47.266","cage","low_gate","summer24","low"
"8110","5/19/2024","13:00","66.879","cage","low_gate","summer24","low"
"826","5/19/2024","19:00","60.539","cage","low_gate","summer24","low"
"836","5/20/2024","1:00","48.517","cage","low_gate","summer24","low"
"846","5/20/2024","7:00","45.104","cage","low_gate","summer24","low"
"856","5/20/2024","13:00","59.337","cage","low_gate","summer24","low"
"866","5/20/2024","19:00","54.322","cage","low_gate","summer24","low"
"876","5/21/2024","1:00","44.56","cage","low_gate","summer24","low"
"886","5/21/2024","7:00","40.321","cage","low_gate","summer24","low"
"896","5/21/2024","13:00","54.495","cage","low_gate","summer24","low"
"906","5/21/2024","19:00","60.712","cage","low_gate","summer24","low"
"9110","5/22/2024","1:00","47.446","cage","low_gate","summer24","low"
"926","5/22/2024","7:00","46.369","cage","low_gate","summer24","low"
"936","5/22/2024","13:00","47.802","cage","low_gate","summer24","low"
"946","5/22/2024","19:00","52.576","cage","low_gate","summer24","low"
"956","5/23/2024","1:00","44.379","cage","low_gate","summer24","low"
"966","5/23/2024","7:00","40.509","cage","low_gate","summer24","low"
"976","5/23/2024","13:00","45.286","cage","low_gate","summer24","low"
"986","5/23/2024","19:00","52.925","cage","low_gate","summer24","low"
"996","5/24/2024","1:00","42.363","cage","low_gate","summer24","low"
"1006","5/24/2024","7:00","37.679","cage","low_gate","summer24","low"
"10110","5/24/2024","13:00","59.508","cage","low_gate","summer24","low"
"1026","5/24/2024","19:00","59.508","cage","low_gate","summer24","low"
"1036","5/25/2024","1:00","47.266","cage","low_gate","summer24","low"
"1046","5/25/2024","7:00","42.179","cage","low_gate","summer24","low"
"1056","5/25/2024","13:00","54.669","cage","low_gate","summer24","low"
"1066","5/25/2024","19:00","60.712","cage","low_gate","summer24","low"
"1076","5/26/2024","1:00","49.759","cage","low_gate","summer24","low"
"1086","5/26/2024","7:00","42.915","cage","low_gate","summer24","low"
"1096","5/26/2024","13:00","62.598","cage","low_gate","summer24","low"
"1106","5/26/2024","19:00","63.111","cage","low_gate","summer24","low"
"11110","5/27/2024","1:00","50.113","cage","low_gate","summer24","low"
"1126","5/27/2024","7:00","44.742","cage","low_gate","summer24","low"
"1136","5/27/2024","13:00","67.735","cage","low_gate","summer24","low"
"1146","5/27/2024","19:00","69.793","cage","low_gate","summer24","low"
"1156","5/28/2024","1:00","53.623","cage","low_gate","summer24","low"
"1166","5/28/2024","7:00","47.802","cage","low_gate","summer24","low"
"1176","5/28/2024","13:00","71.683","cage","low_gate","summer24","low"
"1186","5/28/2024","19:00","69.964","cage","low_gate","summer24","low"
"1196","5/29/2024","1:00","57.958","cage","low_gate","summer24","low"
"1206","5/29/2024","7:00","52.75","cage","low_gate","summer24","low"
"12110","5/29/2024","13:00","63.455","cage","low_gate","summer24","low"
"1226","5/29/2024","19:00","56.923","cage","low_gate","summer24","low"
"1236","5/30/2024","1:00","47.446","cage","low_gate","summer24","low"
"1246","5/30/2024","7:00","42.179","cage","low_gate","summer24","low"
"1256","5/30/2024","13:00","62.425","cage","low_gate","summer24","low"
"1266","5/30/2024","19:00","65.509","cage","low_gate","summer24","low"
"1276","5/31/2024","1:00","49.582","cage","low_gate","summer24","low"
"1286","5/31/2024","7:00","43.282","cage","low_gate","summer24","low"
"1296","5/31/2024","13:00","67.564","cage","low_gate","summer24","low"
"1306","5/31/2024","19:00","68.592","cage","low_gate","summer24","low"
"13110","6/1/2024","1:00","52.576","cage","low_gate","summer24","low"
"1326","6/1/2024","7:00","46.369","cage","low_gate","summer24","low"
"1336","6/1/2024","13:00","69.449","cage","low_gate","summer24","low"
"1346","6/1/2024","19:00","68.421","cage","low_gate","summer24","low"
"1356","6/2/2024","1:00","57.958","cage","low_gate","summer24","low"
"1366","6/2/2024","7:00","53.449","cage","low_gate","summer24","low"
"1376","6/2/2024","13:00","65.851","cage","low_gate","summer24","low"
"1386","6/2/2024","19:00","69.449","cage","low_gate","summer24","low"
"1396","6/3/2024","1:00","57.441","cage","low_gate","summer24","low"
"1406","6/3/2024","7:00","54.669","cage","low_gate","summer24","low"
"14110","6/3/2024","13:00","61.398","cage","low_gate","summer24","low"
"1426","6/3/2024","19:00","64.139","cage","low_gate","summer24","low"
"1436","6/4/2024","1:00","54.495","cage","low_gate","summer24","low"
"1446","6/4/2024","7:00","47.624","cage","low_gate","summer24","low"
"1456","6/4/2024","13:00","70.995","cage","low_gate","summer24","low"
"1466","6/4/2024","19:00","71.168","cage","low_gate","summer24","low"
"1476","6/5/2024","1:00","58.82","cage","low_gate","summer24","low"
"1486","6/5/2024","7:00","52.401","cage","low_gate","summer24","low"
"1496","6/5/2024","13:00","75.312","cage","low_gate","summer24","low"
"1506","6/5/2024","19:00","77.225","cage","low_gate","summer24","low"
"15110","6/6/2024","1:00","60.883","cage","low_gate","summer24","low"
"1526","6/6/2024","7:00","53.973","cage","low_gate","summer24","low"
"1536","6/6/2024","13:00","77.4","cage","low_gate","summer24","low"
"1546","6/6/2024","19:00","77.225","cage","low_gate","summer24","low"
"1556","6/7/2024","1:00","62.94","cage","low_gate","summer24","low"
"1566","6/7/2024","7:00","56.577","cage","low_gate","summer24","low"
"1576","6/7/2024","13:00","79.853","cage","low_gate","summer24","low"
"1586","6/7/2024","19:00","78.274","cage","low_gate","summer24","low"
"1596","6/8/2024","1:00","63.111","cage","low_gate","summer24","low"
"1606","6/8/2024","7:00","56.057","cage","low_gate","summer24","low"
"16110","6/8/2024","13:00","78.274","cage","low_gate","summer24","low"
"1626","6/8/2024","19:00","80.206","cage","low_gate","summer24","low"
"1636","6/9/2024","1:00","63.797","cage","low_gate","summer24","low"
"1646","6/9/2024","7:00","59.508","cage","low_gate","summer24","low"
"1656","6/9/2024","13:00","77.225","cage","low_gate","summer24","low"
"1666","6/9/2024","19:00","66.879","cage","low_gate","summer24","low"
"1676","6/10/2024","1:00","59.337","cage","low_gate","summer24","low"
"1686","6/10/2024","7:00","55.537","cage","low_gate","summer24","low"
"1696","6/10/2024","13:00","76.006","cage","low_gate","summer24","low"
"1706","6/10/2024","19:00","70.824","cage","low_gate","summer24","low"
"17110","6/11/2024","1:00","58.131","cage","low_gate","summer24","low"
"1726","6/11/2024","7:00","52.05","cage","low_gate","summer24","low"
"1736","6/11/2024","13:00","74.619","cage","low_gate","summer24","low"
"1746","6/11/2024","19:00","77.05","cage","low_gate","summer24","low"
"1756","6/12/2024","1:00","60.883","cage","low_gate","summer24","low"
"1766","6/12/2024","7:00","53.623","cage","low_gate","summer24","low"
"1776","6/12/2024","13:00","77.749","cage","low_gate","summer24","low"
"1786","6/12/2024","19:00","79.853","cage","low_gate","summer24","low"
"1796","6/13/2024","1:00","62.598","cage","low_gate","summer24","low"
"1806","6/13/2024","7:00","56.057","cage","low_gate","summer24","low"
"18110","6/13/2024","13:00","78.274","cage","low_gate","summer24","low"
"1826","6/13/2024","19:00","81.621","cage","low_gate","summer24","low"
"1836","6/14/2024","1:00","66.879","cage","low_gate","summer24","low"
"1846","6/14/2024","7:00","61.912","cage","low_gate","summer24","low"
"1856","6/14/2024","13:00","81.975","cage","low_gate","summer24","low"
"1866","6/14/2024","19:00","81.09","cage","low_gate","summer24","low"
"1876","6/15/2024","1:00","65.167","cage","low_gate","summer24","low"
"1886","6/15/2024","7:00","60.368","cage","low_gate","summer24","low"
"1896","6/15/2024","13:00","77.05","cage","low_gate","summer24","low"
"1906","6/15/2024","19:00","72.545","cage","low_gate","summer24","low"
"19110","6/16/2024","1:00","58.303","cage","low_gate","summer24","low"
"1926","6/16/2024","7:00","50.466","cage","low_gate","summer24","low"
"1936","6/16/2024","13:00","84.115","cage","low_gate","summer24","low"
"1946","6/16/2024","19:00","78.624","cage","low_gate","summer24","low"
"1956","6/17/2024","1:00","63.455","cage","low_gate","summer24","low"
"1966","6/17/2024","7:00","58.303","cage","low_gate","summer24","low"
"1976","6/17/2024","13:00","62.425","cage","low_gate","summer24","low"
"1986","6/17/2024","19:00","60.712","cage","low_gate","summer24","low"
"1996","6/18/2024","1:00","49.759","cage","low_gate","summer24","low"
"2006","6/18/2024","7:00","46.188","cage","low_gate","summer24","low"
"20110","6/18/2024","13:00","66.537","cage","low_gate","summer24","low"
"2026","6/18/2024","19:00","68.248","cage","low_gate","summer24","low"
"2036","6/19/2024","1:00","51.523","cage","low_gate","summer24","low"
"2046","6/19/2024","7:00","45.828","cage","low_gate","summer24","low"
"2056","6/19/2024","13:00","74.446","cage","low_gate","summer24","low"
"2066","6/19/2024","19:00","76.528","cage","low_gate","summer24","low"
"2076","6/20/2024","1:00","56.23","cage","low_gate","summer24","low"
"2086","6/20/2024","7:00","51.874","cage","low_gate","summer24","low"
"2096","6/20/2024","13:00","79.853","cage","low_gate","summer24","low"
"21010","6/20/2024","19:00","84.654","cage","low_gate","summer24","low"
"21110","6/21/2024","1:00","62.94","cage","low_gate","summer24","low"
"2127","6/21/2024","7:00","57.958","cage","low_gate","summer24","low"
"2136","6/21/2024","13:00","84.654","cage","low_gate","summer24","low"
"2146","6/21/2024","19:00","86.097","cage","low_gate","summer24","low"
"2156","6/22/2024","1:00","66.537","cage","low_gate","summer24","low"
"2166","6/22/2024","7:00","58.476","cage","low_gate","summer24","low"
"2176","6/22/2024","13:00","86.277","cage","low_gate","summer24","low"
"2186","6/22/2024","19:00","87.004","cage","low_gate","summer24","low"
"2196","6/23/2024","1:00","66.193","cage","low_gate","summer24","low"
"2206","6/23/2024","7:00","60.195","cage","low_gate","summer24","low"
"22110","6/23/2024","13:00","88.099","cage","low_gate","summer24","low"
"2226","6/23/2024","19:00","86.277","cage","low_gate","summer24","low"
"2236","6/24/2024","1:00","67.05","cage","low_gate","summer24","low"
"2246","6/24/2024","7:00","60.368","cage","low_gate","summer24","low"
"2256","6/24/2024","13:00","89.017","cage","low_gate","summer24","low"
"2266","6/24/2024","19:00","88.282","cage","low_gate","summer24","low"
"2276","6/25/2024","1:00","67.735","cage","low_gate","summer24","low"
"2286","6/25/2024","7:00","60.195","cage","low_gate","summer24","low"
"2296","6/25/2024","13:00","90.495","cage","low_gate","summer24","low"
"2306","6/25/2024","19:00","93.115","cage","low_gate","summer24","low"
"23110","6/26/2024","1:00","69.278","cage","low_gate","summer24","low"
"2326","6/26/2024","7:00","64.139","cage","low_gate","summer24","low"
"2336","6/26/2024","13:00","79.151","cage","low_gate","summer24","low"
"2346","6/26/2024","19:00","83.221","cage","low_gate","summer24","low"
"2356","6/27/2024","1:00","67.221","cage","low_gate","summer24","low"
"2366","6/27/2024","7:00","62.254","cage","low_gate","summer24","low"
"2376","6/27/2024","13:00","91.24","cage","low_gate","summer24","low"
"2386","6/27/2024","19:00","84.834","cage","low_gate","summer24","low"
"2396","6/28/2024","1:00","64.31","cage","low_gate","summer24","low"
"2406","6/28/2024","7:00","55.711","cage","low_gate","summer24","low"
"24110","6/28/2024","13:00","95.783","cage","low_gate","summer24","low"
"2426","6/28/2024","19:00","85.194","cage","low_gate","summer24","low"
"2436","6/29/2024","1:00","63.455","cage","low_gate","summer24","low"
"2446","6/29/2024","7:00","56.577","cage","low_gate","summer24","low"
"2456","6/29/2024","13:00","98.11","cage","low_gate","summer24","low"
"2466","6/29/2024","19:00","92.174","cage","low_gate","summer24","low"
"2476","6/30/2024","1:00","70.995","cage","low_gate","summer24","low"
"2486","6/30/2024","7:00","65.851","cage","low_gate","summer24","low"
"2496","6/30/2024","13:00","97.916","cage","low_gate","summer24","low"
"2506","6/30/2024","19:00","87.368","cage","low_gate","summer24","low"
"25110","7/1/2024","1:00","70.48","cage","low_gate","summer24","low"
"2526","7/1/2024","7:00","63.455","cage","low_gate","summer24","low"
"2536","7/1/2024","13:00","75.139","cage","low_gate","summer24","low"
"2546","7/1/2024","19:00","64.825","cage","low_gate","summer24","low"
"2556","7/2/2024","1:00","54.842","cage","low_gate","summer24","low"
"2566","7/2/2024","7:00","47.266","cage","low_gate","summer24","low"
"2576","7/2/2024","13:00","84.654","cage","low_gate","summer24","low"
"2586","7/2/2024","19:00","77.749","cage","low_gate","summer24","low"
"2596","7/3/2024","1:00","58.993","cage","low_gate","summer24","low"
"2606","7/3/2024","7:00","52.576","cage","low_gate","summer24","low"
"26110","7/3/2024","13:00","77.749","cage","low_gate","summer24","low"
"2626","7/3/2024","19:00","77.574","cage","low_gate","summer24","low"
"2636","7/4/2024","1:00","58.647","cage","low_gate","summer24","low"
"2646","7/4/2024","7:00","52.05","cage","low_gate","summer24","low"
"2656","7/4/2024","13:00","89.017","cage","low_gate","summer24","low"
"2666","7/4/2024","19:00","81.621","cage","low_gate","summer24","low"
"2676","7/5/2024","1:00","61.398","cage","low_gate","summer24","low"
"2686","7/5/2024","7:00","55.189","cage","low_gate","summer24","low"
"2696","7/5/2024","13:00","93.493","cage","low_gate","summer24","low"
"2706","7/5/2024","19:00","88.65","cage","low_gate","summer24","low"
"27110","7/6/2024","1:00","66.193","cage","low_gate","summer24","low"
"2726","7/6/2024","7:00","58.303","cage","low_gate","summer24","low"
"2736","7/6/2024","13:00","95.207","cage","low_gate","summer24","low"
"2746","7/6/2024","19:00","90.867","cage","low_gate","summer24","low"
"2756","7/7/2024","1:00","67.906","cage","low_gate","summer24","low"
"2766","7/7/2024","7:00","60.539","cage","low_gate","summer24","low"
"2776","7/7/2024","13:00","93.493","cage","low_gate","summer24","low"
"2786","7/7/2024","19:00","89.938","cage","low_gate","summer24","low"
"2796","7/8/2024","1:00","67.05","cage","low_gate","summer24","low"
"2806","7/8/2024","7:00","60.024","cage","low_gate","summer24","low"
"28110","7/8/2024","13:00","100.483","cage","low_gate","summer24","low"
"2826","7/8/2024","19:00","94.633","cage","low_gate","summer24","low"
"2836","7/9/2024","1:00","70.48","cage","low_gate","summer24","low"
"2846","7/9/2024","7:00","63.111","cage","low_gate","summer24","low"
"2856","7/9/2024","13:00","103.512","cage","low_gate","summer24","low"
"2865","7/9/2024","19:00","102.9","cage","low_gate","summer24","low"
"2875","7/10/2024","1:00","72.372","cage","low_gate","summer24","low"
"2885","7/10/2024","7:00","60.883","cage","low_gate","summer24","low"
"2895","7/10/2024","13:00","97.137","cage","low_gate","summer24","low"
"2905","7/10/2024","19:00","76.876","cage","low_gate","summer24","low"
"29110","7/11/2024","1:00","76.181","cage","low_gate","summer24","low"
"2925","7/11/2024","7:00","73.753","cage","low_gate","summer24","low"
"2935","7/11/2024","13:00","75.139","cage","low_gate","summer24","low"
"2945","7/11/2024","19:00","77.05","cage","low_gate","summer24","low"
"2955","7/12/2024","1:00","76.528","cage","low_gate","summer24","low"
"2965","7/12/2024","7:00","74.271","cage","low_gate","summer24","low"
"2975","7/12/2024","13:00","75.484","cage","low_gate","summer24","low"
"2985","7/12/2024","19:00","77.4","cage","low_gate","summer24","low"
"2995","7/13/2024","1:00","76.703","cage","low_gate","summer24","low"
"3005","7/13/2024","7:00","74.446","cage","low_gate","summer24","low"
"30110","7/13/2024","13:00","75.659","cage","low_gate","summer24","low"
"3025","7/13/2024","19:00","77.4","cage","low_gate","summer24","low"
"3035","7/14/2024","1:00","76.876","cage","low_gate","summer24","low"
"3045","7/14/2024","7:00","76.006","cage","low_gate","summer24","low"
"3055","7/14/2024","13:00","77.225","cage","low_gate","summer24","low"
"3065","7/14/2024","19:00","78.624","cage","low_gate","summer24","low"
"3075","7/15/2024","1:00","78.098","cage","low_gate","summer24","low"
"3085","7/15/2024","7:00","76.354","cage","low_gate","summer24","low"
"3095","7/15/2024","13:00","77.4","cage","low_gate","summer24","low"
"31010","7/15/2024","19:00","78.274","cage","low_gate","summer24","low"
"31110","7/16/2024","1:00","77.749","cage","low_gate","summer24","low"
"3125","7/16/2024","7:00","75.659","cage","low_gate","summer24","low"
"3135","7/16/2024","13:00","75.832","cage","low_gate","summer24","low"
"3145","7/16/2024","19:00","77.225","cage","low_gate","summer24","low"
"3155","7/17/2024","1:00","76.703","cage","low_gate","summer24","low"
"3165","7/17/2024","7:00","74.619","cage","low_gate","summer24","low"
"3175","7/17/2024","13:00","76.006","cage","low_gate","summer24","low"
"3185","7/17/2024","19:00","77.749","cage","low_gate","summer24","low"
"3195","7/18/2024","1:00","76.528","cage","low_gate","summer24","low"
"3205","7/18/2024","7:00","74.619","cage","low_gate","summer24","low"
"32110","7/18/2024","13:00","75.659","cage","low_gate","summer24","low"
"3225","7/18/2024","19:00","77.574","cage","low_gate","summer24","low"
"3235","7/19/2024","1:00","76.876","cage","low_gate","summer24","low"
"3245","7/19/2024","7:00","74.964","cage","low_gate","summer24","low"
"3255","7/19/2024","13:00","76.703","cage","low_gate","summer24","low"
"3265","7/19/2024","19:00","77.923","cage","low_gate","summer24","low"
"3275","7/20/2024","1:00","76.876","cage","low_gate","summer24","low"
"3285","7/20/2024","7:00","74.791","cage","low_gate","summer24","low"
"3295","7/20/2024","13:00","75.659","cage","low_gate","summer24","low"
"3305","7/20/2024","19:00","77.749","cage","low_gate","summer24","low"
"33110","7/21/2024","1:00","77.4","cage","low_gate","summer24","low"
"3325","7/21/2024","7:00","75.312","cage","low_gate","summer24","low"
"3335","7/21/2024","13:00","76.181","cage","low_gate","summer24","low"
"3345","7/21/2024","19:00","78.274","cage","low_gate","summer24","low"
"3355","7/22/2024","1:00","77.749","cage","low_gate","summer24","low"
"3365","7/22/2024","7:00","76.006","cage","low_gate","summer24","low"
"3375","7/22/2024","13:00","77.05","cage","low_gate","summer24","low"
"3385","7/22/2024","19:00","78.098","cage","low_gate","summer24","low"
"3395","7/23/2024","1:00","77.05","cage","low_gate","summer24","low"
"3405","7/23/2024","7:00","73.926","cage","low_gate","summer24","low"
"34110","7/23/2024","13:00","76.006","cage","low_gate","summer24","low"
"3425","7/23/2024","19:00","77.574","cage","low_gate","summer24","low"
"3435","7/24/2024","1:00","76.876","cage","low_gate","summer24","low"
"3445","7/24/2024","7:00","75.139","cage","low_gate","summer24","low"
"3455","7/24/2024","13:00","76.006","cage","low_gate","summer24","low"
"3465","7/24/2024","19:00","77.225","cage","low_gate","summer24","low"
"3475","7/25/2024","1:00","76.876","cage","low_gate","summer24","low"
"3485","7/25/2024","7:00","75.659","cage","low_gate","summer24","low"
"3495","7/25/2024","13:00","76.528","cage","low_gate","summer24","low"
"3505","7/25/2024","19:00","77.05","cage","low_gate","summer24","low"
"35110","7/26/2024","1:00","75.832","cage","low_gate","summer24","low"
"3525","7/26/2024","7:00","74.271","cage","low_gate","summer24","low"
"3535","7/26/2024","13:00","75.139","cage","low_gate","summer24","low"
"3545","7/26/2024","19:00","76.354","cage","low_gate","summer24","low"
"3555","7/27/2024","1:00","75.312","cage","low_gate","summer24","low"
"3565","7/27/2024","7:00","73.753","cage","low_gate","summer24","low"
"3575","7/27/2024","13:00","72.718","cage","low_gate","summer24","low"
"3585","7/27/2024","19:00","73.753","cage","low_gate","summer24","low"
"3595","7/28/2024","1:00","72.372","cage","low_gate","summer24","low"
"3605","7/28/2024","7:00","71.339","cage","low_gate","summer24","low"
"36110","7/28/2024","13:00","72.545","cage","low_gate","summer24","low"
"3625","7/28/2024","19:00","74.619","cage","low_gate","summer24","low"
"3635","7/29/2024","1:00","73.58","cage","low_gate","summer24","low"
"3645","7/29/2024","7:00","71.856","cage","low_gate","summer24","low"
"3655","7/29/2024","13:00","73.753","cage","low_gate","summer24","low"
"3665","7/29/2024","19:00","74.619","cage","low_gate","summer24","low"
"3675","7/30/2024","1:00","73.58","cage","low_gate","summer24","low"
"3685","7/30/2024","7:00","71.683","cage","low_gate","summer24","low"
"3695","7/30/2024","13:00","73.407","cage","low_gate","summer24","low"
"3705","7/30/2024","19:00","74.964","cage","low_gate","summer24","low"
"37110","7/31/2024","1:00","73.407","cage","low_gate","summer24","low"
"3725","7/31/2024","7:00","72.028","cage","low_gate","summer24","low"
"3735","7/31/2024","13:00","73.234","cage","low_gate","summer24","low"
"3745","7/31/2024","19:00","74.791","cage","low_gate","summer24","low"
"3755","8/1/2024","1:00","73.58","cage","low_gate","summer24","low"
"3765","8/1/2024","7:00","71.512","cage","low_gate","summer24","low"
"3775","8/1/2024","13:00","72.891","cage","low_gate","summer24","low"
"3785","8/1/2024","19:00","74.791","cage","low_gate","summer24","low"
"3795","8/2/2024","1:00","74.446","cage","low_gate","summer24","low"
"3805","8/2/2024","7:00","72.718","cage","low_gate","summer24","low"
"38110","8/2/2024","13:00","73.926","cage","low_gate","summer24","low"
"3825","8/2/2024","19:00","75.484","cage","low_gate","summer24","low"
"3835","8/3/2024","1:00","75.139","cage","low_gate","summer24","low"
"3845","8/3/2024","7:00","73.753","cage","low_gate","summer24","low"
"3855","8/3/2024","13:00","74.964","cage","low_gate","summer24","low"
"3865","8/3/2024","19:00","77.225","cage","low_gate","summer24","low"
"3875","8/4/2024","1:00","76.876","cage","low_gate","summer24","low"
"3885","8/4/2024","7:00","75.484","cage","low_gate","summer24","low"
"3895","8/4/2024","13:00","76.006","cage","low_gate","summer24","low"
"3905","8/4/2024","19:00","77.4","cage","low_gate","summer24","low"
"39110","8/5/2024","1:00","76.876","cage","low_gate","summer24","low"
"3925","8/5/2024","7:00","75.139","cage","low_gate","summer24","low"
"3935","8/5/2024","13:00","76.181","cage","low_gate","summer24","low"
"3945","8/5/2024","19:00","77.574","cage","low_gate","summer24","low"
"3955","8/6/2024","1:00","76.528","cage","low_gate","summer24","low"
"3965","8/6/2024","7:00","75.312","cage","low_gate","summer24","low"
"3975","8/6/2024","13:00","76.181","cage","low_gate","summer24","low"
"3985","8/6/2024","19:00","77.05","cage","low_gate","summer24","low"
"3995","8/7/2024","1:00","76.181","cage","low_gate","summer24","low"
"4005","8/7/2024","7:00","74.446","cage","low_gate","summer24","low"
"40110","8/7/2024","13:00","75.139","cage","low_gate","summer24","low"
"4025","8/7/2024","19:00","76.006","cage","low_gate","summer24","low"
"4035","8/8/2024","1:00","75.139","cage","low_gate","summer24","low"
"4045","8/8/2024","7:00","72.372","cage","low_gate","summer24","low"
"4055","8/8/2024","13:00","73.407","cage","low_gate","summer24","low"
"4065","8/8/2024","19:00","75.312","cage","low_gate","summer24","low"
"4075","8/9/2024","1:00","74.619","cage","low_gate","summer24","low"
"4085","8/9/2024","7:00","72.891","cage","low_gate","summer24","low"
"4095","8/9/2024","13:00","73.407","cage","low_gate","summer24","low"
"4105","8/9/2024","19:00","73.234","cage","low_gate","summer24","low"
"41110","8/10/2024","1:00","69.964","cage","low_gate","summer24","low"
"4125","8/10/2024","7:00","69.622","cage","low_gate","summer24","low"
"4135","8/10/2024","13:00","71.168","cage","low_gate","summer24","low"
"4145","8/10/2024","19:00","73.407","cage","low_gate","summer24","low"
"4155","8/11/2024","1:00","73.407","cage","low_gate","summer24","low"
"4165","8/11/2024","7:00","71.683","cage","low_gate","summer24","low"
"4175","8/11/2024","13:00","72.545","cage","low_gate","summer24","low"
"4185","8/11/2024","19:00","74.446","cage","low_gate","summer24","low"
"4195","8/12/2024","1:00","74.271","cage","low_gate","summer24","low"
"4205","8/12/2024","7:00","73.062","cage","low_gate","summer24","low"
"42110","8/12/2024","13:00","74.098","cage","low_gate","summer24","low"
"4225","8/12/2024","19:00","74.791","cage","low_gate","summer24","low"
"4235","8/13/2024","1:00","71.168","cage","low_gate","summer24","low"
"4245","8/13/2024","7:00","69.622","cage","low_gate","summer24","low"
"4255","8/13/2024","13:00","74.271","cage","low_gate","summer24","low"
"4265","8/13/2024","19:00","73.407","cage","low_gate","summer24","low"
"4275","8/14/2024","1:00","69.622","cage","low_gate","summer24","low"
"4285","8/14/2024","7:00","68.592","cage","low_gate","summer24","low"
"4295","8/14/2024","13:00","75.312","cage","low_gate","summer24","low"
"4305","8/14/2024","19:00","74.446","cage","low_gate","summer24","low"
"43110","8/15/2024","1:00","70.824","cage","low_gate","summer24","low"
"4325","8/15/2024","7:00","68.592","cage","low_gate","summer24","low"
"4335","8/15/2024","13:00","73.407","cage","low_gate","summer24","low"
"4345","8/15/2024","19:00","74.446","cage","low_gate","summer24","low"
"4355","8/16/2024","1:00","70.651","cage","low_gate","summer24","low"
"4365","8/16/2024","7:00","68.592","cage","low_gate","summer24","low"
"4375","8/16/2024","13:00","73.926","cage","low_gate","summer24","low"
"4384","8/16/2024","19:00","74.619","cage","low_gate","summer24","low"
"4394","8/17/2024","1:00","71.683","cage","low_gate","summer24","low"
"4404","8/17/2024","7:00","69.107","cage","low_gate","summer24","low"
"4419","8/17/2024","13:00","74.446","cage","low_gate","summer24","low"
"4424","8/17/2024","19:00","72.891","cage","low_gate","summer24","low"
"4434","8/18/2024","1:00","70.308","cage","low_gate","summer24","low"
"4444","8/18/2024","7:00","69.107","cage","low_gate","summer24","low"
"4454","8/18/2024","13:00","73.753","cage","low_gate","summer24","low"
"4464","8/18/2024","19:00","76.181","cage","low_gate","summer24","low"
"4474","8/19/2024","1:00","72.028","cage","low_gate","summer24","low"
"4484","8/19/2024","7:00","70.48","cage","low_gate","summer24","low"
"4494","8/19/2024","13:00","74.098","cage","low_gate","summer24","low"
"4504","8/19/2024","19:00","75.312","cage","low_gate","summer24","low"
"4519","8/20/2024","1:00","73.062","cage","low_gate","summer24","low"
"4524","8/20/2024","7:00","71.168","cage","low_gate","summer24","low"
"4534","8/20/2024","13:00","74.791","cage","low_gate","summer24","low"
"4544","8/20/2024","19:00","75.312","cage","low_gate","summer24","low"
"4554","8/21/2024","1:00","72.718","cage","low_gate","summer24","low"
"4564","8/21/2024","7:00","69.449","cage","low_gate","summer24","low"
"4574","8/21/2024","13:00","73.926","cage","low_gate","summer24","low"
"4584","8/21/2024","19:00","74.446","cage","low_gate","summer24","low"
"4594","8/22/2024","1:00","70.48","cage","low_gate","summer24","low"
"4604","8/22/2024","7:00","68.592","cage","low_gate","summer24","low"
"4617","8/22/2024","13:00","73.062","cage","low_gate","summer24","low"
"4624","8/22/2024","19:00","74.791","cage","low_gate","summer24","low"
"4634","8/23/2024","1:00","71.683","cage","low_gate","summer24","low"
"4644","8/23/2024","7:00","69.793","cage","low_gate","summer24","low"
"4654","8/23/2024","13:00","74.791","cage","low_gate","summer24","low"
"2128","11/18/2023","15:00","40.696","shrub","low_gate","winter23-24","low"
"3120","11/18/2023","21:00","35.951","shrub","low_gate","winter23-24","low"
"4100","11/19/2023","3:00","37.297","shrub","low_gate","winter23-24","low"
"5100","11/19/2023","9:00","37.87","shrub","low_gate","winter23-24","low"
"637","11/19/2023","15:00","39.947","shrub","low_gate","winter23-24","low"
"727","11/19/2023","21:00","37.297","shrub","low_gate","winter23-24","low"
"827","11/20/2023","3:00","34.981","shrub","low_gate","winter23-24","low"
"927","11/20/2023","9:00","33.411","shrub","low_gate","winter23-24","low"
"1027","11/20/2023","15:00","35.37","shrub","low_gate","winter23-24","low"
"1127","11/20/2023","21:00","33.411","shrub","low_gate","winter23-24","low"
"1227","11/21/2023","3:00","31.617","shrub","low_gate","winter23-24","low"
"1327","11/21/2023","9:00","31.816","shrub","low_gate","winter23-24","low"
"1427","11/21/2023","15:00","33.013","shrub","low_gate","winter23-24","low"
"1527","11/21/2023","21:00","32.218","shrub","low_gate","winter23-24","low"
"1627","11/22/2023","3:00","31.415","shrub","low_gate","winter23-24","low"
"1727","11/22/2023","9:00","30.808","shrub","low_gate","winter23-24","low"
"1827","11/22/2023","15:00","32.418","shrub","low_gate","winter23-24","low"
"1927","11/22/2023","21:00","32.617","shrub","low_gate","winter23-24","low"
"2027","11/23/2023","3:00","32.815","shrub","low_gate","winter23-24","low"
"2129","11/23/2023","9:00","33.013","shrub","low_gate","winter23-24","low"
"2227","11/23/2023","15:00","34.786","shrub","low_gate","winter23-24","low"
"2327","11/23/2023","21:00","33.411","shrub","low_gate","winter23-24","low"
"2427","11/24/2023","3:00","33.013","shrub","low_gate","winter23-24","low"
"2527","11/24/2023","9:00","32.418","shrub","low_gate","winter23-24","low"
"2627","11/24/2023","15:00","32.617","shrub","low_gate","winter23-24","low"
"2727","11/24/2023","21:00","31.617","shrub","low_gate","winter23-24","low"
"2827","11/25/2023","3:00","30.607","shrub","low_gate","winter23-24","low"
"2920","11/25/2023","9:00","29.995","shrub","low_gate","winter23-24","low"
"3020","11/25/2023","15:00","31.816","shrub","low_gate","winter23-24","low"
"3126","11/25/2023","21:00","29.995","shrub","low_gate","winter23-24","low"
"3220","11/26/2023","3:00","29.79","shrub","low_gate","winter23-24","low"
"3320","11/26/2023","9:00","29.586","shrub","low_gate","winter23-24","low"
"3420","11/26/2023","15:00","30.198","shrub","low_gate","winter23-24","low"
"3520","11/26/2023","21:00","29.586","shrub","low_gate","winter23-24","low"
"3620","11/27/2023","3:00","29.379","shrub","low_gate","winter23-24","low"
"3720","11/27/2023","9:00","29.174","shrub","low_gate","winter23-24","low"
"3820","11/27/2023","15:00","31.012","shrub","low_gate","winter23-24","low"
"3920","11/27/2023","21:00","28.139","shrub","low_gate","winter23-24","low"
"4020","11/28/2023","3:00","26.458","shrub","low_gate","winter23-24","low"
"4120","11/28/2023","9:00","25.819","shrub","low_gate","winter23-24","low"
"4220","11/28/2023","15:00","30.607","shrub","low_gate","winter23-24","low"
"4320","11/28/2023","21:00","27.511","shrub","low_gate","winter23-24","low"
"4420","11/29/2023","3:00","25.605","shrub","low_gate","winter23-24","low"
"4520","11/29/2023","9:00","25.605","shrub","low_gate","winter23-24","low"
"4618","11/29/2023","15:00","30.403","shrub","low_gate","winter23-24","low"
"4710","11/29/2023","21:00","26.668","shrub","low_gate","winter23-24","low"
"4810","11/30/2023","3:00","25.605","shrub","low_gate","winter23-24","low"
"4910","11/30/2023","9:00","24.526","shrub","low_gate","winter23-24","low"
"5010","11/30/2023","15:00","29.379","shrub","low_gate","winter23-24","low"
"5111","11/30/2023","21:00","27.302","shrub","low_gate","winter23-24","low"
"5210","12/1/2023","3:00","26.881","shrub","low_gate","winter23-24","low"
"5310","12/1/2023","9:00","26.245","shrub","low_gate","winter23-24","low"
"5410","12/1/2023","15:00","28.969","shrub","low_gate","winter23-24","low"
"5510","12/1/2023","21:00","28.555","shrub","low_gate","winter23-24","low"
"5610","12/2/2023","3:00","28.139","shrub","low_gate","winter23-24","low"
"5710","12/2/2023","9:00","28.139","shrub","low_gate","winter23-24","low"
"5810","12/2/2023","15:00","28.969","shrub","low_gate","winter23-24","low"
"5910","12/2/2023","21:00","28.969","shrub","low_gate","winter23-24","low"
"6010","12/3/2023","3:00","26.881","shrub","low_gate","winter23-24","low"
"6111","12/3/2023","9:00","27.302","shrub","low_gate","winter23-24","low"
"6210","12/3/2023","15:00","29.79","shrub","low_gate","winter23-24","low"
"638","12/3/2023","21:00","29.995","shrub","low_gate","winter23-24","low"
"647","12/4/2023","3:00","29.79","shrub","low_gate","winter23-24","low"
"657","12/4/2023","9:00","30.198","shrub","low_gate","winter23-24","low"
"667","12/4/2023","15:00","31.012","shrub","low_gate","winter23-24","low"
"677","12/4/2023","21:00","31.415","shrub","low_gate","winter23-24","low"
"687","12/5/2023","3:00","31.617","shrub","low_gate","winter23-24","low"
"697","12/5/2023","9:00","31.816","shrub","low_gate","winter23-24","low"
"707","12/5/2023","15:00","32.218","shrub","low_gate","winter23-24","low"
"7111","12/5/2023","21:00","32.018","shrub","low_gate","winter23-24","low"
"728","12/6/2023","3:00","32.018","shrub","low_gate","winter23-24","low"
"737","12/6/2023","9:00","32.018","shrub","low_gate","winter23-24","low"
"747","12/6/2023","15:00","32.418","shrub","low_gate","winter23-24","low"
"757","12/6/2023","21:00","32.018","shrub","low_gate","winter23-24","low"
"767","12/7/2023","3:00","32.018","shrub","low_gate","winter23-24","low"
"777","12/7/2023","9:00","32.218","shrub","low_gate","winter23-24","low"
"787","12/7/2023","15:00","32.617","shrub","low_gate","winter23-24","low"
"797","12/7/2023","21:00","32.218","shrub","low_gate","winter23-24","low"
"807","12/8/2023","3:00","32.018","shrub","low_gate","winter23-24","low"
"8111","12/8/2023","9:00","31.816","shrub","low_gate","winter23-24","low"
"828","12/8/2023","15:00","32.018","shrub","low_gate","winter23-24","low"
"837","12/8/2023","21:00","31.213","shrub","low_gate","winter23-24","low"
"847","12/9/2023","3:00","29.586","shrub","low_gate","winter23-24","low"
"857","12/9/2023","9:00","27.511","shrub","low_gate","winter23-24","low"
"867","12/9/2023","15:00","29.586","shrub","low_gate","winter23-24","low"
"877","12/9/2023","21:00","28.555","shrub","low_gate","winter23-24","low"
"887","12/10/2023","3:00","27.93","shrub","low_gate","winter23-24","low"
"897","12/10/2023","9:00","28.346","shrub","low_gate","winter23-24","low"
"907","12/10/2023","15:00","29.79","shrub","low_gate","winter23-24","low"
"9111","12/10/2023","21:00","29.995","shrub","low_gate","winter23-24","low"
"928","12/11/2023","3:00","30.198","shrub","low_gate","winter23-24","low"
"937","12/11/2023","9:00","30.198","shrub","low_gate","winter23-24","low"
"947","12/11/2023","15:00","31.012","shrub","low_gate","winter23-24","low"
"957","12/11/2023","21:00","31.012","shrub","low_gate","winter23-24","low"
"967","12/12/2023","3:00","30.198","shrub","low_gate","winter23-24","low"
"977","12/12/2023","9:00","29.995","shrub","low_gate","winter23-24","low"
"987","12/12/2023","15:00","31.012","shrub","low_gate","winter23-24","low"
"997","12/12/2023","21:00","30.198","shrub","low_gate","winter23-24","low"
"1007","12/13/2023","3:00","28.762","shrub","low_gate","winter23-24","low"
"10111","12/13/2023","9:00","27.721","shrub","low_gate","winter23-24","low"
"1028","12/13/2023","15:00","30.198","shrub","low_gate","winter23-24","low"
"1037","12/13/2023","21:00","28.969","shrub","low_gate","winter23-24","low"
"1047","12/14/2023","3:00","27.091","shrub","low_gate","winter23-24","low"
"1057","12/14/2023","9:00","25.605","shrub","low_gate","winter23-24","low"
"1067","12/14/2023","15:00","28.762","shrub","low_gate","winter23-24","low"
"1077","12/14/2023","21:00","26.245","shrub","low_gate","winter23-24","low"
"1087","12/15/2023","3:00","24.96","shrub","low_gate","winter23-24","low"
"1097","12/15/2023","9:00","24.744","shrub","low_gate","winter23-24","low"
"1107","12/15/2023","15:00","28.762","shrub","low_gate","winter23-24","low"
"11111","12/15/2023","21:00","27.302","shrub","low_gate","winter23-24","low"
"1128","12/16/2023","3:00","25.819","shrub","low_gate","winter23-24","low"
"1137","12/16/2023","9:00","25.174","shrub","low_gate","winter23-24","low"
"1147","12/16/2023","15:00","29.174","shrub","low_gate","winter23-24","low"
"1157","12/16/2023","21:00","27.091","shrub","low_gate","winter23-24","low"
"1167","12/17/2023","3:00","25.174","shrub","low_gate","winter23-24","low"
"1177","12/17/2023","9:00","24.093","shrub","low_gate","winter23-24","low"
"1187","12/17/2023","15:00","28.555","shrub","low_gate","winter23-24","low"
"1197","12/17/2023","21:00","26.245","shrub","low_gate","winter23-24","low"
"1207","12/18/2023","3:00","24.96","shrub","low_gate","winter23-24","low"
"12111","12/18/2023","9:00","25.39","shrub","low_gate","winter23-24","low"
"1228","12/18/2023","15:00","29.174","shrub","low_gate","winter23-24","low"
"1237","12/18/2023","21:00","29.174","shrub","low_gate","winter23-24","low"
"1247","12/19/2023","3:00","27.511","shrub","low_gate","winter23-24","low"
"1257","12/19/2023","9:00","28.762","shrub","low_gate","winter23-24","low"
"1267","12/19/2023","15:00","30.808","shrub","low_gate","winter23-24","low"
"1277","12/19/2023","21:00","30.808","shrub","low_gate","winter23-24","low"
"1287","12/20/2023","3:00","29.79","shrub","low_gate","winter23-24","low"
"1297","12/20/2023","9:00","30.607","shrub","low_gate","winter23-24","low"
"1307","12/20/2023","15:00","31.617","shrub","low_gate","winter23-24","low"
"13111","12/20/2023","21:00","31.617","shrub","low_gate","winter23-24","low"
"1328","12/21/2023","3:00","30.403","shrub","low_gate","winter23-24","low"
"1337","12/21/2023","9:00","30.403","shrub","low_gate","winter23-24","low"
"1347","12/21/2023","15:00","31.617","shrub","low_gate","winter23-24","low"
"1357","12/21/2023","21:00","31.816","shrub","low_gate","winter23-24","low"
"1367","12/22/2023","3:00","31.617","shrub","low_gate","winter23-24","low"
"1377","12/22/2023","9:00","31.617","shrub","low_gate","winter23-24","low"
"1387","12/22/2023","15:00","32.018","shrub","low_gate","winter23-24","low"
"1397","12/22/2023","21:00","32.018","shrub","low_gate","winter23-24","low"
"1407","12/23/2023","3:00","32.018","shrub","low_gate","winter23-24","low"
"14111","12/23/2023","9:00","32.018","shrub","low_gate","winter23-24","low"
"1428","12/23/2023","15:00","32.018","shrub","low_gate","winter23-24","low"
"1437","12/23/2023","21:00","31.415","shrub","low_gate","winter23-24","low"
"1447","12/24/2023","3:00","28.969","shrub","low_gate","winter23-24","low"
"1457","12/24/2023","9:00","26.458","shrub","low_gate","winter23-24","low"
"1467","12/24/2023","15:00","28.139","shrub","low_gate","winter23-24","low"
"1477","12/24/2023","21:00","24.31","shrub","low_gate","winter23-24","low"
"1487","12/25/2023","3:00","23.436","shrub","low_gate","winter23-24","low"
"1497","12/25/2023","9:00","24.31","shrub","low_gate","winter23-24","low"
"1507","12/25/2023","15:00","26.668","shrub","low_gate","winter23-24","low"
"15111","12/25/2023","21:00","22.107","shrub","low_gate","winter23-24","low"
"1528","12/26/2023","3:00","19.382","shrub","low_gate","winter23-24","low"
"1537","12/26/2023","9:00","19.612","shrub","low_gate","winter23-24","low"
"1547","12/26/2023","15:00","24.96","shrub","low_gate","winter23-24","low"
"1557","12/26/2023","21:00","22.107","shrub","low_gate","winter23-24","low"
"1567","12/27/2023","3:00","21.659","shrub","low_gate","winter23-24","low"
"1577","12/27/2023","9:00","23.216","shrub","low_gate","winter23-24","low"
"1587","12/27/2023","15:00","26.245","shrub","low_gate","winter23-24","low"
"1597","12/27/2023","21:00","24.093","shrub","low_gate","winter23-24","low"
"1607","12/28/2023","3:00","24.093","shrub","low_gate","winter23-24","low"
"16111","12/28/2023","9:00","22.995","shrub","low_gate","winter23-24","low"
"1628","12/28/2023","15:00","27.721","shrub","low_gate","winter23-24","low"
"1637","12/28/2023","21:00","25.174","shrub","low_gate","winter23-24","low"
"1647","12/29/2023","3:00","23.655","shrub","low_gate","winter23-24","low"
"1657","12/29/2023","9:00","23.875","shrub","low_gate","winter23-24","low"
"1667","12/29/2023","15:00","28.762","shrub","low_gate","winter23-24","low"
"1677","12/29/2023","21:00","26.668","shrub","low_gate","winter23-24","low"
"1687","12/30/2023","3:00","25.39","shrub","low_gate","winter23-24","low"
"1697","12/30/2023","9:00","24.96","shrub","low_gate","winter23-24","low"
"1707","12/30/2023","15:00","29.379","shrub","low_gate","winter23-24","low"
"17111","12/30/2023","21:00","28.969","shrub","low_gate","winter23-24","low"
"1728","12/31/2023","3:00","26.668","shrub","low_gate","winter23-24","low"
"1737","12/31/2023","9:00","25.819","shrub","low_gate","winter23-24","low"
"1747","12/31/2023","15:00","29.79","shrub","low_gate","winter23-24","low"
"1757","12/31/2023","21:00","26.458","shrub","low_gate","winter23-24","low"
"1767","1/1/2024","3:00","23.655","shrub","low_gate","winter23-24","low"
"1777","1/1/2024","9:00","22.775","shrub","low_gate","winter23-24","low"
"1787","1/1/2024","15:00","28.969","shrub","low_gate","winter23-24","low"
"1797","1/1/2024","21:00","25.39","shrub","low_gate","winter23-24","low"
"1807","1/2/2024","3:00","22.775","shrub","low_gate","winter23-24","low"
"18111","1/2/2024","9:00","22.995","shrub","low_gate","winter23-24","low"
"1828","1/2/2024","15:00","28.555","shrub","low_gate","winter23-24","low"
"1837","1/2/2024","21:00","24.526","shrub","low_gate","winter23-24","low"
"1847","1/3/2024","3:00","22.107","shrub","low_gate","winter23-24","low"
"1857","1/3/2024","9:00","21.659","shrub","low_gate","winter23-24","low"
"1867","1/3/2024","15:00","28.139","shrub","low_gate","winter23-24","low"
"1877","1/3/2024","21:00","26.458","shrub","low_gate","winter23-24","low"
"1887","1/4/2024","3:00","26.458","shrub","low_gate","winter23-24","low"
"1897","1/4/2024","9:00","26.031","shrub","low_gate","winter23-24","low"
"1907","1/4/2024","15:00","29.379","shrub","low_gate","winter23-24","low"
"19111","1/4/2024","21:00","28.346","shrub","low_gate","winter23-24","low"
"1928","1/5/2024","3:00","27.721","shrub","low_gate","winter23-24","low"
"1937","1/5/2024","9:00","27.302","shrub","low_gate","winter23-24","low"
"1947","1/5/2024","15:00","29.379","shrub","low_gate","winter23-24","low"
"1957","1/5/2024","21:00","25.174","shrub","low_gate","winter23-24","low"
"1967","1/6/2024","3:00","22.775","shrub","low_gate","winter23-24","low"
"1977","1/6/2024","9:00","24.31","shrub","low_gate","winter23-24","low"
"1987","1/6/2024","15:00","26.881","shrub","low_gate","winter23-24","low"
"1997","1/6/2024","21:00","26.031","shrub","low_gate","winter23-24","low"
"2007","1/7/2024","3:00","26.245","shrub","low_gate","winter23-24","low"
"20111","1/7/2024","9:00","26.245","shrub","low_gate","winter23-24","low"
"2028","1/7/2024","15:00","27.091","shrub","low_gate","winter23-24","low"
"2037","1/7/2024","21:00","26.458","shrub","low_gate","winter23-24","low"
"2047","1/8/2024","3:00","25.39","shrub","low_gate","winter23-24","low"
"2057","1/8/2024","9:00","23.655","shrub","low_gate","winter23-24","low"
"2067","1/8/2024","15:00","24.744","shrub","low_gate","winter23-24","low"
"2077","1/8/2024","21:00","24.744","shrub","low_gate","winter23-24","low"
"2087","1/9/2024","3:00","24.744","shrub","low_gate","winter23-24","low"
"2097","1/9/2024","9:00","24.96","shrub","low_gate","winter23-24","low"
"21011","1/9/2024","15:00","25.605","shrub","low_gate","winter23-24","low"
"21111","1/9/2024","21:00","25.819","shrub","low_gate","winter23-24","low"
"21210","1/10/2024","3:00","25.819","shrub","low_gate","winter23-24","low"
"2137","1/10/2024","9:00","25.605","shrub","low_gate","winter23-24","low"
"2147","1/10/2024","15:00","26.031","shrub","low_gate","winter23-24","low"
"2157","1/10/2024","21:00","25.819","shrub","low_gate","winter23-24","low"
"2167","1/11/2024","3:00","25.39","shrub","low_gate","winter23-24","low"
"2177","1/11/2024","9:00","24.96","shrub","low_gate","winter23-24","low"
"2187","1/11/2024","15:00","25.174","shrub","low_gate","winter23-24","low"
"2197","1/11/2024","21:00","25.174","shrub","low_gate","winter23-24","low"
"2207","1/12/2024","3:00","25.39","shrub","low_gate","winter23-24","low"
"22111","1/12/2024","9:00","25.174","shrub","low_gate","winter23-24","low"
"2228","1/12/2024","15:00","24.744","shrub","low_gate","winter23-24","low"
"2237","1/12/2024","21:00","23.655","shrub","low_gate","winter23-24","low"
"2247","1/13/2024","3:00","20.984","shrub","low_gate","winter23-24","low"
"2257","1/13/2024","9:00","19.612","shrub","low_gate","winter23-24","low"
"2267","1/13/2024","15:00","20.984","shrub","low_gate","winter23-24","low"
"2277","1/13/2024","21:00","21.659","shrub","low_gate","winter23-24","low"
"2287","1/14/2024","3:00","22.107","shrub","low_gate","winter23-24","low"
"2297","1/14/2024","9:00","21.659","shrub","low_gate","winter23-24","low"
"2307","1/14/2024","15:00","22.775","shrub","low_gate","winter23-24","low"
"23111","1/14/2024","21:00","23.436","shrub","low_gate","winter23-24","low"
"2328","1/15/2024","3:00","23.655","shrub","low_gate","winter23-24","low"
"2337","1/15/2024","9:00","20.757","shrub","low_gate","winter23-24","low"
"2347","1/15/2024","15:00","20.984","shrub","low_gate","winter23-24","low"
"2357","1/15/2024","21:00","20.984","shrub","low_gate","winter23-24","low"
"2367","1/16/2024","3:00","20.529","shrub","low_gate","winter23-24","low"
"2377","1/16/2024","9:00","20.529","shrub","low_gate","winter23-24","low"
"2387","1/16/2024","15:00","21.884","shrub","low_gate","winter23-24","low"
"2397","1/16/2024","21:00","22.33","shrub","low_gate","winter23-24","low"
"2407","1/17/2024","3:00","22.775","shrub","low_gate","winter23-24","low"
"24111","1/17/2024","9:00","23.436","shrub","low_gate","winter23-24","low"
"2428","1/17/2024","15:00","24.31","shrub","low_gate","winter23-24","low"
"2437","1/17/2024","21:00","24.744","shrub","low_gate","winter23-24","low"
"2447","1/18/2024","3:00","24.96","shrub","low_gate","winter23-24","low"
"2457","1/18/2024","9:00","24.744","shrub","low_gate","winter23-24","low"
"2467","1/18/2024","15:00","25.605","shrub","low_gate","winter23-24","low"
"2477","1/18/2024","21:00","26.031","shrub","low_gate","winter23-24","low"
"2487","1/19/2024","3:00","26.458","shrub","low_gate","winter23-24","low"
"2497","1/19/2024","9:00","26.668","shrub","low_gate","winter23-24","low"
"2507","1/19/2024","15:00","27.511","shrub","low_gate","winter23-24","low"
"25111","1/19/2024","21:00","27.93","shrub","low_gate","winter23-24","low"
"2528","1/20/2024","3:00","27.93","shrub","low_gate","winter23-24","low"
"2537","1/20/2024","9:00","28.139","shrub","low_gate","winter23-24","low"
"2547","1/20/2024","15:00","31.415","shrub","low_gate","winter23-24","low"
"2557","1/20/2024","21:00","31.415","shrub","low_gate","winter23-24","low"
"2567","1/21/2024","3:00","31.012","shrub","low_gate","winter23-24","low"
"2577","1/21/2024","9:00","31.012","shrub","low_gate","winter23-24","low"
"2587","1/21/2024","15:00","31.213","shrub","low_gate","winter23-24","low"
"2597","1/21/2024","21:00","31.617","shrub","low_gate","winter23-24","low"
"2607","1/22/2024","3:00","31.617","shrub","low_gate","winter23-24","low"
"26111","1/22/2024","9:00","31.415","shrub","low_gate","winter23-24","low"
"2628","1/22/2024","15:00","31.816","shrub","low_gate","winter23-24","low"
"2637","1/22/2024","21:00","32.018","shrub","low_gate","winter23-24","low"
"2647","1/23/2024","3:00","32.018","shrub","low_gate","winter23-24","low"
"2657","1/23/2024","9:00","32.018","shrub","low_gate","winter23-24","low"
"2667","1/23/2024","15:00","32.218","shrub","low_gate","winter23-24","low"
"2677","1/23/2024","21:00","32.218","shrub","low_gate","winter23-24","low"
"2687","1/24/2024","3:00","32.218","shrub","low_gate","winter23-24","low"
"2697","1/24/2024","9:00","32.218","shrub","low_gate","winter23-24","low"
"2707","1/24/2024","15:00","32.218","shrub","low_gate","winter23-24","low"
"27111","1/24/2024","21:00","32.218","shrub","low_gate","winter23-24","low"
"2728","1/25/2024","3:00","32.218","shrub","low_gate","winter23-24","low"
"2737","1/25/2024","9:00","32.218","shrub","low_gate","winter23-24","low"
"2747","1/25/2024","15:00","32.218","shrub","low_gate","winter23-24","low"
"2757","1/25/2024","21:00","32.218","shrub","low_gate","winter23-24","low"
"2767","1/26/2024","3:00","32.218","shrub","low_gate","winter23-24","low"
"2777","1/26/2024","9:00","32.218","shrub","low_gate","winter23-24","low"
"2787","1/26/2024","15:00","32.218","shrub","low_gate","winter23-24","low"
"2797","1/26/2024","21:00","32.218","shrub","low_gate","winter23-24","low"
"2807","1/27/2024","3:00","32.218","shrub","low_gate","winter23-24","low"
"28111","1/27/2024","9:00","32.218","shrub","low_gate","winter23-24","low"
"2828","1/27/2024","15:00","32.218","shrub","low_gate","winter23-24","low"
"2837","1/27/2024","21:00","32.218","shrub","low_gate","winter23-24","low"
"2847","1/28/2024","3:00","32.218","shrub","low_gate","winter23-24","low"
"2857","1/28/2024","9:00","32.218","shrub","low_gate","winter23-24","low"
"2866","1/28/2024","15:00","32.218","shrub","low_gate","winter23-24","low"
"2876","1/28/2024","21:00","32.218","shrub","low_gate","winter23-24","low"
"2886","1/29/2024","3:00","32.218","shrub","low_gate","winter23-24","low"
"2896","1/29/2024","9:00","32.218","shrub","low_gate","winter23-24","low"
"2906","1/29/2024","15:00","32.218","shrub","low_gate","winter23-24","low"
"29111","1/29/2024","21:00","32.218","shrub","low_gate","winter23-24","low"
"2926","1/30/2024","3:00","32.218","shrub","low_gate","winter23-24","low"
"2936","1/30/2024","9:00","32.218","shrub","low_gate","winter23-24","low"
"2946","1/30/2024","15:00","32.218","shrub","low_gate","winter23-24","low"
"2956","1/30/2024","21:00","32.218","shrub","low_gate","winter23-24","low"
"2966","1/31/2024","3:00","32.018","shrub","low_gate","winter23-24","low"
"2976","1/31/2024","9:00","32.018","shrub","low_gate","winter23-24","low"
"2986","1/31/2024","15:00","32.218","shrub","low_gate","winter23-24","low"
"2996","1/31/2024","21:00","32.218","shrub","low_gate","winter23-24","low"
"3006","2/1/2024","3:00","32.018","shrub","low_gate","winter23-24","low"
"30111","2/1/2024","9:00","32.018","shrub","low_gate","winter23-24","low"
"3026","2/1/2024","15:00","32.218","shrub","low_gate","winter23-24","low"
"3036","2/1/2024","21:00","32.218","shrub","low_gate","winter23-24","low"
"3046","2/2/2024","3:00","32.218","shrub","low_gate","winter23-24","low"
"3056","2/2/2024","9:00","32.218","shrub","low_gate","winter23-24","low"
"3066","2/2/2024","15:00","32.218","shrub","low_gate","winter23-24","low"
"3076","2/2/2024","21:00","32.218","shrub","low_gate","winter23-24","low"
"3086","2/3/2024","3:00","32.218","shrub","low_gate","winter23-24","low"
"3096","2/3/2024","9:00","32.218","shrub","low_gate","winter23-24","low"
"31011","2/3/2024","15:00","32.218","shrub","low_gate","winter23-24","low"
"31111","2/3/2024","21:00","32.218","shrub","low_gate","winter23-24","low"
"3127","2/4/2024","3:00","32.218","shrub","low_gate","winter23-24","low"
"3136","2/4/2024","9:00","32.218","shrub","low_gate","winter23-24","low"
"3146","2/4/2024","15:00","32.218","shrub","low_gate","winter23-24","low"
"3156","2/4/2024","21:00","32.218","shrub","low_gate","winter23-24","low"
"3166","2/5/2024","3:00","32.218","shrub","low_gate","winter23-24","low"
"3176","2/5/2024","9:00","32.218","shrub","low_gate","winter23-24","low"
"3186","2/5/2024","15:00","32.218","shrub","low_gate","winter23-24","low"
"3196","2/5/2024","21:00","32.218","shrub","low_gate","winter23-24","low"
"3206","2/6/2024","3:00","32.218","shrub","low_gate","winter23-24","low"
"32111","2/6/2024","9:00","32.218","shrub","low_gate","winter23-24","low"
"3226","2/6/2024","15:00","32.218","shrub","low_gate","winter23-24","low"
"3236","2/6/2024","21:00","32.218","shrub","low_gate","winter23-24","low"
"3246","2/7/2024","3:00","32.218","shrub","low_gate","winter23-24","low"
"3256","2/7/2024","9:00","32.218","shrub","low_gate","winter23-24","low"
"3266","2/7/2024","15:00","32.218","shrub","low_gate","winter23-24","low"
"3276","2/7/2024","21:00","32.218","shrub","low_gate","winter23-24","low"
"3286","2/8/2024","3:00","32.218","shrub","low_gate","winter23-24","low"
"3296","2/8/2024","9:00","32.218","shrub","low_gate","winter23-24","low"
"3306","2/8/2024","15:00","32.218","shrub","low_gate","winter23-24","low"
"33111","2/8/2024","21:00","32.218","shrub","low_gate","winter23-24","low"
"3326","2/9/2024","3:00","32.218","shrub","low_gate","winter23-24","low"
"3336","2/9/2024","9:00","32.218","shrub","low_gate","winter23-24","low"
"3346","2/9/2024","15:00","32.218","shrub","low_gate","winter23-24","low"
"3356","2/9/2024","21:00","32.218","shrub","low_gate","winter23-24","low"
"3366","2/10/2024","3:00","32.018","shrub","low_gate","winter23-24","low"
"3376","2/10/2024","9:00","31.816","shrub","low_gate","winter23-24","low"
"3386","2/10/2024","15:00","32.018","shrub","low_gate","winter23-24","low"
"3396","2/10/2024","21:00","31.816","shrub","low_gate","winter23-24","low"
"3406","2/11/2024","3:00","31.617","shrub","low_gate","winter23-24","low"
"34111","2/11/2024","9:00","31.617","shrub","low_gate","winter23-24","low"
"3426","2/11/2024","15:00","31.816","shrub","low_gate","winter23-24","low"
"3436","2/11/2024","21:00","31.816","shrub","low_gate","winter23-24","low"
"3446","2/12/2024","3:00","31.816","shrub","low_gate","winter23-24","low"
"3456","2/12/2024","9:00","31.816","shrub","low_gate","winter23-24","low"
"3466","2/12/2024","15:00","32.018","shrub","low_gate","winter23-24","low"
"3476","2/12/2024","21:00","31.816","shrub","low_gate","winter23-24","low"
"3486","2/13/2024","3:00","31.617","shrub","low_gate","winter23-24","low"
"3496","2/13/2024","9:00","31.415","shrub","low_gate","winter23-24","low"
"3506","2/13/2024","15:00","31.816","shrub","low_gate","winter23-24","low"
"35111","2/13/2024","21:00","31.816","shrub","low_gate","winter23-24","low"
"3526","2/14/2024","3:00","31.213","shrub","low_gate","winter23-24","low"
"3536","2/14/2024","9:00","31.213","shrub","low_gate","winter23-24","low"
"3546","2/14/2024","15:00","31.816","shrub","low_gate","winter23-24","low"
"3556","2/14/2024","21:00","31.816","shrub","low_gate","winter23-24","low"
"3566","2/15/2024","3:00","31.816","shrub","low_gate","winter23-24","low"
"3576","2/15/2024","9:00","32.018","shrub","low_gate","winter23-24","low"
"3586","2/15/2024","15:00","32.018","shrub","low_gate","winter23-24","low"
"3596","2/15/2024","21:00","32.018","shrub","low_gate","winter23-24","low"
"3606","2/16/2024","3:00","31.816","shrub","low_gate","winter23-24","low"
"36111","2/16/2024","9:00","31.617","shrub","low_gate","winter23-24","low"
"3626","2/16/2024","15:00","31.617","shrub","low_gate","winter23-24","low"
"3636","2/16/2024","21:00","31.012","shrub","low_gate","winter23-24","low"
"3646","2/17/2024","3:00","30.403","shrub","low_gate","winter23-24","low"
"3656","2/17/2024","9:00","29.995","shrub","low_gate","winter23-24","low"
"3666","2/17/2024","15:00","31.012","shrub","low_gate","winter23-24","low"
"3676","2/17/2024","21:00","31.012","shrub","low_gate","winter23-24","low"
"3686","2/18/2024","3:00","30.607","shrub","low_gate","winter23-24","low"
"3696","2/18/2024","9:00","31.012","shrub","low_gate","winter23-24","low"
"3706","2/18/2024","15:00","31.415","shrub","low_gate","winter23-24","low"
"37111","2/18/2024","21:00","31.617","shrub","low_gate","winter23-24","low"
"3726","2/19/2024","3:00","31.617","shrub","low_gate","winter23-24","low"
"3736","2/19/2024","9:00","31.617","shrub","low_gate","winter23-24","low"
"3746","2/19/2024","15:00","31.816","shrub","low_gate","winter23-24","low"
"3756","2/19/2024","21:00","31.816","shrub","low_gate","winter23-24","low"
"3766","2/20/2024","3:00","32.018","shrub","low_gate","winter23-24","low"
"3776","2/20/2024","9:00","32.018","shrub","low_gate","winter23-24","low"
"3786","2/20/2024","15:00","32.018","shrub","low_gate","winter23-24","low"
"3796","2/20/2024","21:00","32.018","shrub","low_gate","winter23-24","low"
"3806","2/21/2024","3:00","32.018","shrub","low_gate","winter23-24","low"
"38111","2/21/2024","9:00","32.018","shrub","low_gate","winter23-24","low"
"3826","2/21/2024","15:00","32.018","shrub","low_gate","winter23-24","low"
"3836","2/21/2024","21:00","32.218","shrub","low_gate","winter23-24","low"
"3846","2/22/2024","3:00","32.218","shrub","low_gate","winter23-24","low"
"3856","2/22/2024","9:00","32.218","shrub","low_gate","winter23-24","low"
"3866","2/22/2024","15:00","32.218","shrub","low_gate","winter23-24","low"
"3876","2/22/2024","21:00","32.218","shrub","low_gate","winter23-24","low"
"3886","2/23/2024","3:00","32.218","shrub","low_gate","winter23-24","low"
"3896","2/23/2024","9:00","32.018","shrub","low_gate","winter23-24","low"
"3906","2/23/2024","15:00","32.018","shrub","low_gate","winter23-24","low"
"39111","2/23/2024","21:00","32.018","shrub","low_gate","winter23-24","low"
"3926","2/24/2024","3:00","32.018","shrub","low_gate","winter23-24","low"
"3936","2/24/2024","9:00","31.816","shrub","low_gate","winter23-24","low"
"3946","2/24/2024","15:00","32.018","shrub","low_gate","winter23-24","low"
"3956","2/24/2024","21:00","32.018","shrub","low_gate","winter23-24","low"
"3966","2/25/2024","3:00","32.018","shrub","low_gate","winter23-24","low"
"3976","2/25/2024","9:00","32.018","shrub","low_gate","winter23-24","low"
"3986","2/25/2024","15:00","32.018","shrub","low_gate","winter23-24","low"
"3996","2/25/2024","21:00","32.018","shrub","low_gate","winter23-24","low"
"4006","2/26/2024","3:00","32.018","shrub","low_gate","winter23-24","low"
"40111","2/26/2024","9:00","32.018","shrub","low_gate","winter23-24","low"
"4026","2/26/2024","15:00","32.218","shrub","low_gate","winter23-24","low"
"4036","2/26/2024","21:00","32.218","shrub","low_gate","winter23-24","low"
"4046","2/27/2024","3:00","31.213","shrub","low_gate","winter23-24","low"
"4056","2/27/2024","9:00","29.586","shrub","low_gate","winter23-24","low"
"4066","2/27/2024","15:00","31.816","shrub","low_gate","winter23-24","low"
"4076","2/27/2024","21:00","29.586","shrub","low_gate","winter23-24","low"
"4086","2/28/2024","3:00","28.762","shrub","low_gate","winter23-24","low"
"4096","2/28/2024","9:00","29.995","shrub","low_gate","winter23-24","low"
"4106","2/28/2024","15:00","31.617","shrub","low_gate","winter23-24","low"
"41111","2/28/2024","21:00","31.213","shrub","low_gate","winter23-24","low"
"4126","2/29/2024","3:00","30.607","shrub","low_gate","winter23-24","low"
"4136","2/29/2024","9:00","29.995","shrub","low_gate","winter23-24","low"
"4146","2/29/2024","15:00","31.816","shrub","low_gate","winter23-24","low"
"4156","2/29/2024","21:00","32.018","shrub","low_gate","winter23-24","low"
"4166","3/1/2024","3:00","32.018","shrub","low_gate","winter23-24","low"
"4176","3/1/2024","9:00","32.018","shrub","low_gate","winter23-24","low"
"4186","3/1/2024","15:00","32.018","shrub","low_gate","winter23-24","low"
"4196","3/1/2024","21:00","32.018","shrub","low_gate","winter23-24","low"
"4206","3/2/2024","3:00","32.018","shrub","low_gate","winter23-24","low"
"42111","3/2/2024","9:00","32.018","shrub","low_gate","winter23-24","low"
"4226","3/2/2024","15:00","32.018","shrub","low_gate","winter23-24","low"
"4236","3/2/2024","21:00","32.018","shrub","low_gate","winter23-24","low"
"4246","3/3/2024","3:00","31.816","shrub","low_gate","winter23-24","low"
"4256","3/3/2024","9:00","31.213","shrub","low_gate","winter23-24","low"
"4266","3/3/2024","15:00","31.617","shrub","low_gate","winter23-24","low"
"4276","3/3/2024","21:00","31.415","shrub","low_gate","winter23-24","low"
"4286","3/4/2024","3:00","31.012","shrub","low_gate","winter23-24","low"
"4296","3/4/2024","9:00","30.607","shrub","low_gate","winter23-24","low"
"4306","3/4/2024","15:00","31.012","shrub","low_gate","winter23-24","low"
"43111","3/4/2024","21:00","30.607","shrub","low_gate","winter23-24","low"
"4326","3/5/2024","3:00","29.995","shrub","low_gate","winter23-24","low"
"4336","3/5/2024","9:00","30.198","shrub","low_gate","winter23-24","low"
"4346","3/5/2024","15:00","30.808","shrub","low_gate","winter23-24","low"
"4356","3/5/2024","21:00","31.012","shrub","low_gate","winter23-24","low"
"4366","3/6/2024","3:00","31.012","shrub","low_gate","winter23-24","low"
"4376","3/6/2024","9:00","29.79","shrub","low_gate","winter23-24","low"
"4385","3/6/2024","15:00","30.808","shrub","low_gate","winter23-24","low"
"4395","3/6/2024","21:00","31.012","shrub","low_gate","winter23-24","low"
"4405","3/7/2024","3:00","30.808","shrub","low_gate","winter23-24","low"
"44110","3/7/2024","9:00","29.174","shrub","low_gate","winter23-24","low"
"4425","3/7/2024","15:00","30.607","shrub","low_gate","winter23-24","low"
"4435","3/7/2024","21:00","30.198","shrub","low_gate","winter23-24","low"
"4445","3/8/2024","3:00","27.93","shrub","low_gate","winter23-24","low"
"4455","3/8/2024","9:00","27.302","shrub","low_gate","winter23-24","low"
"4465","3/8/2024","15:00","29.995","shrub","low_gate","winter23-24","low"
"4475","3/8/2024","21:00","29.79","shrub","low_gate","winter23-24","low"
"4485","3/9/2024","3:00","26.881","shrub","low_gate","winter23-24","low"
"4495","3/9/2024","9:00","26.245","shrub","low_gate","winter23-24","low"
"4505","3/9/2024","15:00","30.808","shrub","low_gate","winter23-24","low"
"45110","3/9/2024","21:00","30.808","shrub","low_gate","winter23-24","low"
"4525","3/10/2024","3:00","27.93","shrub","low_gate","winter23-24","low"
"4535","3/10/2024","9:00","27.511","shrub","low_gate","winter23-24","low"
"4545","3/10/2024","15:00","31.213","shrub","low_gate","winter23-24","low"
"4555","3/10/2024","21:00","31.617","shrub","low_gate","winter23-24","low"
"4565","3/11/2024","3:00","30.198","shrub","low_gate","winter23-24","low"
"4575","3/11/2024","9:00","29.995","shrub","low_gate","winter23-24","low"
"4585","3/11/2024","15:00","31.617","shrub","low_gate","winter23-24","low"
"4595","3/11/2024","21:00","31.816","shrub","low_gate","winter23-24","low"
"4605","3/12/2024","3:00","31.816","shrub","low_gate","winter23-24","low"
"4619","3/12/2024","9:00","31.816","shrub","low_gate","winter23-24","low"
"4625","3/12/2024","15:00","32.018","shrub","low_gate","winter23-24","low"
"4635","3/12/2024","21:00","32.018","shrub","low_gate","winter23-24","low"
"4645","3/13/2024","3:00","32.018","shrub","low_gate","winter23-24","low"
"4655","3/13/2024","9:00","32.018","shrub","low_gate","winter23-24","low"
"4662","3/13/2024","15:00","32.018","shrub","low_gate","winter23-24","low"
"4672","3/13/2024","21:00","32.018","shrub","low_gate","winter23-24","low"
"4682","3/14/2024","3:00","31.012","shrub","low_gate","winter23-24","low"
"4691","3/14/2024","9:00","30.403","shrub","low_gate","winter23-24","low"
"4701","3/14/2024","15:00","31.816","shrub","low_gate","winter23-24","low"
"4711","3/14/2024","21:00","31.816","shrub","low_gate","winter23-24","low"
"4721","3/15/2024","3:00","30.198","shrub","low_gate","winter23-24","low"
"4731","3/15/2024","9:00","29.379","shrub","low_gate","winter23-24","low"
"4741","3/15/2024","15:00","31.617","shrub","low_gate","winter23-24","low"
"4751","3/15/2024","21:00","31.816","shrub","low_gate","winter23-24","low"
"4761","3/16/2024","3:00","31.617","shrub","low_gate","winter23-24","low"
"4771","3/16/2024","9:00","31.213","shrub","low_gate","winter23-24","low"
"4781","3/16/2024","15:00","32.018","shrub","low_gate","winter23-24","low"
"4791","3/16/2024","21:00","32.018","shrub","low_gate","winter23-24","low"
"480","3/17/2024","3:00","32.018","shrub","low_gate","winter23-24","low"
"4811","3/17/2024","9:00","32.018","shrub","low_gate","winter23-24","low"
"4821","3/17/2024","15:00","32.218","shrub","low_gate","winter23-24","low"
"4831","3/17/2024","21:00","32.218","shrub","low_gate","winter23-24","low"
"4841","3/18/2024","3:00","32.018","shrub","low_gate","winter23-24","low"
"4851","3/18/2024","9:00","32.218","shrub","low_gate","winter23-24","low"
"4861","3/18/2024","15:00","32.815","shrub","low_gate","winter23-24","low"
"487","3/18/2024","21:00","32.218","shrub","low_gate","winter23-24","low"
"488","3/19/2024","3:00","32.218","shrub","low_gate","winter23-24","low"
"489","3/19/2024","9:00","32.218","shrub","low_gate","winter23-24","low"
"490","3/19/2024","15:00","34.002","shrub","low_gate","winter23-24","low"
"4911","3/19/2024","21:00","32.218","shrub","low_gate","winter23-24","low"
"4921","3/20/2024","3:00","32.218","shrub","low_gate","winter23-24","low"
"4931","3/20/2024","9:00","32.218","shrub","low_gate","winter23-24","low"
"4941","3/20/2024","15:00","35.758","shrub","low_gate","winter23-24","low"
"4951","3/20/2024","21:00","32.418","shrub","low_gate","winter23-24","low"
"4961","3/21/2024","3:00","32.218","shrub","low_gate","winter23-24","low"
"497","3/21/2024","9:00","32.218","shrub","low_gate","winter23-24","low"
"498","3/21/2024","15:00","37.107","shrub","low_gate","winter23-24","low"
"499","3/21/2024","21:00","32.815","shrub","low_gate","winter23-24","low"
"500","3/22/2024","3:00","32.218","shrub","low_gate","winter23-24","low"
"5011","3/22/2024","9:00","32.218","shrub","low_gate","winter23-24","low"
"5021","3/22/2024","15:00","40.134","shrub","low_gate","winter23-24","low"
"5031","3/22/2024","21:00","34.59","shrub","low_gate","winter23-24","low"
"5041","3/23/2024","3:00","32.815","shrub","low_gate","winter23-24","low"
"5051","3/23/2024","9:00","33.213","shrub","low_gate","winter23-24","low"
"5061","3/23/2024","15:00","39.196","shrub","low_gate","winter23-24","low"
"507","3/23/2024","21:00","34.981","shrub","low_gate","winter23-24","low"
"508","3/24/2024","3:00","33.805","shrub","low_gate","winter23-24","low"
"509","3/24/2024","9:00","33.411","shrub","low_gate","winter23-24","low"
"5101","3/24/2024","15:00","38.061","shrub","low_gate","winter23-24","low"
"5112","3/24/2024","21:00","34.002","shrub","low_gate","winter23-24","low"
"5121","3/25/2024","3:00","32.815","shrub","low_gate","winter23-24","low"
"5131","3/25/2024","9:00","32.815","shrub","low_gate","winter23-24","low"
"5141","3/25/2024","15:00","39.007","shrub","low_gate","winter23-24","low"
"5151","3/25/2024","21:00","34.59","shrub","low_gate","winter23-24","low"
"5161","3/26/2024","3:00","33.013","shrub","low_gate","winter23-24","low"
"5171","3/26/2024","9:00","33.013","shrub","low_gate","winter23-24","low"
"5181","3/26/2024","15:00","37.679","shrub","low_gate","winter23-24","low"
"5191","3/26/2024","21:00","34.786","shrub","low_gate","winter23-24","low"
"5201","3/27/2024","3:00","33.607","shrub","low_gate","winter23-24","low"
"5211","3/27/2024","9:00","33.213","shrub","low_gate","winter23-24","low"
"5221","3/27/2024","15:00","40.134","shrub","low_gate","winter23-24","low"
"5231","3/27/2024","21:00","37.107","shrub","low_gate","winter23-24","low"
"5241","3/28/2024","3:00","36.145","shrub","low_gate","winter23-24","low"
"5251","3/28/2024","9:00","34.981","shrub","low_gate","winter23-24","low"
"5261","3/28/2024","15:00","36.531","shrub","low_gate","winter23-24","low"
"527","3/28/2024","21:00","34.59","shrub","low_gate","winter23-24","low"
"528","3/29/2024","3:00","33.411","shrub","low_gate","winter23-24","low"
"529","3/29/2024","9:00","33.213","shrub","low_gate","winter23-24","low"
"530","3/29/2024","15:00","39.76","shrub","low_gate","winter23-24","low"
"5311","3/29/2024","21:00","35.564","shrub","low_gate","winter23-24","low"
"5321","3/30/2024","3:00","33.607","shrub","low_gate","winter23-24","low"
"5331","3/30/2024","9:00","33.213","shrub","low_gate","winter23-24","low"
"5341","3/30/2024","15:00","41.254","shrub","low_gate","winter23-24","low"
"5351","3/30/2024","21:00","37.297","shrub","low_gate","winter23-24","low"
"5361","3/31/2024","3:00","35.564","shrub","low_gate","winter23-24","low"
"537","3/31/2024","9:00","36.531","shrub","low_gate","winter23-24","low"
"538","3/31/2024","15:00","40.509","shrub","low_gate","winter23-24","low"
"539","3/31/2024","21:00","37.297","shrub","low_gate","winter23-24","low"
"540","4/1/2024","3:00","34.981","shrub","low_gate","winter23-24","low"
"5411","4/1/2024","9:00","34.59","shrub","low_gate","winter23-24","low"
"5421","4/1/2024","15:00","41.439","shrub","low_gate","winter23-24","low"
"5431","4/1/2024","21:00","37.488","shrub","low_gate","winter23-24","low"
"5441","4/2/2024","3:00","34.786","shrub","low_gate","winter23-24","low"
"5451","4/2/2024","9:00","34.981","shrub","low_gate","winter23-24","low"
"5461","4/2/2024","15:00","47.088","shrub","low_gate","winter23-24","low"
"547","4/2/2024","21:00","41.439","shrub","low_gate","winter23-24","low"
"548","4/3/2024","3:00","37.679","shrub","low_gate","winter23-24","low"
"549","4/3/2024","9:00","39.947","shrub","low_gate","winter23-24","low"
"550","4/3/2024","15:00","48.339","shrub","low_gate","winter23-24","low"
"5511","4/3/2024","21:00","43.099","shrub","low_gate","winter23-24","low"
"5521","4/4/2024","3:00","40.321","shrub","low_gate","winter23-24","low"
"5531","4/4/2024","9:00","42.179","shrub","low_gate","winter23-24","low"
"5541","4/4/2024","15:00","50.466","shrub","low_gate","winter23-24","low"
"5551","4/4/2024","21:00","44.195","shrub","low_gate","winter23-24","low"
"5561","4/5/2024","3:00","40.321","shrub","low_gate","winter23-24","low"
"557","4/5/2024","9:00","43.099","shrub","low_gate","winter23-24","low"
"558","4/5/2024","15:00","45.286","shrub","low_gate","winter23-24","low"
"559","4/5/2024","21:00","40.321","shrub","low_gate","winter23-24","low"
"560","4/6/2024","3:00","38.061","shrub","low_gate","winter23-24","low"
"5611","4/6/2024","9:00","37.679","shrub","low_gate","winter23-24","low"
"5621","4/6/2024","15:00","43.648","shrub","low_gate","winter23-24","low"
"5631","4/6/2024","21:00","39.573","shrub","low_gate","winter23-24","low"
"5641","4/7/2024","3:00","36.723","shrub","low_gate","winter23-24","low"
"5651","4/7/2024","9:00","37.679","shrub","low_gate","winter23-24","low"
"5661","4/7/2024","15:00","47.088","shrub","low_gate","winter23-24","low"
"567","4/7/2024","21:00","40.881","shrub","low_gate","winter23-24","low"
"568","4/8/2024","3:00","36.914","shrub","low_gate","winter23-24","low"
"569","4/8/2024","9:00","36.914","shrub","low_gate","winter23-24","low"
"570","4/8/2024","15:00","45.286","shrub","low_gate","winter23-24","low"
"5711","4/8/2024","21:00","39.947","shrub","low_gate","winter23-24","low"
"5721","4/9/2024","3:00","36.723","shrub","low_gate","winter23-24","low"
"5731","4/9/2024","9:00","38.44","shrub","low_gate","winter23-24","low"
"5741","4/9/2024","15:00","46.548","shrub","low_gate","winter23-24","low"
"5751","4/9/2024","21:00","41.254","shrub","low_gate","winter23-24","low"
"5761","4/10/2024","3:00","37.679","shrub","low_gate","winter23-24","low"
"577","4/10/2024","9:00","40.134","shrub","low_gate","winter23-24","low"
"578","4/10/2024","15:00","49.582","shrub","low_gate","winter23-24","low"
"579","4/10/2024","21:00","42.915","shrub","low_gate","winter23-24","low"
"580","4/11/2024","3:00","38.818","shrub","low_gate","winter23-24","low"
"5811","4/11/2024","9:00","41.625","shrub","low_gate","winter23-24","low"
"5821","4/11/2024","15:00","50.643","shrub","low_gate","winter23-24","low"
"5831","4/11/2024","21:00","45.104","shrub","low_gate","winter23-24","low"
"5841","4/12/2024","3:00","41.067","shrub","low_gate","winter23-24","low"
"5851","4/12/2024","9:00","44.922","shrub","low_gate","winter23-24","low"
"5861","4/12/2024","15:00","51.172","shrub","low_gate","winter23-24","low"
"587","4/12/2024","21:00","46.908","shrub","low_gate","winter23-24","low"
"588","4/13/2024","3:00","43.099","shrub","low_gate","winter23-24","low"
"589","4/13/2024","9:00","46.728","shrub","low_gate","winter23-24","low"
"590","4/13/2024","15:00","54.842","shrub","low_gate","winter23-24","low"
"5911","4/13/2024","21:00","48.517","shrub","low_gate","winter23-24","low"
"5921","4/14/2024","3:00","44.013","shrub","low_gate","winter23-24","low"
"5931","4/14/2024","9:00","47.624","shrub","low_gate","winter23-24","low"
"5941","4/14/2024","15:00","54.669","shrub","low_gate","winter23-24","low"
"5951","4/14/2024","21:00","47.982","shrub","low_gate","winter23-24","low"
"5961","4/15/2024","3:00","45.648","shrub","low_gate","winter23-24","low"
"597","4/15/2024","9:00","45.648","shrub","low_gate","winter23-24","low"
"598","4/15/2024","15:00","50.466","shrub","low_gate","winter23-24","low"
"599","4/15/2024","21:00","47.088","shrub","low_gate","winter23-24","low"
"600","4/16/2024","3:00","42.732","shrub","low_gate","winter23-24","low"
"6011","4/16/2024","9:00","46.008","shrub","low_gate","winter23-24","low"
"6021","4/16/2024","15:00","50.113","shrub","low_gate","winter23-24","low"
"6031","4/16/2024","21:00","46.548","shrub","low_gate","winter23-24","low"
"6041","4/17/2024","3:00","43.466","shrub","low_gate","winter23-24","low"
"6051","4/17/2024","9:00","43.099","shrub","low_gate","winter23-24","low"
"6061","4/17/2024","15:00","45.828","shrub","low_gate","winter23-24","low"
"607","4/17/2024","21:00","40.509","shrub","low_gate","winter23-24","low"
"608","4/18/2024","3:00","36.338","shrub","low_gate","winter23-24","low"
"609","4/18/2024","9:00","38.44","shrub","low_gate","winter23-24","low"
"6101","4/18/2024","15:00","47.802","shrub","low_gate","winter23-24","low"
"6112","4/18/2024","21:00","40.881","shrub","low_gate","winter23-24","low"
"6121","4/19/2024","3:00","37.107","shrub","low_gate","winter23-24","low"
"6131","4/19/2024","9:00","39.384","shrub","low_gate","winter23-24","low"
"6141","4/19/2024","15:00","47.446","shrub","low_gate","winter23-24","low"
"6151","4/19/2024","21:00","41.254","shrub","low_gate","winter23-24","low"
"6161","4/20/2024","3:00","37.87","shrub","low_gate","winter23-24","low"
"6171","4/20/2024","9:00","40.696","shrub","low_gate","winter23-24","low"
"6181","4/20/2024","15:00","51.172","shrub","low_gate","winter23-24","low"
"6191","4/20/2024","21:00","44.195","shrub","low_gate","winter23-24","low"
"6201","4/21/2024","3:00","40.509","shrub","low_gate","winter23-24","low"
"6211","4/21/2024","9:00","44.195","shrub","low_gate","winter23-24","low"
"6221","4/21/2024","15:00","53.973","shrub","low_gate","winter23-24","low"
"6231","4/21/2024","21:00","47.088","shrub","low_gate","winter23-24","low"
"6241","4/22/2024","3:00","43.099","shrub","low_gate","winter23-24","low"
"6251","4/22/2024","9:00","46.369","shrub","low_gate","winter23-24","low"
"6261","4/22/2024","15:00","54.669","shrub","low_gate","winter23-24","low"
"627","4/22/2024","21:00","46.908","shrub","low_gate","winter23-24","low"
"628","4/23/2024","3:00","42.363","shrub","low_gate","winter23-24","low"
"629","4/23/2024","9:00","45.828","shrub","low_gate","winter23-24","low"
"630","4/23/2024","15:00","55.884","shrub","low_gate","winter23-24","low"
"6311","4/23/2024","21:00","48.16","shrub","low_gate","winter23-24","low"
"6321","4/24/2024","3:00","44.195","shrub","low_gate","winter23-24","low"
"6331","4/24/2024","9:00","49.228","shrub","low_gate","winter23-24","low"
"6341","4/24/2024","15:00","83.043","shrub","low_gate","winter23-24","low"
"2130","11/18/2023","15:00","37.87","shrub","high_north","winter23-24","high"
"3128","11/18/2023","21:00","34.198","shrub","high_north","winter23-24","high"
"4107","11/19/2023","3:00","34.59","shrub","high_north","winter23-24","high"
"5102","11/19/2023","9:00","35.758","shrub","high_north","winter23-24","high"
"639","11/19/2023","15:00","37.87","shrub","high_north","winter23-24","high"
"729","11/19/2023","21:00","34.981","shrub","high_north","winter23-24","high"
"829","11/20/2023","3:00","33.411","shrub","high_north","winter23-24","high"
"929","11/20/2023","9:00","32.617","shrub","high_north","winter23-24","high"
"1029","11/20/2023","15:00","33.213","shrub","high_north","winter23-24","high"
"1129","11/20/2023","21:00","32.418","shrub","high_north","winter23-24","high"
"1229","11/21/2023","3:00","31.617","shrub","high_north","winter23-24","high"
"1329","11/21/2023","9:00","31.617","shrub","high_north","winter23-24","high"
"1429","11/21/2023","15:00","32.418","shrub","high_north","winter23-24","high"
"1529","11/21/2023","21:00","31.816","shrub","high_north","winter23-24","high"
"1629","11/22/2023","3:00","31.012","shrub","high_north","winter23-24","high"
"1729","11/22/2023","9:00","31.012","shrub","high_north","winter23-24","high"
"1829","11/22/2023","15:00","32.218","shrub","high_north","winter23-24","high"
"1929","11/22/2023","21:00","32.218","shrub","high_north","winter23-24","high"
"2029","11/23/2023","3:00","32.218","shrub","high_north","winter23-24","high"
"2138","11/23/2023","9:00","32.018","shrub","high_north","winter23-24","high"
"2229","11/23/2023","15:00","32.418","shrub","high_north","winter23-24","high"
"2329","11/23/2023","21:00","32.418","shrub","high_north","winter23-24","high"
"2429","11/24/2023","3:00","32.218","shrub","high_north","winter23-24","high"
"2529","11/24/2023","9:00","32.018","shrub","high_north","winter23-24","high"
"2629","11/24/2023","15:00","32.218","shrub","high_north","winter23-24","high"
"2729","11/24/2023","21:00","31.213","shrub","high_north","winter23-24","high"
"2829","11/25/2023","3:00","30.607","shrub","high_north","winter23-24","high"
"2927","11/25/2023","9:00","29.79","shrub","high_north","winter23-24","high"
"3027","11/25/2023","15:00","31.415","shrub","high_north","winter23-24","high"
"3129","11/25/2023","21:00","29.995","shrub","high_north","winter23-24","high"
"3227","11/26/2023","3:00","29.995","shrub","high_north","winter23-24","high"
"3327","11/26/2023","9:00","29.995","shrub","high_north","winter23-24","high"
"3427","11/26/2023","15:00","30.808","shrub","high_north","winter23-24","high"
"3527","11/26/2023","21:00","30.198","shrub","high_north","winter23-24","high"
"3627","11/27/2023","3:00","29.79","shrub","high_north","winter23-24","high"
"3727","11/27/2023","9:00","29.79","shrub","high_north","winter23-24","high"
"3827","11/27/2023","15:00","31.617","shrub","high_north","winter23-24","high"
"3927","11/27/2023","21:00","28.762","shrub","high_north","winter23-24","high"
"4027","11/28/2023","3:00","27.511","shrub","high_north","winter23-24","high"
"4127","11/28/2023","9:00","27.091","shrub","high_north","winter23-24","high"
"4227","11/28/2023","15:00","30.607","shrub","high_north","winter23-24","high"
"4327","11/28/2023","21:00","28.139","shrub","high_north","winter23-24","high"
"4426","11/29/2023","3:00","26.668","shrub","high_north","winter23-24","high"
"4526","11/29/2023","9:00","26.458","shrub","high_north","winter23-24","high"
"4620","11/29/2023","15:00","30.198","shrub","high_north","winter23-24","high"
"4712","11/29/2023","21:00","27.511","shrub","high_north","winter23-24","high"
"4812","11/30/2023","3:00","26.881","shrub","high_north","winter23-24","high"
"4912","11/30/2023","9:00","25.605","shrub","high_north","winter23-24","high"
"5012","11/30/2023","15:00","30.198","shrub","high_north","winter23-24","high"
"5113","11/30/2023","21:00","28.346","shrub","high_north","winter23-24","high"
"5212","12/1/2023","3:00","28.139","shrub","high_north","winter23-24","high"
"5312","12/1/2023","9:00","27.302","shrub","high_north","winter23-24","high"
"5412","12/1/2023","15:00","29.586","shrub","high_north","winter23-24","high"
"5512","12/1/2023","21:00","29.79","shrub","high_north","winter23-24","high"
"5612","12/2/2023","3:00","29.79","shrub","high_north","winter23-24","high"
"5712","12/2/2023","9:00","29.586","shrub","high_north","winter23-24","high"
"5812","12/2/2023","15:00","30.198","shrub","high_north","winter23-24","high"
"5912","12/2/2023","21:00","30.198","shrub","high_north","winter23-24","high"
"6012","12/3/2023","3:00","28.969","shrub","high_north","winter23-24","high"
"6113","12/3/2023","9:00","28.762","shrub","high_north","winter23-24","high"
"6212","12/3/2023","15:00","30.403","shrub","high_north","winter23-24","high"
"6310","12/3/2023","21:00","30.607","shrub","high_north","winter23-24","high"
"648","12/4/2023","3:00","30.607","shrub","high_north","winter23-24","high"
"658","12/4/2023","9:00","30.808","shrub","high_north","winter23-24","high"
"668","12/4/2023","15:00","31.415","shrub","high_north","winter23-24","high"
"678","12/4/2023","21:00","31.617","shrub","high_north","winter23-24","high"
"688","12/5/2023","3:00","31.816","shrub","high_north","winter23-24","high"
"698","12/5/2023","9:00","31.816","shrub","high_north","winter23-24","high"
"708","12/5/2023","15:00","32.018","shrub","high_north","winter23-24","high"
"7112","12/5/2023","21:00","32.018","shrub","high_north","winter23-24","high"
"7210","12/6/2023","3:00","32.218","shrub","high_north","winter23-24","high"
"738","12/6/2023","9:00","32.218","shrub","high_north","winter23-24","high"
"748","12/6/2023","15:00","32.218","shrub","high_north","winter23-24","high"
"758","12/6/2023","21:00","32.218","shrub","high_north","winter23-24","high"
"768","12/7/2023","3:00","32.218","shrub","high_north","winter23-24","high"
"778","12/7/2023","9:00","32.218","shrub","high_north","winter23-24","high"
"788","12/7/2023","15:00","32.218","shrub","high_north","winter23-24","high"
"798","12/7/2023","21:00","31.816","shrub","high_north","winter23-24","high"
"808","12/8/2023","3:00","31.816","shrub","high_north","winter23-24","high"
"8112","12/8/2023","9:00","31.415","shrub","high_north","winter23-24","high"
"8210","12/8/2023","15:00","31.213","shrub","high_north","winter23-24","high"
"838","12/8/2023","21:00","30.403","shrub","high_north","winter23-24","high"
"848","12/9/2023","3:00","29.174","shrub","high_north","winter23-24","high"
"858","12/9/2023","9:00","28.139","shrub","high_north","winter23-24","high"
"868","12/9/2023","15:00","29.379","shrub","high_north","winter23-24","high"
"878","12/9/2023","21:00","29.379","shrub","high_north","winter23-24","high"
"888","12/10/2023","3:00","29.174","shrub","high_north","winter23-24","high"
"898","12/10/2023","9:00","29.379","shrub","high_north","winter23-24","high"
"908","12/10/2023","15:00","30.403","shrub","high_north","winter23-24","high"
"9112","12/10/2023","21:00","30.607","shrub","high_north","winter23-24","high"
"9210","12/11/2023","3:00","30.607","shrub","high_north","winter23-24","high"
"938","12/11/2023","9:00","30.808","shrub","high_north","winter23-24","high"
"948","12/11/2023","15:00","31.213","shrub","high_north","winter23-24","high"
"958","12/11/2023","21:00","31.213","shrub","high_north","winter23-24","high"
"968","12/12/2023","3:00","30.808","shrub","high_north","winter23-24","high"
"978","12/12/2023","9:00","30.198","shrub","high_north","winter23-24","high"
"988","12/12/2023","15:00","31.012","shrub","high_north","winter23-24","high"
"998","12/12/2023","21:00","30.403","shrub","high_north","winter23-24","high"
"1008","12/13/2023","3:00","29.586","shrub","high_north","winter23-24","high"
"10112","12/13/2023","9:00","28.969","shrub","high_north","winter23-24","high"
"10210","12/13/2023","15:00","30.403","shrub","high_north","winter23-24","high"
"1038","12/13/2023","21:00","30.198","shrub","high_north","winter23-24","high"
"1048","12/14/2023","3:00","29.379","shrub","high_north","winter23-24","high"
"1058","12/14/2023","9:00","28.346","shrub","high_north","winter23-24","high"
"1068","12/14/2023","15:00","30.198","shrub","high_north","winter23-24","high"
"1078","12/14/2023","21:00","29.586","shrub","high_north","winter23-24","high"
"1088","12/15/2023","3:00","28.555","shrub","high_north","winter23-24","high"
"1098","12/15/2023","9:00","28.139","shrub","high_north","winter23-24","high"
"1108","12/15/2023","15:00","30.198","shrub","high_north","winter23-24","high"
"11112","12/15/2023","21:00","29.79","shrub","high_north","winter23-24","high"
"11210","12/16/2023","3:00","28.969","shrub","high_north","winter23-24","high"
"1138","12/16/2023","9:00","28.139","shrub","high_north","winter23-24","high"
"1148","12/16/2023","15:00","30.403","shrub","high_north","winter23-24","high"
"1158","12/16/2023","21:00","29.379","shrub","high_north","winter23-24","high"
"1168","12/17/2023","3:00","28.139","shrub","high_north","winter23-24","high"
"1178","12/17/2023","9:00","27.302","shrub","high_north","winter23-24","high"
"1188","12/17/2023","15:00","30.198","shrub","high_north","winter23-24","high"
"1198","12/17/2023","21:00","29.174","shrub","high_north","winter23-24","high"
"1208","12/18/2023","3:00","27.721","shrub","high_north","winter23-24","high"
"12112","12/18/2023","9:00","27.721","shrub","high_north","winter23-24","high"
"12210","12/18/2023","15:00","30.403","shrub","high_north","winter23-24","high"
"1238","12/18/2023","21:00","30.198","shrub","high_north","winter23-24","high"
"1248","12/19/2023","3:00","29.586","shrub","high_north","winter23-24","high"
"1258","12/19/2023","9:00","29.995","shrub","high_north","winter23-24","high"
"1268","12/19/2023","15:00","31.415","shrub","high_north","winter23-24","high"
"1278","12/19/2023","21:00","31.415","shrub","high_north","winter23-24","high"
"1288","12/20/2023","3:00","30.403","shrub","high_north","winter23-24","high"
"1298","12/20/2023","9:00","30.808","shrub","high_north","winter23-24","high"
"1308","12/20/2023","15:00","31.816","shrub","high_north","winter23-24","high"
"13112","12/20/2023","21:00","32.218","shrub","high_north","winter23-24","high"
"13210","12/21/2023","3:00","31.213","shrub","high_north","winter23-24","high"
"1338","12/21/2023","9:00","31.213","shrub","high_north","winter23-24","high"
"1348","12/21/2023","15:00","32.018","shrub","high_north","winter23-24","high"
"1358","12/21/2023","21:00","32.418","shrub","high_north","winter23-24","high"
"1368","12/22/2023","3:00","32.418","shrub","high_north","winter23-24","high"
"1378","12/22/2023","9:00","32.418","shrub","high_north","winter23-24","high"
"1388","12/22/2023","15:00","32.418","shrub","high_north","winter23-24","high"
"1398","12/22/2023","21:00","32.418","shrub","high_north","winter23-24","high"
"1408","12/23/2023","3:00","32.418","shrub","high_north","winter23-24","high"
"14112","12/23/2023","9:00","32.418","shrub","high_north","winter23-24","high"
"14210","12/23/2023","15:00","32.418","shrub","high_north","winter23-24","high"
"1438","12/23/2023","21:00","32.218","shrub","high_north","winter23-24","high"
"1448","12/24/2023","3:00","31.816","shrub","high_north","winter23-24","high"
"1458","12/24/2023","9:00","30.808","shrub","high_north","winter23-24","high"
"1468","12/24/2023","15:00","31.213","shrub","high_north","winter23-24","high"
"1478","12/24/2023","21:00","30.198","shrub","high_north","winter23-24","high"
"1488","12/25/2023","3:00","28.969","shrub","high_north","winter23-24","high"
"1498","12/25/2023","9:00","28.969","shrub","high_north","winter23-24","high"
"1508","12/25/2023","15:00","29.586","shrub","high_north","winter23-24","high"
"15112","12/25/2023","21:00","27.93","shrub","high_north","winter23-24","high"
"15210","12/26/2023","3:00","26.668","shrub","high_north","winter23-24","high"
"1538","12/26/2023","9:00","26.031","shrub","high_north","winter23-24","high"
"1548","12/26/2023","15:00","28.346","shrub","high_north","winter23-24","high"
"1558","12/26/2023","21:00","28.139","shrub","high_north","winter23-24","high"
"1568","12/27/2023","3:00","28.139","shrub","high_north","winter23-24","high"
"1578","12/27/2023","9:00","28.346","shrub","high_north","winter23-24","high"
"1588","12/27/2023","15:00","29.379","shrub","high_north","winter23-24","high"
"1598","12/27/2023","21:00","28.555","shrub","high_north","winter23-24","high"
"1608","12/28/2023","3:00","28.555","shrub","high_north","winter23-24","high"
"16112","12/28/2023","9:00","28.555","shrub","high_north","winter23-24","high"
"16210","12/28/2023","15:00","30.198","shrub","high_north","winter23-24","high"
"1638","12/28/2023","21:00","29.379","shrub","high_north","winter23-24","high"
"1648","12/29/2023","3:00","28.555","shrub","high_north","winter23-24","high"
"1658","12/29/2023","9:00","28.346","shrub","high_north","winter23-24","high"
"1668","12/29/2023","15:00","30.607","shrub","high_north","winter23-24","high"
"1678","12/29/2023","21:00","30.607","shrub","high_north","winter23-24","high"
"1688","12/30/2023","3:00","29.174","shrub","high_north","winter23-24","high"
"1698","12/30/2023","9:00","28.762","shrub","high_north","winter23-24","high"
"1708","12/30/2023","15:00","30.808","shrub","high_north","winter23-24","high"
"17112","12/30/2023","21:00","30.808","shrub","high_north","winter23-24","high"
"17210","12/31/2023","3:00","29.586","shrub","high_north","winter23-24","high"
"1738","12/31/2023","9:00","28.969","shrub","high_north","winter23-24","high"
"1748","12/31/2023","15:00","31.012","shrub","high_north","winter23-24","high"
"1758","12/31/2023","21:00","29.379","shrub","high_north","winter23-24","high"
"1768","1/1/2024","3:00","27.721","shrub","high_north","winter23-24","high"
"1778","1/1/2024","9:00","26.668","shrub","high_north","winter23-24","high"
"1788","1/1/2024","15:00","30.808","shrub","high_north","winter23-24","high"
"1798","1/1/2024","21:00","28.762","shrub","high_north","winter23-24","high"
"1808","1/2/2024","3:00","26.668","shrub","high_north","winter23-24","high"
"18112","1/2/2024","9:00","26.458","shrub","high_north","winter23-24","high"
"18210","1/2/2024","15:00","30.403","shrub","high_north","winter23-24","high"
"1838","1/2/2024","21:00","28.139","shrub","high_north","winter23-24","high"
"1848","1/3/2024","3:00","26.245","shrub","high_north","winter23-24","high"
"1858","1/3/2024","9:00","25.605","shrub","high_north","winter23-24","high"
"1868","1/3/2024","15:00","29.174","shrub","high_north","winter23-24","high"
"1878","1/3/2024","21:00","28.346","shrub","high_north","winter23-24","high"
"1888","1/4/2024","3:00","28.555","shrub","high_north","winter23-24","high"
"1898","1/4/2024","9:00","28.346","shrub","high_north","winter23-24","high"
"1908","1/4/2024","15:00","30.607","shrub","high_north","winter23-24","high"
"19112","1/4/2024","21:00","29.995","shrub","high_north","winter23-24","high"
"19210","1/5/2024","3:00","29.379","shrub","high_north","winter23-24","high"
"1938","1/5/2024","9:00","29.174","shrub","high_north","winter23-24","high"
"1948","1/5/2024","15:00","30.403","shrub","high_north","winter23-24","high"
"1958","1/5/2024","21:00","27.721","shrub","high_north","winter23-24","high"
"1968","1/6/2024","3:00","25.605","shrub","high_north","winter23-24","high"
"1978","1/6/2024","9:00","26.245","shrub","high_north","winter23-24","high"
"1988","1/6/2024","15:00","28.139","shrub","high_north","winter23-24","high"
"1998","1/6/2024","21:00","27.93","shrub","high_north","winter23-24","high"
"2008","1/7/2024","3:00","28.346","shrub","high_north","winter23-24","high"
"20112","1/7/2024","9:00","28.346","shrub","high_north","winter23-24","high"
"20210","1/7/2024","15:00","28.555","shrub","high_north","winter23-24","high"
"2038","1/7/2024","21:00","27.93","shrub","high_north","winter23-24","high"
"2048","1/8/2024","3:00","26.668","shrub","high_north","winter23-24","high"
"2058","1/8/2024","9:00","25.605","shrub","high_north","winter23-24","high"
"2068","1/8/2024","15:00","27.302","shrub","high_north","winter23-24","high"
"2078","1/8/2024","21:00","27.511","shrub","high_north","winter23-24","high"
"2088","1/9/2024","3:00","27.511","shrub","high_north","winter23-24","high"
"2098","1/9/2024","9:00","27.721","shrub","high_north","winter23-24","high"
"21012","1/9/2024","15:00","27.93","shrub","high_north","winter23-24","high"
"21112","1/9/2024","21:00","28.346","shrub","high_north","winter23-24","high"
"21211","1/10/2024","3:00","28.555","shrub","high_north","winter23-24","high"
"2139","1/10/2024","9:00","28.555","shrub","high_north","winter23-24","high"
"2148","1/10/2024","15:00","28.762","shrub","high_north","winter23-24","high"
"2158","1/10/2024","21:00","28.555","shrub","high_north","winter23-24","high"
"2168","1/11/2024","3:00","28.139","shrub","high_north","winter23-24","high"
"2178","1/11/2024","9:00","27.93","shrub","high_north","winter23-24","high"
"2188","1/11/2024","15:00","28.555","shrub","high_north","winter23-24","high"
"2198","1/11/2024","21:00","28.555","shrub","high_north","winter23-24","high"
"2208","1/12/2024","3:00","28.139","shrub","high_north","winter23-24","high"
"22112","1/12/2024","9:00","27.511","shrub","high_north","winter23-24","high"
"22210","1/12/2024","15:00","27.091","shrub","high_north","winter23-24","high"
"2238","1/12/2024","21:00","25.605","shrub","high_north","winter23-24","high"
"2248","1/13/2024","3:00","23.655","shrub","high_north","winter23-24","high"
"2258","1/13/2024","9:00","23.436","shrub","high_north","winter23-24","high"
"2268","1/13/2024","15:00","24.744","shrub","high_north","winter23-24","high"
"2278","1/13/2024","21:00","25.605","shrub","high_north","winter23-24","high"
"2288","1/14/2024","3:00","26.245","shrub","high_north","winter23-24","high"
"2298","1/14/2024","9:00","26.031","shrub","high_north","winter23-24","high"
"2308","1/14/2024","15:00","26.458","shrub","high_north","winter23-24","high"
"23112","1/14/2024","21:00","26.881","shrub","high_north","winter23-24","high"
"23210","1/15/2024","3:00","26.458","shrub","high_north","winter23-24","high"
"2338","1/15/2024","9:00","24.744","shrub","high_north","winter23-24","high"
"2348","1/15/2024","15:00","25.39","shrub","high_north","winter23-24","high"
"2358","1/15/2024","21:00","25.39","shrub","high_north","winter23-24","high"
"2368","1/16/2024","3:00","24.96","shrub","high_north","winter23-24","high"
"2378","1/16/2024","9:00","25.174","shrub","high_north","winter23-24","high"
"2388","1/16/2024","15:00","25.819","shrub","high_north","winter23-24","high"
"2398","1/16/2024","21:00","26.031","shrub","high_north","winter23-24","high"
"2408","1/17/2024","3:00","26.245","shrub","high_north","winter23-24","high"
"24112","1/17/2024","9:00","26.668","shrub","high_north","winter23-24","high"
"24210","1/17/2024","15:00","27.302","shrub","high_north","winter23-24","high"
"2438","1/17/2024","21:00","27.511","shrub","high_north","winter23-24","high"
"2448","1/18/2024","3:00","27.721","shrub","high_north","winter23-24","high"
"2458","1/18/2024","9:00","27.721","shrub","high_north","winter23-24","high"
"2468","1/18/2024","15:00","27.93","shrub","high_north","winter23-24","high"
"2478","1/18/2024","21:00","28.346","shrub","high_north","winter23-24","high"
"2488","1/19/2024","3:00","28.346","shrub","high_north","winter23-24","high"
"2498","1/19/2024","9:00","28.555","shrub","high_north","winter23-24","high"
"2508","1/19/2024","15:00","28.969","shrub","high_north","winter23-24","high"
"25112","1/19/2024","21:00","29.174","shrub","high_north","winter23-24","high"
"25210","1/20/2024","3:00","29.379","shrub","high_north","winter23-24","high"
"2538","1/20/2024","9:00","29.379","shrub","high_north","winter23-24","high"
"2548","1/20/2024","15:00","29.995","shrub","high_north","winter23-24","high"
"2558","1/20/2024","21:00","30.403","shrub","high_north","winter23-24","high"
"2568","1/21/2024","3:00","30.607","shrub","high_north","winter23-24","high"
"2578","1/21/2024","9:00","30.607","shrub","high_north","winter23-24","high"
"2588","1/21/2024","15:00","30.808","shrub","high_north","winter23-24","high"
"2598","1/21/2024","21:00","30.808","shrub","high_north","winter23-24","high"
"2608","1/22/2024","3:00","31.012","shrub","high_north","winter23-24","high"
"26112","1/22/2024","9:00","31.012","shrub","high_north","winter23-24","high"
"26210","1/22/2024","15:00","31.213","shrub","high_north","winter23-24","high"
"2638","1/22/2024","21:00","31.213","shrub","high_north","winter23-24","high"
"2648","1/23/2024","3:00","31.213","shrub","high_north","winter23-24","high"
"2658","1/23/2024","9:00","31.213","shrub","high_north","winter23-24","high"
"2668","1/23/2024","15:00","31.415","shrub","high_north","winter23-24","high"
"2678","1/23/2024","21:00","31.816","shrub","high_north","winter23-24","high"
"2688","1/24/2024","3:00","32.018","shrub","high_north","winter23-24","high"
"2698","1/24/2024","9:00","32.018","shrub","high_north","winter23-24","high"
"2708","1/24/2024","15:00","31.816","shrub","high_north","winter23-24","high"
"27112","1/24/2024","21:00","31.816","shrub","high_north","winter23-24","high"
"27210","1/25/2024","3:00","31.816","shrub","high_north","winter23-24","high"
"2738","1/25/2024","9:00","31.816","shrub","high_north","winter23-24","high"
"2748","1/25/2024","15:00","31.816","shrub","high_north","winter23-24","high"
"2758","1/25/2024","21:00","31.816","shrub","high_north","winter23-24","high"
"2768","1/26/2024","3:00","31.816","shrub","high_north","winter23-24","high"
"2778","1/26/2024","9:00","31.415","shrub","high_north","winter23-24","high"
"2788","1/26/2024","15:00","31.213","shrub","high_north","winter23-24","high"
"2798","1/26/2024","21:00","31.213","shrub","high_north","winter23-24","high"
"2808","1/27/2024","3:00","31.213","shrub","high_north","winter23-24","high"
"28112","1/27/2024","9:00","31.012","shrub","high_north","winter23-24","high"
"28210","1/27/2024","15:00","31.213","shrub","high_north","winter23-24","high"
"2838","1/27/2024","21:00","31.213","shrub","high_north","winter23-24","high"
"2848","1/28/2024","3:00","31.213","shrub","high_north","winter23-24","high"
"2858","1/28/2024","9:00","31.213","shrub","high_north","winter23-24","high"
"2867","1/28/2024","15:00","31.415","shrub","high_north","winter23-24","high"
"2877","1/28/2024","21:00","31.816","shrub","high_north","winter23-24","high"
"2887","1/29/2024","3:00","32.018","shrub","high_north","winter23-24","high"
"2897","1/29/2024","9:00","32.018","shrub","high_north","winter23-24","high"
"2907","1/29/2024","15:00","32.018","shrub","high_north","winter23-24","high"
"29112","1/29/2024","21:00","32.018","shrub","high_north","winter23-24","high"
"2928","1/30/2024","3:00","32.218","shrub","high_north","winter23-24","high"
"2937","1/30/2024","9:00","32.218","shrub","high_north","winter23-24","high"
"2947","1/30/2024","15:00","32.218","shrub","high_north","winter23-24","high"
"2957","1/30/2024","21:00","32.218","shrub","high_north","winter23-24","high"
"2967","1/31/2024","3:00","32.218","shrub","high_north","winter23-24","high"
"2977","1/31/2024","9:00","32.018","shrub","high_north","winter23-24","high"
"2987","1/31/2024","15:00","32.218","shrub","high_north","winter23-24","high"
"2997","1/31/2024","21:00","32.218","shrub","high_north","winter23-24","high"
"3007","2/1/2024","3:00","32.018","shrub","high_north","winter23-24","high"
"30112","2/1/2024","9:00","31.816","shrub","high_north","winter23-24","high"
"3028","2/1/2024","15:00","32.218","shrub","high_north","winter23-24","high"
"3037","2/1/2024","21:00","32.218","shrub","high_north","winter23-24","high"
"3047","2/2/2024","3:00","32.218","shrub","high_north","winter23-24","high"
"3057","2/2/2024","9:00","32.218","shrub","high_north","winter23-24","high"
"3067","2/2/2024","15:00","32.218","shrub","high_north","winter23-24","high"
"3077","2/2/2024","21:00","32.218","shrub","high_north","winter23-24","high"
"3087","2/3/2024","3:00","32.218","shrub","high_north","winter23-24","high"
"3097","2/3/2024","9:00","32.218","shrub","high_north","winter23-24","high"
"31012","2/3/2024","15:00","32.218","shrub","high_north","winter23-24","high"
"31112","2/3/2024","21:00","32.218","shrub","high_north","winter23-24","high"
"31210","2/4/2024","3:00","32.218","shrub","high_north","winter23-24","high"
"3137","2/4/2024","9:00","32.218","shrub","high_north","winter23-24","high"
"3147","2/4/2024","15:00","32.218","shrub","high_north","winter23-24","high"
"3157","2/4/2024","21:00","32.218","shrub","high_north","winter23-24","high"
"3167","2/5/2024","3:00","32.218","shrub","high_north","winter23-24","high"
"3177","2/5/2024","9:00","32.218","shrub","high_north","winter23-24","high"
"3187","2/5/2024","15:00","32.218","shrub","high_north","winter23-24","high"
"3197","2/5/2024","21:00","32.218","shrub","high_north","winter23-24","high"
"3207","2/6/2024","3:00","32.218","shrub","high_north","winter23-24","high"
"32112","2/6/2024","9:00","32.218","shrub","high_north","winter23-24","high"
"3228","2/6/2024","15:00","32.218","shrub","high_north","winter23-24","high"
"3237","2/6/2024","21:00","32.218","shrub","high_north","winter23-24","high"
"3247","2/7/2024","3:00","32.218","shrub","high_north","winter23-24","high"
"3257","2/7/2024","9:00","32.218","shrub","high_north","winter23-24","high"
"3267","2/7/2024","15:00","32.218","shrub","high_north","winter23-24","high"
"3277","2/7/2024","21:00","32.218","shrub","high_north","winter23-24","high"
"3287","2/8/2024","3:00","32.218","shrub","high_north","winter23-24","high"
"3297","2/8/2024","9:00","32.218","shrub","high_north","winter23-24","high"
"3307","2/8/2024","15:00","32.218","shrub","high_north","winter23-24","high"
"33112","2/8/2024","21:00","32.218","shrub","high_north","winter23-24","high"
"3328","2/9/2024","3:00","32.218","shrub","high_north","winter23-24","high"
"3337","2/9/2024","9:00","32.218","shrub","high_north","winter23-24","high"
"3347","2/9/2024","15:00","32.218","shrub","high_north","winter23-24","high"
"3357","2/9/2024","21:00","32.218","shrub","high_north","winter23-24","high"
"3367","2/10/2024","3:00","32.218","shrub","high_north","winter23-24","high"
"3377","2/10/2024","9:00","32.218","shrub","high_north","winter23-24","high"
"3387","2/10/2024","15:00","32.218","shrub","high_north","winter23-24","high"
"3397","2/10/2024","21:00","32.218","shrub","high_north","winter23-24","high"
"3407","2/11/2024","3:00","32.218","shrub","high_north","winter23-24","high"
"34112","2/11/2024","9:00","32.218","shrub","high_north","winter23-24","high"
"3428","2/11/2024","15:00","32.218","shrub","high_north","winter23-24","high"
"3437","2/11/2024","21:00","32.018","shrub","high_north","winter23-24","high"
"3447","2/12/2024","3:00","32.018","shrub","high_north","winter23-24","high"
"3457","2/12/2024","9:00","32.018","shrub","high_north","winter23-24","high"
"3467","2/12/2024","15:00","32.018","shrub","high_north","winter23-24","high"
"3477","2/12/2024","21:00","32.018","shrub","high_north","winter23-24","high"
"3487","2/13/2024","3:00","32.018","shrub","high_north","winter23-24","high"
"3497","2/13/2024","9:00","32.018","shrub","high_north","winter23-24","high"
"3507","2/13/2024","15:00","32.018","shrub","high_north","winter23-24","high"
"35112","2/13/2024","21:00","31.816","shrub","high_north","winter23-24","high"
"3528","2/14/2024","3:00","31.816","shrub","high_north","winter23-24","high"
"3537","2/14/2024","9:00","31.816","shrub","high_north","winter23-24","high"
"3547","2/14/2024","15:00","31.816","shrub","high_north","winter23-24","high"
"3557","2/14/2024","21:00","31.816","shrub","high_north","winter23-24","high"
"3567","2/15/2024","3:00","31.816","shrub","high_north","winter23-24","high"
"3577","2/15/2024","9:00","31.816","shrub","high_north","winter23-24","high"
"3587","2/15/2024","15:00","31.816","shrub","high_north","winter23-24","high"
"3597","2/15/2024","21:00","32.018","shrub","high_north","winter23-24","high"
"3607","2/16/2024","3:00","32.018","shrub","high_north","winter23-24","high"
"36112","2/16/2024","9:00","32.018","shrub","high_north","winter23-24","high"
"3628","2/16/2024","15:00","31.617","shrub","high_north","winter23-24","high"
"3637","2/16/2024","21:00","31.415","shrub","high_north","winter23-24","high"
"3647","2/17/2024","3:00","31.213","shrub","high_north","winter23-24","high"
"3657","2/17/2024","9:00","31.012","shrub","high_north","winter23-24","high"
"3667","2/17/2024","15:00","31.012","shrub","high_north","winter23-24","high"
"3677","2/17/2024","21:00","31.012","shrub","high_north","winter23-24","high"
"3687","2/18/2024","3:00","31.012","shrub","high_north","winter23-24","high"
"3697","2/18/2024","9:00","31.012","shrub","high_north","winter23-24","high"
"3707","2/18/2024","15:00","31.213","shrub","high_north","winter23-24","high"
"37112","2/18/2024","21:00","31.415","shrub","high_north","winter23-24","high"
"3728","2/19/2024","3:00","31.617","shrub","high_north","winter23-24","high"
"3737","2/19/2024","9:00","31.617","shrub","high_north","winter23-24","high"
"3747","2/19/2024","15:00","31.617","shrub","high_north","winter23-24","high"
"3757","2/19/2024","21:00","31.816","shrub","high_north","winter23-24","high"
"3767","2/20/2024","3:00","31.816","shrub","high_north","winter23-24","high"
"3777","2/20/2024","9:00","31.816","shrub","high_north","winter23-24","high"
"3787","2/20/2024","15:00","31.816","shrub","high_north","winter23-24","high"
"3797","2/20/2024","21:00","32.018","shrub","high_north","winter23-24","high"
"3807","2/21/2024","3:00","32.018","shrub","high_north","winter23-24","high"
"38112","2/21/2024","9:00","32.018","shrub","high_north","winter23-24","high"
"3828","2/21/2024","15:00","32.018","shrub","high_north","winter23-24","high"
"3837","2/21/2024","21:00","32.018","shrub","high_north","winter23-24","high"
"3847","2/22/2024","3:00","32.018","shrub","high_north","winter23-24","high"
"3857","2/22/2024","9:00","32.018","shrub","high_north","winter23-24","high"
"3867","2/22/2024","15:00","32.018","shrub","high_north","winter23-24","high"
"3877","2/22/2024","21:00","32.018","shrub","high_north","winter23-24","high"
"3887","2/23/2024","3:00","32.018","shrub","high_north","winter23-24","high"
"3897","2/23/2024","9:00","31.816","shrub","high_north","winter23-24","high"
"3907","2/23/2024","15:00","31.816","shrub","high_north","winter23-24","high"
"39112","2/23/2024","21:00","31.816","shrub","high_north","winter23-24","high"
"3928","2/24/2024","3:00","31.617","shrub","high_north","winter23-24","high"
"3937","2/24/2024","9:00","31.617","shrub","high_north","winter23-24","high"
"3947","2/24/2024","15:00","31.617","shrub","high_north","winter23-24","high"
"3957","2/24/2024","21:00","31.816","shrub","high_north","winter23-24","high"
"3967","2/25/2024","3:00","31.816","shrub","high_north","winter23-24","high"
"3977","2/25/2024","9:00","31.816","shrub","high_north","winter23-24","high"
"3987","2/25/2024","15:00","31.816","shrub","high_north","winter23-24","high"
"3997","2/25/2024","21:00","31.816","shrub","high_north","winter23-24","high"
"4007","2/26/2024","3:00","32.018","shrub","high_north","winter23-24","high"
"40112","2/26/2024","9:00","32.018","shrub","high_north","winter23-24","high"
"4028","2/26/2024","15:00","32.018","shrub","high_north","winter23-24","high"
"4037","2/26/2024","21:00","32.018","shrub","high_north","winter23-24","high"
"4047","2/27/2024","3:00","31.816","shrub","high_north","winter23-24","high"
"4057","2/27/2024","9:00","31.617","shrub","high_north","winter23-24","high"
"4067","2/27/2024","15:00","31.415","shrub","high_north","winter23-24","high"
"4077","2/27/2024","21:00","31.415","shrub","high_north","winter23-24","high"
"4087","2/28/2024","3:00","31.213","shrub","high_north","winter23-24","high"
"4097","2/28/2024","9:00","31.012","shrub","high_north","winter23-24","high"
"4108","2/28/2024","15:00","31.012","shrub","high_north","winter23-24","high"
"41112","2/28/2024","21:00","31.213","shrub","high_north","winter23-24","high"
"4128","2/29/2024","3:00","31.213","shrub","high_north","winter23-24","high"
"4137","2/29/2024","9:00","31.213","shrub","high_north","winter23-24","high"
"4147","2/29/2024","15:00","31.213","shrub","high_north","winter23-24","high"
"4157","2/29/2024","21:00","31.415","shrub","high_north","winter23-24","high"
"4167","3/1/2024","3:00","31.617","shrub","high_north","winter23-24","high"
"4177","3/1/2024","9:00","31.617","shrub","high_north","winter23-24","high"
"4187","3/1/2024","15:00","31.617","shrub","high_north","winter23-24","high"
"4197","3/1/2024","21:00","31.816","shrub","high_north","winter23-24","high"
"4207","3/2/2024","3:00","31.816","shrub","high_north","winter23-24","high"
"42112","3/2/2024","9:00","31.816","shrub","high_north","winter23-24","high"
"4228","3/2/2024","15:00","31.816","shrub","high_north","winter23-24","high"
"4237","3/2/2024","21:00","32.018","shrub","high_north","winter23-24","high"
"4247","3/3/2024","3:00","32.018","shrub","high_north","winter23-24","high"
"4257","3/3/2024","9:00","32.018","shrub","high_north","winter23-24","high"
"4267","3/3/2024","15:00","31.816","shrub","high_north","winter23-24","high"
"4277","3/3/2024","21:00","31.816","shrub","high_north","winter23-24","high"
"4287","3/4/2024","3:00","31.816","shrub","high_north","winter23-24","high"
"4297","3/4/2024","9:00","31.816","shrub","high_north","winter23-24","high"
"4307","3/4/2024","15:00","31.816","shrub","high_north","winter23-24","high"
"43112","3/4/2024","21:00","31.816","shrub","high_north","winter23-24","high"
"4328","3/5/2024","3:00","31.816","shrub","high_north","winter23-24","high"
"4337","3/5/2024","9:00","31.816","shrub","high_north","winter23-24","high"
"4347","3/5/2024","15:00","31.816","shrub","high_north","winter23-24","high"
"4357","3/5/2024","21:00","31.816","shrub","high_north","winter23-24","high"
"4367","3/6/2024","3:00","31.816","shrub","high_north","winter23-24","high"
"4377","3/6/2024","9:00","31.816","shrub","high_north","winter23-24","high"
"4386","3/6/2024","15:00","31.816","shrub","high_north","winter23-24","high"
"4396","3/6/2024","21:00","31.816","shrub","high_north","winter23-24","high"
"4406","3/7/2024","3:00","31.816","shrub","high_north","winter23-24","high"
"44111","3/7/2024","9:00","31.816","shrub","high_north","winter23-24","high"
"4427","3/7/2024","15:00","31.816","shrub","high_north","winter23-24","high"
"4436","3/7/2024","21:00","32.018","shrub","high_north","winter23-24","high"
"4446","3/8/2024","3:00","31.816","shrub","high_north","winter23-24","high"
"4456","3/8/2024","9:00","31.816","shrub","high_north","winter23-24","high"
"4466","3/8/2024","15:00","31.816","shrub","high_north","winter23-24","high"
"4476","3/8/2024","21:00","31.816","shrub","high_north","winter23-24","high"
"4486","3/9/2024","3:00","31.816","shrub","high_north","winter23-24","high"
"4496","3/9/2024","9:00","31.816","shrub","high_north","winter23-24","high"
"4506","3/9/2024","15:00","31.816","shrub","high_north","winter23-24","high"
"45111","3/9/2024","21:00","31.816","shrub","high_north","winter23-24","high"
"4527","3/10/2024","3:00","31.816","shrub","high_north","winter23-24","high"
"4536","3/10/2024","9:00","31.816","shrub","high_north","winter23-24","high"
"4546","3/10/2024","15:00","31.816","shrub","high_north","winter23-24","high"
"4556","3/10/2024","21:00","31.816","shrub","high_north","winter23-24","high"
"4566","3/11/2024","3:00","31.816","shrub","high_north","winter23-24","high"
"4576","3/11/2024","9:00","31.816","shrub","high_north","winter23-24","high"
"4586","3/11/2024","15:00","31.816","shrub","high_north","winter23-24","high"
"4596","3/11/2024","21:00","31.816","shrub","high_north","winter23-24","high"
"4606","3/12/2024","3:00","32.018","shrub","high_north","winter23-24","high"
"46110","3/12/2024","9:00","32.018","shrub","high_north","winter23-24","high"
"4626","3/12/2024","15:00","32.018","shrub","high_north","winter23-24","high"
"4636","3/12/2024","21:00","32.018","shrub","high_north","winter23-24","high"
"4646","3/13/2024","3:00","32.018","shrub","high_north","winter23-24","high"
"4656","3/13/2024","9:00","32.018","shrub","high_north","winter23-24","high"
"4663","3/13/2024","15:00","32.018","shrub","high_north","winter23-24","high"
"4673","3/13/2024","21:00","32.018","shrub","high_north","winter23-24","high"
"4683","3/14/2024","3:00","32.018","shrub","high_north","winter23-24","high"
"4692","3/14/2024","9:00","32.218","shrub","high_north","winter23-24","high"
"4702","3/14/2024","15:00","32.018","shrub","high_north","winter23-24","high"
"4713","3/14/2024","21:00","32.218","shrub","high_north","winter23-24","high"
"4722","3/15/2024","3:00","32.218","shrub","high_north","winter23-24","high"
"4732","3/15/2024","9:00","32.218","shrub","high_north","winter23-24","high"
"4742","3/15/2024","15:00","32.018","shrub","high_north","winter23-24","high"
"4752","3/15/2024","21:00","32.018","shrub","high_north","winter23-24","high"
"4762","3/16/2024","3:00","32.018","shrub","high_north","winter23-24","high"
"4772","3/16/2024","9:00","32.018","shrub","high_north","winter23-24","high"
"4782","3/16/2024","15:00","32.018","shrub","high_north","winter23-24","high"
"4792","3/16/2024","21:00","32.218","shrub","high_north","winter23-24","high"
"4801","3/17/2024","3:00","32.218","shrub","high_north","winter23-24","high"
"4813","3/17/2024","9:00","32.218","shrub","high_north","winter23-24","high"
"4822","3/17/2024","15:00","32.218","shrub","high_north","winter23-24","high"
"4832","3/17/2024","21:00","32.218","shrub","high_north","winter23-24","high"
"4842","3/18/2024","3:00","32.218","shrub","high_north","winter23-24","high"
"4852","3/18/2024","9:00","32.218","shrub","high_north","winter23-24","high"
"4862","3/18/2024","15:00","32.218","shrub","high_north","winter23-24","high"
"4871","3/18/2024","21:00","32.218","shrub","high_north","winter23-24","high"
"4881","3/19/2024","3:00","32.218","shrub","high_north","winter23-24","high"
"4891","3/19/2024","9:00","32.218","shrub","high_north","winter23-24","high"
"4901","3/19/2024","15:00","32.218","shrub","high_north","winter23-24","high"
"4913","3/19/2024","21:00","32.218","shrub","high_north","winter23-24","high"
"4922","3/20/2024","3:00","32.218","shrub","high_north","winter23-24","high"
"4932","3/20/2024","9:00","32.218","shrub","high_north","winter23-24","high"
"4942","3/20/2024","15:00","32.218","shrub","high_north","winter23-24","high"
"4952","3/20/2024","21:00","32.218","shrub","high_north","winter23-24","high"
"4962","3/21/2024","3:00","32.218","shrub","high_north","winter23-24","high"
"4971","3/21/2024","9:00","32.218","shrub","high_north","winter23-24","high"
"4981","3/21/2024","15:00","32.218","shrub","high_north","winter23-24","high"
"4991","3/21/2024","21:00","32.218","shrub","high_north","winter23-24","high"
"5001","3/22/2024","3:00","32.218","shrub","high_north","winter23-24","high"
"5013","3/22/2024","9:00","32.418","shrub","high_north","winter23-24","high"
"5022","3/22/2024","15:00","32.418","shrub","high_north","winter23-24","high"
"5032","3/22/2024","21:00","32.418","shrub","high_north","winter23-24","high"
"5042","3/23/2024","3:00","32.418","shrub","high_north","winter23-24","high"
"5052","3/23/2024","9:00","32.418","shrub","high_north","winter23-24","high"
"5062","3/23/2024","15:00","32.418","shrub","high_north","winter23-24","high"
"5071","3/23/2024","21:00","32.218","shrub","high_north","winter23-24","high"
"5081","3/24/2024","3:00","32.418","shrub","high_north","winter23-24","high"
"5091","3/24/2024","9:00","32.418","shrub","high_north","winter23-24","high"
"5103","3/24/2024","15:00","32.418","shrub","high_north","winter23-24","high"
"5114","3/24/2024","21:00","32.218","shrub","high_north","winter23-24","high"
"5122","3/25/2024","3:00","32.418","shrub","high_north","winter23-24","high"
"5132","3/25/2024","9:00","32.418","shrub","high_north","winter23-24","high"
"5142","3/25/2024","15:00","32.418","shrub","high_north","winter23-24","high"
"5152","3/25/2024","21:00","32.418","shrub","high_north","winter23-24","high"
"5162","3/26/2024","3:00","32.218","shrub","high_north","winter23-24","high"
"5172","3/26/2024","9:00","32.218","shrub","high_north","winter23-24","high"
"5182","3/26/2024","15:00","32.418","shrub","high_north","winter23-24","high"
"5192","3/26/2024","21:00","32.218","shrub","high_north","winter23-24","high"
"5202","3/27/2024","3:00","32.418","shrub","high_north","winter23-24","high"
"5213","3/27/2024","9:00","32.218","shrub","high_north","winter23-24","high"
"5222","3/27/2024","15:00","32.218","shrub","high_north","winter23-24","high"
"5232","3/27/2024","21:00","32.418","shrub","high_north","winter23-24","high"
"5242","3/28/2024","3:00","32.418","shrub","high_north","winter23-24","high"
"5252","3/28/2024","9:00","32.418","shrub","high_north","winter23-24","high"
"5262","3/28/2024","15:00","32.418","shrub","high_north","winter23-24","high"
"5271","3/28/2024","21:00","32.418","shrub","high_north","winter23-24","high"
"5281","3/29/2024","3:00","32.418","shrub","high_north","winter23-24","high"
"5291","3/29/2024","9:00","32.418","shrub","high_north","winter23-24","high"
"5301","3/29/2024","15:00","32.418","shrub","high_north","winter23-24","high"
"5313","3/29/2024","21:00","32.418","shrub","high_north","winter23-24","high"
"5322","3/30/2024","3:00","32.418","shrub","high_north","winter23-24","high"
"5332","3/30/2024","9:00","32.418","shrub","high_north","winter23-24","high"
"5342","3/30/2024","15:00","32.218","shrub","high_north","winter23-24","high"
"5352","3/30/2024","21:00","32.418","shrub","high_north","winter23-24","high"
"5362","3/31/2024","3:00","32.418","shrub","high_north","winter23-24","high"
"5371","3/31/2024","9:00","32.418","shrub","high_north","winter23-24","high"
"5381","3/31/2024","15:00","32.418","shrub","high_north","winter23-24","high"
"5391","3/31/2024","21:00","32.418","shrub","high_north","winter23-24","high"
"5401","4/1/2024","3:00","32.418","shrub","high_north","winter23-24","high"
"5413","4/1/2024","9:00","32.418","shrub","high_north","winter23-24","high"
"5422","4/1/2024","15:00","32.418","shrub","high_north","winter23-24","high"
"5432","4/1/2024","21:00","32.418","shrub","high_north","winter23-24","high"
"5442","4/2/2024","3:00","32.418","shrub","high_north","winter23-24","high"
"5452","4/2/2024","9:00","32.418","shrub","high_north","winter23-24","high"
"5462","4/2/2024","15:00","32.418","shrub","high_north","winter23-24","high"
"5471","4/2/2024","21:00","32.418","shrub","high_north","winter23-24","high"
"5481","4/3/2024","3:00","32.418","shrub","high_north","winter23-24","high"
"5491","4/3/2024","9:00","32.418","shrub","high_north","winter23-24","high"
"5501","4/3/2024","15:00","32.418","shrub","high_north","winter23-24","high"
"5513","4/3/2024","21:00","32.418","shrub","high_north","winter23-24","high"
"5522","4/4/2024","3:00","32.418","shrub","high_north","winter23-24","high"
"5532","4/4/2024","9:00","32.418","shrub","high_north","winter23-24","high"
"5542","4/4/2024","15:00","36.723","shrub","high_north","winter23-24","high"
"5552","4/4/2024","21:00","32.617","shrub","high_north","winter23-24","high"
"5562","4/5/2024","3:00","32.418","shrub","high_north","winter23-24","high"
"5571","4/5/2024","9:00","32.617","shrub","high_north","winter23-24","high"
"5581","4/5/2024","15:00","34.59","shrub","high_north","winter23-24","high"
"5591","4/5/2024","21:00","32.617","shrub","high_north","winter23-24","high"
"5601","4/6/2024","3:00","32.418","shrub","high_north","winter23-24","high"
"5613","4/6/2024","9:00","32.418","shrub","high_north","winter23-24","high"
"5622","4/6/2024","15:00","35.175","shrub","high_north","winter23-24","high"
"5632","4/6/2024","21:00","33.013","shrub","high_north","winter23-24","high"
"5642","4/7/2024","3:00","32.418","shrub","high_north","winter23-24","high"
"5652","4/7/2024","9:00","32.418","shrub","high_north","winter23-24","high"
"5662","4/7/2024","15:00","39.384","shrub","high_north","winter23-24","high"
"5671","4/7/2024","21:00","34.786","shrub","high_north","winter23-24","high"
"5681","4/8/2024","3:00","33.013","shrub","high_north","winter23-24","high"
"5691","4/8/2024","9:00","32.617","shrub","high_north","winter23-24","high"
"5701","4/8/2024","15:00","40.134","shrub","high_north","winter23-24","high"
"5713","4/8/2024","21:00","36.914","shrub","high_north","winter23-24","high"
"5722","4/9/2024","3:00","33.411","shrub","high_north","winter23-24","high"
"5732","4/9/2024","9:00","33.013","shrub","high_north","winter23-24","high"
"5742","4/9/2024","15:00","46.369","shrub","high_north","winter23-24","high"
"5752","4/9/2024","21:00","39.007","shrub","high_north","winter23-24","high"
"5762","4/10/2024","3:00","34.394","shrub","high_north","winter23-24","high"
"5771","4/10/2024","9:00","33.607","shrub","high_north","winter23-24","high"
"5781","4/10/2024","15:00","46.188","shrub","high_north","winter23-24","high"
"5791","4/10/2024","21:00","40.509","shrub","high_north","winter23-24","high"
"5801","4/11/2024","3:00","35.37","shrub","high_north","winter23-24","high"
"5813","4/11/2024","9:00","34.198","shrub","high_north","winter23-24","high"
"5822","4/11/2024","15:00","46.548","shrub","high_north","winter23-24","high"
"5832","4/11/2024","21:00","40.881","shrub","high_north","winter23-24","high"
"5842","4/12/2024","3:00","36.723","shrub","high_north","winter23-24","high"
"5852","4/12/2024","9:00","37.679","shrub","high_north","winter23-24","high"
"5862","4/12/2024","15:00","47.802","shrub","high_north","winter23-24","high"
"5871","4/12/2024","21:00","44.922","shrub","high_north","winter23-24","high"
"5881","4/13/2024","3:00","40.509","shrub","high_north","winter23-24","high"
"5891","4/13/2024","9:00","40.509","shrub","high_north","winter23-24","high"
"5901","4/13/2024","15:00","54.322","shrub","high_north","winter23-24","high"
"5913","4/13/2024","21:00","47.802","shrub","high_north","winter23-24","high"
"5922","4/14/2024","3:00","41.439","shrub","high_north","winter23-24","high"
"5932","4/14/2024","9:00","41.254","shrub","high_north","winter23-24","high"
"5942","4/14/2024","15:00","55.537","shrub","high_north","winter23-24","high"
"5952","4/14/2024","21:00","47.802","shrub","high_north","winter23-24","high"
"5962","4/15/2024","3:00","44.013","shrub","high_north","winter23-24","high"
"5971","4/15/2024","9:00","43.831","shrub","high_north","winter23-24","high"
"5981","4/15/2024","15:00","52.75","shrub","high_north","winter23-24","high"
"5991","4/15/2024","21:00","46.369","shrub","high_north","winter23-24","high"
"6001","4/16/2024","3:00","41.254","shrub","high_north","winter23-24","high"
"6013","4/16/2024","9:00","40.881","shrub","high_north","winter23-24","high"
"6022","4/16/2024","15:00","49.759","shrub","high_north","winter23-24","high"
"6032","4/16/2024","21:00","44.742","shrub","high_north","winter23-24","high"
"6042","4/17/2024","3:00","40.881","shrub","high_north","winter23-24","high"
"6052","4/17/2024","9:00","38.818","shrub","high_north","winter23-24","high"
"6062","4/17/2024","15:00","46.369","shrub","high_north","winter23-24","high"
"6071","4/17/2024","21:00","39.007","shrub","high_north","winter23-24","high"
"6081","4/18/2024","3:00","35.37","shrub","high_north","winter23-24","high"
"6091","4/18/2024","9:00","34.394","shrub","high_north","winter23-24","high"
"6102","4/18/2024","15:00","44.922","shrub","high_north","winter23-24","high"
"6114","4/18/2024","21:00","38.818","shrub","high_north","winter23-24","high"
"6122","4/19/2024","3:00","35.175","shrub","high_north","winter23-24","high"
"6132","4/19/2024","9:00","34.198","shrub","high_north","winter23-24","high"
"6142","4/19/2024","15:00","46.369","shrub","high_north","winter23-24","high"
"6152","4/19/2024","21:00","39.76","shrub","high_north","winter23-24","high"
"6162","4/20/2024","3:00","35.564","shrub","high_north","winter23-24","high"
"6172","4/20/2024","9:00","34.59","shrub","high_north","winter23-24","high"
"6182","4/20/2024","15:00","49.759","shrub","high_north","winter23-24","high"
"6192","4/20/2024","21:00","44.379","shrub","high_north","winter23-24","high"
"6202","4/21/2024","3:00","38.25","shrub","high_north","winter23-24","high"
"6213","4/21/2024","9:00","39.76","shrub","high_north","winter23-24","high"
"6222","4/21/2024","15:00","49.937","shrub","high_north","winter23-24","high"
"6232","4/21/2024","21:00","44.56","shrub","high_north","winter23-24","high"
"6242","4/22/2024","3:00","39.384","shrub","high_north","winter23-24","high"
"6252","4/22/2024","9:00","38.061","shrub","high_north","winter23-24","high"
"6262","4/22/2024","15:00","52.925","shrub","high_north","winter23-24","high"
"6271","4/22/2024","21:00","46.548","shrub","high_north","winter23-24","high"
"6281","4/23/2024","3:00","39.384","shrub","high_north","winter23-24","high"
"6291","4/23/2024","9:00","39.76","shrub","high_north","winter23-24","high"
"6301","4/23/2024","15:00","56.23","shrub","high_north","winter23-24","high"
"6312","4/23/2024","21:00","47.624","shrub","high_north","winter23-24","high"
"6322","4/24/2024","3:00","41.625","shrub","high_north","winter23-24","high"
"6332","4/24/2024","9:00","43.099","shrub","high_north","winter23-24","high"
"6342","4/24/2024","15:00","58.476","shrub","high_north","winter23-24","high"
"6351","4/24/2024","21:00","51.523","shrub","high_north","winter23-24","high"
"6361","4/25/2024","3:00","46.728","shrub","high_north","winter23-24","high"
"6371","4/25/2024","9:00","47.088","shrub","high_north","winter23-24","high"
"6381","4/25/2024","15:00","61.398","shrub","high_north","winter23-24","high"
"2140","11/18/2023","15:00","35.758","shrub","low_north","winter23-24","low"
"3130","11/18/2023","21:00","32.418","shrub","low_north","winter23-24","low"
"4109","11/19/2023","3:00","33.213","shrub","low_north","winter23-24","low"
"5104","11/19/2023","9:00","35.175","shrub","low_north","winter23-24","low"
"640","11/19/2023","15:00","38.25","shrub","low_north","winter23-24","low"
"730","11/19/2023","21:00","35.175","shrub","low_north","winter23-24","low"
"830","11/20/2023","3:00","33.213","shrub","low_north","winter23-24","low"
"930","11/20/2023","9:00","31.816","shrub","low_north","winter23-24","low"
"1030","11/20/2023","15:00","32.617","shrub","low_north","winter23-24","low"
"1130","11/20/2023","21:00","30.808","shrub","low_north","winter23-24","low"
"1230","11/21/2023","3:00","28.969","shrub","low_north","winter23-24","low"
"1330","11/21/2023","9:00","30.198","shrub","low_north","winter23-24","low"
"1430","11/21/2023","15:00","31.816","shrub","low_north","winter23-24","low"
"1530","11/21/2023","21:00","29.174","shrub","low_north","winter23-24","low"
"1630","11/22/2023","3:00","27.721","shrub","low_north","winter23-24","low"
"1730","11/22/2023","9:00","27.511","shrub","low_north","winter23-24","low"
"1830","11/22/2023","15:00","31.415","shrub","low_north","winter23-24","low"
"1930","11/22/2023","21:00","31.816","shrub","low_north","winter23-24","low"
"2030","11/23/2023","3:00","31.213","shrub","low_north","winter23-24","low"
"2149","11/23/2023","9:00","31.213","shrub","low_north","winter23-24","low"
"2230","11/23/2023","15:00","32.018","shrub","low_north","winter23-24","low"
"2330","11/23/2023","21:00","32.018","shrub","low_north","winter23-24","low"
"2430","11/24/2023","3:00","31.415","shrub","low_north","winter23-24","low"
"2530","11/24/2023","9:00","30.607","shrub","low_north","winter23-24","low"
"2630","11/24/2023","15:00","31.213","shrub","low_north","winter23-24","low"
"2730","11/24/2023","21:00","29.174","shrub","low_north","winter23-24","low"
"2830","11/25/2023","3:00","27.721","shrub","low_north","winter23-24","low"
"2929","11/25/2023","9:00","26.668","shrub","low_north","winter23-24","low"
"3029","11/25/2023","15:00","28.762","shrub","low_north","winter23-24","low"
"3138","11/25/2023","21:00","26.031","shrub","low_north","winter23-24","low"
"3229","11/26/2023","3:00","26.881","shrub","low_north","winter23-24","low"
"3329","11/26/2023","9:00","26.668","shrub","low_north","winter23-24","low"
"3429","11/26/2023","15:00","27.721","shrub","low_north","winter23-24","low"
"3529","11/26/2023","21:00","26.881","shrub","low_north","winter23-24","low"
"3629","11/27/2023","3:00","26.668","shrub","low_north","winter23-24","low"
"3729","11/27/2023","9:00","26.458","shrub","low_north","winter23-24","low"
"3829","11/27/2023","15:00","29.174","shrub","low_north","winter23-24","low"
"3929","11/27/2023","21:00","24.526","shrub","low_north","winter23-24","low"
"4029","11/28/2023","3:00","22.552","shrub","low_north","winter23-24","low"
"4129","11/28/2023","9:00","21.884","shrub","low_north","winter23-24","low"
"4229","11/28/2023","15:00","26.668","shrub","low_north","winter23-24","low"
"4329","11/28/2023","21:00","22.775","shrub","low_north","winter23-24","low"
"4428","11/29/2023","3:00","20.757","shrub","low_north","winter23-24","low"
"4528","11/29/2023","9:00","20.984","shrub","low_north","winter23-24","low"
"4627","11/29/2023","15:00","25.819","shrub","low_north","winter23-24","low"
"4714","11/29/2023","21:00","21.434","shrub","low_north","winter23-24","low"
"4814","11/30/2023","3:00","20.984","shrub","low_north","winter23-24","low"
"4914","11/30/2023","9:00","19.612","shrub","low_north","winter23-24","low"
"5014","11/30/2023","15:00","26.245","shrub","low_north","winter23-24","low"
"5115","11/30/2023","21:00","23.875","shrub","low_north","winter23-24","low"
"5214","12/1/2023","3:00","23.436","shrub","low_north","winter23-24","low"
"5314","12/1/2023","9:00","22.995","shrub","low_north","winter23-24","low"
"5414","12/1/2023","15:00","26.245","shrub","low_north","winter23-24","low"
"5514","12/1/2023","21:00","25.819","shrub","low_north","winter23-24","low"
"5614","12/2/2023","3:00","25.39","shrub","low_north","winter23-24","low"
"5714","12/2/2023","9:00","25.605","shrub","low_north","winter23-24","low"
"5814","12/2/2023","15:00","26.668","shrub","low_north","winter23-24","low"
"5914","12/2/2023","21:00","26.668","shrub","low_north","winter23-24","low"
"6014","12/3/2023","3:00","23.436","shrub","low_north","winter23-24","low"
"6115","12/3/2023","9:00","24.31","shrub","low_north","winter23-24","low"
"6214","12/3/2023","15:00","27.93","shrub","low_north","winter23-24","low"
"6313","12/3/2023","21:00","27.93","shrub","low_north","winter23-24","low"
"649","12/4/2023","3:00","27.721","shrub","low_north","winter23-24","low"
"659","12/4/2023","9:00","28.555","shrub","low_north","winter23-24","low"
"669","12/4/2023","15:00","30.403","shrub","low_north","winter23-24","low"
"679","12/4/2023","21:00","30.808","shrub","low_north","winter23-24","low"
"689","12/5/2023","3:00","31.012","shrub","low_north","winter23-24","low"
"699","12/5/2023","9:00","31.213","shrub","low_north","winter23-24","low"
"709","12/5/2023","15:00","31.816","shrub","low_north","winter23-24","low"
"7113","12/5/2023","21:00","31.816","shrub","low_north","winter23-24","low"
"7211","12/6/2023","3:00","31.816","shrub","low_north","winter23-24","low"
"739","12/6/2023","9:00","31.213","shrub","low_north","winter23-24","low"
"749","12/6/2023","15:00","32.018","shrub","low_north","winter23-24","low"
"759","12/6/2023","21:00","31.816","shrub","low_north","winter23-24","low"
"769","12/7/2023","3:00","31.816","shrub","low_north","winter23-24","low"
"779","12/7/2023","9:00","31.816","shrub","low_north","winter23-24","low"
"789","12/7/2023","15:00","32.018","shrub","low_north","winter23-24","low"
"799","12/7/2023","21:00","31.213","shrub","low_north","winter23-24","low"
"809","12/8/2023","3:00","30.808","shrub","low_north","winter23-24","low"
"8113","12/8/2023","9:00","30.198","shrub","low_north","winter23-24","low"
"8211","12/8/2023","15:00","31.213","shrub","low_north","winter23-24","low"
"839","12/8/2023","21:00","28.346","shrub","low_north","winter23-24","low"
"849","12/9/2023","3:00","25.605","shrub","low_north","winter23-24","low"
"859","12/9/2023","9:00","23.216","shrub","low_north","winter23-24","low"
"869","12/9/2023","15:00","27.091","shrub","low_north","winter23-24","low"
"879","12/9/2023","21:00","25.819","shrub","low_north","winter23-24","low"
"889","12/10/2023","3:00","25.605","shrub","low_north","winter23-24","low"
"899","12/10/2023","9:00","26.031","shrub","low_north","winter23-24","low"
"909","12/10/2023","15:00","28.346","shrub","low_north","winter23-24","low"
"9113","12/10/2023","21:00","28.139","shrub","low_north","winter23-24","low"
"9211","12/11/2023","3:00","28.139","shrub","low_north","winter23-24","low"
"939","12/11/2023","9:00","28.555","shrub","low_north","winter23-24","low"
"949","12/11/2023","15:00","30.607","shrub","low_north","winter23-24","low"
"959","12/11/2023","21:00","30.198","shrub","low_north","winter23-24","low"
"969","12/12/2023","3:00","28.346","shrub","low_north","winter23-24","low"
"979","12/12/2023","9:00","27.93","shrub","low_north","winter23-24","low"
"989","12/12/2023","15:00","29.79","shrub","low_north","winter23-24","low"
"999","12/12/2023","21:00","27.721","shrub","low_north","winter23-24","low"
"1009","12/13/2023","3:00","25.39","shrub","low_north","winter23-24","low"
"10113","12/13/2023","9:00","24.093","shrub","low_north","winter23-24","low"
"10211","12/13/2023","15:00","28.346","shrub","low_north","winter23-24","low"
"1039","12/13/2023","21:00","25.605","shrub","low_north","winter23-24","low"
"1049","12/14/2023","3:00","22.995","shrub","low_north","winter23-24","low"
"1059","12/14/2023","9:00","21.209","shrub","low_north","winter23-24","low"
"1069","12/14/2023","15:00","25.605","shrub","low_north","winter23-24","low"
"1079","12/14/2023","21:00","21.659","shrub","low_north","winter23-24","low"
"1089","12/15/2023","3:00","19.612","shrub","low_north","winter23-24","low"
"1099","12/15/2023","9:00","20.073","shrub","low_north","winter23-24","low"
"1109","12/15/2023","15:00","25.819","shrub","low_north","winter23-24","low"
"11113","12/15/2023","21:00","22.552","shrub","low_north","winter23-24","low"
"11211","12/16/2023","3:00","20.984","shrub","low_north","winter23-24","low"
"1139","12/16/2023","9:00","20.529","shrub","low_north","winter23-24","low"
"1149","12/16/2023","15:00","27.091","shrub","low_north","winter23-24","low"
"1159","12/16/2023","21:00","22.552","shrub","low_north","winter23-24","low"
"1169","12/17/2023","3:00","20.757","shrub","low_north","winter23-24","low"
"1179","12/17/2023","9:00","19.612","shrub","low_north","winter23-24","low"
"1189","12/17/2023","15:00","24.96","shrub","low_north","winter23-24","low"
"1199","12/17/2023","21:00","21.434","shrub","low_north","winter23-24","low"
"1209","12/18/2023","3:00","20.073","shrub","low_north","winter23-24","low"
"12113","12/18/2023","9:00","21.434","shrub","low_north","winter23-24","low"
"12211","12/18/2023","15:00","28.139","shrub","low_north","winter23-24","low"
"1239","12/18/2023","21:00","26.668","shrub","low_north","winter23-24","low"
"1249","12/19/2023","3:00","24.744","shrub","low_north","winter23-24","low"
"1259","12/19/2023","9:00","27.091","shrub","low_north","winter23-24","low"
"1269","12/19/2023","15:00","30.403","shrub","low_north","winter23-24","low"
"1279","12/19/2023","21:00","27.721","shrub","low_north","winter23-24","low"
"1289","12/20/2023","3:00","28.139","shrub","low_north","winter23-24","low"
"1299","12/20/2023","9:00","29.379","shrub","low_north","winter23-24","low"
"1309","12/20/2023","15:00","31.415","shrub","low_north","winter23-24","low"
"13113","12/20/2023","21:00","30.808","shrub","low_north","winter23-24","low"
"13211","12/21/2023","3:00","27.721","shrub","low_north","winter23-24","low"
"1339","12/21/2023","9:00","28.555","shrub","low_north","winter23-24","low"
"1349","12/21/2023","15:00","31.415","shrub","low_north","winter23-24","low"
"1359","12/21/2023","21:00","31.617","shrub","low_north","winter23-24","low"
"1369","12/22/2023","3:00","29.586","shrub","low_north","winter23-24","low"
"1379","12/22/2023","9:00","30.198","shrub","low_north","winter23-24","low"
"1389","12/22/2023","15:00","31.816","shrub","low_north","winter23-24","low"
"1399","12/22/2023","21:00","31.816","shrub","low_north","winter23-24","low"
"1409","12/23/2023","3:00","31.816","shrub","low_north","winter23-24","low"
"14113","12/23/2023","9:00","31.816","shrub","low_north","winter23-24","low"
"14211","12/23/2023","15:00","31.617","shrub","low_north","winter23-24","low"
"1439","12/23/2023","21:00","28.969","shrub","low_north","winter23-24","low"
"1449","12/24/2023","3:00","25.39","shrub","low_north","winter23-24","low"
"1459","12/24/2023","9:00","22.552","shrub","low_north","winter23-24","low"
"1469","12/24/2023","15:00","24.31","shrub","low_north","winter23-24","low"
"1479","12/24/2023","21:00","20.073","shrub","low_north","winter23-24","low"
"1489","12/25/2023","3:00","19.382","shrub","low_north","winter23-24","low"
"1499","12/25/2023","9:00","20.757","shrub","low_north","winter23-24","low"
"1509","12/25/2023","15:00","22.775","shrub","low_north","winter23-24","low"
"15113","12/25/2023","21:00","17.51","shrub","low_north","winter23-24","low"
"15211","12/26/2023","3:00","14.362","shrub","low_north","winter23-24","low"
"1539","12/26/2023","9:00","15.589","shrub","low_north","winter23-24","low"
"1549","12/26/2023","15:00","21.884","shrub","low_north","winter23-24","low"
"1559","12/26/2023","21:00","18.451","shrub","low_north","winter23-24","low"
"1569","12/27/2023","3:00","17.983","shrub","low_north","winter23-24","low"
"1579","12/27/2023","9:00","20.302","shrub","low_north","winter23-24","low"
"1589","12/27/2023","15:00","24.31","shrub","low_north","winter23-24","low"
"1599","12/27/2023","21:00","21.209","shrub","low_north","winter23-24","low"
"1609","12/28/2023","3:00","21.434","shrub","low_north","winter23-24","low"
"16113","12/28/2023","9:00","20.073","shrub","low_north","winter23-24","low"
"16211","12/28/2023","15:00","24.744","shrub","low_north","winter23-24","low"
"1639","12/28/2023","21:00","21.209","shrub","low_north","winter23-24","low"
"1649","12/29/2023","3:00","20.073","shrub","low_north","winter23-24","low"
"1659","12/29/2023","9:00","20.529","shrub","low_north","winter23-24","low"
"1669","12/29/2023","15:00","26.031","shrub","low_north","winter23-24","low"
"1679","12/29/2023","21:00","22.552","shrub","low_north","winter23-24","low"
"1689","12/30/2023","3:00","22.107","shrub","low_north","winter23-24","low"
"1699","12/30/2023","9:00","21.884","shrub","low_north","winter23-24","low"
"1709","12/30/2023","15:00","27.302","shrub","low_north","winter23-24","low"
"17113","12/30/2023","21:00","26.031","shrub","low_north","winter23-24","low"
"17211","12/31/2023","3:00","23.655","shrub","low_north","winter23-24","low"
"1739","12/31/2023","9:00","22.995","shrub","low_north","winter23-24","low"
"1749","12/31/2023","15:00","26.458","shrub","low_north","winter23-24","low"
"1759","12/31/2023","21:00","22.552","shrub","low_north","winter23-24","low"
"1769","1/1/2024","3:00","20.073","shrub","low_north","winter23-24","low"
"1779","1/1/2024","9:00","19.382","shrub","low_north","winter23-24","low"
"1789","1/1/2024","15:00","25.605","shrub","low_north","winter23-24","low"
"1799","1/1/2024","21:00","21.659","shrub","low_north","winter23-24","low"
"1809","1/2/2024","3:00","19.152","shrub","low_north","winter23-24","low"
"18113","1/2/2024","9:00","19.612","shrub","low_north","winter23-24","low"
"18211","1/2/2024","15:00","24.96","shrub","low_north","winter23-24","low"
"1839","1/2/2024","21:00","20.757","shrub","low_north","winter23-24","low"
"1849","1/3/2024","3:00","18.685","shrub","low_north","winter23-24","low"
"1859","1/3/2024","9:00","18.919","shrub","low_north","winter23-24","low"
"1869","1/3/2024","15:00","25.605","shrub","low_north","winter23-24","low"
"1879","1/3/2024","21:00","24.093","shrub","low_north","winter23-24","low"
"1889","1/4/2024","3:00","24.526","shrub","low_north","winter23-24","low"
"1899","1/4/2024","9:00","23.875","shrub","low_north","winter23-24","low"
"1909","1/4/2024","15:00","27.93","shrub","low_north","winter23-24","low"
"19113","1/4/2024","21:00","26.881","shrub","low_north","winter23-24","low"
"19211","1/5/2024","3:00","26.668","shrub","low_north","winter23-24","low"
"1939","1/5/2024","9:00","26.245","shrub","low_north","winter23-24","low"
"1949","1/5/2024","15:00","27.511","shrub","low_north","winter23-24","low"
"1959","1/5/2024","21:00","23.436","shrub","low_north","winter23-24","low"
"1969","1/6/2024","3:00","20.984","shrub","low_north","winter23-24","low"
"1979","1/6/2024","9:00","22.552","shrub","low_north","winter23-24","low"
"1989","1/6/2024","15:00","25.174","shrub","low_north","winter23-24","low"
"1999","1/6/2024","21:00","24.526","shrub","low_north","winter23-24","low"
"2009","1/7/2024","3:00","24.744","shrub","low_north","winter23-24","low"
"20113","1/7/2024","9:00","24.31","shrub","low_north","winter23-24","low"
"20211","1/7/2024","15:00","25.39","shrub","low_north","winter23-24","low"
"2039","1/7/2024","21:00","24.31","shrub","low_north","winter23-24","low"
"2049","1/8/2024","3:00","22.995","shrub","low_north","winter23-24","low"
"2059","1/8/2024","9:00","20.984","shrub","low_north","winter23-24","low"
"2069","1/8/2024","15:00","22.33","shrub","low_north","winter23-24","low"
"2079","1/8/2024","21:00","22.552","shrub","low_north","winter23-24","low"
"2089","1/9/2024","3:00","22.33","shrub","low_north","winter23-24","low"
"2099","1/9/2024","9:00","22.775","shrub","low_north","winter23-24","low"
"21013","1/9/2024","15:00","23.655","shrub","low_north","winter23-24","low"
"21113","1/9/2024","21:00","23.655","shrub","low_north","winter23-24","low"
"21212","1/10/2024","3:00","23.655","shrub","low_north","winter23-24","low"
"21310","1/10/2024","9:00","23.216","shrub","low_north","winter23-24","low"
"21410","1/10/2024","15:00","24.093","shrub","low_north","winter23-24","low"
"2159","1/10/2024","21:00","23.875","shrub","low_north","winter23-24","low"
"2169","1/11/2024","3:00","23.216","shrub","low_north","winter23-24","low"
"2179","1/11/2024","9:00","22.552","shrub","low_north","winter23-24","low"
"2189","1/11/2024","15:00","22.775","shrub","low_north","winter23-24","low"
"2199","1/11/2024","21:00","22.775","shrub","low_north","winter23-24","low"
"2209","1/12/2024","3:00","22.775","shrub","low_north","winter23-24","low"
"22113","1/12/2024","9:00","23.216","shrub","low_north","winter23-24","low"
"22211","1/12/2024","15:00","22.995","shrub","low_north","winter23-24","low"
"2239","1/12/2024","21:00","21.884","shrub","low_north","winter23-24","low"
"2249","1/13/2024","3:00","19.382","shrub","low_north","winter23-24","low"
"2259","1/13/2024","9:00","17.272","shrub","low_north","winter23-24","low"
"2269","1/13/2024","15:00","17.748","shrub","low_north","winter23-24","low"
"2279","1/13/2024","21:00","17.983","shrub","low_north","winter23-24","low"
"2289","1/14/2024","3:00","18.451","shrub","low_north","winter23-24","low"
"2299","1/14/2024","9:00","18.451","shrub","low_north","winter23-24","low"
"2309","1/14/2024","15:00","19.612","shrub","low_north","winter23-24","low"
"23113","1/14/2024","21:00","20.757","shrub","low_north","winter23-24","low"
"23211","1/15/2024","3:00","20.984","shrub","low_north","winter23-24","low"
"2339","1/15/2024","9:00","18.685","shrub","low_north","winter23-24","low"
"2349","1/15/2024","15:00","17.748","shrub","low_north","winter23-24","low"
"2359","1/15/2024","21:00","17.983","shrub","low_north","winter23-24","low"
"2369","1/16/2024","3:00","17.272","shrub","low_north","winter23-24","low"
"2379","1/16/2024","9:00","17.272","shrub","low_north","winter23-24","low"
"2389","1/16/2024","15:00","18.685","shrub","low_north","winter23-24","low"
"2399","1/16/2024","21:00","19.382","shrub","low_north","winter23-24","low"
"2409","1/17/2024","3:00","19.843","shrub","low_north","winter23-24","low"
"24113","1/17/2024","9:00","20.757","shrub","low_north","winter23-24","low"
"24211","1/17/2024","15:00","21.884","shrub","low_north","winter23-24","low"
"2439","1/17/2024","21:00","22.775","shrub","low_north","winter23-24","low"
"2449","1/18/2024","3:00","22.995","shrub","low_north","winter23-24","low"
"2459","1/18/2024","9:00","22.775","shrub","low_north","winter23-24","low"
"2469","1/18/2024","15:00","23.655","shrub","low_north","winter23-24","low"
"2479","1/18/2024","21:00","24.093","shrub","low_north","winter23-24","low"
"2489","1/19/2024","3:00","24.526","shrub","low_north","winter23-24","low"
"2499","1/19/2024","9:00","25.174","shrub","low_north","winter23-24","low"
"2509","1/19/2024","15:00","26.031","shrub","low_north","winter23-24","low"
"25113","1/19/2024","21:00","26.668","shrub","low_north","winter23-24","low"
"25211","1/20/2024","3:00","26.668","shrub","low_north","winter23-24","low"
"2539","1/20/2024","9:00","27.091","shrub","low_north","winter23-24","low"
"2549","1/20/2024","15:00","28.969","shrub","low_north","winter23-24","low"
"2559","1/20/2024","21:00","28.969","shrub","low_north","winter23-24","low"
"2569","1/21/2024","3:00","29.174","shrub","low_north","winter23-24","low"
"2579","1/21/2024","9:00","29.174","shrub","low_north","winter23-24","low"
"2589","1/21/2024","15:00","29.79","shrub","low_north","winter23-24","low"
"2599","1/21/2024","21:00","30.808","shrub","low_north","winter23-24","low"
"2609","1/22/2024","3:00","30.607","shrub","low_north","winter23-24","low"
"26113","1/22/2024","9:00","30.607","shrub","low_north","winter23-24","low"
"26211","1/22/2024","15:00","30.808","shrub","low_north","winter23-24","low"
"2639","1/22/2024","21:00","31.213","shrub","low_north","winter23-24","low"
"2649","1/23/2024","3:00","31.415","shrub","low_north","winter23-24","low"
"2659","1/23/2024","9:00","31.415","shrub","low_north","winter23-24","low"
"2669","1/23/2024","15:00","31.617","shrub","low_north","winter23-24","low"
"2679","1/23/2024","21:00","31.816","shrub","low_north","winter23-24","low"
"2689","1/24/2024","3:00","31.816","shrub","low_north","winter23-24","low"
"2699","1/24/2024","9:00","31.816","shrub","low_north","winter23-24","low"
"2709","1/24/2024","15:00","31.816","shrub","low_north","winter23-24","low"
"27113","1/24/2024","21:00","31.816","shrub","low_north","winter23-24","low"
"27211","1/25/2024","3:00","31.816","shrub","low_north","winter23-24","low"
"2739","1/25/2024","9:00","32.018","shrub","low_north","winter23-24","low"
"2749","1/25/2024","15:00","32.018","shrub","low_north","winter23-24","low"
"2759","1/25/2024","21:00","32.018","shrub","low_north","winter23-24","low"
"2769","1/26/2024","3:00","32.018","shrub","low_north","winter23-24","low"
"2779","1/26/2024","9:00","31.816","shrub","low_north","winter23-24","low"
"2789","1/26/2024","15:00","31.816","shrub","low_north","winter23-24","low"
"2799","1/26/2024","21:00","31.816","shrub","low_north","winter23-24","low"
"2809","1/27/2024","3:00","31.816","shrub","low_north","winter23-24","low"
"28113","1/27/2024","9:00","31.617","shrub","low_north","winter23-24","low"
"28211","1/27/2024","15:00","31.816","shrub","low_north","winter23-24","low"
"2839","1/27/2024","21:00","31.816","shrub","low_north","winter23-24","low"
"2849","1/28/2024","3:00","31.816","shrub","low_north","winter23-24","low"
"2859","1/28/2024","9:00","31.816","shrub","low_north","winter23-24","low"
"2868","1/28/2024","15:00","32.018","shrub","low_north","winter23-24","low"
"2878","1/28/2024","21:00","32.018","shrub","low_north","winter23-24","low"
"2888","1/29/2024","3:00","32.018","shrub","low_north","winter23-24","low"
"2898","1/29/2024","9:00","32.018","shrub","low_north","winter23-24","low"
"2908","1/29/2024","15:00","32.018","shrub","low_north","winter23-24","low"
"29113","1/29/2024","21:00","32.218","shrub","low_north","winter23-24","low"
"29210","1/30/2024","3:00","32.218","shrub","low_north","winter23-24","low"
"2938","1/30/2024","9:00","32.218","shrub","low_north","winter23-24","low"
"2948","1/30/2024","15:00","32.218","shrub","low_north","winter23-24","low"
"2958","1/30/2024","21:00","32.218","shrub","low_north","winter23-24","low"
"2968","1/31/2024","3:00","32.018","shrub","low_north","winter23-24","low"
"2978","1/31/2024","9:00","32.018","shrub","low_north","winter23-24","low"
"2988","1/31/2024","15:00","32.218","shrub","low_north","winter23-24","low"
"2998","1/31/2024","21:00","32.218","shrub","low_north","winter23-24","low"
"3008","2/1/2024","3:00","31.816","shrub","low_north","winter23-24","low"
"30113","2/1/2024","9:00","32.018","shrub","low_north","winter23-24","low"
"30210","2/1/2024","15:00","32.018","shrub","low_north","winter23-24","low"
"3038","2/1/2024","21:00","32.218","shrub","low_north","winter23-24","low"
"3048","2/2/2024","3:00","32.218","shrub","low_north","winter23-24","low"
"3058","2/2/2024","9:00","32.218","shrub","low_north","winter23-24","low"
"3068","2/2/2024","15:00","32.218","shrub","low_north","winter23-24","low"
"3078","2/2/2024","21:00","32.218","shrub","low_north","winter23-24","low"
"3088","2/3/2024","3:00","32.218","shrub","low_north","winter23-24","low"
"3098","2/3/2024","9:00","32.218","shrub","low_north","winter23-24","low"
"31013","2/3/2024","15:00","32.218","shrub","low_north","winter23-24","low"
"31113","2/3/2024","21:00","32.218","shrub","low_north","winter23-24","low"
"31211","2/4/2024","3:00","32.218","shrub","low_north","winter23-24","low"
"3139","2/4/2024","9:00","32.218","shrub","low_north","winter23-24","low"
"3148","2/4/2024","15:00","32.218","shrub","low_north","winter23-24","low"
"3158","2/4/2024","21:00","32.218","shrub","low_north","winter23-24","low"
"3168","2/5/2024","3:00","32.218","shrub","low_north","winter23-24","low"
"3178","2/5/2024","9:00","32.218","shrub","low_north","winter23-24","low"
"3188","2/5/2024","15:00","32.218","shrub","low_north","winter23-24","low"
"3198","2/5/2024","21:00","32.218","shrub","low_north","winter23-24","low"
"3208","2/6/2024","3:00","32.218","shrub","low_north","winter23-24","low"
"32113","2/6/2024","9:00","32.218","shrub","low_north","winter23-24","low"
"32210","2/6/2024","15:00","32.218","shrub","low_north","winter23-24","low"
"3238","2/6/2024","21:00","32.218","shrub","low_north","winter23-24","low"
"3248","2/7/2024","3:00","32.218","shrub","low_north","winter23-24","low"
"3258","2/7/2024","9:00","32.218","shrub","low_north","winter23-24","low"
"3268","2/7/2024","15:00","32.218","shrub","low_north","winter23-24","low"
"3278","2/7/2024","21:00","32.218","shrub","low_north","winter23-24","low"
"3288","2/8/2024","3:00","32.218","shrub","low_north","winter23-24","low"
"3298","2/8/2024","9:00","32.218","shrub","low_north","winter23-24","low"
"3308","2/8/2024","15:00","32.218","shrub","low_north","winter23-24","low"
"33113","2/8/2024","21:00","32.218","shrub","low_north","winter23-24","low"
"33210","2/9/2024","3:00","32.218","shrub","low_north","winter23-24","low"
"3338","2/9/2024","9:00","32.218","shrub","low_north","winter23-24","low"
"3348","2/9/2024","15:00","32.218","shrub","low_north","winter23-24","low"
"3358","2/9/2024","21:00","32.218","shrub","low_north","winter23-24","low"
"3368","2/10/2024","3:00","32.218","shrub","low_north","winter23-24","low"
"3378","2/10/2024","9:00","32.018","shrub","low_north","winter23-24","low"
"3388","2/10/2024","15:00","32.018","shrub","low_north","winter23-24","low"
"3398","2/10/2024","21:00","32.018","shrub","low_north","winter23-24","low"
"3408","2/11/2024","3:00","31.816","shrub","low_north","winter23-24","low"
"34113","2/11/2024","9:00","31.816","shrub","low_north","winter23-24","low"
"34210","2/11/2024","15:00","31.816","shrub","low_north","winter23-24","low"
"3438","2/11/2024","21:00","31.816","shrub","low_north","winter23-24","low"
"3448","2/12/2024","3:00","31.816","shrub","low_north","winter23-24","low"
"3458","2/12/2024","9:00","31.816","shrub","low_north","winter23-24","low"
"3468","2/12/2024","15:00","31.816","shrub","low_north","winter23-24","low"
"3478","2/12/2024","21:00","32.018","shrub","low_north","winter23-24","low"
"3488","2/13/2024","3:00","31.816","shrub","low_north","winter23-24","low"
"3498","2/13/2024","9:00","31.617","shrub","low_north","winter23-24","low"
"3508","2/13/2024","15:00","31.816","shrub","low_north","winter23-24","low"
"35113","2/13/2024","21:00","31.816","shrub","low_north","winter23-24","low"
"35210","2/14/2024","3:00","31.213","shrub","low_north","winter23-24","low"
"3538","2/14/2024","9:00","31.213","shrub","low_north","winter23-24","low"
"3548","2/14/2024","15:00","31.617","shrub","low_north","winter23-24","low"
"3558","2/14/2024","21:00","31.617","shrub","low_north","winter23-24","low"
"3568","2/15/2024","3:00","31.816","shrub","low_north","winter23-24","low"
"3578","2/15/2024","9:00","31.816","shrub","low_north","winter23-24","low"
"3588","2/15/2024","15:00","31.816","shrub","low_north","winter23-24","low"
"3598","2/15/2024","21:00","32.018","shrub","low_north","winter23-24","low"
"3608","2/16/2024","3:00","32.018","shrub","low_north","winter23-24","low"
"36113","2/16/2024","9:00","31.012","shrub","low_north","winter23-24","low"
"36210","2/16/2024","15:00","30.808","shrub","low_north","winter23-24","low"
"3638","2/16/2024","21:00","29.586","shrub","low_north","winter23-24","low"
"3648","2/17/2024","3:00","28.555","shrub","low_north","winter23-24","low"
"3658","2/17/2024","9:00","27.511","shrub","low_north","winter23-24","low"
"3668","2/17/2024","15:00","29.379","shrub","low_north","winter23-24","low"
"3678","2/17/2024","21:00","29.174","shrub","low_north","winter23-24","low"
"3688","2/18/2024","3:00","28.555","shrub","low_north","winter23-24","low"
"3698","2/18/2024","9:00","29.174","shrub","low_north","winter23-24","low"
"3708","2/18/2024","15:00","30.198","shrub","low_north","winter23-24","low"
"37113","2/18/2024","21:00","30.607","shrub","low_north","winter23-24","low"
"37210","2/19/2024","3:00","30.808","shrub","low_north","winter23-24","low"
"3738","2/19/2024","9:00","30.808","shrub","low_north","winter23-24","low"
"3748","2/19/2024","15:00","31.213","shrub","low_north","winter23-24","low"
"3758","2/19/2024","21:00","31.617","shrub","low_north","winter23-24","low"
"3768","2/20/2024","3:00","31.617","shrub","low_north","winter23-24","low"
"3778","2/20/2024","9:00","31.617","shrub","low_north","winter23-24","low"
"3788","2/20/2024","15:00","31.816","shrub","low_north","winter23-24","low"
"3798","2/20/2024","21:00","31.816","shrub","low_north","winter23-24","low"
"3808","2/21/2024","3:00","32.018","shrub","low_north","winter23-24","low"
"38113","2/21/2024","9:00","32.018","shrub","low_north","winter23-24","low"
"38210","2/21/2024","15:00","32.018","shrub","low_north","winter23-24","low"
"3838","2/21/2024","21:00","32.018","shrub","low_north","winter23-24","low"
"3848","2/22/2024","3:00","32.018","shrub","low_north","winter23-24","low"
"3858","2/22/2024","9:00","32.018","shrub","low_north","winter23-24","low"
"3868","2/22/2024","15:00","32.018","shrub","low_north","winter23-24","low"
"3878","2/22/2024","21:00","32.018","shrub","low_north","winter23-24","low"
"3888","2/23/2024","3:00","32.018","shrub","low_north","winter23-24","low"
"3898","2/23/2024","9:00","31.617","shrub","low_north","winter23-24","low"
"3908","2/23/2024","15:00","31.816","shrub","low_north","winter23-24","low"
"39113","2/23/2024","21:00","32.018","shrub","low_north","winter23-24","low"
"39210","2/24/2024","3:00","31.617","shrub","low_north","winter23-24","low"
"3938","2/24/2024","9:00","31.012","shrub","low_north","winter23-24","low"
"3948","2/24/2024","15:00","31.816","shrub","low_north","winter23-24","low"
"3958","2/24/2024","21:00","32.018","shrub","low_north","winter23-24","low"
"3968","2/25/2024","3:00","32.018","shrub","low_north","winter23-24","low"
"3978","2/25/2024","9:00","32.018","shrub","low_north","winter23-24","low"
"3988","2/25/2024","15:00","32.018","shrub","low_north","winter23-24","low"
"3998","2/25/2024","21:00","32.018","shrub","low_north","winter23-24","low"
"4008","2/26/2024","3:00","32.018","shrub","low_north","winter23-24","low"
"40113","2/26/2024","9:00","32.018","shrub","low_north","winter23-24","low"
"40210","2/26/2024","15:00","32.018","shrub","low_north","winter23-24","low"
"4038","2/26/2024","21:00","32.018","shrub","low_north","winter23-24","low"
"4048","2/27/2024","3:00","31.213","shrub","low_north","winter23-24","low"
"4058","2/27/2024","9:00","28.969","shrub","low_north","winter23-24","low"
"4068","2/27/2024","15:00","30.808","shrub","low_north","winter23-24","low"
"4078","2/27/2024","21:00","28.346","shrub","low_north","winter23-24","low"
"4088","2/28/2024","3:00","26.458","shrub","low_north","winter23-24","low"
"4098","2/28/2024","9:00","27.511","shrub","low_north","winter23-24","low"
"41010","2/28/2024","15:00","29.995","shrub","low_north","winter23-24","low"
"41113","2/28/2024","21:00","29.995","shrub","low_north","winter23-24","low"
"41210","2/29/2024","3:00","29.379","shrub","low_north","winter23-24","low"
"4138","2/29/2024","9:00","28.139","shrub","low_north","winter23-24","low"
"4148","2/29/2024","15:00","31.012","shrub","low_north","winter23-24","low"
"4158","2/29/2024","21:00","31.617","shrub","low_north","winter23-24","low"
"4168","3/1/2024","3:00","31.617","shrub","low_north","winter23-24","low"
"4178","3/1/2024","9:00","31.617","shrub","low_north","winter23-24","low"
"4188","3/1/2024","15:00","31.816","shrub","low_north","winter23-24","low"
"4198","3/1/2024","21:00","31.816","shrub","low_north","winter23-24","low"
"4208","3/2/2024","3:00","32.018","shrub","low_north","winter23-24","low"
"42113","3/2/2024","9:00","32.018","shrub","low_north","winter23-24","low"
"42210","3/2/2024","15:00","32.018","shrub","low_north","winter23-24","low"
"4238","3/2/2024","21:00","31.816","shrub","low_north","winter23-24","low"
"4248","3/3/2024","3:00","30.808","shrub","low_north","winter23-24","low"
"4258","3/3/2024","9:00","29.379","shrub","low_north","winter23-24","low"
"4268","3/3/2024","15:00","30.607","shrub","low_north","winter23-24","low"
"4278","3/3/2024","21:00","30.403","shrub","low_north","winter23-24","low"
"4288","3/4/2024","3:00","29.79","shrub","low_north","winter23-24","low"
"4298","3/4/2024","9:00","28.762","shrub","low_north","winter23-24","low"
"4308","3/4/2024","15:00","29.586","shrub","low_north","winter23-24","low"
"43113","3/4/2024","21:00","28.346","shrub","low_north","winter23-24","low"
"43210","3/5/2024","3:00","26.458","shrub","low_north","winter23-24","low"
"4338","3/5/2024","9:00","27.302","shrub","low_north","winter23-24","low"
"4348","3/5/2024","15:00","28.555","shrub","low_north","winter23-24","low"
"4358","3/5/2024","21:00","29.174","shrub","low_north","winter23-24","low"
"4368","3/6/2024","3:00","29.174","shrub","low_north","winter23-24","low"
"4378","3/6/2024","9:00","27.302","shrub","low_north","winter23-24","low"
"4387","3/6/2024","15:00","28.969","shrub","low_north","winter23-24","low"
"4397","3/6/2024","21:00","29.379","shrub","low_north","winter23-24","low"
"4407","3/7/2024","3:00","28.762","shrub","low_north","winter23-24","low"
"44112","3/7/2024","9:00","26.458","shrub","low_north","winter23-24","low"
"4429","3/7/2024","15:00","28.346","shrub","low_north","winter23-24","low"
"4437","3/7/2024","21:00","27.091","shrub","low_north","winter23-24","low"
"4447","3/8/2024","3:00","24.526","shrub","low_north","winter23-24","low"
"4457","3/8/2024","9:00","24.093","shrub","low_north","winter23-24","low"
"4467","3/8/2024","15:00","27.091","shrub","low_north","winter23-24","low"
"4477","3/8/2024","21:00","26.031","shrub","low_north","winter23-24","low"
"4487","3/9/2024","3:00","23.436","shrub","low_north","winter23-24","low"
"4497","3/9/2024","9:00","23.216","shrub","low_north","winter23-24","low"
"4507","3/9/2024","15:00","29.174","shrub","low_north","winter23-24","low"
"45112","3/9/2024","21:00","28.346","shrub","low_north","winter23-24","low"
"4529","3/10/2024","3:00","25.39","shrub","low_north","winter23-24","low"
"4537","3/10/2024","9:00","25.39","shrub","low_north","winter23-24","low"
"4547","3/10/2024","15:00","30.607","shrub","low_north","winter23-24","low"
"4557","3/10/2024","21:00","31.213","shrub","low_north","winter23-24","low"
"4567","3/11/2024","3:00","29.586","shrub","low_north","winter23-24","low"
"4577","3/11/2024","9:00","29.174","shrub","low_north","winter23-24","low"
"4587","3/11/2024","15:00","31.415","shrub","low_north","winter23-24","low"
"4597","3/11/2024","21:00","31.617","shrub","low_north","winter23-24","low"
"4607","3/12/2024","3:00","31.816","shrub","low_north","winter23-24","low"
"46111","3/12/2024","9:00","31.816","shrub","low_north","winter23-24","low"
"4628","3/12/2024","15:00","31.816","shrub","low_north","winter23-24","low"
"4637","3/12/2024","21:00","32.018","shrub","low_north","winter23-24","low"
"4647","3/13/2024","3:00","32.018","shrub","low_north","winter23-24","low"
"4657","3/13/2024","9:00","31.816","shrub","low_north","winter23-24","low"
"4664","3/13/2024","15:00","31.816","shrub","low_north","winter23-24","low"
"4674","3/13/2024","21:00","31.816","shrub","low_north","winter23-24","low"
"4684","3/14/2024","3:00","29.79","shrub","low_north","winter23-24","low"
"4693","3/14/2024","9:00","29.174","shrub","low_north","winter23-24","low"
"4703","3/14/2024","15:00","31.617","shrub","low_north","winter23-24","low"
"4715","3/14/2024","21:00","31.816","shrub","low_north","winter23-24","low"
"4723","3/15/2024","3:00","28.762","shrub","low_north","winter23-24","low"
"4733","3/15/2024","9:00","27.721","shrub","low_north","winter23-24","low"
"4743","3/15/2024","15:00","31.415","shrub","low_north","winter23-24","low"
"4753","3/15/2024","21:00","32.218","shrub","low_north","winter23-24","low"
"4763","3/16/2024","3:00","31.617","shrub","low_north","winter23-24","low"
"4773","3/16/2024","9:00","30.403","shrub","low_north","winter23-24","low"
"4783","3/16/2024","15:00","31.816","shrub","low_north","winter23-24","low"
"4793","3/16/2024","21:00","32.018","shrub","low_north","winter23-24","low"
"4802","3/17/2024","3:00","32.018","shrub","low_north","winter23-24","low"
"4815","3/17/2024","9:00","31.816","shrub","low_north","winter23-24","low"
"4823","3/17/2024","15:00","32.218","shrub","low_north","winter23-24","low"
"4833","3/17/2024","21:00","32.018","shrub","low_north","winter23-24","low"
"4843","3/18/2024","3:00","32.018","shrub","low_north","winter23-24","low"
"4853","3/18/2024","9:00","32.018","shrub","low_north","winter23-24","low"
"4863","3/18/2024","15:00","33.013","shrub","low_north","winter23-24","low"
"4872","3/18/2024","21:00","32.218","shrub","low_north","winter23-24","low"
"4882","3/19/2024","3:00","32.218","shrub","low_north","winter23-24","low"
"4892","3/19/2024","9:00","32.018","shrub","low_north","winter23-24","low"
"4902","3/19/2024","15:00","34.198","shrub","low_north","winter23-24","low"
"4915","3/19/2024","21:00","32.218","shrub","low_north","winter23-24","low"
"4923","3/20/2024","3:00","32.218","shrub","low_north","winter23-24","low"
"4933","3/20/2024","9:00","32.218","shrub","low_north","winter23-24","low"
"4943","3/20/2024","15:00","36.145","shrub","low_north","winter23-24","low"
"4953","3/20/2024","21:00","32.418","shrub","low_north","winter23-24","low"
"4963","3/21/2024","3:00","32.218","shrub","low_north","winter23-24","low"
"4972","3/21/2024","9:00","32.218","shrub","low_north","winter23-24","low"
"4982","3/21/2024","15:00","39.007","shrub","low_north","winter23-24","low"
"4992","3/21/2024","21:00","33.013","shrub","low_north","winter23-24","low"
"5002","3/22/2024","3:00","32.418","shrub","low_north","winter23-24","low"
"5015","3/22/2024","9:00","32.418","shrub","low_north","winter23-24","low"
"5023","3/22/2024","15:00","42.732","shrub","low_north","winter23-24","low"
"5033","3/22/2024","21:00","35.951","shrub","low_north","winter23-24","low"
"5043","3/23/2024","3:00","33.213","shrub","low_north","winter23-24","low"
"5053","3/23/2024","9:00","35.175","shrub","low_north","winter23-24","low"
"5063","3/23/2024","15:00","42.363","shrub","low_north","winter23-24","low"
"5072","3/23/2024","21:00","36.723","shrub","low_north","winter23-24","low"
"5082","3/24/2024","3:00","35.175","shrub","low_north","winter23-24","low"
"5092","3/24/2024","9:00","34.394","shrub","low_north","winter23-24","low"
"5105","3/24/2024","15:00","41.439","shrub","low_north","winter23-24","low"
"5116","3/24/2024","21:00","34.981","shrub","low_north","winter23-24","low"
"5123","3/25/2024","3:00","33.013","shrub","low_north","winter23-24","low"
"5133","3/25/2024","9:00","33.013","shrub","low_north","winter23-24","low"
"5143","3/25/2024","15:00","44.013","shrub","low_north","winter23-24","low"
"5153","3/25/2024","21:00","35.175","shrub","low_north","winter23-24","low"
"5163","3/26/2024","3:00","32.815","shrub","low_north","winter23-24","low"
"5173","3/26/2024","9:00","32.815","shrub","low_north","winter23-24","low"
"5183","3/26/2024","15:00","38.061","shrub","low_north","winter23-24","low"
"5193","3/26/2024","21:00","34.981","shrub","low_north","winter23-24","low"
"5203","3/27/2024","3:00","33.411","shrub","low_north","winter23-24","low"
"5215","3/27/2024","9:00","33.213","shrub","low_north","winter23-24","low"
"5223","3/27/2024","15:00","42.179","shrub","low_north","winter23-24","low"
"5233","3/27/2024","21:00","37.87","shrub","low_north","winter23-24","low"
"5243","3/28/2024","3:00","36.531","shrub","low_north","winter23-24","low"
"5253","3/28/2024","9:00","35.37","shrub","low_north","winter23-24","low"
"5263","3/28/2024","15:00","39.76","shrub","low_north","winter23-24","low"
"5272","3/28/2024","21:00","34.786","shrub","low_north","winter23-24","low"
"5282","3/29/2024","3:00","33.213","shrub","low_north","winter23-24","low"
"5292","3/29/2024","9:00","33.213","shrub","low_north","winter23-24","low"
"5302","3/29/2024","15:00","40.696","shrub","low_north","winter23-24","low"
"5315","3/29/2024","21:00","35.175","shrub","low_north","winter23-24","low"
"5323","3/30/2024","3:00","33.411","shrub","low_north","winter23-24","low"
"5333","3/30/2024","9:00","33.213","shrub","low_north","winter23-24","low"
"5343","3/30/2024","15:00","42.915","shrub","low_north","winter23-24","low"
"5353","3/30/2024","21:00","37.87","shrub","low_north","winter23-24","low"
"5363","3/31/2024","3:00","36.145","shrub","low_north","winter23-24","low"
"5372","3/31/2024","9:00","37.488","shrub","low_north","winter23-24","low"
"5382","3/31/2024","15:00","42.732","shrub","low_north","winter23-24","low"
"5392","3/31/2024","21:00","37.488","shrub","low_north","winter23-24","low"
"5402","4/1/2024","3:00","34.394","shrub","low_north","winter23-24","low"
"5415","4/1/2024","9:00","34.002","shrub","low_north","winter23-24","low"
"5423","4/1/2024","15:00","46.188","shrub","low_north","winter23-24","low"
"5433","4/1/2024","21:00","38.061","shrub","low_north","winter23-24","low"
"5443","4/2/2024","3:00","34.394","shrub","low_north","winter23-24","low"
"5453","4/2/2024","9:00","34.198","shrub","low_north","winter23-24","low"
"5463","4/2/2024","15:00","50.643","shrub","low_north","winter23-24","low"
"5472","4/2/2024","21:00","42.548","shrub","low_north","winter23-24","low"
"5482","4/3/2024","3:00","37.297","shrub","low_north","winter23-24","low"
"5492","4/3/2024","9:00","38.818","shrub","low_north","winter23-24","low"
"5502","4/3/2024","15:00","49.582","shrub","low_north","winter23-24","low"
"5515","4/3/2024","21:00","43.466","shrub","low_north","winter23-24","low"
"5523","4/4/2024","3:00","40.509","shrub","low_north","winter23-24","low"
"5533","4/4/2024","9:00","42.179","shrub","low_north","winter23-24","low"
"5543","4/4/2024","15:00","52.925","shrub","low_north","winter23-24","low"
"5553","4/4/2024","21:00","45.104","shrub","low_north","winter23-24","low"
"5563","4/5/2024","3:00","40.321","shrub","low_north","winter23-24","low"
"5572","4/5/2024","9:00","42.548","shrub","low_north","winter23-24","low"
"5582","4/5/2024","15:00","45.466","shrub","low_north","winter23-24","low"
"5592","4/5/2024","21:00","40.509","shrub","low_north","winter23-24","low"
"5602","4/6/2024","3:00","37.87","shrub","low_north","winter23-24","low"
"5615","4/6/2024","9:00","38.061","shrub","low_north","winter23-24","low"
"5623","4/6/2024","15:00","45.286","shrub","low_north","winter23-24","low"
"5633","4/6/2024","21:00","40.321","shrub","low_north","winter23-24","low"
"5643","4/7/2024","3:00","36.531","shrub","low_north","winter23-24","low"
"5653","4/7/2024","9:00","38.44","shrub","low_north","winter23-24","low"
"5663","4/7/2024","15:00","50.466","shrub","low_north","winter23-24","low"
"5672","4/7/2024","21:00","40.509","shrub","low_north","winter23-24","low"
"5682","4/8/2024","3:00","36.145","shrub","low_north","winter23-24","low"
"5692","4/8/2024","9:00","35.564","shrub","low_north","winter23-24","low"
"5702","4/8/2024","15:00","51.346","shrub","low_north","winter23-24","low"
"5715","4/8/2024","21:00","40.696","shrub","low_north","winter23-24","low"
"5723","4/9/2024","3:00","36.338","shrub","low_north","winter23-24","low"
"5733","4/9/2024","9:00","39.007","shrub","low_north","winter23-24","low"
"5743","4/9/2024","15:00","53.274","shrub","low_north","winter23-24","low"
"5753","4/9/2024","21:00","42.732","shrub","low_north","winter23-24","low"
"5763","4/10/2024","3:00","37.107","shrub","low_north","winter23-24","low"
"5772","4/10/2024","9:00","38.44","shrub","low_north","winter23-24","low"
"5782","4/10/2024","15:00","55.017","shrub","low_north","winter23-24","low"
"5792","4/10/2024","21:00","44.379","shrub","low_north","winter23-24","low"
"5802","4/11/2024","3:00","38.629","shrub","low_north","winter23-24","low"
"5815","4/11/2024","9:00","40.509","shrub","low_north","winter23-24","low"
"5823","4/11/2024","15:00","52.75","shrub","low_north","winter23-24","low"
"5833","4/11/2024","21:00","45.466","shrub","low_north","winter23-24","low"
"5843","4/12/2024","3:00","40.509","shrub","low_north","winter23-24","low"
"5853","4/12/2024","9:00","44.379","shrub","low_north","winter23-24","low"
"5863","4/12/2024","15:00","53.798","shrub","low_north","winter23-24","low"
"5872","4/12/2024","21:00","47.982","shrub","low_north","winter23-24","low"
"5882","4/13/2024","3:00","42.915","shrub","low_north","winter23-24","low"
"5892","4/13/2024","9:00","46.548","shrub","low_north","winter23-24","low"
"5902","4/13/2024","15:00","62.425","shrub","low_north","winter23-24","low"
"5915","4/13/2024","21:00","49.937","shrub","low_north","winter23-24","low"
"5923","4/14/2024","3:00","43.831","shrub","low_north","winter23-24","low"
"5933","4/14/2024","9:00","47.446","shrub","low_north","winter23-24","low"
"5943","4/14/2024","15:00","61.569","shrub","low_north","winter23-24","low"
"5953","4/14/2024","21:00","50.113","shrub","low_north","winter23-24","low"
"5963","4/15/2024","3:00","46.728","shrub","low_north","winter23-24","low"
"5972","4/15/2024","9:00","46.908","shrub","low_north","winter23-24","low"
"5982","4/15/2024","15:00","56.23","shrub","low_north","winter23-24","low"
"5992","4/15/2024","21:00","48.517","shrub","low_north","winter23-24","low"
"6002","4/16/2024","3:00","42.915","shrub","low_north","winter23-24","low"
"6015","4/16/2024","9:00","45.828","shrub","low_north","winter23-24","low"
"6023","4/16/2024","15:00","53.798","shrub","low_north","winter23-24","low"
"6033","4/16/2024","21:00","47.982","shrub","low_north","winter23-24","low"
"6043","4/17/2024","3:00","43.648","shrub","low_north","winter23-24","low"
"6053","4/17/2024","9:00","42.548","shrub","low_north","winter23-24","low"
"6063","4/17/2024","15:00","48.16","shrub","low_north","winter23-24","low"
"6072","4/17/2024","21:00","40.509","shrub","low_north","winter23-24","low"
"6082","4/18/2024","3:00","34.59","shrub","low_north","winter23-24","low"
"6092","4/18/2024","9:00","35.564","shrub","low_north","winter23-24","low"
"6103","4/18/2024","15:00","55.537","shrub","low_north","winter23-24","low"
"6116","4/18/2024","21:00","41.625","shrub","low_north","winter23-24","low"
"6123","4/19/2024","3:00","35.951","shrub","low_north","winter23-24","low"
"6133","4/19/2024","9:00","38.629","shrub","low_north","winter23-24","low"
"6143","4/19/2024","15:00","55.711","shrub","low_north","winter23-24","low"
"6153","4/19/2024","21:00","41.81","shrub","low_north","winter23-24","low"
"6163","4/20/2024","3:00","36.914","shrub","low_north","winter23-24","low"
"6173","4/20/2024","9:00","39.947","shrub","low_north","winter23-24","low"
"6183","4/20/2024","15:00","59.337","shrub","low_north","winter23-24","low"
"6193","4/20/2024","21:00","45.104","shrub","low_north","winter23-24","low"
"6203","4/21/2024","3:00","39.76","shrub","low_north","winter23-24","low"
"6215","4/21/2024","9:00","45.104","shrub","low_north","winter23-24","low"
"6223","4/21/2024","15:00","62.425","shrub","low_north","winter23-24","low"
"6233","4/21/2024","21:00","49.228","shrub","low_north","winter23-24","low"
"6243","4/22/2024","3:00","43.282","shrub","low_north","winter23-24","low"
"6253","4/22/2024","9:00","45.466","shrub","low_north","winter23-24","low"
"6263","4/22/2024","15:00","64.825","shrub","low_north","winter23-24","low"
"6272","4/22/2024","21:00","49.228","shrub","low_north","winter23-24","low"
"6282","4/23/2024","3:00","42.548","shrub","low_north","winter23-24","low"
"6292","4/23/2024","9:00","46.188","shrub","low_north","winter23-24","low"
"6302","4/23/2024","15:00","64.481","shrub","low_north","winter23-24","low"
"6314","4/23/2024","21:00","50.113","shrub","low_north","winter23-24","low"
"6323","4/24/2024","3:00","44.56","shrub","low_north","winter23-24","low"
"6333","4/24/2024","9:00","49.228","shrub","low_north","winter23-24","low"
"6343","4/24/2024","15:00","68.934","shrub","low_north","winter23-24","low"
"2150","11/18/2023","15:00","40.134","shrub","high_gate","winter23-24","high"
"3140","11/18/2023","21:00","32.018","shrub","high_gate","winter23-24","high"
"4130","11/19/2023","3:00","34.198","shrub","high_gate","winter23-24","high"
"5106","11/19/2023","9:00","36.338","shrub","high_gate","winter23-24","high"
"650","11/19/2023","15:00","37.679","shrub","high_gate","winter23-24","high"
"740","11/19/2023","21:00","34.002","shrub","high_gate","winter23-24","high"
"840","11/20/2023","3:00","30.607","shrub","high_gate","winter23-24","high"
"940","11/20/2023","9:00","29.995","shrub","high_gate","winter23-24","high"
"1040","11/20/2023","15:00","32.617","shrub","high_gate","winter23-24","high"
"1140","11/20/2023","21:00","28.346","shrub","high_gate","winter23-24","high"
"1240","11/21/2023","3:00","27.511","shrub","high_gate","winter23-24","high"
"1340","11/21/2023","9:00","29.586","shrub","high_gate","winter23-24","high"
"1440","11/21/2023","15:00","32.617","shrub","high_gate","winter23-24","high"
"1540","11/21/2023","21:00","28.555","shrub","high_gate","winter23-24","high"
"1640","11/22/2023","3:00","27.091","shrub","high_gate","winter23-24","high"
"1740","11/22/2023","9:00","28.969","shrub","high_gate","winter23-24","high"
"1840","11/22/2023","15:00","34.394","shrub","high_gate","winter23-24","high"
"1940","11/22/2023","21:00","32.218","shrub","high_gate","winter23-24","high"
"2040","11/23/2023","3:00","31.213","shrub","high_gate","winter23-24","high"
"2160","11/23/2023","9:00","31.213","shrub","high_gate","winter23-24","high"
"2240","11/23/2023","15:00","33.013","shrub","high_gate","winter23-24","high"
"2340","11/23/2023","21:00","31.617","shrub","high_gate","winter23-24","high"
"2440","11/24/2023","3:00","31.213","shrub","high_gate","winter23-24","high"
"2540","11/24/2023","9:00","30.198","shrub","high_gate","winter23-24","high"
"2640","11/24/2023","15:00","31.213","shrub","high_gate","winter23-24","high"
"2740","11/24/2023","21:00","27.93","shrub","high_gate","winter23-24","high"
"2840","11/25/2023","3:00","26.881","shrub","high_gate","winter23-24","high"
"2930","11/25/2023","9:00","27.091","shrub","high_gate","winter23-24","high"
"3030","11/25/2023","15:00","29.995","shrub","high_gate","winter23-24","high"
"3149","11/25/2023","21:00","27.721","shrub","high_gate","winter23-24","high"
"3230","11/26/2023","3:00","27.721","shrub","high_gate","winter23-24","high"
"3330","11/26/2023","9:00","28.346","shrub","high_gate","winter23-24","high"
"3430","11/26/2023","15:00","29.79","shrub","high_gate","winter23-24","high"
"3530","11/26/2023","21:00","28.346","shrub","high_gate","winter23-24","high"
"3630","11/27/2023","3:00","27.93","shrub","high_gate","winter23-24","high"
"3730","11/27/2023","9:00","28.139","shrub","high_gate","winter23-24","high"
"3830","11/27/2023","15:00","31.213","shrub","high_gate","winter23-24","high"
"3930","11/27/2023","21:00","24.744","shrub","high_gate","winter23-24","high"
"4030","11/28/2023","3:00","23.875","shrub","high_gate","winter23-24","high"
"4139","11/28/2023","9:00","24.526","shrub","high_gate","winter23-24","high"
"4230","11/28/2023","15:00","29.79","shrub","high_gate","winter23-24","high"
"4330","11/28/2023","21:00","24.744","shrub","high_gate","winter23-24","high"
"4430","11/29/2023","3:00","23.216","shrub","high_gate","winter23-24","high"
"4530","11/29/2023","9:00","24.526","shrub","high_gate","winter23-24","high"
"4629","11/29/2023","15:00","29.379","shrub","high_gate","winter23-24","high"
"4716","11/29/2023","21:00","24.093","shrub","high_gate","winter23-24","high"
"4816","11/30/2023","3:00","23.436","shrub","high_gate","winter23-24","high"
"4916","11/30/2023","9:00","22.995","shrub","high_gate","winter23-24","high"
"5016","11/30/2023","15:00","30.607","shrub","high_gate","winter23-24","high"
"5117","11/30/2023","21:00","25.819","shrub","high_gate","winter23-24","high"
"5216","12/1/2023","3:00","25.39","shrub","high_gate","winter23-24","high"
"5316","12/1/2023","9:00","25.174","shrub","high_gate","winter23-24","high"
"5416","12/1/2023","15:00","28.762","shrub","high_gate","winter23-24","high"
"5516","12/1/2023","21:00","27.93","shrub","high_gate","winter23-24","high"
"5616","12/2/2023","3:00","27.511","shrub","high_gate","winter23-24","high"
"5716","12/2/2023","9:00","27.511","shrub","high_gate","winter23-24","high"
"5816","12/2/2023","15:00","28.555","shrub","high_gate","winter23-24","high"
"5916","12/2/2023","21:00","28.346","shrub","high_gate","winter23-24","high"
"6016","12/3/2023","3:00","25.605","shrub","high_gate","winter23-24","high"
"6117","12/3/2023","9:00","26.458","shrub","high_gate","winter23-24","high"
"6216","12/3/2023","15:00","29.586","shrub","high_gate","winter23-24","high"
"6315","12/3/2023","21:00","28.969","shrub","high_gate","winter23-24","high"
"6410","12/4/2023","3:00","28.762","shrub","high_gate","winter23-24","high"
"6510","12/4/2023","9:00","29.586","shrub","high_gate","winter23-24","high"
"6610","12/4/2023","15:00","31.012","shrub","high_gate","winter23-24","high"
"6710","12/4/2023","21:00","31.213","shrub","high_gate","winter23-24","high"
"6810","12/5/2023","3:00","31.415","shrub","high_gate","winter23-24","high"
"6910","12/5/2023","9:00","31.617","shrub","high_gate","winter23-24","high"
"7010","12/5/2023","15:00","32.418","shrub","high_gate","winter23-24","high"
"7114","12/5/2023","21:00","32.418","shrub","high_gate","winter23-24","high"
"7212","12/6/2023","3:00","32.218","shrub","high_gate","winter23-24","high"
"7310","12/6/2023","9:00","32.218","shrub","high_gate","winter23-24","high"
"7410","12/6/2023","15:00","32.418","shrub","high_gate","winter23-24","high"
"7510","12/6/2023","21:00","32.218","shrub","high_gate","winter23-24","high"
"7610","12/7/2023","3:00","32.218","shrub","high_gate","winter23-24","high"
"7710","12/7/2023","9:00","32.218","shrub","high_gate","winter23-24","high"
"7810","12/7/2023","15:00","32.218","shrub","high_gate","winter23-24","high"
"7910","12/7/2023","21:00","30.403","shrub","high_gate","winter23-24","high"
"8010","12/8/2023","3:00","30.808","shrub","high_gate","winter23-24","high"
"8114","12/8/2023","9:00","30.403","shrub","high_gate","winter23-24","high"
"8212","12/8/2023","15:00","30.607","shrub","high_gate","winter23-24","high"
"8310","12/8/2023","21:00","28.762","shrub","high_gate","winter23-24","high"
"8410","12/9/2023","3:00","27.091","shrub","high_gate","winter23-24","high"
"8510","12/9/2023","9:00","25.605","shrub","high_gate","winter23-24","high"
"8610","12/9/2023","15:00","28.555","shrub","high_gate","winter23-24","high"
"8710","12/9/2023","21:00","27.721","shrub","high_gate","winter23-24","high"
"8810","12/10/2023","3:00","27.511","shrub","high_gate","winter23-24","high"
"8910","12/10/2023","9:00","27.93","shrub","high_gate","winter23-24","high"
"9010","12/10/2023","15:00","29.586","shrub","high_gate","winter23-24","high"
"9114","12/10/2023","21:00","29.379","shrub","high_gate","winter23-24","high"
"9212","12/11/2023","3:00","29.379","shrub","high_gate","winter23-24","high"
"9310","12/11/2023","9:00","29.586","shrub","high_gate","winter23-24","high"
"9410","12/11/2023","15:00","30.607","shrub","high_gate","winter23-24","high"
"9510","12/11/2023","21:00","30.198","shrub","high_gate","winter23-24","high"
"9610","12/12/2023","3:00","29.379","shrub","high_gate","winter23-24","high"
"9710","12/12/2023","9:00","28.346","shrub","high_gate","winter23-24","high"
"9810","12/12/2023","15:00","29.995","shrub","high_gate","winter23-24","high"
"9910","12/12/2023","21:00","28.762","shrub","high_gate","winter23-24","high"
"10010","12/13/2023","3:00","27.511","shrub","high_gate","winter23-24","high"
"10114","12/13/2023","9:00","27.091","shrub","high_gate","winter23-24","high"
"10212","12/13/2023","15:00","29.174","shrub","high_gate","winter23-24","high"
"10310","12/13/2023","21:00","28.139","shrub","high_gate","winter23-24","high"
"10410","12/14/2023","3:00","26.881","shrub","high_gate","winter23-24","high"
"10510","12/14/2023","9:00","26.031","shrub","high_gate","winter23-24","high"
"10610","12/14/2023","15:00","28.346","shrub","high_gate","winter23-24","high"
"10710","12/14/2023","21:00","27.091","shrub","high_gate","winter23-24","high"
"10810","12/15/2023","3:00","26.245","shrub","high_gate","winter23-24","high"
"10910","12/15/2023","9:00","25.819","shrub","high_gate","winter23-24","high"
"11010","12/15/2023","15:00","28.555","shrub","high_gate","winter23-24","high"
"11114","12/15/2023","21:00","27.511","shrub","high_gate","winter23-24","high"
"11212","12/16/2023","3:00","26.668","shrub","high_gate","winter23-24","high"
"11310","12/16/2023","9:00","26.031","shrub","high_gate","winter23-24","high"
"11410","12/16/2023","15:00","28.762","shrub","high_gate","winter23-24","high"
"11510","12/16/2023","21:00","27.091","shrub","high_gate","winter23-24","high"
"11610","12/17/2023","3:00","26.031","shrub","high_gate","winter23-24","high"
"11710","12/17/2023","9:00","25.174","shrub","high_gate","winter23-24","high"
"11810","12/17/2023","15:00","28.139","shrub","high_gate","winter23-24","high"
"11910","12/17/2023","21:00","26.881","shrub","high_gate","winter23-24","high"
"12010","12/18/2023","3:00","25.605","shrub","high_gate","winter23-24","high"
"12114","12/18/2023","9:00","25.819","shrub","high_gate","winter23-24","high"
"12212","12/18/2023","15:00","28.762","shrub","high_gate","winter23-24","high"
"12310","12/18/2023","21:00","28.139","shrub","high_gate","winter23-24","high"
"12410","12/19/2023","3:00","27.511","shrub","high_gate","winter23-24","high"
"12510","12/19/2023","9:00","28.346","shrub","high_gate","winter23-24","high"
"12610","12/19/2023","15:00","30.808","shrub","high_gate","winter23-24","high"
"12710","12/19/2023","21:00","29.79","shrub","high_gate","winter23-24","high"
"12810","12/20/2023","3:00","29.379","shrub","high_gate","winter23-24","high"
"12910","12/20/2023","9:00","29.995","shrub","high_gate","winter23-24","high"
"13010","12/20/2023","15:00","32.218","shrub","high_gate","winter23-24","high"
"13114","12/20/2023","21:00","32.218","shrub","high_gate","winter23-24","high"
"13212","12/21/2023","3:00","30.198","shrub","high_gate","winter23-24","high"
"13310","12/21/2023","9:00","30.808","shrub","high_gate","winter23-24","high"
"13410","12/21/2023","15:00","32.218","shrub","high_gate","winter23-24","high"
"13510","12/21/2023","21:00","32.418","shrub","high_gate","winter23-24","high"
"13610","12/22/2023","3:00","32.218","shrub","high_gate","winter23-24","high"
"13710","12/22/2023","9:00","32.218","shrub","high_gate","winter23-24","high"
"13810","12/22/2023","15:00","32.418","shrub","high_gate","winter23-24","high"
"13910","12/22/2023","21:00","32.418","shrub","high_gate","winter23-24","high"
"14010","12/23/2023","3:00","32.418","shrub","high_gate","winter23-24","high"
"14114","12/23/2023","9:00","32.418","shrub","high_gate","winter23-24","high"
"14212","12/23/2023","15:00","31.816","shrub","high_gate","winter23-24","high"
"14310","12/23/2023","21:00","30.808","shrub","high_gate","winter23-24","high"
"14410","12/24/2023","3:00","28.762","shrub","high_gate","winter23-24","high"
"14510","12/24/2023","9:00","26.458","shrub","high_gate","winter23-24","high"
"14610","12/24/2023","15:00","28.139","shrub","high_gate","winter23-24","high"
"14710","12/24/2023","21:00","25.605","shrub","high_gate","winter23-24","high"
"14810","12/25/2023","3:00","23.655","shrub","high_gate","winter23-24","high"
"14910","12/25/2023","9:00","24.31","shrub","high_gate","winter23-24","high"
"15010","12/25/2023","15:00","25.605","shrub","high_gate","winter23-24","high"
"15114","12/25/2023","21:00","22.552","shrub","high_gate","winter23-24","high"
"15212","12/26/2023","3:00","20.757","shrub","high_gate","winter23-24","high"
"15310","12/26/2023","9:00","19.843","shrub","high_gate","winter23-24","high"
"15410","12/26/2023","15:00","24.744","shrub","high_gate","winter23-24","high"
"15510","12/26/2023","21:00","23.216","shrub","high_gate","winter23-24","high"
"15610","12/27/2023","3:00","23.436","shrub","high_gate","winter23-24","high"
"15710","12/27/2023","9:00","24.093","shrub","high_gate","winter23-24","high"
"15810","12/27/2023","15:00","26.458","shrub","high_gate","winter23-24","high"
"15910","12/27/2023","21:00","24.093","shrub","high_gate","winter23-24","high"
"16010","12/28/2023","3:00","24.526","shrub","high_gate","winter23-24","high"
"16114","12/28/2023","9:00","24.31","shrub","high_gate","winter23-24","high"
"16212","12/28/2023","15:00","27.511","shrub","high_gate","winter23-24","high"
"16310","12/28/2023","21:00","25.39","shrub","high_gate","winter23-24","high"
"16410","12/29/2023","3:00","24.526","shrub","high_gate","winter23-24","high"
"16510","12/29/2023","9:00","24.744","shrub","high_gate","winter23-24","high"
"16610","12/29/2023","15:00","29.174","shrub","high_gate","winter23-24","high"
"16710","12/29/2023","21:00","27.091","shrub","high_gate","winter23-24","high"
"16810","12/30/2023","3:00","25.819","shrub","high_gate","winter23-24","high"
"16910","12/30/2023","9:00","25.605","shrub","high_gate","winter23-24","high"
"17010","12/30/2023","15:00","30.403","shrub","high_gate","winter23-24","high"
"17114","12/30/2023","21:00","28.969","shrub","high_gate","winter23-24","high"
"17212","12/31/2023","3:00","26.881","shrub","high_gate","winter23-24","high"
"17310","12/31/2023","9:00","26.031","shrub","high_gate","winter23-24","high"
"17410","12/31/2023","15:00","30.403","shrub","high_gate","winter23-24","high"
"17510","12/31/2023","21:00","25.605","shrub","high_gate","winter23-24","high"
"17610","1/1/2024","3:00","23.655","shrub","high_gate","winter23-24","high"
"17710","1/1/2024","9:00","22.995","shrub","high_gate","winter23-24","high"
"17810","1/1/2024","15:00","30.198","shrub","high_gate","winter23-24","high"
"17910","1/1/2024","21:00","25.39","shrub","high_gate","winter23-24","high"
"18010","1/2/2024","3:00","22.552","shrub","high_gate","winter23-24","high"
"18114","1/2/2024","9:00","23.216","shrub","high_gate","winter23-24","high"
"18212","1/2/2024","15:00","28.555","shrub","high_gate","winter23-24","high"
"18310","1/2/2024","21:00","23.875","shrub","high_gate","winter23-24","high"
"18410","1/3/2024","3:00","21.659","shrub","high_gate","winter23-24","high"
"18510","1/3/2024","9:00","20.984","shrub","high_gate","winter23-24","high"
"18610","1/3/2024","15:00","28.346","shrub","high_gate","winter23-24","high"
"18710","1/3/2024","21:00","25.605","shrub","high_gate","winter23-24","high"
"18810","1/4/2024","3:00","26.031","shrub","high_gate","winter23-24","high"
"18910","1/4/2024","9:00","25.605","shrub","high_gate","winter23-24","high"
"19010","1/4/2024","15:00","30.403","shrub","high_gate","winter23-24","high"
"19114","1/4/2024","21:00","28.346","shrub","high_gate","winter23-24","high"
"19212","1/5/2024","3:00","27.511","shrub","high_gate","winter23-24","high"
"19310","1/5/2024","9:00","26.881","shrub","high_gate","winter23-24","high"
"19410","1/5/2024","15:00","28.346","shrub","high_gate","winter23-24","high"
"19510","1/5/2024","21:00","23.436","shrub","high_gate","winter23-24","high"
"19610","1/6/2024","3:00","21.209","shrub","high_gate","winter23-24","high"
"19710","1/6/2024","9:00","22.33","shrub","high_gate","winter23-24","high"
"19810","1/6/2024","15:00","26.245","shrub","high_gate","winter23-24","high"
"19910","1/6/2024","21:00","24.96","shrub","high_gate","winter23-24","high"
"20010","1/7/2024","3:00","25.39","shrub","high_gate","winter23-24","high"
"20114","1/7/2024","9:00","25.174","shrub","high_gate","winter23-24","high"
"20212","1/7/2024","15:00","26.031","shrub","high_gate","winter23-24","high"
"20310","1/7/2024","21:00","25.39","shrub","high_gate","winter23-24","high"
"20410","1/8/2024","3:00","23.875","shrub","high_gate","winter23-24","high"
"20510","1/8/2024","9:00","23.216","shrub","high_gate","winter23-24","high"
"20610","1/8/2024","15:00","24.744","shrub","high_gate","winter23-24","high"
"20710","1/8/2024","21:00","24.526","shrub","high_gate","winter23-24","high"
"20810","1/9/2024","3:00","24.093","shrub","high_gate","winter23-24","high"
"20910","1/9/2024","9:00","24.526","shrub","high_gate","winter23-24","high"
"21014","1/9/2024","15:00","25.174","shrub","high_gate","winter23-24","high"
"21114","1/9/2024","21:00","25.174","shrub","high_gate","winter23-24","high"
"21213","1/10/2024","3:00","25.174","shrub","high_gate","winter23-24","high"
"21311","1/10/2024","9:00","25.174","shrub","high_gate","winter23-24","high"
"21411","1/10/2024","15:00","25.605","shrub","high_gate","winter23-24","high"
"21510","1/10/2024","21:00","25.819","shrub","high_gate","winter23-24","high"
"21610","1/11/2024","3:00","25.819","shrub","high_gate","winter23-24","high"
"21710","1/11/2024","9:00","25.174","shrub","high_gate","winter23-24","high"
"21810","1/11/2024","15:00","25.174","shrub","high_gate","winter23-24","high"
"21910","1/11/2024","21:00","25.39","shrub","high_gate","winter23-24","high"
"22010","1/12/2024","3:00","25.605","shrub","high_gate","winter23-24","high"
"22114","1/12/2024","9:00","25.819","shrub","high_gate","winter23-24","high"
"22212","1/12/2024","15:00","25.605","shrub","high_gate","winter23-24","high"
"22310","1/12/2024","21:00","23.655","shrub","high_gate","winter23-24","high"
"22410","1/13/2024","3:00","20.529","shrub","high_gate","winter23-24","high"
"22510","1/13/2024","9:00","19.382","shrub","high_gate","winter23-24","high"
"22610","1/13/2024","15:00","20.302","shrub","high_gate","winter23-24","high"
"22710","1/13/2024","21:00","19.843","shrub","high_gate","winter23-24","high"
"22810","1/14/2024","3:00","19.843","shrub","high_gate","winter23-24","high"
"22910","1/14/2024","9:00","19.843","shrub","high_gate","winter23-24","high"
"23010","1/14/2024","15:00","21.209","shrub","high_gate","winter23-24","high"
"23114","1/14/2024","21:00","22.33","shrub","high_gate","winter23-24","high"
"23212","1/15/2024","3:00","21.884","shrub","high_gate","winter23-24","high"
"23310","1/15/2024","9:00","20.073","shrub","high_gate","winter23-24","high"
"23410","1/15/2024","15:00","20.302","shrub","high_gate","winter23-24","high"
"23510","1/15/2024","21:00","19.843","shrub","high_gate","winter23-24","high"
"23610","1/16/2024","3:00","18.685","shrub","high_gate","winter23-24","high"
"23710","1/16/2024","9:00","18.451","shrub","high_gate","winter23-24","high"
"23810","1/16/2024","15:00","19.382","shrub","high_gate","winter23-24","high"
"23910","1/16/2024","21:00","19.843","shrub","high_gate","winter23-24","high"
"24010","1/17/2024","3:00","20.302","shrub","high_gate","winter23-24","high"
"24114","1/17/2024","9:00","21.209","shrub","high_gate","winter23-24","high"
"24212","1/17/2024","15:00","22.33","shrub","high_gate","winter23-24","high"
"24310","1/17/2024","21:00","22.995","shrub","high_gate","winter23-24","high"
"24410","1/18/2024","3:00","23.436","shrub","high_gate","winter23-24","high"
"24510","1/18/2024","9:00","23.436","shrub","high_gate","winter23-24","high"
"24610","1/18/2024","15:00","24.093","shrub","high_gate","winter23-24","high"
"24710","1/18/2024","21:00","24.526","shrub","high_gate","winter23-24","high"
"24810","1/19/2024","3:00","24.744","shrub","high_gate","winter23-24","high"
"24910","1/19/2024","9:00","25.174","shrub","high_gate","winter23-24","high"
"25010","1/19/2024","15:00","26.031","shrub","high_gate","winter23-24","high"
"25114","1/19/2024","21:00","26.458","shrub","high_gate","winter23-24","high"
"25212","1/20/2024","3:00","26.458","shrub","high_gate","winter23-24","high"
"25310","1/20/2024","9:00","26.668","shrub","high_gate","winter23-24","high"
"25410","1/20/2024","15:00","28.555","shrub","high_gate","winter23-24","high"
"25510","1/20/2024","21:00","28.762","shrub","high_gate","winter23-24","high"
"25610","1/21/2024","3:00","28.762","shrub","high_gate","winter23-24","high"
"25710","1/21/2024","9:00","28.762","shrub","high_gate","winter23-24","high"
"25810","1/21/2024","15:00","28.969","shrub","high_gate","winter23-24","high"
"25910","1/21/2024","21:00","29.174","shrub","high_gate","winter23-24","high"
"26010","1/22/2024","3:00","29.379","shrub","high_gate","winter23-24","high"
"26114","1/22/2024","9:00","29.379","shrub","high_gate","winter23-24","high"
"26212","1/22/2024","15:00","29.79","shrub","high_gate","winter23-24","high"
"26310","1/22/2024","21:00","29.995","shrub","high_gate","winter23-24","high"
"26410","1/23/2024","3:00","29.995","shrub","high_gate","winter23-24","high"
"26510","1/23/2024","9:00","29.995","shrub","high_gate","winter23-24","high"
"26610","1/23/2024","15:00","31.415","shrub","high_gate","winter23-24","high"
"26710","1/23/2024","21:00","31.415","shrub","high_gate","winter23-24","high"
"26810","1/24/2024","3:00","31.012","shrub","high_gate","winter23-24","high"
"26910","1/24/2024","9:00","30.808","shrub","high_gate","winter23-24","high"
"27010","1/24/2024","15:00","30.808","shrub","high_gate","winter23-24","high"
"27114","1/24/2024","21:00","30.808","shrub","high_gate","winter23-24","high"
"27212","1/25/2024","3:00","30.808","shrub","high_gate","winter23-24","high"
"27310","1/25/2024","9:00","30.607","shrub","high_gate","winter23-24","high"
"27410","1/25/2024","15:00","30.808","shrub","high_gate","winter23-24","high"
"27510","1/25/2024","21:00","30.808","shrub","high_gate","winter23-24","high"
"27610","1/26/2024","3:00","30.808","shrub","high_gate","winter23-24","high"
"27710","1/26/2024","9:00","29.79","shrub","high_gate","winter23-24","high"
"27810","1/26/2024","15:00","29.995","shrub","high_gate","winter23-24","high"
"27910","1/26/2024","21:00","29.995","shrub","high_gate","winter23-24","high"
"28010","1/27/2024","3:00","29.79","shrub","high_gate","winter23-24","high"
"28114","1/27/2024","9:00","29.79","shrub","high_gate","winter23-24","high"
"28212","1/27/2024","15:00","30.403","shrub","high_gate","winter23-24","high"
"28310","1/27/2024","21:00","30.403","shrub","high_gate","winter23-24","high"
"28410","1/28/2024","3:00","30.198","shrub","high_gate","winter23-24","high"
"28510","1/28/2024","9:00","30.198","shrub","high_gate","winter23-24","high"
"2869","1/28/2024","15:00","30.607","shrub","high_gate","winter23-24","high"
"2879","1/28/2024","21:00","31.617","shrub","high_gate","winter23-24","high"
"2889","1/29/2024","3:00","31.617","shrub","high_gate","winter23-24","high"
"2899","1/29/2024","9:00","31.617","shrub","high_gate","winter23-24","high"
"2909","1/29/2024","15:00","32.018","shrub","high_gate","winter23-24","high"
"29114","1/29/2024","21:00","32.018","shrub","high_gate","winter23-24","high"
"29211","1/30/2024","3:00","32.018","shrub","high_gate","winter23-24","high"
"2939","1/30/2024","9:00","32.018","shrub","high_gate","winter23-24","high"
"2949","1/30/2024","15:00","32.218","shrub","high_gate","winter23-24","high"
"2959","1/30/2024","21:00","32.218","shrub","high_gate","winter23-24","high"
"2969","1/31/2024","3:00","32.218","shrub","high_gate","winter23-24","high"
"2979","1/31/2024","9:00","32.018","shrub","high_gate","winter23-24","high"
"2989","1/31/2024","15:00","32.218","shrub","high_gate","winter23-24","high"
"2999","1/31/2024","21:00","32.218","shrub","high_gate","winter23-24","high"
"3009","2/1/2024","3:00","32.218","shrub","high_gate","winter23-24","high"
"30114","2/1/2024","9:00","32.018","shrub","high_gate","winter23-24","high"
"30211","2/1/2024","15:00","32.218","shrub","high_gate","winter23-24","high"
"3039","2/1/2024","21:00","32.218","shrub","high_gate","winter23-24","high"
"3049","2/2/2024","3:00","32.218","shrub","high_gate","winter23-24","high"
"3059","2/2/2024","9:00","32.218","shrub","high_gate","winter23-24","high"
"3069","2/2/2024","15:00","32.418","shrub","high_gate","winter23-24","high"
"3079","2/2/2024","21:00","32.218","shrub","high_gate","winter23-24","high"
"3089","2/3/2024","3:00","32.218","shrub","high_gate","winter23-24","high"
"3099","2/3/2024","9:00","32.418","shrub","high_gate","winter23-24","high"
"31014","2/3/2024","15:00","32.418","shrub","high_gate","winter23-24","high"
"31114","2/3/2024","21:00","32.418","shrub","high_gate","winter23-24","high"
"31212","2/4/2024","3:00","32.418","shrub","high_gate","winter23-24","high"
"31310","2/4/2024","9:00","32.418","shrub","high_gate","winter23-24","high"
"31410","2/4/2024","15:00","32.418","shrub","high_gate","winter23-24","high"
"3159","2/4/2024","21:00","32.418","shrub","high_gate","winter23-24","high"
"3169","2/5/2024","3:00","32.418","shrub","high_gate","winter23-24","high"
"3179","2/5/2024","9:00","32.418","shrub","high_gate","winter23-24","high"
"3189","2/5/2024","15:00","32.218","shrub","high_gate","winter23-24","high"
"3199","2/5/2024","21:00","32.218","shrub","high_gate","winter23-24","high"
"3209","2/6/2024","3:00","32.418","shrub","high_gate","winter23-24","high"
"32114","2/6/2024","9:00","32.218","shrub","high_gate","winter23-24","high"
"32211","2/6/2024","15:00","32.218","shrub","high_gate","winter23-24","high"
"3239","2/6/2024","21:00","32.418","shrub","high_gate","winter23-24","high"
"3249","2/7/2024","3:00","32.418","shrub","high_gate","winter23-24","high"
"3259","2/7/2024","9:00","32.418","shrub","high_gate","winter23-24","high"
"3269","2/7/2024","15:00","32.418","shrub","high_gate","winter23-24","high"
"3279","2/7/2024","21:00","32.218","shrub","high_gate","winter23-24","high"
"3289","2/8/2024","3:00","32.418","shrub","high_gate","winter23-24","high"
"3299","2/8/2024","9:00","32.418","shrub","high_gate","winter23-24","high"
"3309","2/8/2024","15:00","32.418","shrub","high_gate","winter23-24","high"
"33114","2/8/2024","21:00","32.418","shrub","high_gate","winter23-24","high"
"33211","2/9/2024","3:00","32.418","shrub","high_gate","winter23-24","high"
"3339","2/9/2024","9:00","32.418","shrub","high_gate","winter23-24","high"
"3349","2/9/2024","15:00","32.418","shrub","high_gate","winter23-24","high"
"3359","2/9/2024","21:00","32.418","shrub","high_gate","winter23-24","high"
"3369","2/10/2024","3:00","32.218","shrub","high_gate","winter23-24","high"
"3379","2/10/2024","9:00","32.218","shrub","high_gate","winter23-24","high"
"3389","2/10/2024","15:00","32.218","shrub","high_gate","winter23-24","high"
"3399","2/10/2024","21:00","32.218","shrub","high_gate","winter23-24","high"
"3409","2/11/2024","3:00","32.218","shrub","high_gate","winter23-24","high"
"34114","2/11/2024","9:00","32.018","shrub","high_gate","winter23-24","high"
"34211","2/11/2024","15:00","32.018","shrub","high_gate","winter23-24","high"
"3439","2/11/2024","21:00","32.218","shrub","high_gate","winter23-24","high"
"3449","2/12/2024","3:00","32.018","shrub","high_gate","winter23-24","high"
"3459","2/12/2024","9:00","32.218","shrub","high_gate","winter23-24","high"
"3469","2/12/2024","15:00","32.018","shrub","high_gate","winter23-24","high"
"3479","2/12/2024","21:00","32.218","shrub","high_gate","winter23-24","high"
"3489","2/13/2024","3:00","32.018","shrub","high_gate","winter23-24","high"
"3499","2/13/2024","9:00","32.018","shrub","high_gate","winter23-24","high"
"3509","2/13/2024","15:00","32.018","shrub","high_gate","winter23-24","high"
"35114","2/13/2024","21:00","32.018","shrub","high_gate","winter23-24","high"
"35211","2/14/2024","3:00","32.018","shrub","high_gate","winter23-24","high"
"3539","2/14/2024","9:00","31.816","shrub","high_gate","winter23-24","high"
"3549","2/14/2024","15:00","31.816","shrub","high_gate","winter23-24","high"
"3559","2/14/2024","21:00","31.816","shrub","high_gate","winter23-24","high"
"3569","2/15/2024","3:00","31.816","shrub","high_gate","winter23-24","high"
"3579","2/15/2024","9:00","32.018","shrub","high_gate","winter23-24","high"
"3589","2/15/2024","15:00","32.018","shrub","high_gate","winter23-24","high"
"3599","2/15/2024","21:00","32.218","shrub","high_gate","winter23-24","high"
"3609","2/16/2024","3:00","32.218","shrub","high_gate","winter23-24","high"
"36114","2/16/2024","9:00","32.218","shrub","high_gate","winter23-24","high"
"36211","2/16/2024","15:00","31.816","shrub","high_gate","winter23-24","high"
"3639","2/16/2024","21:00","31.617","shrub","high_gate","winter23-24","high"
"3649","2/17/2024","3:00","31.213","shrub","high_gate","winter23-24","high"
"3659","2/17/2024","9:00","30.808","shrub","high_gate","winter23-24","high"
"3669","2/17/2024","15:00","30.607","shrub","high_gate","winter23-24","high"
"3679","2/17/2024","21:00","30.808","shrub","high_gate","winter23-24","high"
"3689","2/18/2024","3:00","30.607","shrub","high_gate","winter23-24","high"
"3699","2/18/2024","9:00","30.607","shrub","high_gate","winter23-24","high"
"3709","2/18/2024","15:00","30.808","shrub","high_gate","winter23-24","high"
"37114","2/18/2024","21:00","31.012","shrub","high_gate","winter23-24","high"
"37211","2/19/2024","3:00","31.213","shrub","high_gate","winter23-24","high"
"3739","2/19/2024","9:00","31.415","shrub","high_gate","winter23-24","high"
"3749","2/19/2024","15:00","31.415","shrub","high_gate","winter23-24","high"
"3759","2/19/2024","21:00","31.617","shrub","high_gate","winter23-24","high"
"3769","2/20/2024","3:00","31.617","shrub","high_gate","winter23-24","high"
"3779","2/20/2024","9:00","31.816","shrub","high_gate","winter23-24","high"
"3789","2/20/2024","15:00","31.816","shrub","high_gate","winter23-24","high"
"3799","2/20/2024","21:00","31.816","shrub","high_gate","winter23-24","high"
"3809","2/21/2024","3:00","32.018","shrub","high_gate","winter23-24","high"
"38114","2/21/2024","9:00","32.018","shrub","high_gate","winter23-24","high"
"38211","2/21/2024","15:00","32.018","shrub","high_gate","winter23-24","high"
"3839","2/21/2024","21:00","32.018","shrub","high_gate","winter23-24","high"
"3849","2/22/2024","3:00","32.018","shrub","high_gate","winter23-24","high"
"3859","2/22/2024","9:00","32.018","shrub","high_gate","winter23-24","high"
"3869","2/22/2024","15:00","32.018","shrub","high_gate","winter23-24","high"
"3879","2/22/2024","21:00","32.018","shrub","high_gate","winter23-24","high"
"3889","2/23/2024","3:00","32.018","shrub","high_gate","winter23-24","high"
"3899","2/23/2024","9:00","32.018","shrub","high_gate","winter23-24","high"
"3909","2/23/2024","15:00","32.018","shrub","high_gate","winter23-24","high"
"39114","2/23/2024","21:00","32.018","shrub","high_gate","winter23-24","high"
"39211","2/24/2024","3:00","32.018","shrub","high_gate","winter23-24","high"
"3939","2/24/2024","9:00","31.816","shrub","high_gate","winter23-24","high"
"3949","2/24/2024","15:00","31.816","shrub","high_gate","winter23-24","high"
"3959","2/24/2024","21:00","32.018","shrub","high_gate","winter23-24","high"
"3969","2/25/2024","3:00","32.018","shrub","high_gate","winter23-24","high"
"3979","2/25/2024","9:00","32.018","shrub","high_gate","winter23-24","high"
"3989","2/25/2024","15:00","32.018","shrub","high_gate","winter23-24","high"
"3999","2/25/2024","21:00","32.018","shrub","high_gate","winter23-24","high"
"4009","2/26/2024","3:00","32.018","shrub","high_gate","winter23-24","high"
"40114","2/26/2024","9:00","32.018","shrub","high_gate","winter23-24","high"
"40211","2/26/2024","15:00","32.018","shrub","high_gate","winter23-24","high"
"4039","2/26/2024","21:00","32.018","shrub","high_gate","winter23-24","high"
"4049","2/27/2024","3:00","31.816","shrub","high_gate","winter23-24","high"
"4059","2/27/2024","9:00","31.415","shrub","high_gate","winter23-24","high"
"4069","2/27/2024","15:00","31.213","shrub","high_gate","winter23-24","high"
"4079","2/27/2024","21:00","31.213","shrub","high_gate","winter23-24","high"
"4089","2/28/2024","3:00","30.808","shrub","high_gate","winter23-24","high"
"4099","2/28/2024","9:00","30.607","shrub","high_gate","winter23-24","high"
"41011","2/28/2024","15:00","30.607","shrub","high_gate","winter23-24","high"
"41114","2/28/2024","21:00","30.808","shrub","high_gate","winter23-24","high"
"41211","2/29/2024","3:00","31.012","shrub","high_gate","winter23-24","high"
"41310","2/29/2024","9:00","30.808","shrub","high_gate","winter23-24","high"
"4149","2/29/2024","15:00","30.808","shrub","high_gate","winter23-24","high"
"4159","2/29/2024","21:00","31.213","shrub","high_gate","winter23-24","high"
"4169","3/1/2024","3:00","31.415","shrub","high_gate","winter23-24","high"
"4179","3/1/2024","9:00","31.415","shrub","high_gate","winter23-24","high"
"4189","3/1/2024","15:00","31.415","shrub","high_gate","winter23-24","high"
"4199","3/1/2024","21:00","31.617","shrub","high_gate","winter23-24","high"
"4209","3/2/2024","3:00","31.617","shrub","high_gate","winter23-24","high"
"42114","3/2/2024","9:00","31.617","shrub","high_gate","winter23-24","high"
"42211","3/2/2024","15:00","31.617","shrub","high_gate","winter23-24","high"
"4239","3/2/2024","21:00","31.816","shrub","high_gate","winter23-24","high"
"4249","3/3/2024","3:00","31.816","shrub","high_gate","winter23-24","high"
"4259","3/3/2024","9:00","31.816","shrub","high_gate","winter23-24","high"
"4269","3/3/2024","15:00","31.617","shrub","high_gate","winter23-24","high"
"4279","3/3/2024","21:00","31.816","shrub","high_gate","winter23-24","high"
"4289","3/4/2024","3:00","31.617","shrub","high_gate","winter23-24","high"
"4299","3/4/2024","9:00","31.617","shrub","high_gate","winter23-24","high"
"4309","3/4/2024","15:00","31.617","shrub","high_gate","winter23-24","high"
"43114","3/4/2024","21:00","31.617","shrub","high_gate","winter23-24","high"
"43211","3/5/2024","3:00","31.617","shrub","high_gate","winter23-24","high"
"4339","3/5/2024","9:00","31.617","shrub","high_gate","winter23-24","high"
"4349","3/5/2024","15:00","31.617","shrub","high_gate","winter23-24","high"
"4359","3/5/2024","21:00","31.617","shrub","high_gate","winter23-24","high"
"4369","3/6/2024","3:00","31.617","shrub","high_gate","winter23-24","high"
"4379","3/6/2024","9:00","31.617","shrub","high_gate","winter23-24","high"
"4388","3/6/2024","15:00","31.617","shrub","high_gate","winter23-24","high"
"4398","3/6/2024","21:00","31.617","shrub","high_gate","winter23-24","high"
"4408","3/7/2024","3:00","31.816","shrub","high_gate","winter23-24","high"
"44113","3/7/2024","9:00","31.816","shrub","high_gate","winter23-24","high"
"44210","3/7/2024","15:00","31.816","shrub","high_gate","winter23-24","high"
"4438","3/7/2024","21:00","31.816","shrub","high_gate","winter23-24","high"
"4448","3/8/2024","3:00","31.816","shrub","high_gate","winter23-24","high"
"4458","3/8/2024","9:00","31.617","shrub","high_gate","winter23-24","high"
"4468","3/8/2024","15:00","31.415","shrub","high_gate","winter23-24","high"
"4478","3/8/2024","21:00","31.415","shrub","high_gate","winter23-24","high"
"4488","3/9/2024","3:00","31.617","shrub","high_gate","winter23-24","high"
"4498","3/9/2024","9:00","31.415","shrub","high_gate","winter23-24","high"
"4508","3/9/2024","15:00","31.415","shrub","high_gate","winter23-24","high"
"45113","3/9/2024","21:00","31.415","shrub","high_gate","winter23-24","high"
"45210","3/10/2024","3:00","31.617","shrub","high_gate","winter23-24","high"
"4538","3/10/2024","9:00","31.617","shrub","high_gate","winter23-24","high"
"4548","3/10/2024","15:00","31.617","shrub","high_gate","winter23-24","high"
"4558","3/10/2024","21:00","31.617","shrub","high_gate","winter23-24","high"
"4568","3/11/2024","3:00","31.617","shrub","high_gate","winter23-24","high"
"4578","3/11/2024","9:00","31.816","shrub","high_gate","winter23-24","high"
"4588","3/11/2024","15:00","31.617","shrub","high_gate","winter23-24","high"
"4598","3/11/2024","21:00","31.816","shrub","high_gate","winter23-24","high"
"4608","3/12/2024","3:00","32.018","shrub","high_gate","winter23-24","high"
"46112","3/12/2024","9:00","32.018","shrub","high_gate","winter23-24","high"
"46210","3/12/2024","15:00","32.018","shrub","high_gate","winter23-24","high"
"4638","3/12/2024","21:00","32.018","shrub","high_gate","winter23-24","high"
"4648","3/13/2024","3:00","32.018","shrub","high_gate","winter23-24","high"
"4658","3/13/2024","9:00","32.018","shrub","high_gate","winter23-24","high"
"4665","3/13/2024","15:00","32.218","shrub","high_gate","winter23-24","high"
"4675","3/13/2024","21:00","32.218","shrub","high_gate","winter23-24","high"
"4685","3/14/2024","3:00","32.218","shrub","high_gate","winter23-24","high"
"4694","3/14/2024","9:00","32.218","shrub","high_gate","winter23-24","high"
"4704","3/14/2024","15:00","32.218","shrub","high_gate","winter23-24","high"
"4717","3/14/2024","21:00","32.218","shrub","high_gate","winter23-24","high"
"4724","3/15/2024","3:00","32.218","shrub","high_gate","winter23-24","high"
"4734","3/15/2024","9:00","32.018","shrub","high_gate","winter23-24","high"
"4744","3/15/2024","15:00","32.018","shrub","high_gate","winter23-24","high"
"4754","3/15/2024","21:00","32.218","shrub","high_gate","winter23-24","high"
"4764","3/16/2024","3:00","32.218","shrub","high_gate","winter23-24","high"
"4774","3/16/2024","9:00","32.218","shrub","high_gate","winter23-24","high"
"4784","3/16/2024","15:00","32.218","shrub","high_gate","winter23-24","high"
"4794","3/16/2024","21:00","32.218","shrub","high_gate","winter23-24","high"
"4803","3/17/2024","3:00","32.218","shrub","high_gate","winter23-24","high"
"4817","3/17/2024","9:00","32.218","shrub","high_gate","winter23-24","high"
"4824","3/17/2024","15:00","32.218","shrub","high_gate","winter23-24","high"
"4834","3/17/2024","21:00","32.218","shrub","high_gate","winter23-24","high"
"4844","3/18/2024","3:00","32.218","shrub","high_gate","winter23-24","high"
"4854","3/18/2024","9:00","32.218","shrub","high_gate","winter23-24","high"
"4864","3/18/2024","15:00","32.418","shrub","high_gate","winter23-24","high"
"4873","3/18/2024","21:00","32.218","shrub","high_gate","winter23-24","high"
"4883","3/19/2024","3:00","32.418","shrub","high_gate","winter23-24","high"
"4893","3/19/2024","9:00","32.218","shrub","high_gate","winter23-24","high"
"4903","3/19/2024","15:00","32.418","shrub","high_gate","winter23-24","high"
"4917","3/19/2024","21:00","32.418","shrub","high_gate","winter23-24","high"
"4924","3/20/2024","3:00","32.218","shrub","high_gate","winter23-24","high"
"4934","3/20/2024","9:00","32.418","shrub","high_gate","winter23-24","high"
"4944","3/20/2024","15:00","32.418","shrub","high_gate","winter23-24","high"
"4954","3/20/2024","21:00","32.418","shrub","high_gate","winter23-24","high"
"4964","3/21/2024","3:00","32.418","shrub","high_gate","winter23-24","high"
"4973","3/21/2024","9:00","32.418","shrub","high_gate","winter23-24","high"
"4983","3/21/2024","15:00","32.418","shrub","high_gate","winter23-24","high"
"4993","3/21/2024","21:00","32.418","shrub","high_gate","winter23-24","high"
"5003","3/22/2024","3:00","32.418","shrub","high_gate","winter23-24","high"
"5017","3/22/2024","9:00","32.218","shrub","high_gate","winter23-24","high"
"5024","3/22/2024","15:00","32.418","shrub","high_gate","winter23-24","high"
"5034","3/22/2024","21:00","32.418","shrub","high_gate","winter23-24","high"
"5044","3/23/2024","3:00","32.418","shrub","high_gate","winter23-24","high"
"5054","3/23/2024","9:00","32.418","shrub","high_gate","winter23-24","high"
"5064","3/23/2024","15:00","34.198","shrub","high_gate","winter23-24","high"
"5073","3/23/2024","21:00","32.418","shrub","high_gate","winter23-24","high"
"5083","3/24/2024","3:00","32.418","shrub","high_gate","winter23-24","high"
"5093","3/24/2024","9:00","32.418","shrub","high_gate","winter23-24","high"
"5107","3/24/2024","15:00","35.951","shrub","high_gate","winter23-24","high"
"5118","3/24/2024","21:00","32.218","shrub","high_gate","winter23-24","high"
"5124","3/25/2024","3:00","29.79","shrub","high_gate","winter23-24","high"
"5134","3/25/2024","9:00","32.218","shrub","high_gate","winter23-24","high"
"5144","3/25/2024","15:00","34.002","shrub","high_gate","winter23-24","high"
"5154","3/25/2024","21:00","32.218","shrub","high_gate","winter23-24","high"
"5164","3/26/2024","3:00","29.174","shrub","high_gate","winter23-24","high"
"5174","3/26/2024","9:00","32.218","shrub","high_gate","winter23-24","high"
"5184","3/26/2024","15:00","34.981","shrub","high_gate","winter23-24","high"
"5194","3/26/2024","21:00","32.418","shrub","high_gate","winter23-24","high"
"5204","3/27/2024","3:00","31.617","shrub","high_gate","winter23-24","high"
"5217","3/27/2024","9:00","32.218","shrub","high_gate","winter23-24","high"
"5224","3/27/2024","15:00","37.297","shrub","high_gate","winter23-24","high"
"5234","3/27/2024","21:00","32.418","shrub","high_gate","winter23-24","high"
"5244","3/28/2024","3:00","32.418","shrub","high_gate","winter23-24","high"
"5254","3/28/2024","9:00","32.418","shrub","high_gate","winter23-24","high"
"5264","3/28/2024","15:00","32.418","shrub","high_gate","winter23-24","high"
"5273","3/28/2024","21:00","32.418","shrub","high_gate","winter23-24","high"
"5283","3/29/2024","3:00","32.418","shrub","high_gate","winter23-24","high"
"5293","3/29/2024","9:00","32.418","shrub","high_gate","winter23-24","high"
"5303","3/29/2024","15:00","32.418","shrub","high_gate","winter23-24","high"
"5317","3/29/2024","21:00","32.418","shrub","high_gate","winter23-24","high"
"5324","3/30/2024","3:00","31.617","shrub","high_gate","winter23-24","high"
"5334","3/30/2024","9:00","32.018","shrub","high_gate","winter23-24","high"
"5344","3/30/2024","15:00","36.914","shrub","high_gate","winter23-24","high"
"5354","3/30/2024","21:00","32.418","shrub","high_gate","winter23-24","high"
"5364","3/31/2024","3:00","32.418","shrub","high_gate","winter23-24","high"
"5373","3/31/2024","9:00","32.418","shrub","high_gate","winter23-24","high"
"5383","3/31/2024","15:00","39.196","shrub","high_gate","winter23-24","high"
"5393","3/31/2024","21:00","32.418","shrub","high_gate","winter23-24","high"
"5403","4/1/2024","3:00","31.213","shrub","high_gate","winter23-24","high"
"5417","4/1/2024","9:00","32.218","shrub","high_gate","winter23-24","high"
"5424","4/1/2024","15:00","37.107","shrub","high_gate","winter23-24","high"
"5434","4/1/2024","21:00","32.418","shrub","high_gate","winter23-24","high"
"5444","4/2/2024","3:00","30.808","shrub","high_gate","winter23-24","high"
"5454","4/2/2024","9:00","32.418","shrub","high_gate","winter23-24","high"
"5464","4/2/2024","15:00","42.363","shrub","high_gate","winter23-24","high"
"5473","4/2/2024","21:00","32.815","shrub","high_gate","winter23-24","high"
"5483","4/3/2024","3:00","32.617","shrub","high_gate","winter23-24","high"
"5493","4/3/2024","9:00","33.013","shrub","high_gate","winter23-24","high"
"5503","4/3/2024","15:00","44.379","shrub","high_gate","winter23-24","high"
"5517","4/3/2024","21:00","36.723","shrub","high_gate","winter23-24","high"
"5524","4/4/2024","3:00","34.786","shrub","high_gate","winter23-24","high"
"5534","4/4/2024","9:00","44.195","shrub","high_gate","winter23-24","high"
"5544","4/4/2024","15:00","52.75","shrub","high_gate","winter23-24","high"
"5554","4/4/2024","21:00","39.573","shrub","high_gate","winter23-24","high"
"5564","4/5/2024","3:00","35.37","shrub","high_gate","winter23-24","high"
"5573","4/5/2024","9:00","45.828","shrub","high_gate","winter23-24","high"
"5583","4/5/2024","15:00","41.81","shrub","high_gate","winter23-24","high"
"5593","4/5/2024","21:00","37.488","shrub","high_gate","winter23-24","high"
"5603","4/6/2024","3:00","35.951","shrub","high_gate","winter23-24","high"
"5617","4/6/2024","9:00","36.531","shrub","high_gate","winter23-24","high"
"5624","4/6/2024","15:00","46.188","shrub","high_gate","winter23-24","high"
"5634","4/6/2024","21:00","34.981","shrub","high_gate","winter23-24","high"
"5644","4/7/2024","3:00","33.013","shrub","high_gate","winter23-24","high"
"5654","4/7/2024","9:00","33.411","shrub","high_gate","winter23-24","high"
"5664","4/7/2024","15:00","45.466","shrub","high_gate","winter23-24","high"
"5673","4/7/2024","21:00","36.531","shrub","high_gate","winter23-24","high"
"5683","4/8/2024","3:00","34.002","shrub","high_gate","winter23-24","high"
"5693","4/8/2024","9:00","33.411","shrub","high_gate","winter23-24","high"
"5703","4/8/2024","15:00","48.695","shrub","high_gate","winter23-24","high"
"5717","4/8/2024","21:00","36.531","shrub","high_gate","winter23-24","high"
"5724","4/9/2024","3:00","33.213","shrub","high_gate","winter23-24","high"
"5734","4/9/2024","9:00","35.951","shrub","high_gate","winter23-24","high"
"5744","4/9/2024","15:00","53.1","shrub","high_gate","winter23-24","high"
"5754","4/9/2024","21:00","36.914","shrub","high_gate","winter23-24","high"
"5764","4/10/2024","3:00","34.002","shrub","high_gate","winter23-24","high"
"5773","4/10/2024","9:00","39.384","shrub","high_gate","winter23-24","high"
"5783","4/10/2024","15:00","50.819","shrub","high_gate","winter23-24","high"
"5793","4/10/2024","21:00","38.25","shrub","high_gate","winter23-24","high"
"5803","4/11/2024","3:00","34.394","shrub","high_gate","winter23-24","high"
"5817","4/11/2024","9:00","43.099","shrub","high_gate","winter23-24","high"
"5824","4/11/2024","15:00","55.711","shrub","high_gate","winter23-24","high"
"5834","4/11/2024","21:00","41.439","shrub","high_gate","winter23-24","high"
"5844","4/12/2024","3:00","36.914","shrub","high_gate","winter23-24","high"
"5854","4/12/2024","9:00","48.517","shrub","high_gate","winter23-24","high"
"5864","4/12/2024","15:00","55.537","shrub","high_gate","winter23-24","high"
"5873","4/12/2024","21:00","44.922","shrub","high_gate","winter23-24","high"
"5883","4/13/2024","3:00","39.573","shrub","high_gate","winter23-24","high"
"5893","4/13/2024","9:00","49.228","shrub","high_gate","winter23-24","high"
"5903","4/13/2024","15:00","60.539","shrub","high_gate","winter23-24","high"
"5917","4/13/2024","21:00","46.008","shrub","high_gate","winter23-24","high"
"5924","4/14/2024","3:00","40.134","shrub","high_gate","winter23-24","high"
"5934","4/14/2024","9:00","51.172","shrub","high_gate","winter23-24","high"
"5944","4/14/2024","15:00","62.769","shrub","high_gate","winter23-24","high"
"5954","4/14/2024","21:00","46.369","shrub","high_gate","winter23-24","high"
"5964","4/15/2024","3:00","44.56","shrub","high_gate","winter23-24","high"
"5973","4/15/2024","9:00","46.548","shrub","high_gate","winter23-24","high"
"5983","4/15/2024","15:00","55.537","shrub","high_gate","winter23-24","high"
"5993","4/15/2024","21:00","44.013","shrub","high_gate","winter23-24","high"
"6003","4/16/2024","3:00","39.76","shrub","high_gate","winter23-24","high"
"6017","4/16/2024","9:00","49.05","shrub","high_gate","winter23-24","high"
"6024","4/16/2024","15:00","55.711","shrub","high_gate","winter23-24","high"
"6034","4/16/2024","21:00","45.104","shrub","high_gate","winter23-24","high"
"6044","4/17/2024","3:00","39.384","shrub","high_gate","winter23-24","high"
"6054","4/17/2024","9:00","42.363","shrub","high_gate","winter23-24","high"
"6064","4/17/2024","15:00","47.802","shrub","high_gate","winter23-24","high"
"6073","4/17/2024","21:00","35.951","shrub","high_gate","winter23-24","high"
"6083","4/18/2024","3:00","29.995","shrub","high_gate","winter23-24","high"
"6093","4/18/2024","9:00","38.44","shrub","high_gate","winter23-24","high"
"6104","4/18/2024","15:00","48.517","shrub","high_gate","winter23-24","high"
"6118","4/18/2024","21:00","35.175","shrub","high_gate","winter23-24","high"
"6124","4/19/2024","3:00","31.012","shrub","high_gate","winter23-24","high"
"6134","4/19/2024","9:00","37.679","shrub","high_gate","winter23-24","high"
"6144","4/19/2024","15:00","50.29","shrub","high_gate","winter23-24","high"
"6154","4/19/2024","21:00","35.951","shrub","high_gate","winter23-24","high"
"6164","4/20/2024","3:00","31.816","shrub","high_gate","winter23-24","high"
"6174","4/20/2024","9:00","43.282","shrub","high_gate","winter23-24","high"
"6184","4/20/2024","15:00","58.303","shrub","high_gate","winter23-24","high"
"6194","4/20/2024","21:00","39.76","shrub","high_gate","winter23-24","high"
"6204","4/21/2024","3:00","36.145","shrub","high_gate","winter23-24","high"
"6217","4/21/2024","9:00","47.982","shrub","high_gate","winter23-24","high"
"6224","4/21/2024","15:00","59.337","shrub","high_gate","winter23-24","high"
"6234","4/21/2024","21:00","43.282","shrub","high_gate","winter23-24","high"
"6244","4/22/2024","3:00","37.87","shrub","high_gate","winter23-24","high"
"6254","4/22/2024","9:00","48.517","shrub","high_gate","winter23-24","high"
"6264","4/22/2024","15:00","60.024","shrub","high_gate","winter23-24","high"
"6273","4/22/2024","21:00","42.363","shrub","high_gate","winter23-24","high"
"6283","4/23/2024","3:00","36.338","shrub","high_gate","winter23-24","high"
"6293","4/23/2024","9:00","49.582","shrub","high_gate","winter23-24","high"
"6303","4/23/2024","15:00","66.708","shrub","high_gate","winter23-24","high"
"6316","4/23/2024","21:00","44.013","shrub","high_gate","winter23-24","high"
"6324","4/24/2024","3:00","39.947","shrub","high_gate","winter23-24","high"
"6334","4/24/2024","9:00","55.364","shrub","high_gate","winter23-24","high"
"6344","4/24/2024","15:00","66.366","shrub","high_gate","winter23-24","high"
"6352","4/24/2024","21:00","51.699","shrub","high_gate","winter23-24","high"
"6362","4/25/2024","3:00","45.286","shrub","high_gate","winter23-24","high"
"6372","4/25/2024","9:00","50.29","shrub","high_gate","winter23-24","high"
"6382","4/25/2024","15:00","61.398","shrub","high_gate","winter23-24","high"
"2170","11/18/2023","15:00","43.282","open","low_gate","winter23-24","low"
"3150","11/18/2023","21:00","34.59","open","low_gate","winter23-24","low"
"4140","11/19/2023","3:00","36.531","open","low_gate","winter23-24","low"
"5108","11/19/2023","9:00","37.679","open","low_gate","winter23-24","low"
"660","11/19/2023","15:00","40.881","open","low_gate","winter23-24","low"
"750","11/19/2023","21:00","36.145","open","low_gate","winter23-24","low"
"850","11/20/2023","3:00","33.213","open","low_gate","winter23-24","low"
"950","11/20/2023","9:00","30.808","open","low_gate","winter23-24","low"
"1050","11/20/2023","15:00","37.679","open","low_gate","winter23-24","low"
"1150","11/20/2023","21:00","32.617","open","low_gate","winter23-24","low"
"1250","11/21/2023","3:00","29.995","open","low_gate","winter23-24","low"
"1350","11/21/2023","9:00","30.808","open","low_gate","winter23-24","low"
"1450","11/21/2023","15:00","34.786","open","low_gate","winter23-24","low"
"1550","11/21/2023","21:00","32.018","open","low_gate","winter23-24","low"
"1650","11/22/2023","3:00","29.995","open","low_gate","winter23-24","low"
"1750","11/22/2023","9:00","28.762","open","low_gate","winter23-24","low"
"1850","11/22/2023","15:00","34.002","open","low_gate","winter23-24","low"
"1950","11/22/2023","21:00","32.418","open","low_gate","winter23-24","low"
"2050","11/23/2023","3:00","32.418","open","low_gate","winter23-24","low"
"2180","11/23/2023","9:00","32.418","open","low_gate","winter23-24","low"
"2250","11/23/2023","15:00","36.338","open","low_gate","winter23-24","low"
"2350","11/23/2023","21:00","33.013","open","low_gate","winter23-24","low"
"2450","11/24/2023","3:00","32.617","open","low_gate","winter23-24","low"
"2550","11/24/2023","9:00","32.218","open","low_gate","winter23-24","low"
"2650","11/24/2023","15:00","32.617","open","low_gate","winter23-24","low"
"2750","11/24/2023","21:00","31.012","open","low_gate","winter23-24","low"
"2850","11/25/2023","3:00","28.969","open","low_gate","winter23-24","low"
"2940","11/25/2023","9:00","26.881","open","low_gate","winter23-24","low"
"3040","11/25/2023","15:00","31.816","open","low_gate","winter23-24","low"
"3160","11/25/2023","21:00","28.139","open","low_gate","winter23-24","low"
"3240","11/26/2023","3:00","27.93","open","low_gate","winter23-24","low"
"3340","11/26/2023","9:00","27.511","open","low_gate","winter23-24","low"
"3440","11/26/2023","15:00","28.969","open","low_gate","winter23-24","low"
"3540","11/26/2023","21:00","27.511","open","low_gate","winter23-24","low"
"3640","11/27/2023","3:00","27.091","open","low_gate","winter23-24","low"
"3740","11/27/2023","9:00","26.881","open","low_gate","winter23-24","low"
"3840","11/27/2023","15:00","31.012","open","low_gate","winter23-24","low"
"3940","11/27/2023","21:00","24.96","open","low_gate","winter23-24","low"
"4040","11/28/2023","3:00","21.434","open","low_gate","winter23-24","low"
"4150","11/28/2023","9:00","20.073","open","low_gate","winter23-24","low"
"4240","11/28/2023","15:00","31.012","open","low_gate","winter23-24","low"
"4340","11/28/2023","21:00","24.744","open","low_gate","winter23-24","low"
"4439","11/29/2023","3:00","20.984","open","low_gate","winter23-24","low"
"4539","11/29/2023","9:00","20.984","open","low_gate","winter23-24","low"
"4630","11/29/2023","15:00","30.808","open","low_gate","winter23-24","low"
"4718","11/29/2023","21:00","23.875","open","low_gate","winter23-24","low"
"4818","11/30/2023","3:00","22.107","open","low_gate","winter23-24","low"
"4918","11/30/2023","9:00","20.073","open","low_gate","winter23-24","low"
"5018","11/30/2023","15:00","29.995","open","low_gate","winter23-24","low"
"5119","11/30/2023","21:00","25.605","open","low_gate","winter23-24","low"
"5218","12/1/2023","3:00","24.526","open","low_gate","winter23-24","low"
"5318","12/1/2023","9:00","24.31","open","low_gate","winter23-24","low"
"5418","12/1/2023","15:00","28.555","open","low_gate","winter23-24","low"
"5518","12/1/2023","21:00","27.511","open","low_gate","winter23-24","low"
"5618","12/2/2023","3:00","26.881","open","low_gate","winter23-24","low"
"5718","12/2/2023","9:00","26.881","open","low_gate","winter23-24","low"
"5818","12/2/2023","15:00","28.346","open","low_gate","winter23-24","low"
"5918","12/2/2023","21:00","27.93","open","low_gate","winter23-24","low"
"6018","12/3/2023","3:00","24.31","open","low_gate","winter23-24","low"
"6119","12/3/2023","9:00","25.605","open","low_gate","winter23-24","low"
"6218","12/3/2023","15:00","29.79","open","low_gate","winter23-24","low"
"6317","12/3/2023","21:00","29.586","open","low_gate","winter23-24","low"
"6411","12/4/2023","3:00","28.969","open","low_gate","winter23-24","low"
"6511","12/4/2023","9:00","29.586","open","low_gate","winter23-24","low"
"6611","12/4/2023","15:00","31.415","open","low_gate","winter23-24","low"
"6711","12/4/2023","21:00","31.816","open","low_gate","winter23-24","low"
"6811","12/5/2023","3:00","31.816","open","low_gate","winter23-24","low"
"6911","12/5/2023","9:00","32.018","open","low_gate","winter23-24","low"
"7011","12/5/2023","15:00","33.213","open","low_gate","winter23-24","low"
"7115","12/5/2023","21:00","32.218","open","low_gate","winter23-24","low"
"7213","12/6/2023","3:00","32.218","open","low_gate","winter23-24","low"
"7311","12/6/2023","9:00","31.816","open","low_gate","winter23-24","low"
"7411","12/6/2023","15:00","34.002","open","low_gate","winter23-24","low"
"7511","12/6/2023","21:00","32.418","open","low_gate","winter23-24","low"
"7611","12/7/2023","3:00","32.418","open","low_gate","winter23-24","low"
"7711","12/7/2023","9:00","32.418","open","low_gate","winter23-24","low"
"7811","12/7/2023","15:00","35.951","open","low_gate","winter23-24","low"
"7911","12/7/2023","21:00","32.418","open","low_gate","winter23-24","low"
"8011","12/8/2023","3:00","32.018","open","low_gate","winter23-24","low"
"8115","12/8/2023","9:00","31.617","open","low_gate","winter23-24","low"
"8213","12/8/2023","15:00","32.218","open","low_gate","winter23-24","low"
"8311","12/8/2023","21:00","30.607","open","low_gate","winter23-24","low"
"8411","12/9/2023","3:00","27.93","open","low_gate","winter23-24","low"
"8511","12/9/2023","9:00","24.093","open","low_gate","winter23-24","low"
"8611","12/9/2023","15:00","30.198","open","low_gate","winter23-24","low"
"8711","12/9/2023","21:00","27.511","open","low_gate","winter23-24","low"
"8811","12/10/2023","3:00","26.668","open","low_gate","winter23-24","low"
"8911","12/10/2023","9:00","27.091","open","low_gate","winter23-24","low"
"9011","12/10/2023","15:00","29.379","open","low_gate","winter23-24","low"
"9115","12/10/2023","21:00","29.174","open","low_gate","winter23-24","low"
"9213","12/11/2023","3:00","29.379","open","low_gate","winter23-24","low"
"9311","12/11/2023","9:00","29.586","open","low_gate","winter23-24","low"
"9411","12/11/2023","15:00","31.012","open","low_gate","winter23-24","low"
"9511","12/11/2023","21:00","30.607","open","low_gate","winter23-24","low"
"9611","12/12/2023","3:00","29.379","open","low_gate","winter23-24","low"
"9711","12/12/2023","9:00","28.762","open","low_gate","winter23-24","low"
"9811","12/12/2023","15:00","31.213","open","low_gate","winter23-24","low"
"9911","12/12/2023","21:00","29.379","open","low_gate","winter23-24","low"
"10011","12/13/2023","3:00","26.668","open","low_gate","winter23-24","low"
"10115","12/13/2023","9:00","24.744","open","low_gate","winter23-24","low"
"10213","12/13/2023","15:00","30.607","open","low_gate","winter23-24","low"
"10311","12/13/2023","21:00","27.721","open","low_gate","winter23-24","low"
"10411","12/14/2023","3:00","24.093","open","low_gate","winter23-24","low"
"10511","12/14/2023","9:00","21.659","open","low_gate","winter23-24","low"
"10611","12/14/2023","15:00","29.586","open","low_gate","winter23-24","low"
"10711","12/14/2023","21:00","24.093","open","low_gate","winter23-24","low"
"10811","12/15/2023","3:00","21.659","open","low_gate","winter23-24","low"
"10911","12/15/2023","9:00","21.209","open","low_gate","winter23-24","low"
"11011","12/15/2023","15:00","29.79","open","low_gate","winter23-24","low"
"11115","12/15/2023","21:00","25.605","open","low_gate","winter23-24","low"
"11213","12/16/2023","3:00","22.775","open","low_gate","winter23-24","low"
"11311","12/16/2023","9:00","22.107","open","low_gate","winter23-24","low"
"11411","12/16/2023","15:00","30.198","open","low_gate","winter23-24","low"
"11511","12/16/2023","21:00","25.174","open","low_gate","winter23-24","low"
"11611","12/17/2023","3:00","22.33","open","low_gate","winter23-24","low"
"11711","12/17/2023","9:00","20.529","open","low_gate","winter23-24","low"
"11811","12/17/2023","15:00","29.586","open","low_gate","winter23-24","low"
"11911","12/17/2023","21:00","24.31","open","low_gate","winter23-24","low"
"12011","12/18/2023","3:00","21.659","open","low_gate","winter23-24","low"
"12115","12/18/2023","9:00","22.995","open","low_gate","winter23-24","low"
"12213","12/18/2023","15:00","29.995","open","low_gate","winter23-24","low"
"12311","12/18/2023","21:00","28.555","open","low_gate","winter23-24","low"
"12411","12/19/2023","3:00","25.605","open","low_gate","winter23-24","low"
"12511","12/19/2023","9:00","28.139","open","low_gate","winter23-24","low"
"12611","12/19/2023","15:00","31.415","open","low_gate","winter23-24","low"
"12711","12/19/2023","21:00","30.198","open","low_gate","winter23-24","low"
"12811","12/20/2023","3:00","29.379","open","low_gate","winter23-24","low"
"12911","12/20/2023","9:00","30.198","open","low_gate","winter23-24","low"
"13011","12/20/2023","15:00","32.018","open","low_gate","winter23-24","low"
"13115","12/20/2023","21:00","32.018","open","low_gate","winter23-24","low"
"13213","12/21/2023","3:00","29.586","open","low_gate","winter23-24","low"
"13311","12/21/2023","9:00","29.586","open","low_gate","winter23-24","low"
"13411","12/21/2023","15:00","31.816","open","low_gate","winter23-24","low"
"13511","12/21/2023","21:00","32.018","open","low_gate","winter23-24","low"
"13611","12/22/2023","3:00","31.816","open","low_gate","winter23-24","low"
"13711","12/22/2023","9:00","31.617","open","low_gate","winter23-24","low"
"13811","12/22/2023","15:00","32.218","open","low_gate","winter23-24","low"
"13911","12/22/2023","21:00","32.218","open","low_gate","winter23-24","low"
"14011","12/23/2023","3:00","32.218","open","low_gate","winter23-24","low"
"14115","12/23/2023","9:00","32.218","open","low_gate","winter23-24","low"
"14213","12/23/2023","15:00","32.218","open","low_gate","winter23-24","low"
"14311","12/23/2023","21:00","32.018","open","low_gate","winter23-24","low"
"14411","12/24/2023","3:00","28.555","open","low_gate","winter23-24","low"
"14511","12/24/2023","9:00","24.31","open","low_gate","winter23-24","low"
"14611","12/24/2023","15:00","28.762","open","low_gate","winter23-24","low"
"14711","12/24/2023","21:00","22.33","open","low_gate","winter23-24","low"
"14811","12/25/2023","3:00","21.209","open","low_gate","winter23-24","low"
"14911","12/25/2023","9:00","22.107","open","low_gate","winter23-24","low"
"15011","12/25/2023","15:00","27.091","open","low_gate","winter23-24","low"
"15115","12/25/2023","21:00","19.612","open","low_gate","winter23-24","low"
"15213","12/26/2023","3:00","15.589","open","low_gate","winter23-24","low"
"15311","12/26/2023","9:00","16.556","open","low_gate","winter23-24","low"
"15411","12/26/2023","15:00","25.819","open","low_gate","winter23-24","low"
"15511","12/26/2023","21:00","20.529","open","low_gate","winter23-24","low"
"15611","12/27/2023","3:00","19.382","open","low_gate","winter23-24","low"
"15711","12/27/2023","9:00","21.659","open","low_gate","winter23-24","low"
"15811","12/27/2023","15:00","26.245","open","low_gate","winter23-24","low"
"15911","12/27/2023","21:00","22.552","open","low_gate","winter23-24","low"
"16011","12/28/2023","3:00","22.33","open","low_gate","winter23-24","low"
"16115","12/28/2023","9:00","20.757","open","low_gate","winter23-24","low"
"16213","12/28/2023","15:00","29.379","open","low_gate","winter23-24","low"
"16311","12/28/2023","21:00","23.875","open","low_gate","winter23-24","low"
"16411","12/29/2023","3:00","20.984","open","low_gate","winter23-24","low"
"16511","12/29/2023","9:00","21.209","open","low_gate","winter23-24","low"
"16611","12/29/2023","15:00","29.995","open","low_gate","winter23-24","low"
"16711","12/29/2023","21:00","25.605","open","low_gate","winter23-24","low"
"16811","12/30/2023","3:00","22.995","open","low_gate","winter23-24","low"
"16911","12/30/2023","9:00","22.107","open","low_gate","winter23-24","low"
"17011","12/30/2023","15:00","30.607","open","low_gate","winter23-24","low"
"17115","12/30/2023","21:00","29.379","open","low_gate","winter23-24","low"
"17213","12/31/2023","3:00","24.96","open","low_gate","winter23-24","low"
"17311","12/31/2023","9:00","24.093","open","low_gate","winter23-24","low"
"17411","12/31/2023","15:00","31.012","open","low_gate","winter23-24","low"
"17511","12/31/2023","21:00","26.458","open","low_gate","winter23-24","low"
"17611","1/1/2024","3:00","21.659","open","low_gate","winter23-24","low"
"17711","1/1/2024","9:00","20.302","open","low_gate","winter23-24","low"
"17811","1/1/2024","15:00","30.607","open","low_gate","winter23-24","low"
"17911","1/1/2024","21:00","25.174","open","low_gate","winter23-24","low"
"18011","1/2/2024","3:00","20.302","open","low_gate","winter23-24","low"
"18115","1/2/2024","9:00","21.209","open","low_gate","winter23-24","low"
"18213","1/2/2024","15:00","29.995","open","low_gate","winter23-24","low"
"18311","1/2/2024","21:00","23.216","open","low_gate","winter23-24","low"
"18411","1/3/2024","3:00","19.612","open","low_gate","winter23-24","low"
"18511","1/3/2024","9:00","18.685","open","low_gate","winter23-24","low"
"18611","1/3/2024","15:00","29.79","open","low_gate","winter23-24","low"
"18711","1/3/2024","21:00","26.458","open","low_gate","winter23-24","low"
"18811","1/4/2024","3:00","25.605","open","low_gate","winter23-24","low"
"18911","1/4/2024","9:00","25.174","open","low_gate","winter23-24","low"
"19011","1/4/2024","15:00","30.808","open","low_gate","winter23-24","low"
"19115","1/4/2024","21:00","29.379","open","low_gate","winter23-24","low"
"19213","1/5/2024","3:00","27.93","open","low_gate","winter23-24","low"
"19311","1/5/2024","9:00","27.302","open","low_gate","winter23-24","low"
"19411","1/5/2024","15:00","30.808","open","low_gate","winter23-24","low"
"19511","1/5/2024","21:00","23.875","open","low_gate","winter23-24","low"
"19611","1/6/2024","3:00","21.434","open","low_gate","winter23-24","low"
"19711","1/6/2024","9:00","23.216","open","low_gate","winter23-24","low"
"19811","1/6/2024","15:00","27.721","open","low_gate","winter23-24","low"
"19911","1/6/2024","21:00","25.605","open","low_gate","winter23-24","low"
"20011","1/7/2024","3:00","26.031","open","low_gate","winter23-24","low"
"20115","1/7/2024","9:00","25.819","open","low_gate","winter23-24","low"
"20213","1/7/2024","15:00","27.302","open","low_gate","winter23-24","low"
"20311","1/7/2024","21:00","26.458","open","low_gate","winter23-24","low"
"20411","1/8/2024","3:00","24.96","open","low_gate","winter23-24","low"
"20511","1/8/2024","9:00","23.216","open","low_gate","winter23-24","low"
"20611","1/8/2024","15:00","25.174","open","low_gate","winter23-24","low"
"20711","1/8/2024","21:00","24.744","open","low_gate","winter23-24","low"
"20811","1/9/2024","3:00","24.744","open","low_gate","winter23-24","low"
"20911","1/9/2024","9:00","24.96","open","low_gate","winter23-24","low"
"21015","1/9/2024","15:00","25.605","open","low_gate","winter23-24","low"
"21115","1/9/2024","21:00","25.605","open","low_gate","winter23-24","low"
"21214","1/10/2024","3:00","25.39","open","low_gate","winter23-24","low"
"21312","1/10/2024","9:00","25.174","open","low_gate","winter23-24","low"
"21412","1/10/2024","15:00","26.031","open","low_gate","winter23-24","low"
"21511","1/10/2024","21:00","26.245","open","low_gate","winter23-24","low"
"21611","1/11/2024","3:00","26.031","open","low_gate","winter23-24","low"
"21711","1/11/2024","9:00","25.605","open","low_gate","winter23-24","low"
"21811","1/11/2024","15:00","26.458","open","low_gate","winter23-24","low"
"21911","1/11/2024","21:00","26.031","open","low_gate","winter23-24","low"
"22011","1/12/2024","3:00","26.031","open","low_gate","winter23-24","low"
"22115","1/12/2024","9:00","26.245","open","low_gate","winter23-24","low"
"22213","1/12/2024","15:00","26.668","open","low_gate","winter23-24","low"
"22311","1/12/2024","21:00","26.031","open","low_gate","winter23-24","low"
"22411","1/13/2024","3:00","24.526","open","low_gate","winter23-24","low"
"22511","1/13/2024","9:00","23.216","open","low_gate","winter23-24","low"
"22611","1/13/2024","15:00","23.875","open","low_gate","winter23-24","low"
"22711","1/13/2024","21:00","23.875","open","low_gate","winter23-24","low"
"22811","1/14/2024","3:00","23.875","open","low_gate","winter23-24","low"
"22911","1/14/2024","9:00","23.655","open","low_gate","winter23-24","low"
"23011","1/14/2024","15:00","24.31","open","low_gate","winter23-24","low"
"23115","1/14/2024","21:00","24.526","open","low_gate","winter23-24","low"
"23213","1/15/2024","3:00","24.31","open","low_gate","winter23-24","low"
"23311","1/15/2024","9:00","23.655","open","low_gate","winter23-24","low"
"23411","1/15/2024","15:00","24.093","open","low_gate","winter23-24","low"
"23511","1/15/2024","21:00","23.436","open","low_gate","winter23-24","low"
"23611","1/16/2024","3:00","22.552","open","low_gate","winter23-24","low"
"23711","1/16/2024","9:00","22.107","open","low_gate","winter23-24","low"
"23811","1/16/2024","15:00","23.436","open","low_gate","winter23-24","low"
"23911","1/16/2024","21:00","23.655","open","low_gate","winter23-24","low"
"24011","1/17/2024","3:00","23.436","open","low_gate","winter23-24","low"
"24115","1/17/2024","9:00","23.875","open","low_gate","winter23-24","low"
"24213","1/17/2024","15:00","24.744","open","low_gate","winter23-24","low"
"24311","1/17/2024","21:00","25.174","open","low_gate","winter23-24","low"
"24411","1/18/2024","3:00","25.39","open","low_gate","winter23-24","low"
"24511","1/18/2024","9:00","25.174","open","low_gate","winter23-24","low"
"24611","1/18/2024","15:00","26.031","open","low_gate","winter23-24","low"
"24711","1/18/2024","21:00","26.458","open","low_gate","winter23-24","low"
"24811","1/19/2024","3:00","26.458","open","low_gate","winter23-24","low"
"24911","1/19/2024","9:00","26.881","open","low_gate","winter23-24","low"
"25011","1/19/2024","15:00","27.721","open","low_gate","winter23-24","low"
"25115","1/19/2024","21:00","27.721","open","low_gate","winter23-24","low"
"25213","1/20/2024","3:00","27.721","open","low_gate","winter23-24","low"
"25311","1/20/2024","9:00","27.93","open","low_gate","winter23-24","low"
"25411","1/20/2024","15:00","28.969","open","low_gate","winter23-24","low"
"25511","1/20/2024","21:00","29.995","open","low_gate","winter23-24","low"
"25611","1/21/2024","3:00","30.198","open","low_gate","winter23-24","low"
"25711","1/21/2024","9:00","30.198","open","low_gate","winter23-24","low"
"25811","1/21/2024","15:00","30.403","open","low_gate","winter23-24","low"
"25911","1/21/2024","21:00","31.816","open","low_gate","winter23-24","low"
"26011","1/22/2024","3:00","31.816","open","low_gate","winter23-24","low"
"26115","1/22/2024","9:00","31.617","open","low_gate","winter23-24","low"
"26213","1/22/2024","15:00","31.213","open","low_gate","winter23-24","low"
"26311","1/22/2024","21:00","31.213","open","low_gate","winter23-24","low"
"26411","1/23/2024","3:00","31.617","open","low_gate","winter23-24","low"
"26511","1/23/2024","9:00","31.617","open","low_gate","winter23-24","low"
"26611","1/23/2024","15:00","32.218","open","low_gate","winter23-24","low"
"26711","1/23/2024","21:00","32.218","open","low_gate","winter23-24","low"
"26811","1/24/2024","3:00","32.218","open","low_gate","winter23-24","low"
"26911","1/24/2024","9:00","32.218","open","low_gate","winter23-24","low"
"27011","1/24/2024","15:00","32.218","open","low_gate","winter23-24","low"
"27115","1/24/2024","21:00","32.218","open","low_gate","winter23-24","low"
"27213","1/25/2024","3:00","32.218","open","low_gate","winter23-24","low"
"27311","1/25/2024","9:00","32.218","open","low_gate","winter23-24","low"
"27411","1/25/2024","15:00","32.218","open","low_gate","winter23-24","low"
"27511","1/25/2024","21:00","32.218","open","low_gate","winter23-24","low"
"27611","1/26/2024","3:00","32.218","open","low_gate","winter23-24","low"
"27711","1/26/2024","9:00","32.218","open","low_gate","winter23-24","low"
"27811","1/26/2024","15:00","32.218","open","low_gate","winter23-24","low"
"27911","1/26/2024","21:00","32.218","open","low_gate","winter23-24","low"
"28011","1/27/2024","3:00","32.218","open","low_gate","winter23-24","low"
"28115","1/27/2024","9:00","32.218","open","low_gate","winter23-24","low"
"28213","1/27/2024","15:00","32.218","open","low_gate","winter23-24","low"
"28311","1/27/2024","21:00","32.218","open","low_gate","winter23-24","low"
"28411","1/28/2024","3:00","32.218","open","low_gate","winter23-24","low"
"28511","1/28/2024","9:00","32.218","open","low_gate","winter23-24","low"
"28610","1/28/2024","15:00","32.218","open","low_gate","winter23-24","low"
"28710","1/28/2024","21:00","32.218","open","low_gate","winter23-24","low"
"28810","1/29/2024","3:00","32.218","open","low_gate","winter23-24","low"
"28910","1/29/2024","9:00","32.218","open","low_gate","winter23-24","low"
"29010","1/29/2024","15:00","32.218","open","low_gate","winter23-24","low"
"29115","1/29/2024","21:00","32.218","open","low_gate","winter23-24","low"
"29212","1/30/2024","3:00","32.218","open","low_gate","winter23-24","low"
"29310","1/30/2024","9:00","32.218","open","low_gate","winter23-24","low"
"29410","1/30/2024","15:00","32.218","open","low_gate","winter23-24","low"
"29510","1/30/2024","21:00","32.218","open","low_gate","winter23-24","low"
"29610","1/31/2024","3:00","32.218","open","low_gate","winter23-24","low"
"29710","1/31/2024","9:00","32.218","open","low_gate","winter23-24","low"
"29810","1/31/2024","15:00","32.218","open","low_gate","winter23-24","low"
"29910","1/31/2024","21:00","32.218","open","low_gate","winter23-24","low"
"30010","2/1/2024","3:00","32.218","open","low_gate","winter23-24","low"
"30115","2/1/2024","9:00","32.218","open","low_gate","winter23-24","low"
"30212","2/1/2024","15:00","32.218","open","low_gate","winter23-24","low"
"30310","2/1/2024","21:00","32.218","open","low_gate","winter23-24","low"
"30410","2/2/2024","3:00","32.218","open","low_gate","winter23-24","low"
"30510","2/2/2024","9:00","32.218","open","low_gate","winter23-24","low"
"30610","2/2/2024","15:00","32.218","open","low_gate","winter23-24","low"
"30710","2/2/2024","21:00","32.218","open","low_gate","winter23-24","low"
"30810","2/3/2024","3:00","32.218","open","low_gate","winter23-24","low"
"30910","2/3/2024","9:00","32.218","open","low_gate","winter23-24","low"
"31015","2/3/2024","15:00","32.218","open","low_gate","winter23-24","low"
"31115","2/3/2024","21:00","32.218","open","low_gate","winter23-24","low"
"31213","2/4/2024","3:00","32.218","open","low_gate","winter23-24","low"
"31311","2/4/2024","9:00","32.218","open","low_gate","winter23-24","low"
"31411","2/4/2024","15:00","32.218","open","low_gate","winter23-24","low"
"31510","2/4/2024","21:00","32.218","open","low_gate","winter23-24","low"
"31610","2/5/2024","3:00","32.218","open","low_gate","winter23-24","low"
"31710","2/5/2024","9:00","32.218","open","low_gate","winter23-24","low"
"31810","2/5/2024","15:00","32.218","open","low_gate","winter23-24","low"
"31910","2/5/2024","21:00","32.218","open","low_gate","winter23-24","low"
"32010","2/6/2024","3:00","32.218","open","low_gate","winter23-24","low"
"32115","2/6/2024","9:00","32.218","open","low_gate","winter23-24","low"
"32212","2/6/2024","15:00","32.218","open","low_gate","winter23-24","low"
"32310","2/6/2024","21:00","32.218","open","low_gate","winter23-24","low"
"32410","2/7/2024","3:00","32.218","open","low_gate","winter23-24","low"
"32510","2/7/2024","9:00","32.218","open","low_gate","winter23-24","low"
"32610","2/7/2024","15:00","32.218","open","low_gate","winter23-24","low"
"32710","2/7/2024","21:00","32.218","open","low_gate","winter23-24","low"
"32810","2/8/2024","3:00","32.218","open","low_gate","winter23-24","low"
"32910","2/8/2024","9:00","32.218","open","low_gate","winter23-24","low"
"33010","2/8/2024","15:00","32.218","open","low_gate","winter23-24","low"
"33115","2/8/2024","21:00","32.218","open","low_gate","winter23-24","low"
"33212","2/9/2024","3:00","32.218","open","low_gate","winter23-24","low"
"33310","2/9/2024","9:00","32.218","open","low_gate","winter23-24","low"
"33410","2/9/2024","15:00","32.218","open","low_gate","winter23-24","low"
"33510","2/9/2024","21:00","32.218","open","low_gate","winter23-24","low"
"33610","2/10/2024","3:00","32.218","open","low_gate","winter23-24","low"
"33710","2/10/2024","9:00","32.218","open","low_gate","winter23-24","low"
"33810","2/10/2024","15:00","32.218","open","low_gate","winter23-24","low"
"33910","2/10/2024","21:00","32.218","open","low_gate","winter23-24","low"
"34010","2/11/2024","3:00","32.218","open","low_gate","winter23-24","low"
"34115","2/11/2024","9:00","32.218","open","low_gate","winter23-24","low"
"34212","2/11/2024","15:00","32.218","open","low_gate","winter23-24","low"
"34310","2/11/2024","21:00","32.218","open","low_gate","winter23-24","low"
"34410","2/12/2024","3:00","32.218","open","low_gate","winter23-24","low"
"34510","2/12/2024","9:00","32.218","open","low_gate","winter23-24","low"
"34610","2/12/2024","15:00","32.218","open","low_gate","winter23-24","low"
"34710","2/12/2024","21:00","32.218","open","low_gate","winter23-24","low"
"34810","2/13/2024","3:00","32.218","open","low_gate","winter23-24","low"
"34910","2/13/2024","9:00","32.218","open","low_gate","winter23-24","low"
"35010","2/13/2024","15:00","32.218","open","low_gate","winter23-24","low"
"35115","2/13/2024","21:00","32.218","open","low_gate","winter23-24","low"
"35212","2/14/2024","3:00","32.218","open","low_gate","winter23-24","low"
"35310","2/14/2024","9:00","32.218","open","low_gate","winter23-24","low"
"35410","2/14/2024","15:00","32.218","open","low_gate","winter23-24","low"
"35510","2/14/2024","21:00","32.218","open","low_gate","winter23-24","low"
"35610","2/15/2024","3:00","32.218","open","low_gate","winter23-24","low"
"35710","2/15/2024","9:00","32.218","open","low_gate","winter23-24","low"
"35810","2/15/2024","15:00","32.218","open","low_gate","winter23-24","low"
"35910","2/15/2024","21:00","32.218","open","low_gate","winter23-24","low"
"36010","2/16/2024","3:00","32.218","open","low_gate","winter23-24","low"
"36115","2/16/2024","9:00","32.218","open","low_gate","winter23-24","low"
"36212","2/16/2024","15:00","32.218","open","low_gate","winter23-24","low"
"36310","2/16/2024","21:00","32.218","open","low_gate","winter23-24","low"
"36410","2/17/2024","3:00","32.218","open","low_gate","winter23-24","low"
"36510","2/17/2024","9:00","32.018","open","low_gate","winter23-24","low"
"36610","2/17/2024","15:00","32.218","open","low_gate","winter23-24","low"
"36710","2/17/2024","21:00","32.218","open","low_gate","winter23-24","low"
"36810","2/18/2024","3:00","32.018","open","low_gate","winter23-24","low"
"36910","2/18/2024","9:00","32.018","open","low_gate","winter23-24","low"
"37010","2/18/2024","15:00","32.218","open","low_gate","winter23-24","low"
"37115","2/18/2024","21:00","32.218","open","low_gate","winter23-24","low"
"37212","2/19/2024","3:00","32.218","open","low_gate","winter23-24","low"
"37310","2/19/2024","9:00","32.218","open","low_gate","winter23-24","low"
"37410","2/19/2024","15:00","32.218","open","low_gate","winter23-24","low"
"37510","2/19/2024","21:00","32.218","open","low_gate","winter23-24","low"
"37610","2/20/2024","3:00","32.218","open","low_gate","winter23-24","low"
"37710","2/20/2024","9:00","32.218","open","low_gate","winter23-24","low"
"37810","2/20/2024","15:00","32.218","open","low_gate","winter23-24","low"
"37910","2/20/2024","21:00","32.218","open","low_gate","winter23-24","low"
"38010","2/21/2024","3:00","32.218","open","low_gate","winter23-24","low"
"38115","2/21/2024","9:00","32.218","open","low_gate","winter23-24","low"
"38212","2/21/2024","15:00","32.218","open","low_gate","winter23-24","low"
"38310","2/21/2024","21:00","32.218","open","low_gate","winter23-24","low"
"38410","2/22/2024","3:00","32.218","open","low_gate","winter23-24","low"
"38510","2/22/2024","9:00","32.218","open","low_gate","winter23-24","low"
"38610","2/22/2024","15:00","32.218","open","low_gate","winter23-24","low"
"38710","2/22/2024","21:00","32.218","open","low_gate","winter23-24","low"
"38810","2/23/2024","3:00","32.218","open","low_gate","winter23-24","low"
"38910","2/23/2024","9:00","32.218","open","low_gate","winter23-24","low"
"39010","2/23/2024","15:00","32.218","open","low_gate","winter23-24","low"
"39115","2/23/2024","21:00","32.218","open","low_gate","winter23-24","low"
"39212","2/24/2024","3:00","32.218","open","low_gate","winter23-24","low"
"39310","2/24/2024","9:00","32.218","open","low_gate","winter23-24","low"
"39410","2/24/2024","15:00","32.218","open","low_gate","winter23-24","low"
"39510","2/24/2024","21:00","32.218","open","low_gate","winter23-24","low"
"39610","2/25/2024","3:00","32.218","open","low_gate","winter23-24","low"
"39710","2/25/2024","9:00","32.218","open","low_gate","winter23-24","low"
"39810","2/25/2024","15:00","32.218","open","low_gate","winter23-24","low"
"39910","2/25/2024","21:00","32.218","open","low_gate","winter23-24","low"
"40010","2/26/2024","3:00","32.218","open","low_gate","winter23-24","low"
"40115","2/26/2024","9:00","32.218","open","low_gate","winter23-24","low"
"40212","2/26/2024","15:00","32.218","open","low_gate","winter23-24","low"
"40310","2/26/2024","21:00","32.218","open","low_gate","winter23-24","low"
"40410","2/27/2024","3:00","32.218","open","low_gate","winter23-24","low"
"40510","2/27/2024","9:00","32.218","open","low_gate","winter23-24","low"
"40610","2/27/2024","15:00","32.218","open","low_gate","winter23-24","low"
"40710","2/27/2024","21:00","32.218","open","low_gate","winter23-24","low"
"40810","2/28/2024","3:00","32.218","open","low_gate","winter23-24","low"
"40910","2/28/2024","9:00","32.018","open","low_gate","winter23-24","low"
"41012","2/28/2024","15:00","32.218","open","low_gate","winter23-24","low"
"41115","2/28/2024","21:00","32.218","open","low_gate","winter23-24","low"
"41212","2/29/2024","3:00","32.018","open","low_gate","winter23-24","low"
"41311","2/29/2024","9:00","31.816","open","low_gate","winter23-24","low"
"41410","2/29/2024","15:00","32.218","open","low_gate","winter23-24","low"
"41510","2/29/2024","21:00","32.218","open","low_gate","winter23-24","low"
"41610","3/1/2024","3:00","32.218","open","low_gate","winter23-24","low"
"41710","3/1/2024","9:00","32.218","open","low_gate","winter23-24","low"
"41810","3/1/2024","15:00","32.218","open","low_gate","winter23-24","low"
"41910","3/1/2024","21:00","32.218","open","low_gate","winter23-24","low"
"42010","3/2/2024","3:00","32.218","open","low_gate","winter23-24","low"
"42115","3/2/2024","9:00","32.218","open","low_gate","winter23-24","low"
"42212","3/2/2024","15:00","32.218","open","low_gate","winter23-24","low"
"42310","3/2/2024","21:00","32.218","open","low_gate","winter23-24","low"
"42410","3/3/2024","3:00","32.218","open","low_gate","winter23-24","low"
"42510","3/3/2024","9:00","32.218","open","low_gate","winter23-24","low"
"42610","3/3/2024","15:00","32.218","open","low_gate","winter23-24","low"
"42710","3/3/2024","21:00","32.218","open","low_gate","winter23-24","low"
"42810","3/4/2024","3:00","32.218","open","low_gate","winter23-24","low"
"42910","3/4/2024","9:00","32.218","open","low_gate","winter23-24","low"
"43010","3/4/2024","15:00","32.218","open","low_gate","winter23-24","low"
"43115","3/4/2024","21:00","32.218","open","low_gate","winter23-24","low"
"43212","3/5/2024","3:00","32.218","open","low_gate","winter23-24","low"
"43310","3/5/2024","9:00","32.218","open","low_gate","winter23-24","low"
"43410","3/5/2024","15:00","32.218","open","low_gate","winter23-24","low"
"43510","3/5/2024","21:00","32.218","open","low_gate","winter23-24","low"
"43610","3/6/2024","3:00","32.218","open","low_gate","winter23-24","low"
"43710","3/6/2024","9:00","32.218","open","low_gate","winter23-24","low"
"4389","3/6/2024","15:00","32.218","open","low_gate","winter23-24","low"
"4399","3/6/2024","21:00","32.218","open","low_gate","winter23-24","low"
"4409","3/7/2024","3:00","32.218","open","low_gate","winter23-24","low"
"44114","3/7/2024","9:00","32.018","open","low_gate","winter23-24","low"
"44211","3/7/2024","15:00","32.218","open","low_gate","winter23-24","low"
"44310","3/7/2024","21:00","32.218","open","low_gate","winter23-24","low"
"4449","3/8/2024","3:00","32.218","open","low_gate","winter23-24","low"
"4459","3/8/2024","9:00","32.018","open","low_gate","winter23-24","low"
"4469","3/8/2024","15:00","32.018","open","low_gate","winter23-24","low"
"4479","3/8/2024","21:00","32.218","open","low_gate","winter23-24","low"
"4489","3/9/2024","3:00","32.018","open","low_gate","winter23-24","low"
"4499","3/9/2024","9:00","31.415","open","low_gate","winter23-24","low"
"4509","3/9/2024","15:00","31.816","open","low_gate","winter23-24","low"
"45114","3/9/2024","21:00","32.018","open","low_gate","winter23-24","low"
"45211","3/10/2024","3:00","32.218","open","low_gate","winter23-24","low"
"45310","3/10/2024","9:00","31.816","open","low_gate","winter23-24","low"
"4549","3/10/2024","15:00","32.018","open","low_gate","winter23-24","low"
"4559","3/10/2024","21:00","32.218","open","low_gate","winter23-24","low"
"4569","3/11/2024","3:00","32.218","open","low_gate","winter23-24","low"
"4579","3/11/2024","9:00","32.218","open","low_gate","winter23-24","low"
"4589","3/11/2024","15:00","32.218","open","low_gate","winter23-24","low"
"4599","3/11/2024","21:00","32.218","open","low_gate","winter23-24","low"
"4609","3/12/2024","3:00","32.218","open","low_gate","winter23-24","low"
"46113","3/12/2024","9:00","32.218","open","low_gate","winter23-24","low"
"46211","3/12/2024","15:00","32.218","open","low_gate","winter23-24","low"
"4639","3/12/2024","21:00","32.218","open","low_gate","winter23-24","low"
"4649","3/13/2024","3:00","32.218","open","low_gate","winter23-24","low"
"4659","3/13/2024","9:00","32.218","open","low_gate","winter23-24","low"
"4666","3/13/2024","15:00","32.218","open","low_gate","winter23-24","low"
"4676","3/13/2024","21:00","32.218","open","low_gate","winter23-24","low"
"4686","3/14/2024","3:00","32.218","open","low_gate","winter23-24","low"
"4695","3/14/2024","9:00","32.018","open","low_gate","winter23-24","low"
"4705","3/14/2024","15:00","32.218","open","low_gate","winter23-24","low"
"4719","3/14/2024","21:00","32.218","open","low_gate","winter23-24","low"
"4725","3/15/2024","3:00","32.218","open","low_gate","winter23-24","low"
"4735","3/15/2024","9:00","32.018","open","low_gate","winter23-24","low"
"4745","3/15/2024","15:00","35.758","open","low_gate","winter23-24","low"
"4755","3/15/2024","21:00","32.218","open","low_gate","winter23-24","low"
"4765","3/16/2024","3:00","32.218","open","low_gate","winter23-24","low"
"4775","3/16/2024","9:00","32.218","open","low_gate","winter23-24","low"
"4785","3/16/2024","15:00","47.266","open","low_gate","winter23-24","low"
"4795","3/16/2024","21:00","35.758","open","low_gate","winter23-24","low"
"4804","3/17/2024","3:00","32.617","open","low_gate","winter23-24","low"
"4819","3/17/2024","9:00","32.617","open","low_gate","winter23-24","low"
"4825","3/17/2024","15:00","58.476","open","low_gate","winter23-24","low"
"4835","3/17/2024","21:00","39.947","open","low_gate","winter23-24","low"
"4845","3/18/2024","3:00","33.411","open","low_gate","winter23-24","low"
"4855","3/18/2024","9:00","32.815","open","low_gate","winter23-24","low"
"4865","3/18/2024","15:00","62.425","open","low_gate","winter23-24","low"
"4874","3/18/2024","21:00","42.363","open","low_gate","winter23-24","low"
"4884","3/19/2024","3:00","34.394","open","low_gate","winter23-24","low"
"4894","3/19/2024","9:00","33.411","open","low_gate","winter23-24","low"
"4904","3/19/2024","15:00","63.111","open","low_gate","winter23-24","low"
"4919","3/19/2024","21:00","43.466","open","low_gate","winter23-24","low"
"4925","3/20/2024","3:00","35.37","open","low_gate","winter23-24","low"
"4935","3/20/2024","9:00","33.805","open","low_gate","winter23-24","low"
"4945","3/20/2024","15:00","63.455","open","low_gate","winter23-24","low"
"4955","3/20/2024","21:00","44.379","open","low_gate","winter23-24","low"
"4965","3/21/2024","3:00","36.338","open","low_gate","winter23-24","low"
"4974","3/21/2024","9:00","37.679","open","low_gate","winter23-24","low"
"4984","3/21/2024","15:00","57.441","open","low_gate","winter23-24","low"
"4994","3/21/2024","21:00","41.81","open","low_gate","winter23-24","low"
"5004","3/22/2024","3:00","34.981","open","low_gate","winter23-24","low"
"5019","3/22/2024","9:00","34.786","open","low_gate","winter23-24","low"
"5025","3/22/2024","15:00","59.337","open","low_gate","winter23-24","low"
"5035","3/22/2024","21:00","43.831","open","low_gate","winter23-24","low"
"5045","3/23/2024","3:00","36.531","open","low_gate","winter23-24","low"
"5055","3/23/2024","9:00","39.196","open","low_gate","winter23-24","low"
"5065","3/23/2024","15:00","48.339","open","low_gate","winter23-24","low"
"5074","3/23/2024","21:00","39.76","open","low_gate","winter23-24","low"
"5084","3/24/2024","3:00","37.297","open","low_gate","winter23-24","low"
"5094","3/24/2024","9:00","36.531","open","low_gate","winter23-24","low"
"5109","3/24/2024","15:00","47.446","open","low_gate","winter23-24","low"
"51110","3/24/2024","21:00","37.488","open","low_gate","winter23-24","low"
"5125","3/25/2024","3:00","33.805","open","low_gate","winter23-24","low"
"5135","3/25/2024","9:00","33.411","open","low_gate","winter23-24","low"
"5145","3/25/2024","15:00","53.798","open","low_gate","winter23-24","low"
"5155","3/25/2024","21:00","39.384","open","low_gate","winter23-24","low"
"5165","3/26/2024","3:00","33.805","open","low_gate","winter23-24","low"
"5175","3/26/2024","9:00","33.411","open","low_gate","winter23-24","low"
"5185","3/26/2024","15:00","49.228","open","low_gate","winter23-24","low"
"5195","3/26/2024","21:00","38.818","open","low_gate","winter23-24","low"
"5205","3/27/2024","3:00","34.59","open","low_gate","winter23-24","low"
"5219","3/27/2024","9:00","33.805","open","low_gate","winter23-24","low"
"5225","3/27/2024","15:00","46.908","open","low_gate","winter23-24","low"
"5235","3/27/2024","21:00","39.384","open","low_gate","winter23-24","low"
"5245","3/28/2024","3:00","37.297","open","low_gate","winter23-24","low"
"5255","3/28/2024","9:00","35.758","open","low_gate","winter23-24","low"
"5265","3/28/2024","15:00","36.338","open","low_gate","winter23-24","low"
"5274","3/28/2024","21:00","34.394","open","low_gate","winter23-24","low"
"5284","3/29/2024","3:00","33.013","open","low_gate","winter23-24","low"
"5294","3/29/2024","9:00","33.013","open","low_gate","winter23-24","low"
"5304","3/29/2024","15:00","53.274","open","low_gate","winter23-24","low"
"5319","3/29/2024","21:00","39.196","open","low_gate","winter23-24","low"
"5325","3/30/2024","3:00","34.198","open","low_gate","winter23-24","low"
"5335","3/30/2024","9:00","33.607","open","low_gate","winter23-24","low"
"5345","3/30/2024","15:00","49.759","open","low_gate","winter23-24","low"
"5355","3/30/2024","21:00","41.067","open","low_gate","winter23-24","low"
"5365","3/31/2024","3:00","37.297","open","low_gate","winter23-24","low"
"5374","3/31/2024","9:00","38.818","open","low_gate","winter23-24","low"
"5384","3/31/2024","15:00","46.728","open","low_gate","winter23-24","low"
"5394","3/31/2024","21:00","39.384","open","low_gate","winter23-24","low"
"5404","4/1/2024","3:00","34.786","open","low_gate","winter23-24","low"
"5419","4/1/2024","9:00","33.607","open","low_gate","winter23-24","low"
"5425","4/1/2024","15:00","55.017","open","low_gate","winter23-24","low"
"5435","4/1/2024","21:00","41.81","open","low_gate","winter23-24","low"
"5445","4/2/2024","3:00","35.37","open","low_gate","winter23-24","low"
"5455","4/2/2024","9:00","34.198","open","low_gate","winter23-24","low"
"5465","4/2/2024","15:00","61.912","open","low_gate","winter23-24","low"
"5474","4/2/2024","21:00","47.446","open","low_gate","winter23-24","low"
"5484","4/3/2024","3:00","39.196","open","low_gate","winter23-24","low"
"5494","4/3/2024","9:00","38.44","open","low_gate","winter23-24","low"
"5504","4/3/2024","15:00","54.669","open","low_gate","winter23-24","low"
"5519","4/3/2024","21:00","44.922","open","low_gate","winter23-24","low"
"5525","4/4/2024","3:00","40.881","open","low_gate","winter23-24","low"
"5535","4/4/2024","9:00","41.439","open","low_gate","winter23-24","low"
"5545","4/4/2024","15:00","58.476","open","low_gate","winter23-24","low"
"5555","4/4/2024","21:00","46.728","open","low_gate","winter23-24","low"
"5565","4/5/2024","3:00","39.947","open","low_gate","winter23-24","low"
"5574","4/5/2024","9:00","41.254","open","low_gate","winter23-24","low"
"5584","4/5/2024","15:00","47.982","open","low_gate","winter23-24","low"
"5594","4/5/2024","21:00","39.947","open","low_gate","winter23-24","low"
"5604","4/6/2024","3:00","36.914","open","low_gate","winter23-24","low"
"5619","4/6/2024","9:00","36.914","open","low_gate","winter23-24","low"
"5625","4/6/2024","15:00","47.446","open","low_gate","winter23-24","low"
"5635","4/6/2024","21:00","41.254","open","low_gate","winter23-24","low"
"5645","4/7/2024","3:00","36.338","open","low_gate","winter23-24","low"
"5655","4/7/2024","9:00","38.061","open","low_gate","winter23-24","low"
"5665","4/7/2024","15:00","58.993","open","low_gate","winter23-24","low"
"5674","4/7/2024","21:00","44.56","open","low_gate","winter23-24","low"
"5684","4/8/2024","3:00","37.107","open","low_gate","winter23-24","low"
"5694","4/8/2024","9:00","35.758","open","low_gate","winter23-24","low"
"5704","4/8/2024","15:00","57.958","open","low_gate","winter23-24","low"
"5719","4/8/2024","21:00","45.104","open","low_gate","winter23-24","low"
"5725","4/9/2024","3:00","37.87","open","low_gate","winter23-24","low"
"5735","4/9/2024","9:00","40.321","open","low_gate","winter23-24","low"
"5745","4/9/2024","15:00","58.82","open","low_gate","winter23-24","low"
"5755","4/9/2024","21:00","46.369","open","low_gate","winter23-24","low"
"5765","4/10/2024","3:00","38.061","open","low_gate","winter23-24","low"
"5774","4/10/2024","9:00","37.297","open","low_gate","winter23-24","low"
"5784","4/10/2024","15:00","64.996","open","low_gate","winter23-24","low"
"5794","4/10/2024","21:00","48.517","open","low_gate","winter23-24","low"
"5804","4/11/2024","3:00","39.573","open","low_gate","winter23-24","low"
"5819","4/11/2024","9:00","38.818","open","low_gate","winter23-24","low"
"5825","4/11/2024","15:00","59.164","open","low_gate","winter23-24","low"
"5835","4/11/2024","21:00","47.802","open","low_gate","winter23-24","low"
"5845","4/12/2024","3:00","40.881","open","low_gate","winter23-24","low"
"5855","4/12/2024","9:00","42.179","open","low_gate","winter23-24","low"
"5865","4/12/2024","15:00","57.268","open","low_gate","winter23-24","low"
"5874","4/12/2024","21:00","49.582","open","low_gate","winter23-24","low"
"5884","4/13/2024","3:00","42.179","open","low_gate","winter23-24","low"
"5894","4/13/2024","9:00","43.099","open","low_gate","winter23-24","low"
"5904","4/13/2024","15:00","68.934","open","low_gate","winter23-24","low"
"5919","4/13/2024","21:00","52.75","open","low_gate","winter23-24","low"
"5925","4/14/2024","3:00","43.282","open","low_gate","winter23-24","low"
"5935","4/14/2024","9:00","43.831","open","low_gate","winter23-24","low"
"5945","4/14/2024","15:00","67.564","open","low_gate","winter23-24","low"
"5955","4/14/2024","21:00","51.523","open","low_gate","winter23-24","low"
"5965","4/15/2024","3:00","46.369","open","low_gate","winter23-24","low"
"5974","4/15/2024","9:00","46.908","open","low_gate","winter23-24","low"
"5984","4/15/2024","15:00","62.598","open","low_gate","winter23-24","low"
"5994","4/15/2024","21:00","50.466","open","low_gate","winter23-24","low"
"6004","4/16/2024","3:00","41.625","open","low_gate","winter23-24","low"
"6019","4/16/2024","9:00","42.179","open","low_gate","winter23-24","low"
"6025","4/16/2024","15:00","55.711","open","low_gate","winter23-24","low"
"6035","4/16/2024","21:00","47.624","open","low_gate","winter23-24","low"
"6045","4/17/2024","3:00","42.548","open","low_gate","winter23-24","low"
"6055","4/17/2024","9:00","41.254","open","low_gate","winter23-24","low"
"6065","4/17/2024","15:00","53.973","open","low_gate","winter23-24","low"
"6074","4/17/2024","21:00","41.254","open","low_gate","winter23-24","low"
"6084","4/18/2024","3:00","34.786","open","low_gate","winter23-24","low"
"6094","4/18/2024","9:00","33.607","open","low_gate","winter23-24","low"
"6105","4/18/2024","15:00","65.167","open","low_gate","winter23-24","low"
"61110","4/18/2024","21:00","45.648","open","low_gate","winter23-24","low"
"6125","4/19/2024","3:00","36.145","open","low_gate","winter23-24","low"
"6135","4/19/2024","9:00","34.981","open","low_gate","winter23-24","low"
"6145","4/19/2024","15:00","67.392","open","low_gate","winter23-24","low"
"6155","4/19/2024","21:00","46.548","open","low_gate","winter23-24","low"
"6165","4/20/2024","3:00","37.107","open","low_gate","winter23-24","low"
"6175","4/20/2024","9:00","37.488","open","low_gate","winter23-24","low"
"6185","4/20/2024","15:00","71.339","open","low_gate","winter23-24","low"
"6195","4/20/2024","21:00","51.346","open","low_gate","winter23-24","low"
"6205","4/21/2024","3:00","41.439","open","low_gate","winter23-24","low"
"6219","4/21/2024","9:00","45.104","open","low_gate","winter23-24","low"
"6225","4/21/2024","15:00","69.278","open","low_gate","winter23-24","low"
"6235","4/21/2024","21:00","51.346","open","low_gate","winter23-24","low"
"6245","4/22/2024","3:00","42.732","open","low_gate","winter23-24","low"
"6255","4/22/2024","9:00","41.994","open","low_gate","winter23-24","low"
"6265","4/22/2024","15:00","72.199","open","low_gate","winter23-24","low"
"6274","4/22/2024","21:00","53.973","open","low_gate","winter23-24","low"
"6284","4/23/2024","3:00","43.466","open","low_gate","winter23-24","low"
"6294","4/23/2024","9:00","44.742","open","low_gate","winter23-24","low"
"6304","4/23/2024","15:00","72.718","open","low_gate","winter23-24","low"
"6318","4/23/2024","21:00","54.322","open","low_gate","winter23-24","low"
"6325","4/24/2024","3:00","45.466","open","low_gate","winter23-24","low"
"6335","4/24/2024","9:00","47.266","open","low_gate","winter23-24","low"
"6345","4/24/2024","15:00","81.621","open","low_gate","winter23-24","low"
"2190","11/18/2023","15:00","43.648","open","high_north","winter23-24","high"
"3170","11/18/2023","21:00","33.805","open","high_north","winter23-24","high"
"4160","11/19/2023","3:00","34.394","open","high_north","winter23-24","high"
"5120","11/19/2023","9:00","35.564","open","high_north","winter23-24","high"
"670","11/19/2023","15:00","38.25","open","high_north","winter23-24","high"
"760","11/19/2023","21:00","34.198","open","high_north","winter23-24","high"
"860","11/20/2023","3:00","31.816","open","high_north","winter23-24","high"
"960","11/20/2023","9:00","30.808","open","high_north","winter23-24","high"
"1060","11/20/2023","15:00","37.488","open","high_north","winter23-24","high"
"1160","11/20/2023","21:00","32.018","open","high_north","winter23-24","high"
"1260","11/21/2023","3:00","30.198","open","high_north","winter23-24","high"
"1360","11/21/2023","9:00","29.79","open","high_north","winter23-24","high"
"1460","11/21/2023","15:00","33.607","open","high_north","winter23-24","high"
"1560","11/21/2023","21:00","31.012","open","high_north","winter23-24","high"
"1660","11/22/2023","3:00","29.79","open","high_north","winter23-24","high"
"1760","11/22/2023","9:00","29.174","open","high_north","winter23-24","high"
"1860","11/22/2023","15:00","32.815","open","high_north","winter23-24","high"
"1960","11/22/2023","21:00","31.816","open","high_north","winter23-24","high"
"2060","11/23/2023","3:00","31.617","open","high_north","winter23-24","high"
"21100","11/23/2023","9:00","31.415","open","high_north","winter23-24","high"
"2260","11/23/2023","15:00","32.418","open","high_north","winter23-24","high"
"2360","11/23/2023","21:00","31.816","open","high_north","winter23-24","high"
"2460","11/24/2023","3:00","31.617","open","high_north","winter23-24","high"
"2560","11/24/2023","9:00","31.415","open","high_north","winter23-24","high"
"2660","11/24/2023","15:00","31.816","open","high_north","winter23-24","high"
"2760","11/24/2023","21:00","30.198","open","high_north","winter23-24","high"
"2860","11/25/2023","3:00","28.555","open","high_north","winter23-24","high"
"2950","11/25/2023","9:00","27.091","open","high_north","winter23-24","high"
"3050","11/25/2023","15:00","32.018","open","high_north","winter23-24","high"
"3180","11/25/2023","21:00","29.586","open","high_north","winter23-24","high"
"3250","11/26/2023","3:00","28.346","open","high_north","winter23-24","high"
"3350","11/26/2023","9:00","27.93","open","high_north","winter23-24","high"
"3450","11/26/2023","15:00","29.379","open","high_north","winter23-24","high"
"3550","11/26/2023","21:00","27.93","open","high_north","winter23-24","high"
"3650","11/27/2023","3:00","27.091","open","high_north","winter23-24","high"
"3750","11/27/2023","9:00","26.881","open","high_north","winter23-24","high"
"3850","11/27/2023","15:00","30.808","open","high_north","winter23-24","high"
"3950","11/27/2023","21:00","25.174","open","high_north","winter23-24","high"
"4050","11/28/2023","3:00","22.33","open","high_north","winter23-24","high"
"4170","11/28/2023","9:00","21.884","open","high_north","winter23-24","high"
"4250","11/28/2023","15:00","32.218","open","high_north","winter23-24","high"
"4350","11/28/2023","21:00","28.139","open","high_north","winter23-24","high"
"4440","11/29/2023","3:00","23.216","open","high_north","winter23-24","high"
"4540","11/29/2023","9:00","22.552","open","high_north","winter23-24","high"
"4640","11/29/2023","15:00","31.816","open","high_north","winter23-24","high"
"4720","11/29/2023","21:00","27.091","open","high_north","winter23-24","high"
"4820","11/30/2023","3:00","24.31","open","high_north","winter23-24","high"
"4920","11/30/2023","9:00","21.884","open","high_north","winter23-24","high"
"5020","11/30/2023","15:00","30.198","open","high_north","winter23-24","high"
"5126","11/30/2023","21:00","26.881","open","high_north","winter23-24","high"
"5220","12/1/2023","3:00","25.819","open","high_north","winter23-24","high"
"5320","12/1/2023","9:00","24.526","open","high_north","winter23-24","high"
"5420","12/1/2023","15:00","27.93","open","high_north","winter23-24","high"
"5520","12/1/2023","21:00","27.93","open","high_north","winter23-24","high"
"5620","12/2/2023","3:00","27.93","open","high_north","winter23-24","high"
"5720","12/2/2023","9:00","27.511","open","high_north","winter23-24","high"
"5820","12/2/2023","15:00","28.346","open","high_north","winter23-24","high"
"5920","12/2/2023","21:00","28.555","open","high_north","winter23-24","high"
"6020","12/3/2023","3:00","26.031","open","high_north","winter23-24","high"
"6120","12/3/2023","9:00","26.245","open","high_north","winter23-24","high"
"6220","12/3/2023","15:00","28.762","open","high_north","winter23-24","high"
"6319","12/3/2023","21:00","28.969","open","high_north","winter23-24","high"
"6412","12/4/2023","3:00","28.969","open","high_north","winter23-24","high"
"6512","12/4/2023","9:00","29.379","open","high_north","winter23-24","high"
"6612","12/4/2023","15:00","30.403","open","high_north","winter23-24","high"
"6712","12/4/2023","21:00","30.607","open","high_north","winter23-24","high"
"6812","12/5/2023","3:00","30.808","open","high_north","winter23-24","high"
"6912","12/5/2023","9:00","31.012","open","high_north","winter23-24","high"
"7012","12/5/2023","15:00","31.617","open","high_north","winter23-24","high"
"7116","12/5/2023","21:00","31.617","open","high_north","winter23-24","high"
"7214","12/6/2023","3:00","31.617","open","high_north","winter23-24","high"
"7312","12/6/2023","9:00","31.617","open","high_north","winter23-24","high"
"7412","12/6/2023","15:00","32.218","open","high_north","winter23-24","high"
"7512","12/6/2023","21:00","31.816","open","high_north","winter23-24","high"
"7612","12/7/2023","3:00","31.816","open","high_north","winter23-24","high"
"7712","12/7/2023","9:00","31.816","open","high_north","winter23-24","high"
"7812","12/7/2023","15:00","31.816","open","high_north","winter23-24","high"
"7912","12/7/2023","21:00","31.415","open","high_north","winter23-24","high"
"8012","12/8/2023","3:00","31.415","open","high_north","winter23-24","high"
"8116","12/8/2023","9:00","31.012","open","high_north","winter23-24","high"
"8214","12/8/2023","15:00","31.012","open","high_north","winter23-24","high"
"8312","12/8/2023","21:00","29.995","open","high_north","winter23-24","high"
"8412","12/9/2023","3:00","28.346","open","high_north","winter23-24","high"
"8512","12/9/2023","9:00","26.031","open","high_north","winter23-24","high"
"8612","12/9/2023","15:00","28.555","open","high_north","winter23-24","high"
"8712","12/9/2023","21:00","27.721","open","high_north","winter23-24","high"
"8812","12/10/2023","3:00","27.511","open","high_north","winter23-24","high"
"8912","12/10/2023","9:00","27.721","open","high_north","winter23-24","high"
"9012","12/10/2023","15:00","28.969","open","high_north","winter23-24","high"
"9116","12/10/2023","21:00","29.174","open","high_north","winter23-24","high"
"9214","12/11/2023","3:00","29.379","open","high_north","winter23-24","high"
"9312","12/11/2023","9:00","29.586","open","high_north","winter23-24","high"
"9412","12/11/2023","15:00","30.403","open","high_north","winter23-24","high"
"9512","12/11/2023","21:00","30.198","open","high_north","winter23-24","high"
"9612","12/12/2023","3:00","29.79","open","high_north","winter23-24","high"
"9712","12/12/2023","9:00","29.174","open","high_north","winter23-24","high"
"9812","12/12/2023","15:00","30.403","open","high_north","winter23-24","high"
"9912","12/12/2023","21:00","29.586","open","high_north","winter23-24","high"
"10012","12/13/2023","3:00","28.555","open","high_north","winter23-24","high"
"10116","12/13/2023","9:00","27.721","open","high_north","winter23-24","high"
"10214","12/13/2023","15:00","29.995","open","high_north","winter23-24","high"
"10312","12/13/2023","21:00","29.174","open","high_north","winter23-24","high"
"10412","12/14/2023","3:00","27.93","open","high_north","winter23-24","high"
"10512","12/14/2023","9:00","26.668","open","high_north","winter23-24","high"
"10612","12/14/2023","15:00","29.379","open","high_north","winter23-24","high"
"10712","12/14/2023","21:00","28.139","open","high_north","winter23-24","high"
"10812","12/15/2023","3:00","27.091","open","high_north","winter23-24","high"
"10912","12/15/2023","9:00","26.458","open","high_north","winter23-24","high"
"11012","12/15/2023","15:00","29.379","open","high_north","winter23-24","high"
"11116","12/15/2023","21:00","28.346","open","high_north","winter23-24","high"
"11214","12/16/2023","3:00","27.511","open","high_north","winter23-24","high"
"11312","12/16/2023","9:00","26.881","open","high_north","winter23-24","high"
"11412","12/16/2023","15:00","29.174","open","high_north","winter23-24","high"
"11512","12/16/2023","21:00","27.93","open","high_north","winter23-24","high"
"11612","12/17/2023","3:00","27.091","open","high_north","winter23-24","high"
"11712","12/17/2023","9:00","26.245","open","high_north","winter23-24","high"
"11812","12/17/2023","15:00","29.174","open","high_north","winter23-24","high"
"11912","12/17/2023","21:00","28.139","open","high_north","winter23-24","high"
"12012","12/18/2023","3:00","27.091","open","high_north","winter23-24","high"
"12116","12/18/2023","9:00","26.881","open","high_north","winter23-24","high"
"12214","12/18/2023","15:00","29.174","open","high_north","winter23-24","high"
"12312","12/18/2023","21:00","28.969","open","high_north","winter23-24","high"
"12412","12/19/2023","3:00","28.555","open","high_north","winter23-24","high"
"12512","12/19/2023","9:00","28.969","open","high_north","winter23-24","high"
"12612","12/19/2023","15:00","30.403","open","high_north","winter23-24","high"
"12712","12/19/2023","21:00","29.79","open","high_north","winter23-24","high"
"12812","12/20/2023","3:00","29.379","open","high_north","winter23-24","high"
"12912","12/20/2023","9:00","29.79","open","high_north","winter23-24","high"
"13012","12/20/2023","15:00","31.012","open","high_north","winter23-24","high"
"13116","12/20/2023","21:00","31.617","open","high_north","winter23-24","high"
"13214","12/21/2023","3:00","31.012","open","high_north","winter23-24","high"
"13312","12/21/2023","9:00","30.607","open","high_north","winter23-24","high"
"13412","12/21/2023","15:00","32.018","open","high_north","winter23-24","high"
"13512","12/21/2023","21:00","32.018","open","high_north","winter23-24","high"
"13612","12/22/2023","3:00","32.018","open","high_north","winter23-24","high"
"13712","12/22/2023","9:00","32.018","open","high_north","winter23-24","high"
"13812","12/22/2023","15:00","32.018","open","high_north","winter23-24","high"
"13912","12/22/2023","21:00","32.018","open","high_north","winter23-24","high"
"14012","12/23/2023","3:00","32.018","open","high_north","winter23-24","high"
"14116","12/23/2023","9:00","32.018","open","high_north","winter23-24","high"
"14214","12/23/2023","15:00","32.018","open","high_north","winter23-24","high"
"14312","12/23/2023","21:00","32.018","open","high_north","winter23-24","high"
"14412","12/24/2023","3:00","31.816","open","high_north","winter23-24","high"
"14512","12/24/2023","9:00","31.617","open","high_north","winter23-24","high"
"14612","12/24/2023","15:00","31.816","open","high_north","winter23-24","high"
"14712","12/24/2023","21:00","31.415","open","high_north","winter23-24","high"
"14812","12/25/2023","3:00","30.607","open","high_north","winter23-24","high"
"14912","12/25/2023","9:00","30.607","open","high_north","winter23-24","high"
"15012","12/25/2023","15:00","31.213","open","high_north","winter23-24","high"
"15116","12/25/2023","21:00","29.586","open","high_north","winter23-24","high"
"15214","12/26/2023","3:00","28.346","open","high_north","winter23-24","high"
"15312","12/26/2023","9:00","27.511","open","high_north","winter23-24","high"
"15412","12/26/2023","15:00","29.379","open","high_north","winter23-24","high"
"15512","12/26/2023","21:00","28.555","open","high_north","winter23-24","high"
"15612","12/27/2023","3:00","28.346","open","high_north","winter23-24","high"
"15712","12/27/2023","9:00","28.346","open","high_north","winter23-24","high"
"15812","12/27/2023","15:00","29.379","open","high_north","winter23-24","high"
"15912","12/27/2023","21:00","28.346","open","high_north","winter23-24","high"
"16012","12/28/2023","3:00","28.346","open","high_north","winter23-24","high"
"16116","12/28/2023","9:00","27.93","open","high_north","winter23-24","high"
"16214","12/28/2023","15:00","30.198","open","high_north","winter23-24","high"
"16312","12/28/2023","21:00","28.762","open","high_north","winter23-24","high"
"16412","12/29/2023","3:00","27.93","open","high_north","winter23-24","high"
"16512","12/29/2023","9:00","27.511","open","high_north","winter23-24","high"
"16612","12/29/2023","15:00","30.198","open","high_north","winter23-24","high"
"16712","12/29/2023","21:00","29.586","open","high_north","winter23-24","high"
"16812","12/30/2023","3:00","28.346","open","high_north","winter23-24","high"
"16912","12/30/2023","9:00","27.721","open","high_north","winter23-24","high"
"17012","12/30/2023","15:00","30.403","open","high_north","winter23-24","high"
"17116","12/30/2023","21:00","30.198","open","high_north","winter23-24","high"
"17214","12/31/2023","3:00","28.969","open","high_north","winter23-24","high"
"17312","12/31/2023","9:00","27.93","open","high_north","winter23-24","high"
"17412","12/31/2023","15:00","30.808","open","high_north","winter23-24","high"
"17512","12/31/2023","21:00","29.379","open","high_north","winter23-24","high"
"17612","1/1/2024","3:00","27.091","open","high_north","winter23-24","high"
"17712","1/1/2024","9:00","25.819","open","high_north","winter23-24","high"
"17812","1/1/2024","15:00","30.198","open","high_north","winter23-24","high"
"17912","1/1/2024","21:00","28.346","open","high_north","winter23-24","high"
"18012","1/2/2024","3:00","26.031","open","high_north","winter23-24","high"
"18116","1/2/2024","9:00","25.39","open","high_north","winter23-24","high"
"18214","1/2/2024","15:00","29.379","open","high_north","winter23-24","high"
"18312","1/2/2024","21:00","27.091","open","high_north","winter23-24","high"
"18412","1/3/2024","3:00","25.174","open","high_north","winter23-24","high"
"18512","1/3/2024","9:00","24.31","open","high_north","winter23-24","high"
"18612","1/3/2024","15:00","28.139","open","high_north","winter23-24","high"
"18712","1/3/2024","21:00","27.511","open","high_north","winter23-24","high"
"18812","1/4/2024","3:00","27.511","open","high_north","winter23-24","high"
"18912","1/4/2024","9:00","27.091","open","high_north","winter23-24","high"
"19012","1/4/2024","15:00","29.586","open","high_north","winter23-24","high"
"19116","1/4/2024","21:00","29.174","open","high_north","winter23-24","high"
"19214","1/5/2024","3:00","28.555","open","high_north","winter23-24","high"
"19312","1/5/2024","9:00","28.139","open","high_north","winter23-24","high"
"19412","1/5/2024","15:00","29.79","open","high_north","winter23-24","high"
"19512","1/5/2024","21:00","27.302","open","high_north","winter23-24","high"
"19612","1/6/2024","3:00","24.526","open","high_north","winter23-24","high"
"19712","1/6/2024","9:00","24.96","open","high_north","winter23-24","high"
"19812","1/6/2024","15:00","26.458","open","high_north","winter23-24","high"
"19912","1/6/2024","21:00","26.245","open","high_north","winter23-24","high"
"20012","1/7/2024","3:00","26.881","open","high_north","winter23-24","high"
"20116","1/7/2024","9:00","26.881","open","high_north","winter23-24","high"
"20214","1/7/2024","15:00","27.721","open","high_north","winter23-24","high"
"20312","1/7/2024","21:00","27.511","open","high_north","winter23-24","high"
"20412","1/8/2024","3:00","26.881","open","high_north","winter23-24","high"
"20512","1/8/2024","9:00","26.245","open","high_north","winter23-24","high"
"20612","1/8/2024","15:00","26.881","open","high_north","winter23-24","high"
"20712","1/8/2024","21:00","26.881","open","high_north","winter23-24","high"
"20812","1/9/2024","3:00","26.881","open","high_north","winter23-24","high"
"20912","1/9/2024","9:00","27.091","open","high_north","winter23-24","high"
"21016","1/9/2024","15:00","27.511","open","high_north","winter23-24","high"
"21116","1/9/2024","21:00","27.511","open","high_north","winter23-24","high"
"21215","1/10/2024","3:00","27.721","open","high_north","winter23-24","high"
"21313","1/10/2024","9:00","27.511","open","high_north","winter23-24","high"
"21413","1/10/2024","15:00","27.93","open","high_north","winter23-24","high"
"21512","1/10/2024","21:00","28.139","open","high_north","winter23-24","high"
"21612","1/11/2024","3:00","28.139","open","high_north","winter23-24","high"
"21712","1/11/2024","9:00","27.721","open","high_north","winter23-24","high"
"21812","1/11/2024","15:00","27.93","open","high_north","winter23-24","high"
"21912","1/11/2024","21:00","28.139","open","high_north","winter23-24","high"
"22012","1/12/2024","3:00","28.139","open","high_north","winter23-24","high"
"22116","1/12/2024","9:00","28.139","open","high_north","winter23-24","high"
"22214","1/12/2024","15:00","28.346","open","high_north","winter23-24","high"
"22312","1/12/2024","21:00","28.139","open","high_north","winter23-24","high"
"22412","1/13/2024","3:00","27.302","open","high_north","winter23-24","high"
"22512","1/13/2024","9:00","26.668","open","high_north","winter23-24","high"
"22612","1/13/2024","15:00","26.668","open","high_north","winter23-24","high"
"22712","1/13/2024","21:00","26.458","open","high_north","winter23-24","high"
"22812","1/14/2024","3:00","26.245","open","high_north","winter23-24","high"
"22912","1/14/2024","9:00","26.031","open","high_north","winter23-24","high"
"23012","1/14/2024","15:00","26.458","open","high_north","winter23-24","high"
"23116","1/14/2024","21:00","26.881","open","high_north","winter23-24","high"
"23214","1/15/2024","3:00","26.881","open","high_north","winter23-24","high"
"23312","1/15/2024","9:00","26.458","open","high_north","winter23-24","high"
"23412","1/15/2024","15:00","26.668","open","high_north","winter23-24","high"
"23512","1/15/2024","21:00","26.668","open","high_north","winter23-24","high"
"23612","1/16/2024","3:00","26.031","open","high_north","winter23-24","high"
"23712","1/16/2024","9:00","25.605","open","high_north","winter23-24","high"
"23812","1/16/2024","15:00","26.031","open","high_north","winter23-24","high"
"23912","1/16/2024","21:00","26.031","open","high_north","winter23-24","high"
"24012","1/17/2024","3:00","26.031","open","high_north","winter23-24","high"
"24116","1/17/2024","9:00","26.245","open","high_north","winter23-24","high"
"24214","1/17/2024","15:00","26.881","open","high_north","winter23-24","high"
"24312","1/17/2024","21:00","27.302","open","high_north","winter23-24","high"
"24412","1/18/2024","3:00","27.302","open","high_north","winter23-24","high"
"24512","1/18/2024","9:00","27.511","open","high_north","winter23-24","high"
"24612","1/18/2024","15:00","27.721","open","high_north","winter23-24","high"
"24712","1/18/2024","21:00","27.93","open","high_north","winter23-24","high"
"24812","1/19/2024","3:00","27.93","open","high_north","winter23-24","high"
"24912","1/19/2024","9:00","28.139","open","high_north","winter23-24","high"
"25012","1/19/2024","15:00","28.555","open","high_north","winter23-24","high"
"25116","1/19/2024","21:00","28.762","open","high_north","winter23-24","high"
"25214","1/20/2024","3:00","28.762","open","high_north","winter23-24","high"
"25312","1/20/2024","9:00","28.762","open","high_north","winter23-24","high"
"25412","1/20/2024","15:00","29.174","open","high_north","winter23-24","high"
"25512","1/20/2024","21:00","29.379","open","high_north","winter23-24","high"
"25612","1/21/2024","3:00","29.586","open","high_north","winter23-24","high"
"25712","1/21/2024","9:00","29.586","open","high_north","winter23-24","high"
"25812","1/21/2024","15:00","29.79","open","high_north","winter23-24","high"
"25912","1/21/2024","21:00","29.79","open","high_north","winter23-24","high"
"26012","1/22/2024","3:00","29.995","open","high_north","winter23-24","high"
"26116","1/22/2024","9:00","29.995","open","high_north","winter23-24","high"
"26214","1/22/2024","15:00","30.198","open","high_north","winter23-24","high"
"26312","1/22/2024","21:00","30.198","open","high_north","winter23-24","high"
"26412","1/23/2024","3:00","30.403","open","high_north","winter23-24","high"
"26512","1/23/2024","9:00","30.403","open","high_north","winter23-24","high"
"26612","1/23/2024","15:00","30.403","open","high_north","winter23-24","high"
"26712","1/23/2024","21:00","30.607","open","high_north","winter23-24","high"
"26812","1/24/2024","3:00","30.607","open","high_north","winter23-24","high"
"26912","1/24/2024","9:00","30.607","open","high_north","winter23-24","high"
"27012","1/24/2024","15:00","30.808","open","high_north","winter23-24","high"
"27116","1/24/2024","21:00","30.808","open","high_north","winter23-24","high"
"27214","1/25/2024","3:00","30.808","open","high_north","winter23-24","high"
"27312","1/25/2024","9:00","30.808","open","high_north","winter23-24","high"
"27412","1/25/2024","15:00","30.808","open","high_north","winter23-24","high"
"27512","1/25/2024","21:00","30.808","open","high_north","winter23-24","high"
"27612","1/26/2024","3:00","30.808","open","high_north","winter23-24","high"
"27712","1/26/2024","9:00","30.607","open","high_north","winter23-24","high"
"27812","1/26/2024","15:00","30.403","open","high_north","winter23-24","high"
"27912","1/26/2024","21:00","30.403","open","high_north","winter23-24","high"
"28012","1/27/2024","3:00","30.403","open","high_north","winter23-24","high"
"28116","1/27/2024","9:00","30.403","open","high_north","winter23-24","high"
"28214","1/27/2024","15:00","30.607","open","high_north","winter23-24","high"
"28312","1/27/2024","21:00","30.607","open","high_north","winter23-24","high"
"28412","1/28/2024","3:00","30.607","open","high_north","winter23-24","high"
"28512","1/28/2024","9:00","30.808","open","high_north","winter23-24","high"
"28611","1/28/2024","15:00","30.808","open","high_north","winter23-24","high"
"28711","1/28/2024","21:00","31.012","open","high_north","winter23-24","high"
"28811","1/29/2024","3:00","31.012","open","high_north","winter23-24","high"
"28911","1/29/2024","9:00","31.012","open","high_north","winter23-24","high"
"29011","1/29/2024","15:00","32.018","open","high_north","winter23-24","high"
"29116","1/29/2024","21:00","31.816","open","high_north","winter23-24","high"
"29213","1/30/2024","3:00","31.816","open","high_north","winter23-24","high"
"29311","1/30/2024","9:00","31.816","open","high_north","winter23-24","high"
"29411","1/30/2024","15:00","31.816","open","high_north","winter23-24","high"
"29511","1/30/2024","21:00","31.816","open","high_north","winter23-24","high"
"29611","1/31/2024","3:00","31.816","open","high_north","winter23-24","high"
"29711","1/31/2024","9:00","31.816","open","high_north","winter23-24","high"
"29811","1/31/2024","15:00","31.816","open","high_north","winter23-24","high"
"29911","1/31/2024","21:00","31.816","open","high_north","winter23-24","high"
"30011","2/1/2024","3:00","31.816","open","high_north","winter23-24","high"
"30116","2/1/2024","9:00","31.816","open","high_north","winter23-24","high"
"30213","2/1/2024","15:00","31.816","open","high_north","winter23-24","high"
"30311","2/1/2024","21:00","31.816","open","high_north","winter23-24","high"
"30411","2/2/2024","3:00","31.816","open","high_north","winter23-24","high"
"30511","2/2/2024","9:00","31.816","open","high_north","winter23-24","high"
"30611","2/2/2024","15:00","31.816","open","high_north","winter23-24","high"
"30711","2/2/2024","21:00","31.816","open","high_north","winter23-24","high"
"30811","2/3/2024","3:00","31.816","open","high_north","winter23-24","high"
"30911","2/3/2024","9:00","31.816","open","high_north","winter23-24","high"
"31016","2/3/2024","15:00","31.816","open","high_north","winter23-24","high"
"31116","2/3/2024","21:00","31.816","open","high_north","winter23-24","high"
"31214","2/4/2024","3:00","31.816","open","high_north","winter23-24","high"
"31312","2/4/2024","9:00","31.816","open","high_north","winter23-24","high"
"31412","2/4/2024","15:00","31.816","open","high_north","winter23-24","high"
"31511","2/4/2024","21:00","31.816","open","high_north","winter23-24","high"
"31611","2/5/2024","3:00","31.816","open","high_north","winter23-24","high"
"31711","2/5/2024","9:00","31.816","open","high_north","winter23-24","high"
"31811","2/5/2024","15:00","31.816","open","high_north","winter23-24","high"
"31911","2/5/2024","21:00","31.816","open","high_north","winter23-24","high"
"32011","2/6/2024","3:00","31.816","open","high_north","winter23-24","high"
"32116","2/6/2024","9:00","31.816","open","high_north","winter23-24","high"
"32213","2/6/2024","15:00","31.816","open","high_north","winter23-24","high"
"32311","2/6/2024","21:00","31.816","open","high_north","winter23-24","high"
"32411","2/7/2024","3:00","31.816","open","high_north","winter23-24","high"
"32511","2/7/2024","9:00","31.816","open","high_north","winter23-24","high"
"32611","2/7/2024","15:00","31.816","open","high_north","winter23-24","high"
"32711","2/7/2024","21:00","31.816","open","high_north","winter23-24","high"
"32811","2/8/2024","3:00","31.816","open","high_north","winter23-24","high"
"32911","2/8/2024","9:00","31.816","open","high_north","winter23-24","high"
"33011","2/8/2024","15:00","31.816","open","high_north","winter23-24","high"
"33116","2/8/2024","21:00","31.816","open","high_north","winter23-24","high"
"33213","2/9/2024","3:00","31.816","open","high_north","winter23-24","high"
"33311","2/9/2024","9:00","31.816","open","high_north","winter23-24","high"
"33411","2/9/2024","15:00","31.816","open","high_north","winter23-24","high"
"33511","2/9/2024","21:00","31.816","open","high_north","winter23-24","high"
"33611","2/10/2024","3:00","31.816","open","high_north","winter23-24","high"
"33711","2/10/2024","9:00","31.816","open","high_north","winter23-24","high"
"33811","2/10/2024","15:00","31.816","open","high_north","winter23-24","high"
"33911","2/10/2024","21:00","31.816","open","high_north","winter23-24","high"
"34011","2/11/2024","3:00","31.816","open","high_north","winter23-24","high"
"34116","2/11/2024","9:00","31.816","open","high_north","winter23-24","high"
"34213","2/11/2024","15:00","31.816","open","high_north","winter23-24","high"
"34311","2/11/2024","21:00","31.816","open","high_north","winter23-24","high"
"34411","2/12/2024","3:00","31.816","open","high_north","winter23-24","high"
"34511","2/12/2024","9:00","31.816","open","high_north","winter23-24","high"
"34611","2/12/2024","15:00","31.816","open","high_north","winter23-24","high"
"34711","2/12/2024","21:00","31.816","open","high_north","winter23-24","high"
"34811","2/13/2024","3:00","31.816","open","high_north","winter23-24","high"
"34911","2/13/2024","9:00","31.816","open","high_north","winter23-24","high"
"35011","2/13/2024","15:00","31.816","open","high_north","winter23-24","high"
"35116","2/13/2024","21:00","31.816","open","high_north","winter23-24","high"
"35213","2/14/2024","3:00","31.816","open","high_north","winter23-24","high"
"35311","2/14/2024","9:00","31.816","open","high_north","winter23-24","high"
"35411","2/14/2024","15:00","31.816","open","high_north","winter23-24","high"
"35511","2/14/2024","21:00","31.816","open","high_north","winter23-24","high"
"35611","2/15/2024","3:00","31.816","open","high_north","winter23-24","high"
"35711","2/15/2024","9:00","31.816","open","high_north","winter23-24","high"
"35811","2/15/2024","15:00","31.816","open","high_north","winter23-24","high"
"35911","2/15/2024","21:00","31.816","open","high_north","winter23-24","high"
"36011","2/16/2024","3:00","31.816","open","high_north","winter23-24","high"
"36116","2/16/2024","9:00","31.816","open","high_north","winter23-24","high"
"36213","2/16/2024","15:00","31.816","open","high_north","winter23-24","high"
"36311","2/16/2024","21:00","31.816","open","high_north","winter23-24","high"
"36411","2/17/2024","3:00","31.816","open","high_north","winter23-24","high"
"36511","2/17/2024","9:00","31.816","open","high_north","winter23-24","high"
"36611","2/17/2024","15:00","31.617","open","high_north","winter23-24","high"
"36711","2/17/2024","21:00","31.617","open","high_north","winter23-24","high"
"36811","2/18/2024","3:00","31.617","open","high_north","winter23-24","high"
"36911","2/18/2024","9:00","31.415","open","high_north","winter23-24","high"
"37011","2/18/2024","15:00","31.415","open","high_north","winter23-24","high"
"37116","2/18/2024","21:00","31.415","open","high_north","winter23-24","high"
"37213","2/19/2024","3:00","31.415","open","high_north","winter23-24","high"
"37311","2/19/2024","9:00","31.415","open","high_north","winter23-24","high"
"37411","2/19/2024","15:00","31.415","open","high_north","winter23-24","high"
"37511","2/19/2024","21:00","31.617","open","high_north","winter23-24","high"
"37611","2/20/2024","3:00","31.617","open","high_north","winter23-24","high"
"37711","2/20/2024","9:00","31.617","open","high_north","winter23-24","high"
"37811","2/20/2024","15:00","31.617","open","high_north","winter23-24","high"
"37911","2/20/2024","21:00","31.617","open","high_north","winter23-24","high"
"38011","2/21/2024","3:00","31.617","open","high_north","winter23-24","high"
"38116","2/21/2024","9:00","31.617","open","high_north","winter23-24","high"
"38213","2/21/2024","15:00","31.617","open","high_north","winter23-24","high"
"38311","2/21/2024","21:00","31.617","open","high_north","winter23-24","high"
"38411","2/22/2024","3:00","31.816","open","high_north","winter23-24","high"
"38511","2/22/2024","9:00","31.617","open","high_north","winter23-24","high"
"38611","2/22/2024","15:00","31.617","open","high_north","winter23-24","high"
"38711","2/22/2024","21:00","31.617","open","high_north","winter23-24","high"
"38811","2/23/2024","3:00","31.617","open","high_north","winter23-24","high"
"38911","2/23/2024","9:00","31.617","open","high_north","winter23-24","high"
"39011","2/23/2024","15:00","31.617","open","high_north","winter23-24","high"
"39116","2/23/2024","21:00","31.617","open","high_north","winter23-24","high"
"39213","2/24/2024","3:00","31.617","open","high_north","winter23-24","high"
"39311","2/24/2024","9:00","31.617","open","high_north","winter23-24","high"
"39411","2/24/2024","15:00","31.617","open","high_north","winter23-24","high"
"39511","2/24/2024","21:00","31.617","open","high_north","winter23-24","high"
"39611","2/25/2024","3:00","31.617","open","high_north","winter23-24","high"
"39711","2/25/2024","9:00","31.617","open","high_north","winter23-24","high"
"39811","2/25/2024","15:00","31.617","open","high_north","winter23-24","high"
"39911","2/25/2024","21:00","31.617","open","high_north","winter23-24","high"
"40011","2/26/2024","3:00","31.617","open","high_north","winter23-24","high"
"40116","2/26/2024","9:00","31.617","open","high_north","winter23-24","high"
"40213","2/26/2024","15:00","31.617","open","high_north","winter23-24","high"
"40311","2/26/2024","21:00","31.617","open","high_north","winter23-24","high"
"40411","2/27/2024","3:00","31.617","open","high_north","winter23-24","high"
"40511","2/27/2024","9:00","31.617","open","high_north","winter23-24","high"
"40611","2/27/2024","15:00","31.617","open","high_north","winter23-24","high"
"40711","2/27/2024","21:00","31.415","open","high_north","winter23-24","high"
"40811","2/28/2024","3:00","31.415","open","high_north","winter23-24","high"
"40911","2/28/2024","9:00","31.213","open","high_north","winter23-24","high"
"41013","2/28/2024","15:00","31.213","open","high_north","winter23-24","high"
"41116","2/28/2024","21:00","31.213","open","high_north","winter23-24","high"
"41213","2/29/2024","3:00","31.213","open","high_north","winter23-24","high"
"41312","2/29/2024","9:00","31.213","open","high_north","winter23-24","high"
"41411","2/29/2024","15:00","31.213","open","high_north","winter23-24","high"
"41511","2/29/2024","21:00","31.213","open","high_north","winter23-24","high"
"41611","3/1/2024","3:00","31.415","open","high_north","winter23-24","high"
"41711","3/1/2024","9:00","31.415","open","high_north","winter23-24","high"
"41811","3/1/2024","15:00","31.415","open","high_north","winter23-24","high"
"41911","3/1/2024","21:00","31.415","open","high_north","winter23-24","high"
"42011","3/2/2024","3:00","31.617","open","high_north","winter23-24","high"
"42116","3/2/2024","9:00","31.617","open","high_north","winter23-24","high"
"42213","3/2/2024","15:00","31.617","open","high_north","winter23-24","high"
"42311","3/2/2024","21:00","31.617","open","high_north","winter23-24","high"
"42411","3/3/2024","3:00","31.617","open","high_north","winter23-24","high"
"42511","3/3/2024","9:00","31.617","open","high_north","winter23-24","high"
"42611","3/3/2024","15:00","31.617","open","high_north","winter23-24","high"
"42711","3/3/2024","21:00","31.617","open","high_north","winter23-24","high"
"42811","3/4/2024","3:00","31.617","open","high_north","winter23-24","high"
"42911","3/4/2024","9:00","31.415","open","high_north","winter23-24","high"
"43011","3/4/2024","15:00","31.415","open","high_north","winter23-24","high"
"43116","3/4/2024","21:00","31.415","open","high_north","winter23-24","high"
"43213","3/5/2024","3:00","31.415","open","high_north","winter23-24","high"
"43311","3/5/2024","9:00","31.415","open","high_north","winter23-24","high"
"43411","3/5/2024","15:00","31.415","open","high_north","winter23-24","high"
"43511","3/5/2024","21:00","31.415","open","high_north","winter23-24","high"
"43611","3/6/2024","3:00","31.415","open","high_north","winter23-24","high"
"43711","3/6/2024","9:00","31.415","open","high_north","winter23-24","high"
"43810","3/6/2024","15:00","31.415","open","high_north","winter23-24","high"
"43910","3/6/2024","21:00","31.415","open","high_north","winter23-24","high"
"44010","3/7/2024","3:00","31.617","open","high_north","winter23-24","high"
"44115","3/7/2024","9:00","31.415","open","high_north","winter23-24","high"
"44212","3/7/2024","15:00","31.617","open","high_north","winter23-24","high"
"44311","3/7/2024","21:00","31.617","open","high_north","winter23-24","high"
"44410","3/8/2024","3:00","31.617","open","high_north","winter23-24","high"
"44510","3/8/2024","9:00","31.415","open","high_north","winter23-24","high"
"44610","3/8/2024","15:00","31.415","open","high_north","winter23-24","high"
"44710","3/8/2024","21:00","31.415","open","high_north","winter23-24","high"
"44810","3/9/2024","3:00","31.415","open","high_north","winter23-24","high"
"44910","3/9/2024","9:00","31.415","open","high_north","winter23-24","high"
"45010","3/9/2024","15:00","31.415","open","high_north","winter23-24","high"
"45115","3/9/2024","21:00","31.415","open","high_north","winter23-24","high"
"45212","3/10/2024","3:00","31.415","open","high_north","winter23-24","high"
"45311","3/10/2024","9:00","31.415","open","high_north","winter23-24","high"
"45410","3/10/2024","15:00","31.415","open","high_north","winter23-24","high"
"45510","3/10/2024","21:00","31.415","open","high_north","winter23-24","high"
"45610","3/11/2024","3:00","31.415","open","high_north","winter23-24","high"
"45710","3/11/2024","9:00","31.415","open","high_north","winter23-24","high"
"45810","3/11/2024","15:00","31.415","open","high_north","winter23-24","high"
"45910","3/11/2024","21:00","31.617","open","high_north","winter23-24","high"
"46010","3/12/2024","3:00","31.617","open","high_north","winter23-24","high"
"46114","3/12/2024","9:00","31.617","open","high_north","winter23-24","high"
"46212","3/12/2024","15:00","31.617","open","high_north","winter23-24","high"
"46310","3/12/2024","21:00","31.617","open","high_north","winter23-24","high"
"46410","3/13/2024","3:00","31.617","open","high_north","winter23-24","high"
"46510","3/13/2024","9:00","31.617","open","high_north","winter23-24","high"
"4667","3/13/2024","15:00","31.617","open","high_north","winter23-24","high"
"4677","3/13/2024","21:00","31.816","open","high_north","winter23-24","high"
"4687","3/14/2024","3:00","31.816","open","high_north","winter23-24","high"
"4696","3/14/2024","9:00","31.816","open","high_north","winter23-24","high"
"4706","3/14/2024","15:00","31.816","open","high_north","winter23-24","high"
"47110","3/14/2024","21:00","31.816","open","high_north","winter23-24","high"
"4726","3/15/2024","3:00","31.617","open","high_north","winter23-24","high"
"4736","3/15/2024","9:00","31.816","open","high_north","winter23-24","high"
"4746","3/15/2024","15:00","31.617","open","high_north","winter23-24","high"
"4756","3/15/2024","21:00","31.617","open","high_north","winter23-24","high"
"4766","3/16/2024","3:00","31.617","open","high_north","winter23-24","high"
"4776","3/16/2024","9:00","31.617","open","high_north","winter23-24","high"
"4786","3/16/2024","15:00","31.617","open","high_north","winter23-24","high"
"4796","3/16/2024","21:00","31.816","open","high_north","winter23-24","high"
"4805","3/17/2024","3:00","31.816","open","high_north","winter23-24","high"
"48110","3/17/2024","9:00","31.816","open","high_north","winter23-24","high"
"4826","3/17/2024","15:00","31.816","open","high_north","winter23-24","high"
"4836","3/17/2024","21:00","31.816","open","high_north","winter23-24","high"
"4846","3/18/2024","3:00","31.816","open","high_north","winter23-24","high"
"4856","3/18/2024","9:00","31.816","open","high_north","winter23-24","high"
"4866","3/18/2024","15:00","31.816","open","high_north","winter23-24","high"
"4875","3/18/2024","21:00","31.816","open","high_north","winter23-24","high"
"4885","3/19/2024","3:00","31.816","open","high_north","winter23-24","high"
"4895","3/19/2024","9:00","31.816","open","high_north","winter23-24","high"
"4905","3/19/2024","15:00","31.816","open","high_north","winter23-24","high"
"49110","3/19/2024","21:00","31.816","open","high_north","winter23-24","high"
"4926","3/20/2024","3:00","31.816","open","high_north","winter23-24","high"
"4936","3/20/2024","9:00","31.816","open","high_north","winter23-24","high"
"4946","3/20/2024","15:00","31.816","open","high_north","winter23-24","high"
"4956","3/20/2024","21:00","31.816","open","high_north","winter23-24","high"
"4966","3/21/2024","3:00","31.816","open","high_north","winter23-24","high"
"4975","3/21/2024","9:00","31.816","open","high_north","winter23-24","high"
"4985","3/21/2024","15:00","31.816","open","high_north","winter23-24","high"
"4995","3/21/2024","21:00","31.816","open","high_north","winter23-24","high"
"5005","3/22/2024","3:00","31.816","open","high_north","winter23-24","high"
"50110","3/22/2024","9:00","31.816","open","high_north","winter23-24","high"
"5026","3/22/2024","15:00","31.816","open","high_north","winter23-24","high"
"5036","3/22/2024","21:00","31.816","open","high_north","winter23-24","high"
"5046","3/23/2024","3:00","31.816","open","high_north","winter23-24","high"
"5056","3/23/2024","9:00","31.816","open","high_north","winter23-24","high"
"5066","3/23/2024","15:00","32.018","open","high_north","winter23-24","high"
"5075","3/23/2024","21:00","31.816","open","high_north","winter23-24","high"
"5085","3/24/2024","3:00","31.816","open","high_north","winter23-24","high"
"5095","3/24/2024","9:00","31.816","open","high_north","winter23-24","high"
"51010","3/24/2024","15:00","31.816","open","high_north","winter23-24","high"
"51111","3/24/2024","21:00","31.816","open","high_north","winter23-24","high"
"5127","3/25/2024","3:00","32.018","open","high_north","winter23-24","high"
"5136","3/25/2024","9:00","31.816","open","high_north","winter23-24","high"
"5146","3/25/2024","15:00","32.018","open","high_north","winter23-24","high"
"5156","3/25/2024","21:00","32.018","open","high_north","winter23-24","high"
"5166","3/26/2024","3:00","31.816","open","high_north","winter23-24","high"
"5176","3/26/2024","9:00","32.018","open","high_north","winter23-24","high"
"5186","3/26/2024","15:00","32.018","open","high_north","winter23-24","high"
"5196","3/26/2024","21:00","32.018","open","high_north","winter23-24","high"
"5206","3/27/2024","3:00","32.018","open","high_north","winter23-24","high"
"52110","3/27/2024","9:00","32.018","open","high_north","winter23-24","high"
"5226","3/27/2024","15:00","32.018","open","high_north","winter23-24","high"
"5236","3/27/2024","21:00","32.018","open","high_north","winter23-24","high"
"5246","3/28/2024","3:00","32.018","open","high_north","winter23-24","high"
"5256","3/28/2024","9:00","32.018","open","high_north","winter23-24","high"
"5266","3/28/2024","15:00","32.018","open","high_north","winter23-24","high"
"5275","3/28/2024","21:00","31.816","open","high_north","winter23-24","high"
"5285","3/29/2024","3:00","31.816","open","high_north","winter23-24","high"
"5295","3/29/2024","9:00","31.816","open","high_north","winter23-24","high"
"5305","3/29/2024","15:00","31.816","open","high_north","winter23-24","high"
"53110","3/29/2024","21:00","32.018","open","high_north","winter23-24","high"
"5326","3/30/2024","3:00","31.816","open","high_north","winter23-24","high"
"5336","3/30/2024","9:00","31.816","open","high_north","winter23-24","high"
"5346","3/30/2024","15:00","32.018","open","high_north","winter23-24","high"
"5356","3/30/2024","21:00","32.018","open","high_north","winter23-24","high"
"5366","3/31/2024","3:00","31.816","open","high_north","winter23-24","high"
"5375","3/31/2024","9:00","32.018","open","high_north","winter23-24","high"
"5385","3/31/2024","15:00","32.018","open","high_north","winter23-24","high"
"5395","3/31/2024","21:00","32.018","open","high_north","winter23-24","high"
"5405","4/1/2024","3:00","32.018","open","high_north","winter23-24","high"
"54110","4/1/2024","9:00","31.816","open","high_north","winter23-24","high"
"5426","4/1/2024","15:00","32.018","open","high_north","winter23-24","high"
"5436","4/1/2024","21:00","32.018","open","high_north","winter23-24","high"
"5446","4/2/2024","3:00","32.018","open","high_north","winter23-24","high"
"5456","4/2/2024","9:00","32.018","open","high_north","winter23-24","high"
"5466","4/2/2024","15:00","32.018","open","high_north","winter23-24","high"
"5475","4/2/2024","21:00","31.816","open","high_north","winter23-24","high"
"5485","4/3/2024","3:00","32.018","open","high_north","winter23-24","high"
"5495","4/3/2024","9:00","32.018","open","high_north","winter23-24","high"
"5505","4/3/2024","15:00","32.018","open","high_north","winter23-24","high"
"55110","4/3/2024","21:00","32.018","open","high_north","winter23-24","high"
"5526","4/4/2024","3:00","32.018","open","high_north","winter23-24","high"
"5536","4/4/2024","9:00","32.018","open","high_north","winter23-24","high"
"5546","4/4/2024","15:00","32.018","open","high_north","winter23-24","high"
"5556","4/4/2024","21:00","32.018","open","high_north","winter23-24","high"
"5566","4/5/2024","3:00","32.018","open","high_north","winter23-24","high"
"5575","4/5/2024","9:00","32.018","open","high_north","winter23-24","high"
"5585","4/5/2024","15:00","32.218","open","high_north","winter23-24","high"
"5595","4/5/2024","21:00","32.018","open","high_north","winter23-24","high"
"5605","4/6/2024","3:00","32.018","open","high_north","winter23-24","high"
"56110","4/6/2024","9:00","32.018","open","high_north","winter23-24","high"
"5626","4/6/2024","15:00","32.218","open","high_north","winter23-24","high"
"5636","4/6/2024","21:00","32.218","open","high_north","winter23-24","high"
"5646","4/7/2024","3:00","32.018","open","high_north","winter23-24","high"
"5656","4/7/2024","9:00","32.018","open","high_north","winter23-24","high"
"5666","4/7/2024","15:00","44.195","open","high_north","winter23-24","high"
"5675","4/7/2024","21:00","37.488","open","high_north","winter23-24","high"
"5685","4/8/2024","3:00","34.002","open","high_north","winter23-24","high"
"5695","4/8/2024","9:00","33.013","open","high_north","winter23-24","high"
"5705","4/8/2024","15:00","53.274","open","high_north","winter23-24","high"
"57110","4/8/2024","21:00","40.509","open","high_north","winter23-24","high"
"5726","4/9/2024","3:00","34.786","open","high_north","winter23-24","high"
"5736","4/9/2024","9:00","33.805","open","high_north","winter23-24","high"
"5746","4/9/2024","15:00","55.537","open","high_north","winter23-24","high"
"5756","4/9/2024","21:00","41.994","open","high_north","winter23-24","high"
"5766","4/10/2024","3:00","35.564","open","high_north","winter23-24","high"
"5775","4/10/2024","9:00","34.198","open","high_north","winter23-24","high"
"5785","4/10/2024","15:00","59.68","open","high_north","winter23-24","high"
"5795","4/10/2024","21:00","44.013","open","high_north","winter23-24","high"
"5805","4/11/2024","3:00","36.531","open","high_north","winter23-24","high"
"58110","4/11/2024","9:00","34.981","open","high_north","winter23-24","high"
"5826","4/11/2024","15:00","56.75","open","high_north","winter23-24","high"
"5836","4/11/2024","21:00","44.379","open","high_north","winter23-24","high"
"5846","4/12/2024","3:00","37.679","open","high_north","winter23-24","high"
"5856","4/12/2024","9:00","41.439","open","high_north","winter23-24","high"
"5866","4/12/2024","15:00","55.017","open","high_north","winter23-24","high"
"5875","4/12/2024","21:00","47.266","open","high_north","winter23-24","high"
"5885","4/13/2024","3:00","40.696","open","high_north","winter23-24","high"
"5895","4/13/2024","9:00","44.195","open","high_north","winter23-24","high"
"5905","4/13/2024","15:00","64.139","open","high_north","winter23-24","high"
"59110","4/13/2024","21:00","49.937","open","high_north","winter23-24","high"
"5926","4/14/2024","3:00","41.067","open","high_north","winter23-24","high"
"5936","4/14/2024","9:00","44.56","open","high_north","winter23-24","high"
"5946","4/14/2024","15:00","64.481","open","high_north","winter23-24","high"
"5956","4/14/2024","21:00","49.759","open","high_north","winter23-24","high"
"5966","4/15/2024","3:00","44.742","open","high_north","winter23-24","high"
"5975","4/15/2024","9:00","44.56","open","high_north","winter23-24","high"
"5985","4/15/2024","15:00","58.647","open","high_north","winter23-24","high"
"5995","4/15/2024","21:00","47.982","open","high_north","winter23-24","high"
"6005","4/16/2024","3:00","40.509","open","high_north","winter23-24","high"
"60110","4/16/2024","9:00","43.831","open","high_north","winter23-24","high"
"6026","4/16/2024","15:00","53.1","open","high_north","winter23-24","high"
"6036","4/16/2024","21:00","45.286","open","high_north","winter23-24","high"
"6046","4/17/2024","3:00","40.321","open","high_north","winter23-24","high"
"6056","4/17/2024","9:00","40.321","open","high_north","winter23-24","high"
"6066","4/17/2024","15:00","54.147","open","high_north","winter23-24","high"
"6075","4/17/2024","21:00","40.134","open","high_north","winter23-24","high"
"6085","4/18/2024","3:00","34.981","open","high_north","winter23-24","high"
"6095","4/18/2024","9:00","33.805","open","high_north","winter23-24","high"
"6106","4/18/2024","15:00","56.923","open","high_north","winter23-24","high"
"61111","4/18/2024","21:00","40.696","open","high_north","winter23-24","high"
"6126","4/19/2024","3:00","34.981","open","high_north","winter23-24","high"
"6136","4/19/2024","9:00","34.002","open","high_north","winter23-24","high"
"6146","4/19/2024","15:00","57.268","open","high_north","winter23-24","high"
"6156","4/19/2024","21:00","41.81","open","high_north","winter23-24","high"
"6166","4/20/2024","3:00","35.564","open","high_north","winter23-24","high"
"6176","4/20/2024","9:00","34.394","open","high_north","winter23-24","high"
"6186","4/20/2024","15:00","62.769","open","high_north","winter23-24","high"
"6196","4/20/2024","21:00","47.266","open","high_north","winter23-24","high"
"6206","4/21/2024","3:00","38.44","open","high_north","winter23-24","high"
"62110","4/21/2024","9:00","41.067","open","high_north","winter23-24","high"
"6226","4/21/2024","15:00","55.189","open","high_north","winter23-24","high"
"6236","4/21/2024","21:00","45.648","open","high_north","winter23-24","high"
"6246","4/22/2024","3:00","38.44","open","high_north","winter23-24","high"
"6256","4/22/2024","9:00","40.696","open","high_north","winter23-24","high"
"6266","4/22/2024","15:00","62.425","open","high_north","winter23-24","high"
"6275","4/22/2024","21:00","48.339","open","high_north","winter23-24","high"
"6285","4/23/2024","3:00","39.007","open","high_north","winter23-24","high"
"6295","4/23/2024","9:00","41.439","open","high_north","winter23-24","high"
"6305","4/23/2024","15:00","63.968","open","high_north","winter23-24","high"
"63110","4/23/2024","21:00","49.404","open","high_north","winter23-24","high"
"6326","4/24/2024","3:00","41.254","open","high_north","winter23-24","high"
"6336","4/24/2024","9:00","46.369","open","high_north","winter23-24","high"
"6346","4/24/2024","15:00","67.221","open","high_north","winter23-24","high"
"6353","4/24/2024","21:00","53.798","open","high_north","winter23-24","high"
"6363","4/25/2024","3:00","47.266","open","high_north","winter23-24","high"
"6373","4/25/2024","9:00","47.446","open","high_north","winter23-24","high"
"6383","4/25/2024","15:00","61.227","open","high_north","winter23-24","high"
"2200","11/18/2023","15:00","37.297","open","low_north","winter23-24","low"
"3190","11/18/2023","21:00","33.013","open","low_north","winter23-24","low"
"4180","11/19/2023","3:00","34.198","open","low_north","winter23-24","low"
"5128","11/19/2023","9:00","35.758","open","low_north","winter23-24","low"
"680","11/19/2023","15:00","39.573","open","low_north","winter23-24","low"
"770","11/19/2023","21:00","35.758","open","low_north","winter23-24","low"
"870","11/20/2023","3:00","33.213","open","low_north","winter23-24","low"
"970","11/20/2023","9:00","31.617","open","low_north","winter23-24","low"
"1070","11/20/2023","15:00","33.411","open","low_north","winter23-24","low"
"1170","11/20/2023","21:00","31.816","open","low_north","winter23-24","low"
"1270","11/21/2023","3:00","29.586","open","low_north","winter23-24","low"
"1370","11/21/2023","9:00","30.198","open","low_north","winter23-24","low"
"1470","11/21/2023","15:00","32.018","open","low_north","winter23-24","low"
"1570","11/21/2023","21:00","30.403","open","low_north","winter23-24","low"
"1670","11/22/2023","3:00","28.139","open","low_north","winter23-24","low"
"1770","11/22/2023","9:00","27.091","open","low_north","winter23-24","low"
"1870","11/22/2023","15:00","31.816","open","low_north","winter23-24","low"
"1970","11/22/2023","21:00","31.816","open","low_north","winter23-24","low"
"2070","11/23/2023","3:00","31.617","open","low_north","winter23-24","low"
"21101","11/23/2023","9:00","31.213","open","low_north","winter23-24","low"
"2270","11/23/2023","15:00","32.218","open","low_north","winter23-24","low"
"2370","11/23/2023","21:00","32.018","open","low_north","winter23-24","low"
"2470","11/24/2023","3:00","31.816","open","low_north","winter23-24","low"
"2570","11/24/2023","9:00","31.213","open","low_north","winter23-24","low"
"2670","11/24/2023","15:00","31.816","open","low_north","winter23-24","low"
"2770","11/24/2023","21:00","30.198","open","low_north","winter23-24","low"
"2870","11/25/2023","3:00","28.346","open","low_north","winter23-24","low"
"2960","11/25/2023","9:00","26.881","open","low_north","winter23-24","low"
"3060","11/25/2023","15:00","30.403","open","low_north","winter23-24","low"
"31100","11/25/2023","21:00","26.668","open","low_north","winter23-24","low"
"3260","11/26/2023","3:00","27.091","open","low_north","winter23-24","low"
"3360","11/26/2023","9:00","26.881","open","low_north","winter23-24","low"
"3460","11/26/2023","15:00","28.139","open","low_north","winter23-24","low"
"3560","11/26/2023","21:00","27.091","open","low_north","winter23-24","low"
"3660","11/27/2023","3:00","26.458","open","low_north","winter23-24","low"
"3760","11/27/2023","9:00","26.245","open","low_north","winter23-24","low"
"3860","11/27/2023","15:00","29.79","open","low_north","winter23-24","low"
"3960","11/27/2023","21:00","24.31","open","low_north","winter23-24","low"
"4060","11/28/2023","3:00","21.209","open","low_north","winter23-24","low"
"4190","11/28/2023","9:00","19.843","open","low_north","winter23-24","low"
"4260","11/28/2023","15:00","27.721","open","low_north","winter23-24","low"
"4360","11/28/2023","21:00","22.552","open","low_north","winter23-24","low"
"4450","11/29/2023","3:00","19.382","open","low_north","winter23-24","low"
"4550","11/29/2023","9:00","19.152","open","low_north","winter23-24","low"
"4650","11/29/2023","15:00","27.302","open","low_north","winter23-24","low"
"4727","11/29/2023","21:00","21.434","open","low_north","winter23-24","low"
"4827","11/30/2023","3:00","20.302","open","low_north","winter23-24","low"
"4927","11/30/2023","9:00","18.451","open","low_north","winter23-24","low"
"5027","11/30/2023","15:00","27.091","open","low_north","winter23-24","low"
"5129","11/30/2023","21:00","24.093","open","low_north","winter23-24","low"
"5227","12/1/2023","3:00","23.216","open","low_north","winter23-24","low"
"5327","12/1/2023","9:00","22.552","open","low_north","winter23-24","low"
"5427","12/1/2023","15:00","26.458","open","low_north","winter23-24","low"
"5527","12/1/2023","21:00","26.245","open","low_north","winter23-24","low"
"5627","12/2/2023","3:00","25.819","open","low_north","winter23-24","low"
"5727","12/2/2023","9:00","26.031","open","low_north","winter23-24","low"
"5827","12/2/2023","15:00","27.091","open","low_north","winter23-24","low"
"5927","12/2/2023","21:00","27.091","open","low_north","winter23-24","low"
"6027","12/3/2023","3:00","24.093","open","low_north","winter23-24","low"
"6127","12/3/2023","9:00","24.744","open","low_north","winter23-24","low"
"6227","12/3/2023","15:00","27.93","open","low_north","winter23-24","low"
"6320","12/3/2023","21:00","28.139","open","low_north","winter23-24","low"
"6413","12/4/2023","3:00","28.139","open","low_north","winter23-24","low"
"6513","12/4/2023","9:00","28.555","open","low_north","winter23-24","low"
"6613","12/4/2023","15:00","29.995","open","low_north","winter23-24","low"
"6713","12/4/2023","21:00","30.808","open","low_north","winter23-24","low"
"6813","12/5/2023","3:00","31.012","open","low_north","winter23-24","low"
"6913","12/5/2023","9:00","31.213","open","low_north","winter23-24","low"
"7013","12/5/2023","15:00","31.816","open","low_north","winter23-24","low"
"7117","12/5/2023","21:00","31.816","open","low_north","winter23-24","low"
"7215","12/6/2023","3:00","31.816","open","low_north","winter23-24","low"
"7313","12/6/2023","9:00","31.012","open","low_north","winter23-24","low"
"7413","12/6/2023","15:00","32.018","open","low_north","winter23-24","low"
"7513","12/6/2023","21:00","32.018","open","low_north","winter23-24","low"
"7613","12/7/2023","3:00","31.816","open","low_north","winter23-24","low"
"7713","12/7/2023","9:00","31.816","open","low_north","winter23-24","low"
"7813","12/7/2023","15:00","32.018","open","low_north","winter23-24","low"
"7913","12/7/2023","21:00","31.816","open","low_north","winter23-24","low"
"8013","12/8/2023","3:00","31.012","open","low_north","winter23-24","low"
"8117","12/8/2023","9:00","30.808","open","low_north","winter23-24","low"
"8215","12/8/2023","15:00","31.617","open","low_north","winter23-24","low"
"8313","12/8/2023","21:00","29.586","open","low_north","winter23-24","low"
"8413","12/9/2023","3:00","26.881","open","low_north","winter23-24","low"
"8513","12/9/2023","9:00","24.093","open","low_north","winter23-24","low"
"8613","12/9/2023","15:00","27.721","open","low_north","winter23-24","low"
"8713","12/9/2023","21:00","26.458","open","low_north","winter23-24","low"
"8813","12/10/2023","3:00","25.819","open","low_north","winter23-24","low"
"8913","12/10/2023","9:00","26.245","open","low_north","winter23-24","low"
"9013","12/10/2023","15:00","28.346","open","low_north","winter23-24","low"
"9117","12/10/2023","21:00","28.555","open","low_north","winter23-24","low"
"9215","12/11/2023","3:00","28.762","open","low_north","winter23-24","low"
"9313","12/11/2023","9:00","28.969","open","low_north","winter23-24","low"
"9413","12/11/2023","15:00","30.198","open","low_north","winter23-24","low"
"9513","12/11/2023","21:00","29.995","open","low_north","winter23-24","low"
"9613","12/12/2023","3:00","28.762","open","low_north","winter23-24","low"
"9713","12/12/2023","9:00","28.346","open","low_north","winter23-24","low"
"9813","12/12/2023","15:00","29.995","open","low_north","winter23-24","low"
"9913","12/12/2023","21:00","28.969","open","low_north","winter23-24","low"
"10013","12/13/2023","3:00","27.091","open","low_north","winter23-24","low"
"10117","12/13/2023","9:00","25.39","open","low_north","winter23-24","low"
"10215","12/13/2023","15:00","28.555","open","low_north","winter23-24","low"
"10313","12/13/2023","21:00","26.881","open","low_north","winter23-24","low"
"10413","12/14/2023","3:00","24.31","open","low_north","winter23-24","low"
"10513","12/14/2023","9:00","22.107","open","low_north","winter23-24","low"
"10613","12/14/2023","15:00","27.302","open","low_north","winter23-24","low"
"10713","12/14/2023","21:00","24.31","open","low_north","winter23-24","low"
"10813","12/15/2023","3:00","22.107","open","low_north","winter23-24","low"
"10913","12/15/2023","9:00","21.659","open","low_north","winter23-24","low"
"11013","12/15/2023","15:00","27.302","open","low_north","winter23-24","low"
"11117","12/15/2023","21:00","24.744","open","low_north","winter23-24","low"
"11215","12/16/2023","3:00","22.552","open","low_north","winter23-24","low"
"11313","12/16/2023","9:00","21.659","open","low_north","winter23-24","low"
"11413","12/16/2023","15:00","27.511","open","low_north","winter23-24","low"
"11513","12/16/2023","21:00","24.093","open","low_north","winter23-24","low"
"11613","12/17/2023","3:00","22.107","open","low_north","winter23-24","low"
"11713","12/17/2023","9:00","20.529","open","low_north","winter23-24","low"
"11813","12/17/2023","15:00","26.245","open","low_north","winter23-24","low"
"11913","12/17/2023","21:00","22.775","open","low_north","winter23-24","low"
"12013","12/18/2023","3:00","20.073","open","low_north","winter23-24","low"
"12117","12/18/2023","9:00","20.984","open","low_north","winter23-24","low"
"12215","12/18/2023","15:00","27.511","open","low_north","winter23-24","low"
"12313","12/18/2023","21:00","27.091","open","low_north","winter23-24","low"
"12413","12/19/2023","3:00","24.744","open","low_north","winter23-24","low"
"12513","12/19/2023","9:00","26.458","open","low_north","winter23-24","low"
"12613","12/19/2023","15:00","30.198","open","low_north","winter23-24","low"
"12713","12/19/2023","21:00","28.555","open","low_north","winter23-24","low"
"12813","12/20/2023","3:00","27.93","open","low_north","winter23-24","low"
"12913","12/20/2023","9:00","28.969","open","low_north","winter23-24","low"
"13013","12/20/2023","15:00","31.213","open","low_north","winter23-24","low"
"13117","12/20/2023","21:00","30.808","open","low_north","winter23-24","low"
"13215","12/21/2023","3:00","27.511","open","low_north","winter23-24","low"
"13313","12/21/2023","9:00","28.139","open","low_north","winter23-24","low"
"13413","12/21/2023","15:00","31.213","open","low_north","winter23-24","low"
"13513","12/21/2023","21:00","31.617","open","low_north","winter23-24","low"
"13613","12/22/2023","3:00","29.586","open","low_north","winter23-24","low"
"13713","12/22/2023","9:00","29.995","open","low_north","winter23-24","low"
"13813","12/22/2023","15:00","31.617","open","low_north","winter23-24","low"
"13913","12/22/2023","21:00","31.816","open","low_north","winter23-24","low"
"14013","12/23/2023","3:00","31.816","open","low_north","winter23-24","low"
"14117","12/23/2023","9:00","32.018","open","low_north","winter23-24","low"
"14215","12/23/2023","15:00","32.018","open","low_north","winter23-24","low"
"14313","12/23/2023","21:00","31.012","open","low_north","winter23-24","low"
"14413","12/24/2023","3:00","26.668","open","low_north","winter23-24","low"
"14513","12/24/2023","9:00","22.995","open","low_north","winter23-24","low"
"14613","12/24/2023","15:00","25.174","open","low_north","winter23-24","low"
"14713","12/24/2023","21:00","20.073","open","low_north","winter23-24","low"
"14813","12/25/2023","3:00","18.919","open","low_north","winter23-24","low"
"14913","12/25/2023","9:00","20.529","open","low_north","winter23-24","low"
"15013","12/25/2023","15:00","23.875","open","low_north","winter23-24","low"
"15117","12/25/2023","21:00","17.748","open","low_north","winter23-24","low"
"15215","12/26/2023","3:00","13.615","open","low_north","winter23-24","low"
"15313","12/26/2023","9:00","14.608","open","low_north","winter23-24","low"
"15413","12/26/2023","15:00","20.984","open","low_north","winter23-24","low"
"15513","12/26/2023","21:00","18.217","open","low_north","winter23-24","low"
"15613","12/27/2023","3:00","17.035","open","low_north","winter23-24","low"
"15713","12/27/2023","9:00","19.612","open","low_north","winter23-24","low"
"15813","12/27/2023","15:00","23.875","open","low_north","winter23-24","low"
"15913","12/27/2023","21:00","21.209","open","low_north","winter23-24","low"
"16013","12/28/2023","3:00","20.984","open","low_north","winter23-24","low"
"16117","12/28/2023","9:00","19.382","open","low_north","winter23-24","low"
"16215","12/28/2023","15:00","25.39","open","low_north","winter23-24","low"
"16313","12/28/2023","21:00","21.209","open","low_north","winter23-24","low"
"16413","12/29/2023","3:00","18.919","open","low_north","winter23-24","low"
"16513","12/29/2023","9:00","19.152","open","low_north","winter23-24","low"
"16613","12/29/2023","15:00","26.458","open","low_north","winter23-24","low"
"16713","12/29/2023","21:00","22.775","open","low_north","winter23-24","low"
"16813","12/30/2023","3:00","20.984","open","low_north","winter23-24","low"
"16913","12/30/2023","9:00","20.529","open","low_north","winter23-24","low"
"17013","12/30/2023","15:00","26.881","open","low_north","winter23-24","low"
"17117","12/30/2023","21:00","25.605","open","low_north","winter23-24","low"
"17215","12/31/2023","3:00","22.775","open","low_north","winter23-24","low"
"17313","12/31/2023","9:00","21.659","open","low_north","winter23-24","low"
"17413","12/31/2023","15:00","27.302","open","low_north","winter23-24","low"
"17513","12/31/2023","21:00","22.775","open","low_north","winter23-24","low"
"17613","1/1/2024","3:00","19.152","open","low_north","winter23-24","low"
"17713","1/1/2024","9:00","17.51","open","low_north","winter23-24","low"
"17813","1/1/2024","15:00","26.245","open","low_north","winter23-24","low"
"17913","1/1/2024","21:00","21.659","open","low_north","winter23-24","low"
"18013","1/2/2024","3:00","17.983","open","low_north","winter23-24","low"
"18117","1/2/2024","9:00","18.217","open","low_north","winter23-24","low"
"18215","1/2/2024","15:00","25.819","open","low_north","winter23-24","low"
"18313","1/2/2024","21:00","20.984","open","low_north","winter23-24","low"
"18413","1/3/2024","3:00","17.51","open","low_north","winter23-24","low"
"18513","1/3/2024","9:00","17.272","open","low_north","winter23-24","low"
"18613","1/3/2024","15:00","24.96","open","low_north","winter23-24","low"
"18713","1/3/2024","21:00","23.875","open","low_north","winter23-24","low"
"18813","1/4/2024","3:00","24.31","open","low_north","winter23-24","low"
"18913","1/4/2024","9:00","23.655","open","low_north","winter23-24","low"
"19013","1/4/2024","15:00","28.139","open","low_north","winter23-24","low"
"19117","1/4/2024","21:00","27.302","open","low_north","winter23-24","low"
"19215","1/5/2024","3:00","26.881","open","low_north","winter23-24","low"
"19313","1/5/2024","9:00","26.458","open","low_north","winter23-24","low"
"19413","1/5/2024","15:00","28.555","open","low_north","winter23-24","low"
"19513","1/5/2024","21:00","24.31","open","low_north","winter23-24","low"
"19613","1/6/2024","3:00","20.984","open","low_north","winter23-24","low"
"19713","1/6/2024","9:00","22.552","open","low_north","winter23-24","low"
"19813","1/6/2024","15:00","25.174","open","low_north","winter23-24","low"
"19913","1/6/2024","21:00","24.744","open","low_north","winter23-24","low"
"20013","1/7/2024","3:00","25.174","open","low_north","winter23-24","low"
"20117","1/7/2024","9:00","24.96","open","low_north","winter23-24","low"
"20215","1/7/2024","15:00","26.031","open","low_north","winter23-24","low"
"20313","1/7/2024","21:00","25.605","open","low_north","winter23-24","low"
"20413","1/8/2024","3:00","24.744","open","low_north","winter23-24","low"
"20513","1/8/2024","9:00","23.216","open","low_north","winter23-24","low"
"20613","1/8/2024","15:00","24.31","open","low_north","winter23-24","low"
"20713","1/8/2024","21:00","24.31","open","low_north","winter23-24","low"
"20813","1/9/2024","3:00","24.093","open","low_north","winter23-24","low"
"20913","1/9/2024","9:00","24.31","open","low_north","winter23-24","low"
"21017","1/9/2024","15:00","24.96","open","low_north","winter23-24","low"
"21117","1/9/2024","21:00","24.96","open","low_north","winter23-24","low"
"21216","1/10/2024","3:00","24.96","open","low_north","winter23-24","low"
"21314","1/10/2024","9:00","24.96","open","low_north","winter23-24","low"
"21414","1/10/2024","15:00","25.39","open","low_north","winter23-24","low"
"21513","1/10/2024","21:00","25.605","open","low_north","winter23-24","low"
"21613","1/11/2024","3:00","25.39","open","low_north","winter23-24","low"
"21713","1/11/2024","9:00","24.96","open","low_north","winter23-24","low"
"21813","1/11/2024","15:00","25.605","open","low_north","winter23-24","low"
"21913","1/11/2024","21:00","25.605","open","low_north","winter23-24","low"
"22013","1/12/2024","3:00","25.39","open","low_north","winter23-24","low"
"22117","1/12/2024","9:00","25.605","open","low_north","winter23-24","low"
"22215","1/12/2024","15:00","26.031","open","low_north","winter23-24","low"
"22313","1/12/2024","21:00","26.031","open","low_north","winter23-24","low"
"22413","1/13/2024","3:00","25.174","open","low_north","winter23-24","low"
"22513","1/13/2024","9:00","24.31","open","low_north","winter23-24","low"
"22613","1/13/2024","15:00","24.526","open","low_north","winter23-24","low"
"22713","1/13/2024","21:00","24.526","open","low_north","winter23-24","low"
"22813","1/14/2024","3:00","24.31","open","low_north","winter23-24","low"
"22913","1/14/2024","9:00","24.093","open","low_north","winter23-24","low"
"23013","1/14/2024","15:00","24.31","open","low_north","winter23-24","low"
"23117","1/14/2024","21:00","24.744","open","low_north","winter23-24","low"
"23215","1/15/2024","3:00","24.526","open","low_north","winter23-24","low"
"23313","1/15/2024","9:00","23.875","open","low_north","winter23-24","low"
"23413","1/15/2024","15:00","24.31","open","low_north","winter23-24","low"
"23513","1/15/2024","21:00","23.875","open","low_north","winter23-24","low"
"23613","1/16/2024","3:00","22.775","open","low_north","winter23-24","low"
"23713","1/16/2024","9:00","22.107","open","low_north","winter23-24","low"
"23813","1/16/2024","15:00","23.216","open","low_north","winter23-24","low"
"23913","1/16/2024","21:00","23.436","open","low_north","winter23-24","low"
"24013","1/17/2024","3:00","23.216","open","low_north","winter23-24","low"
"24117","1/17/2024","9:00","23.655","open","low_north","winter23-24","low"
"24215","1/17/2024","15:00","24.526","open","low_north","winter23-24","low"
"24313","1/17/2024","21:00","24.96","open","low_north","winter23-24","low"
"24413","1/18/2024","3:00","24.96","open","low_north","winter23-24","low"
"24513","1/18/2024","9:00","24.96","open","low_north","winter23-24","low"
"24613","1/18/2024","15:00","25.39","open","low_north","winter23-24","low"
"24713","1/18/2024","21:00","25.819","open","low_north","winter23-24","low"
"24813","1/19/2024","3:00","26.031","open","low_north","winter23-24","low"
"24913","1/19/2024","9:00","26.458","open","low_north","winter23-24","low"
"25013","1/19/2024","15:00","27.302","open","low_north","winter23-24","low"
"25117","1/19/2024","21:00","27.511","open","low_north","winter23-24","low"
"25215","1/20/2024","3:00","27.511","open","low_north","winter23-24","low"
"25313","1/20/2024","9:00","27.721","open","low_north","winter23-24","low"
"25413","1/20/2024","15:00","28.346","open","low_north","winter23-24","low"
"25513","1/20/2024","21:00","28.762","open","low_north","winter23-24","low"
"25613","1/21/2024","3:00","28.969","open","low_north","winter23-24","low"
"25713","1/21/2024","9:00","29.174","open","low_north","winter23-24","low"
"25813","1/21/2024","15:00","29.586","open","low_north","winter23-24","low"
"25913","1/21/2024","21:00","29.79","open","low_north","winter23-24","low"
"26013","1/22/2024","3:00","29.995","open","low_north","winter23-24","low"
"26117","1/22/2024","9:00","29.995","open","low_north","winter23-24","low"
"26215","1/22/2024","15:00","30.198","open","low_north","winter23-24","low"
"26313","1/22/2024","21:00","30.403","open","low_north","winter23-24","low"
"26413","1/23/2024","3:00","30.403","open","low_north","winter23-24","low"
"26513","1/23/2024","9:00","30.607","open","low_north","winter23-24","low"
"26613","1/23/2024","15:00","30.808","open","low_north","winter23-24","low"
"26713","1/23/2024","21:00","31.012","open","low_north","winter23-24","low"
"26813","1/24/2024","3:00","31.012","open","low_north","winter23-24","low"
"26913","1/24/2024","9:00","31.213","open","low_north","winter23-24","low"
"27013","1/24/2024","15:00","31.213","open","low_north","winter23-24","low"
"27117","1/24/2024","21:00","31.415","open","low_north","winter23-24","low"
"27215","1/25/2024","3:00","31.415","open","low_north","winter23-24","low"
"27313","1/25/2024","9:00","31.415","open","low_north","winter23-24","low"
"27413","1/25/2024","15:00","31.617","open","low_north","winter23-24","low"
"27513","1/25/2024","21:00","31.617","open","low_north","winter23-24","low"
"27613","1/26/2024","3:00","31.617","open","low_north","winter23-24","low"
"27713","1/26/2024","9:00","31.415","open","low_north","winter23-24","low"
"27813","1/26/2024","15:00","31.415","open","low_north","winter23-24","low"
"27913","1/26/2024","21:00","31.617","open","low_north","winter23-24","low"
"28013","1/27/2024","3:00","31.415","open","low_north","winter23-24","low"
"28117","1/27/2024","9:00","31.213","open","low_north","winter23-24","low"
"28215","1/27/2024","15:00","31.617","open","low_north","winter23-24","low"
"28313","1/27/2024","21:00","31.617","open","low_north","winter23-24","low"
"28413","1/28/2024","3:00","31.617","open","low_north","winter23-24","low"
"28513","1/28/2024","9:00","31.617","open","low_north","winter23-24","low"
"28612","1/28/2024","15:00","31.816","open","low_north","winter23-24","low"
"28712","1/28/2024","21:00","31.816","open","low_north","winter23-24","low"
"28812","1/29/2024","3:00","31.816","open","low_north","winter23-24","low"
"28912","1/29/2024","9:00","32.018","open","low_north","winter23-24","low"
"29012","1/29/2024","15:00","32.018","open","low_north","winter23-24","low"
"29117","1/29/2024","21:00","32.218","open","low_north","winter23-24","low"
"29214","1/30/2024","3:00","32.218","open","low_north","winter23-24","low"
"29312","1/30/2024","9:00","32.218","open","low_north","winter23-24","low"
"29412","1/30/2024","15:00","32.218","open","low_north","winter23-24","low"
"29512","1/30/2024","21:00","32.218","open","low_north","winter23-24","low"
"29612","1/31/2024","3:00","32.218","open","low_north","winter23-24","low"
"29712","1/31/2024","9:00","32.218","open","low_north","winter23-24","low"
"29812","1/31/2024","15:00","32.218","open","low_north","winter23-24","low"
"29912","1/31/2024","21:00","32.218","open","low_north","winter23-24","low"
"30012","2/1/2024","3:00","32.218","open","low_north","winter23-24","low"
"30117","2/1/2024","9:00","32.218","open","low_north","winter23-24","low"
"30214","2/1/2024","15:00","32.218","open","low_north","winter23-24","low"
"30312","2/1/2024","21:00","32.218","open","low_north","winter23-24","low"
"30412","2/2/2024","3:00","32.218","open","low_north","winter23-24","low"
"30512","2/2/2024","9:00","32.218","open","low_north","winter23-24","low"
"30612","2/2/2024","15:00","32.218","open","low_north","winter23-24","low"
"30712","2/2/2024","21:00","32.218","open","low_north","winter23-24","low"
"30812","2/3/2024","3:00","32.218","open","low_north","winter23-24","low"
"30912","2/3/2024","9:00","32.218","open","low_north","winter23-24","low"
"31017","2/3/2024","15:00","32.218","open","low_north","winter23-24","low"
"31117","2/3/2024","21:00","32.218","open","low_north","winter23-24","low"
"31215","2/4/2024","3:00","32.218","open","low_north","winter23-24","low"
"31313","2/4/2024","9:00","32.218","open","low_north","winter23-24","low"
"31413","2/4/2024","15:00","32.218","open","low_north","winter23-24","low"
"31512","2/4/2024","21:00","32.218","open","low_north","winter23-24","low"
"31612","2/5/2024","3:00","32.218","open","low_north","winter23-24","low"
"31712","2/5/2024","9:00","32.218","open","low_north","winter23-24","low"
"31812","2/5/2024","15:00","32.218","open","low_north","winter23-24","low"
"31912","2/5/2024","21:00","32.218","open","low_north","winter23-24","low"
"32012","2/6/2024","3:00","32.218","open","low_north","winter23-24","low"
"32117","2/6/2024","9:00","32.218","open","low_north","winter23-24","low"
"32214","2/6/2024","15:00","32.218","open","low_north","winter23-24","low"
"32312","2/6/2024","21:00","32.218","open","low_north","winter23-24","low"
"32412","2/7/2024","3:00","32.218","open","low_north","winter23-24","low"
"32512","2/7/2024","9:00","32.218","open","low_north","winter23-24","low"
"32612","2/7/2024","15:00","32.218","open","low_north","winter23-24","low"
"32712","2/7/2024","21:00","32.218","open","low_north","winter23-24","low"
"32812","2/8/2024","3:00","32.218","open","low_north","winter23-24","low"
"32912","2/8/2024","9:00","32.218","open","low_north","winter23-24","low"
"33012","2/8/2024","15:00","32.218","open","low_north","winter23-24","low"
"33117","2/8/2024","21:00","32.218","open","low_north","winter23-24","low"
"33214","2/9/2024","3:00","32.218","open","low_north","winter23-24","low"
"33312","2/9/2024","9:00","32.218","open","low_north","winter23-24","low"
"33412","2/9/2024","15:00","32.218","open","low_north","winter23-24","low"
"33512","2/9/2024","21:00","32.218","open","low_north","winter23-24","low"
"33612","2/10/2024","3:00","32.218","open","low_north","winter23-24","low"
"33712","2/10/2024","9:00","32.218","open","low_north","winter23-24","low"
"33812","2/10/2024","15:00","32.218","open","low_north","winter23-24","low"
"33912","2/10/2024","21:00","32.218","open","low_north","winter23-24","low"
"34012","2/11/2024","3:00","32.218","open","low_north","winter23-24","low"
"34117","2/11/2024","9:00","32.218","open","low_north","winter23-24","low"
"34214","2/11/2024","15:00","32.218","open","low_north","winter23-24","low"
"34312","2/11/2024","21:00","32.218","open","low_north","winter23-24","low"
"34412","2/12/2024","3:00","32.218","open","low_north","winter23-24","low"
"34512","2/12/2024","9:00","32.218","open","low_north","winter23-24","low"
"34612","2/12/2024","15:00","32.218","open","low_north","winter23-24","low"
"34712","2/12/2024","21:00","32.218","open","low_north","winter23-24","low"
"34812","2/13/2024","3:00","32.218","open","low_north","winter23-24","low"
"34912","2/13/2024","9:00","32.218","open","low_north","winter23-24","low"
"35012","2/13/2024","15:00","32.218","open","low_north","winter23-24","low"
"35117","2/13/2024","21:00","32.218","open","low_north","winter23-24","low"
"35214","2/14/2024","3:00","32.218","open","low_north","winter23-24","low"
"35312","2/14/2024","9:00","32.218","open","low_north","winter23-24","low"
"35412","2/14/2024","15:00","32.218","open","low_north","winter23-24","low"
"35512","2/14/2024","21:00","32.218","open","low_north","winter23-24","low"
"35612","2/15/2024","3:00","32.218","open","low_north","winter23-24","low"
"35712","2/15/2024","9:00","32.218","open","low_north","winter23-24","low"
"35812","2/15/2024","15:00","32.218","open","low_north","winter23-24","low"
"35912","2/15/2024","21:00","32.218","open","low_north","winter23-24","low"
"36012","2/16/2024","3:00","32.218","open","low_north","winter23-24","low"
"36117","2/16/2024","9:00","32.218","open","low_north","winter23-24","low"
"36214","2/16/2024","15:00","32.218","open","low_north","winter23-24","low"
"36312","2/16/2024","21:00","32.218","open","low_north","winter23-24","low"
"36412","2/17/2024","3:00","32.018","open","low_north","winter23-24","low"
"36512","2/17/2024","9:00","32.018","open","low_north","winter23-24","low"
"36612","2/17/2024","15:00","32.018","open","low_north","winter23-24","low"
"36712","2/17/2024","21:00","32.018","open","low_north","winter23-24","low"
"36812","2/18/2024","3:00","31.816","open","low_north","winter23-24","low"
"36912","2/18/2024","9:00","31.816","open","low_north","winter23-24","low"
"37012","2/18/2024","15:00","32.018","open","low_north","winter23-24","low"
"37117","2/18/2024","21:00","32.018","open","low_north","winter23-24","low"
"37214","2/19/2024","3:00","32.018","open","low_north","winter23-24","low"
"37312","2/19/2024","9:00","32.018","open","low_north","winter23-24","low"
"37412","2/19/2024","15:00","32.018","open","low_north","winter23-24","low"
"37512","2/19/2024","21:00","32.018","open","low_north","winter23-24","low"
"37612","2/20/2024","3:00","32.018","open","low_north","winter23-24","low"
"37712","2/20/2024","9:00","32.218","open","low_north","winter23-24","low"
"37812","2/20/2024","15:00","32.218","open","low_north","winter23-24","low"
"37912","2/20/2024","21:00","32.218","open","low_north","winter23-24","low"
"38012","2/21/2024","3:00","32.218","open","low_north","winter23-24","low"
"38117","2/21/2024","9:00","32.218","open","low_north","winter23-24","low"
"38214","2/21/2024","15:00","32.218","open","low_north","winter23-24","low"
"38312","2/21/2024","21:00","32.218","open","low_north","winter23-24","low"
"38412","2/22/2024","3:00","32.218","open","low_north","winter23-24","low"
"38512","2/22/2024","9:00","32.218","open","low_north","winter23-24","low"
"38612","2/22/2024","15:00","32.218","open","low_north","winter23-24","low"
"38712","2/22/2024","21:00","32.218","open","low_north","winter23-24","low"
"38812","2/23/2024","3:00","32.218","open","low_north","winter23-24","low"
"38912","2/23/2024","9:00","32.218","open","low_north","winter23-24","low"
"39012","2/23/2024","15:00","32.218","open","low_north","winter23-24","low"
"39117","2/23/2024","21:00","32.218","open","low_north","winter23-24","low"
"39214","2/24/2024","3:00","32.218","open","low_north","winter23-24","low"
"39312","2/24/2024","9:00","32.218","open","low_north","winter23-24","low"
"39412","2/24/2024","15:00","32.218","open","low_north","winter23-24","low"
"39512","2/24/2024","21:00","32.218","open","low_north","winter23-24","low"
"39612","2/25/2024","3:00","32.218","open","low_north","winter23-24","low"
"39712","2/25/2024","9:00","32.218","open","low_north","winter23-24","low"
"39812","2/25/2024","15:00","32.218","open","low_north","winter23-24","low"
"39912","2/25/2024","21:00","32.218","open","low_north","winter23-24","low"
"40012","2/26/2024","3:00","32.218","open","low_north","winter23-24","low"
"40117","2/26/2024","9:00","32.218","open","low_north","winter23-24","low"
"40214","2/26/2024","15:00","32.218","open","low_north","winter23-24","low"
"40312","2/26/2024","21:00","32.218","open","low_north","winter23-24","low"
"40412","2/27/2024","3:00","32.218","open","low_north","winter23-24","low"
"40512","2/27/2024","9:00","32.018","open","low_north","winter23-24","low"
"40612","2/27/2024","15:00","32.218","open","low_north","winter23-24","low"
"40712","2/27/2024","21:00","32.218","open","low_north","winter23-24","low"
"40812","2/28/2024","3:00","31.816","open","low_north","winter23-24","low"
"40912","2/28/2024","9:00","31.617","open","low_north","winter23-24","low"
"41014","2/28/2024","15:00","32.018","open","low_north","winter23-24","low"
"41117","2/28/2024","21:00","32.018","open","low_north","winter23-24","low"
"41214","2/29/2024","3:00","31.816","open","low_north","winter23-24","low"
"41313","2/29/2024","9:00","31.415","open","low_north","winter23-24","low"
"41412","2/29/2024","15:00","32.018","open","low_north","winter23-24","low"
"41512","2/29/2024","21:00","32.018","open","low_north","winter23-24","low"
"41612","3/1/2024","3:00","32.018","open","low_north","winter23-24","low"
"41712","3/1/2024","9:00","32.018","open","low_north","winter23-24","low"
"41812","3/1/2024","15:00","32.218","open","low_north","winter23-24","low"
"41912","3/1/2024","21:00","32.018","open","low_north","winter23-24","low"
"42012","3/2/2024","3:00","32.018","open","low_north","winter23-24","low"
"42117","3/2/2024","9:00","32.218","open","low_north","winter23-24","low"
"42214","3/2/2024","15:00","32.218","open","low_north","winter23-24","low"
"42312","3/2/2024","21:00","32.218","open","low_north","winter23-24","low"
"42412","3/3/2024","3:00","32.218","open","low_north","winter23-24","low"
"42512","3/3/2024","9:00","32.018","open","low_north","winter23-24","low"
"42612","3/3/2024","15:00","32.018","open","low_north","winter23-24","low"
"42712","3/3/2024","21:00","32.218","open","low_north","winter23-24","low"
"42812","3/4/2024","3:00","32.018","open","low_north","winter23-24","low"
"42912","3/4/2024","9:00","32.018","open","low_north","winter23-24","low"
"43012","3/4/2024","15:00","32.018","open","low_north","winter23-24","low"
"43117","3/4/2024","21:00","32.018","open","low_north","winter23-24","low"
"43214","3/5/2024","3:00","32.018","open","low_north","winter23-24","low"
"43312","3/5/2024","9:00","32.018","open","low_north","winter23-24","low"
"43412","3/5/2024","15:00","32.018","open","low_north","winter23-24","low"
"43512","3/5/2024","21:00","32.018","open","low_north","winter23-24","low"
"43612","3/6/2024","3:00","32.018","open","low_north","winter23-24","low"
"43712","3/6/2024","9:00","31.816","open","low_north","winter23-24","low"
"43811","3/6/2024","15:00","32.018","open","low_north","winter23-24","low"
"43911","3/6/2024","21:00","32.018","open","low_north","winter23-24","low"
"44011","3/7/2024","3:00","32.018","open","low_north","winter23-24","low"
"44116","3/7/2024","9:00","31.816","open","low_north","winter23-24","low"
"44213","3/7/2024","15:00","32.018","open","low_north","winter23-24","low"
"44312","3/7/2024","21:00","32.018","open","low_north","winter23-24","low"
"44411","3/8/2024","3:00","31.816","open","low_north","winter23-24","low"
"44511","3/8/2024","9:00","31.617","open","low_north","winter23-24","low"
"44611","3/8/2024","15:00","31.816","open","low_north","winter23-24","low"
"44711","3/8/2024","21:00","32.018","open","low_north","winter23-24","low"
"44811","3/9/2024","3:00","31.617","open","low_north","winter23-24","low"
"44911","3/9/2024","9:00","30.808","open","low_north","winter23-24","low"
"45011","3/9/2024","15:00","31.617","open","low_north","winter23-24","low"
"45116","3/9/2024","21:00","31.816","open","low_north","winter23-24","low"
"45213","3/10/2024","3:00","31.415","open","low_north","winter23-24","low"
"45312","3/10/2024","9:00","30.808","open","low_north","winter23-24","low"
"45411","3/10/2024","15:00","31.816","open","low_north","winter23-24","low"
"45511","3/10/2024","21:00","31.816","open","low_north","winter23-24","low"
"45611","3/11/2024","3:00","32.018","open","low_north","winter23-24","low"
"45711","3/11/2024","9:00","31.816","open","low_north","winter23-24","low"
"45811","3/11/2024","15:00","32.018","open","low_north","winter23-24","low"
"45911","3/11/2024","21:00","32.018","open","low_north","winter23-24","low"
"46011","3/12/2024","3:00","32.018","open","low_north","winter23-24","low"
"46115","3/12/2024","9:00","32.018","open","low_north","winter23-24","low"
"46213","3/12/2024","15:00","32.018","open","low_north","winter23-24","low"
"46311","3/12/2024","21:00","32.018","open","low_north","winter23-24","low"
"46411","3/13/2024","3:00","32.018","open","low_north","winter23-24","low"
"46511","3/13/2024","9:00","32.018","open","low_north","winter23-24","low"
"4668","3/13/2024","15:00","32.018","open","low_north","winter23-24","low"
"4678","3/13/2024","21:00","32.018","open","low_north","winter23-24","low"
"4688","3/14/2024","3:00","31.816","open","low_north","winter23-24","low"
"4697","3/14/2024","9:00","31.213","open","low_north","winter23-24","low"
"4707","3/14/2024","15:00","32.218","open","low_north","winter23-24","low"
"47111","3/14/2024","21:00","32.218","open","low_north","winter23-24","low"
"4728","3/15/2024","3:00","32.218","open","low_north","winter23-24","low"
"4737","3/15/2024","9:00","31.816","open","low_north","winter23-24","low"
"4747","3/15/2024","15:00","32.418","open","low_north","winter23-24","low"
"4757","3/15/2024","21:00","32.218","open","low_north","winter23-24","low"
"4767","3/16/2024","3:00","32.218","open","low_north","winter23-24","low"
"4777","3/16/2024","9:00","32.018","open","low_north","winter23-24","low"
"4787","3/16/2024","15:00","34.981","open","low_north","winter23-24","low"
"4797","3/16/2024","21:00","32.418","open","low_north","winter23-24","low"
"4806","3/17/2024","3:00","32.218","open","low_north","winter23-24","low"
"48111","3/17/2024","9:00","32.418","open","low_north","winter23-24","low"
"4828","3/17/2024","15:00","45.828","open","low_north","winter23-24","low"
"4837","3/17/2024","21:00","35.758","open","low_north","winter23-24","low"
"4847","3/18/2024","3:00","32.815","open","low_north","winter23-24","low"
"4857","3/18/2024","9:00","32.617","open","low_north","winter23-24","low"
"4867","3/18/2024","15:00","54.147","open","low_north","winter23-24","low"
"4876","3/18/2024","21:00","40.696","open","low_north","winter23-24","low"
"4886","3/19/2024","3:00","34.198","open","low_north","winter23-24","low"
"4896","3/19/2024","9:00","33.411","open","low_north","winter23-24","low"
"4906","3/19/2024","15:00","56.923","open","low_north","winter23-24","low"
"49111","3/19/2024","21:00","42.915","open","low_north","winter23-24","low"
"4928","3/20/2024","3:00","35.564","open","low_north","winter23-24","low"
"4937","3/20/2024","9:00","35.37","open","low_north","winter23-24","low"
"4947","3/20/2024","15:00","58.131","open","low_north","winter23-24","low"
"4957","3/20/2024","21:00","44.379","open","low_north","winter23-24","low"
"4967","3/21/2024","3:00","36.914","open","low_north","winter23-24","low"
"4976","3/21/2024","9:00","37.107","open","low_north","winter23-24","low"
"4986","3/21/2024","15:00","53.798","open","low_north","winter23-24","low"
"4996","3/21/2024","21:00","42.179","open","low_north","winter23-24","low"
"5006","3/22/2024","3:00","35.564","open","low_north","winter23-24","low"
"50111","3/22/2024","9:00","34.786","open","low_north","winter23-24","low"
"5028","3/22/2024","15:00","53.798","open","low_north","winter23-24","low"
"5037","3/22/2024","21:00","43.648","open","low_north","winter23-24","low"
"5047","3/23/2024","3:00","36.914","open","low_north","winter23-24","low"
"5057","3/23/2024","9:00","38.818","open","low_north","winter23-24","low"
"5067","3/23/2024","15:00","47.624","open","low_north","winter23-24","low"
"5076","3/23/2024","21:00","40.509","open","low_north","winter23-24","low"
"5086","3/24/2024","3:00","37.87","open","low_north","winter23-24","low"
"5096","3/24/2024","9:00","36.145","open","low_north","winter23-24","low"
"51011","3/24/2024","15:00","44.195","open","low_north","winter23-24","low"
"51112","3/24/2024","21:00","37.107","open","low_north","winter23-24","low"
"51210","3/25/2024","3:00","34.002","open","low_north","winter23-24","low"
"5137","3/25/2024","9:00","33.607","open","low_north","winter23-24","low"
"5147","3/25/2024","15:00","49.404","open","low_north","winter23-24","low"
"5157","3/25/2024","21:00","38.629","open","low_north","winter23-24","low"
"5167","3/26/2024","3:00","34.002","open","low_north","winter23-24","low"
"5177","3/26/2024","9:00","33.607","open","low_north","winter23-24","low"
"5187","3/26/2024","15:00","46.369","open","low_north","winter23-24","low"
"5197","3/26/2024","21:00","38.44","open","low_north","winter23-24","low"
"5207","3/27/2024","3:00","34.981","open","low_north","winter23-24","low"
"52111","3/27/2024","9:00","34.002","open","low_north","winter23-24","low"
"5228","3/27/2024","15:00","45.466","open","low_north","winter23-24","low"
"5237","3/27/2024","21:00","39.76","open","low_north","winter23-24","low"
"5247","3/28/2024","3:00","37.679","open","low_north","winter23-24","low"
"5257","3/28/2024","9:00","35.758","open","low_north","winter23-24","low"
"5267","3/28/2024","15:00","36.145","open","low_north","winter23-24","low"
"5276","3/28/2024","21:00","34.59","open","low_north","winter23-24","low"
"5286","3/29/2024","3:00","33.213","open","low_north","winter23-24","low"
"5296","3/29/2024","9:00","33.213","open","low_north","winter23-24","low"
"5306","3/29/2024","15:00","44.56","open","low_north","winter23-24","low"
"53111","3/29/2024","21:00","38.061","open","low_north","winter23-24","low"
"5328","3/30/2024","3:00","34.198","open","low_north","winter23-24","low"
"5337","3/30/2024","9:00","33.411","open","low_north","winter23-24","low"
"5347","3/30/2024","15:00","47.624","open","low_north","winter23-24","low"
"5357","3/30/2024","21:00","41.254","open","low_north","winter23-24","low"
"5367","3/31/2024","3:00","37.87","open","low_north","winter23-24","low"
"5376","3/31/2024","9:00","38.44","open","low_north","winter23-24","low"
"5386","3/31/2024","15:00","45.104","open","low_north","winter23-24","low"
"5396","3/31/2024","21:00","39.573","open","low_north","winter23-24","low"
"5406","4/1/2024","3:00","35.175","open","low_north","winter23-24","low"
"54111","4/1/2024","9:00","34.59","open","low_north","winter23-24","low"
"5428","4/1/2024","15:00","49.228","open","low_north","winter23-24","low"
"5437","4/1/2024","21:00","40.881","open","low_north","winter23-24","low"
"5447","4/2/2024","3:00","35.37","open","low_north","winter23-24","low"
"5457","4/2/2024","9:00","36.145","open","low_north","winter23-24","low"
"5467","4/2/2024","15:00","57.614","open","low_north","winter23-24","low"
"5476","4/2/2024","21:00","47.266","open","low_north","winter23-24","low"
"5486","4/3/2024","3:00","39.573","open","low_north","winter23-24","low"
"5496","4/3/2024","9:00","41.439","open","low_north","winter23-24","low"
"5506","4/3/2024","15:00","54.495","open","low_north","winter23-24","low"
"55111","4/3/2024","21:00","46.369","open","low_north","winter23-24","low"
"5528","4/4/2024","3:00","41.625","open","low_north","winter23-24","low"
"5537","4/4/2024","9:00","43.282","open","low_north","winter23-24","low"
"5547","4/4/2024","15:00","58.131","open","low_north","winter23-24","low"
"5557","4/4/2024","21:00","48.16","open","low_north","winter23-24","low"
"5567","4/5/2024","3:00","41.439","open","low_north","winter23-24","low"
"5576","4/5/2024","9:00","43.466","open","low_north","winter23-24","low"
"5586","4/5/2024","15:00","48.871","open","low_north","winter23-24","low"
"5596","4/5/2024","21:00","41.254","open","low_north","winter23-24","low"
"5606","4/6/2024","3:00","38.061","open","low_north","winter23-24","low"
"56111","4/6/2024","9:00","37.488","open","low_north","winter23-24","low"
"5628","4/6/2024","15:00","47.624","open","low_north","winter23-24","low"
"5637","4/6/2024","21:00","42.363","open","low_north","winter23-24","low"
"5647","4/7/2024","3:00","36.914","open","low_north","winter23-24","low"
"5657","4/7/2024","9:00","38.061","open","low_north","winter23-24","low"
"5667","4/7/2024","15:00","53.623","open","low_north","winter23-24","low"
"5676","4/7/2024","21:00","42.915","open","low_north","winter23-24","low"
"5686","4/8/2024","3:00","37.107","open","low_north","winter23-24","low"
"5696","4/8/2024","9:00","36.531","open","low_north","winter23-24","low"
"5706","4/8/2024","15:00","53.798","open","low_north","winter23-24","low"
"57111","4/8/2024","21:00","44.195","open","low_north","winter23-24","low"
"5728","4/9/2024","3:00","37.488","open","low_north","winter23-24","low"
"5737","4/9/2024","9:00","38.818","open","low_north","winter23-24","low"
"5747","4/9/2024","15:00","55.537","open","low_north","winter23-24","low"
"5757","4/9/2024","21:00","45.828","open","low_north","winter23-24","low"
"5767","4/10/2024","3:00","38.44","open","low_north","winter23-24","low"
"5776","4/10/2024","9:00","40.321","open","low_north","winter23-24","low"
"5786","4/10/2024","15:00","59.851","open","low_north","winter23-24","low"
"5796","4/10/2024","21:00","48.517","open","low_north","winter23-24","low"
"5806","4/11/2024","3:00","40.321","open","low_north","winter23-24","low"
"58111","4/11/2024","9:00","42.548","open","low_north","winter23-24","low"
"5828","4/11/2024","15:00","58.476","open","low_north","winter23-24","low"
"5837","4/11/2024","21:00","49.05","open","low_north","winter23-24","low"
"5847","4/12/2024","3:00","41.994","open","low_north","winter23-24","low"
"5857","4/12/2024","9:00","46.008","open","low_north","winter23-24","low"
"5867","4/12/2024","15:00","57.441","open","low_north","winter23-24","low"
"5876","4/12/2024","21:00","50.29","open","low_north","winter23-24","low"
"5886","4/13/2024","3:00","43.282","open","low_north","winter23-24","low"
"5896","4/13/2024","9:00","48.16","open","low_north","winter23-24","low"
"5906","4/13/2024","15:00","68.592","open","low_north","winter23-24","low"
"59111","4/13/2024","21:00","53.798","open","low_north","winter23-24","low"
"5928","4/14/2024","3:00","44.742","open","low_north","winter23-24","low"
"5937","4/14/2024","9:00","49.404","open","low_north","winter23-24","low"
"5947","4/14/2024","15:00","66.708","open","low_north","winter23-24","low"
"5957","4/14/2024","21:00","53.274","open","low_north","winter23-24","low"
"5967","4/15/2024","3:00","47.802","open","low_north","winter23-24","low"
"5976","4/15/2024","9:00","47.624","open","low_north","winter23-24","low"
"5986","4/15/2024","15:00","57.268","open","low_north","winter23-24","low"
"5996","4/15/2024","21:00","50.29","open","low_north","winter23-24","low"
"6006","4/16/2024","3:00","43.099","open","low_north","winter23-24","low"
"60111","4/16/2024","9:00","47.802","open","low_north","winter23-24","low"
"6028","4/16/2024","15:00","57.958","open","low_north","winter23-24","low"
"6037","4/16/2024","21:00","50.113","open","low_north","winter23-24","low"
"6047","4/17/2024","3:00","44.56","open","low_north","winter23-24","low"
"6057","4/17/2024","9:00","43.099","open","low_north","winter23-24","low"
"6067","4/17/2024","15:00","50.643","open","low_north","winter23-24","low"
"6076","4/17/2024","21:00","41.994","open","low_north","winter23-24","low"
"6086","4/18/2024","3:00","34.786","open","low_north","winter23-24","low"
"6096","4/18/2024","9:00","36.723","open","low_north","winter23-24","low"
"6107","4/18/2024","15:00","59.851","open","low_north","winter23-24","low"
"61112","4/18/2024","21:00","45.828","open","low_north","winter23-24","low"
"6128","4/19/2024","3:00","37.107","open","low_north","winter23-24","low"
"6137","4/19/2024","9:00","40.321","open","low_north","winter23-24","low"
"6147","4/19/2024","15:00","59.851","open","low_north","winter23-24","low"
"6157","4/19/2024","21:00","45.828","open","low_north","winter23-24","low"
"6167","4/20/2024","3:00","37.87","open","low_north","winter23-24","low"
"6177","4/20/2024","9:00","42.548","open","low_north","winter23-24","low"
"6187","4/20/2024","15:00","64.481","open","low_north","winter23-24","low"
"6197","4/20/2024","21:00","50.466","open","low_north","winter23-24","low"
"6207","4/21/2024","3:00","41.625","open","low_north","winter23-24","low"
"62111","4/21/2024","9:00","46.008","open","low_north","winter23-24","low"
"6228","4/21/2024","15:00","65.68","open","low_north","winter23-24","low"
"6237","4/21/2024","21:00","52.576","open","low_north","winter23-24","low"
"6247","4/22/2024","3:00","44.742","open","low_north","winter23-24","low"
"6257","4/22/2024","9:00","48.695","open","low_north","winter23-24","low"
"6267","4/22/2024","15:00","69.278","open","low_north","winter23-24","low"
"6276","4/22/2024","21:00","54.322","open","low_north","winter23-24","low"
"6286","4/23/2024","3:00","44.379","open","low_north","winter23-24","low"
"6296","4/23/2024","9:00","48.16","open","low_north","winter23-24","low"
"6306","4/23/2024","15:00","69.449","open","low_north","winter23-24","low"
"63111","4/23/2024","21:00","54.842","open","low_north","winter23-24","low"
"6327","4/24/2024","3:00","46.188","open","low_north","winter23-24","low"
"6337","4/24/2024","9:00","52.225","open","low_north","winter23-24","low"
"6347","4/24/2024","15:00","73.58","open","low_north","winter23-24","low"
"6354","4/24/2024","21:00","60.195","open","low_north","winter23-24","low"
"6364","4/25/2024","3:00","52.401","open","low_north","winter23-24","low"
"6374","4/25/2024","9:00","51.874","open","low_north","winter23-24","low"
"6384","4/25/2024","15:00","60.712","open","low_north","winter23-24","low"
"6391","4/25/2024","21:00","51.699","open","low_north","winter23-24","low"
"6401","4/26/2024","3:00","46.369","open","low_north","winter23-24","low"
"6414","4/26/2024","9:00","50.29","open","low_north","winter23-24","low"
"6421","4/26/2024","15:00","55.884","open","low_north","winter23-24","low"
"6431","4/26/2024","21:00","49.937","open","low_north","winter23-24","low"
"6441","4/27/2024","3:00","45.466","open","low_north","winter23-24","low"
"6451","4/27/2024","9:00","45.828","open","low_north","winter23-24","low"
"6461","4/27/2024","15:00","50.643","open","low_north","winter23-24","low"
"6471","4/27/2024","21:00","46.008","open","low_north","winter23-24","low"
"6481","4/28/2024","3:00","44.013","open","low_north","winter23-24","low"
"6491","4/28/2024","9:00","45.286","open","low_north","winter23-24","low"
"6501","4/28/2024","15:00","56.923","open","low_north","winter23-24","low"
"6514","4/28/2024","21:00","49.759","open","low_north","winter23-24","low"
"6521","4/29/2024","3:00","42.915","open","low_north","winter23-24","low"
"6531","4/29/2024","9:00","44.742","open","low_north","winter23-24","low"
"6541","4/29/2024","15:00","58.993","open","low_north","winter23-24","low"
"6551","4/29/2024","21:00","46.728","open","low_north","winter23-24","low"
"6561","4/30/2024","3:00","38.629","open","low_north","winter23-24","low"
"6571","4/30/2024","9:00","65.68","open","low_north","winter23-24","low"
"6581","4/30/2024","15:00","78.624","open","low_north","winter23-24","low"
"6591","4/30/2024","21:00","62.94","open","low_north","winter23-24","low"
"6601","5/1/2024","3:00","60.368","open","low_north","winter23-24","low"
"6614","5/1/2024","9:00","54.842","open","low_north","winter23-24","low"
"6621","5/1/2024","15:00","63.626","open","low_north","winter23-24","low"
"6631","5/1/2024","21:00","63.626","open","low_north","winter23-24","low"
"6641","5/2/2024","3:00","60.539","open","low_north","winter23-24","low"
"6651","5/2/2024","9:00","57.785","open","low_north","winter23-24","low"
"6661","5/2/2024","15:00","71.856","open","low_north","winter23-24","low"
"6671","5/2/2024","21:00","69.278","open","low_north","winter23-24","low"
"6681","5/3/2024","3:00","63.797","open","low_north","winter23-24","low"
"6691","5/3/2024","9:00","68.763","open","low_north","winter23-24","low"
"2280","11/18/2023","15:00","43.831","cage","low_gate","winter23-24","low"
"3200","11/18/2023","21:00","34.981","cage","low_gate","winter23-24","low"
"4200","11/19/2023","3:00","36.723","cage","low_gate","winter23-24","low"
"5130","11/19/2023","9:00","37.679","cage","low_gate","winter23-24","low"
"690","11/19/2023","15:00","40.509","cage","low_gate","winter23-24","low"
"780","11/19/2023","21:00","35.951","cage","low_gate","winter23-24","low"
"880","11/20/2023","3:00","33.213","cage","low_gate","winter23-24","low"
"980","11/20/2023","9:00","31.213","cage","low_gate","winter23-24","low"
"1080","11/20/2023","15:00","36.338","cage","low_gate","winter23-24","low"
"1180","11/20/2023","21:00","32.218","cage","low_gate","winter23-24","low"
"1280","11/21/2023","3:00","29.79","cage","low_gate","winter23-24","low"
"1380","11/21/2023","9:00","30.403","cage","low_gate","winter23-24","low"
"1480","11/21/2023","15:00","33.213","cage","low_gate","winter23-24","low"
"1580","11/21/2023","21:00","31.213","cage","low_gate","winter23-24","low"
"1680","11/22/2023","3:00","29.586","cage","low_gate","winter23-24","low"
"1780","11/22/2023","9:00","28.139","cage","low_gate","winter23-24","low"
"1880","11/22/2023","15:00","32.815","cage","low_gate","winter23-24","low"
"1980","11/22/2023","21:00","32.018","cage","low_gate","winter23-24","low"
"2080","11/23/2023","3:00","32.218","cage","low_gate","winter23-24","low"
"21102","11/23/2023","9:00","32.218","cage","low_gate","winter23-24","low"
"2290","11/23/2023","15:00","34.786","cage","low_gate","winter23-24","low"
"2380","11/23/2023","21:00","32.617","cage","low_gate","winter23-24","low"
"2480","11/24/2023","3:00","32.218","cage","low_gate","winter23-24","low"
"2580","11/24/2023","9:00","31.415","cage","low_gate","winter23-24","low"
"2680","11/24/2023","15:00","32.018","cage","low_gate","winter23-24","low"
"2780","11/24/2023","21:00","29.995","cage","low_gate","winter23-24","low"
"2880","11/25/2023","3:00","27.302","cage","low_gate","winter23-24","low"
"2970","11/25/2023","9:00","25.174","cage","low_gate","winter23-24","low"
"3070","11/25/2023","15:00","31.213","cage","low_gate","winter23-24","low"
"31101","11/25/2023","21:00","26.458","cage","low_gate","winter23-24","low"
"3270","11/26/2023","3:00","26.668","cage","low_gate","winter23-24","low"
"3370","11/26/2023","9:00","26.245","cage","low_gate","winter23-24","low"
"3470","11/26/2023","15:00","28.139","cage","low_gate","winter23-24","low"
"3570","11/26/2023","21:00","26.668","cage","low_gate","winter23-24","low"
"3670","11/27/2023","3:00","26.245","cage","low_gate","winter23-24","low"
"3770","11/27/2023","9:00","26.031","cage","low_gate","winter23-24","low"
"3870","11/27/2023","15:00","30.403","cage","low_gate","winter23-24","low"
"3970","11/27/2023","21:00","24.31","cage","low_gate","winter23-24","low"
"4070","11/28/2023","3:00","20.984","cage","low_gate","winter23-24","low"
"41100","11/28/2023","9:00","20.073","cage","low_gate","winter23-24","low"
"4270","11/28/2023","15:00","30.403","cage","low_gate","winter23-24","low"
"4370","11/28/2023","21:00","24.31","cage","low_gate","winter23-24","low"
"4460","11/29/2023","3:00","20.984","cage","low_gate","winter23-24","low"
"4560","11/29/2023","9:00","20.984","cage","low_gate","winter23-24","low"
"4660","11/29/2023","15:00","30.403","cage","low_gate","winter23-24","low"
"4729","11/29/2023","21:00","23.655","cage","low_gate","winter23-24","low"
"4829","11/30/2023","3:00","22.107","cage","low_gate","winter23-24","low"
"4929","11/30/2023","9:00","20.302","cage","low_gate","winter23-24","low"
"5029","11/30/2023","15:00","29.379","cage","low_gate","winter23-24","low"
"5138","11/30/2023","21:00","25.39","cage","low_gate","winter23-24","low"
"5229","12/1/2023","3:00","24.526","cage","low_gate","winter23-24","low"
"5329","12/1/2023","9:00","24.093","cage","low_gate","winter23-24","low"
"5429","12/1/2023","15:00","27.93","cage","low_gate","winter23-24","low"
"5529","12/1/2023","21:00","27.091","cage","low_gate","winter23-24","low"
"5629","12/2/2023","3:00","26.458","cage","low_gate","winter23-24","low"
"5729","12/2/2023","9:00","26.458","cage","low_gate","winter23-24","low"
"5829","12/2/2023","15:00","27.721","cage","low_gate","winter23-24","low"
"5929","12/2/2023","21:00","27.721","cage","low_gate","winter23-24","low"
"6029","12/3/2023","3:00","24.526","cage","low_gate","winter23-24","low"
"6129","12/3/2023","9:00","25.39","cage","low_gate","winter23-24","low"
"6229","12/3/2023","15:00","29.174","cage","low_gate","winter23-24","low"
"6328","12/3/2023","21:00","29.174","cage","low_gate","winter23-24","low"
"6415","12/4/2023","3:00","28.762","cage","low_gate","winter23-24","low"
"6515","12/4/2023","9:00","29.379","cage","low_gate","winter23-24","low"
"6615","12/4/2023","15:00","30.808","cage","low_gate","winter23-24","low"
"6714","12/4/2023","21:00","31.213","cage","low_gate","winter23-24","low"
"6814","12/5/2023","3:00","31.415","cage","low_gate","winter23-24","low"
"6914","12/5/2023","9:00","31.617","cage","low_gate","winter23-24","low"
"7014","12/5/2023","15:00","32.418","cage","low_gate","winter23-24","low"
"7118","12/5/2023","21:00","32.018","cage","low_gate","winter23-24","low"
"7216","12/6/2023","3:00","32.018","cage","low_gate","winter23-24","low"
"7314","12/6/2023","9:00","31.816","cage","low_gate","winter23-24","low"
"7414","12/6/2023","15:00","34.198","cage","low_gate","winter23-24","low"
"7514","12/6/2023","21:00","32.218","cage","low_gate","winter23-24","low"
"7614","12/7/2023","3:00","32.218","cage","low_gate","winter23-24","low"
"7714","12/7/2023","9:00","32.218","cage","low_gate","winter23-24","low"
"7814","12/7/2023","15:00","35.37","cage","low_gate","winter23-24","low"
"7914","12/7/2023","21:00","32.018","cage","low_gate","winter23-24","low"
"8014","12/8/2023","3:00","31.816","cage","low_gate","winter23-24","low"
"8118","12/8/2023","9:00","31.415","cage","low_gate","winter23-24","low"
"8216","12/8/2023","15:00","32.018","cage","low_gate","winter23-24","low"
"8314","12/8/2023","21:00","30.198","cage","low_gate","winter23-24","low"
"8414","12/9/2023","3:00","26.881","cage","low_gate","winter23-24","low"
"8514","12/9/2023","9:00","22.775","cage","low_gate","winter23-24","low"
"8614","12/9/2023","15:00","28.762","cage","low_gate","winter23-24","low"
"8714","12/9/2023","21:00","26.458","cage","low_gate","winter23-24","low"
"8814","12/10/2023","3:00","25.819","cage","low_gate","winter23-24","low"
"8914","12/10/2023","9:00","26.245","cage","low_gate","winter23-24","low"
"9014","12/10/2023","15:00","28.762","cage","low_gate","winter23-24","low"
"9118","12/10/2023","21:00","28.762","cage","low_gate","winter23-24","low"
"9216","12/11/2023","3:00","28.969","cage","low_gate","winter23-24","low"
"9314","12/11/2023","9:00","29.174","cage","low_gate","winter23-24","low"
"9414","12/11/2023","15:00","30.607","cage","low_gate","winter23-24","low"
"9514","12/11/2023","21:00","30.198","cage","low_gate","winter23-24","low"
"9614","12/12/2023","3:00","29.174","cage","low_gate","winter23-24","low"
"9714","12/12/2023","9:00","28.555","cage","low_gate","winter23-24","low"
"9814","12/12/2023","15:00","30.808","cage","low_gate","winter23-24","low"
"9914","12/12/2023","21:00","29.174","cage","low_gate","winter23-24","low"
"10014","12/13/2023","3:00","26.668","cage","low_gate","winter23-24","low"
"10118","12/13/2023","9:00","24.96","cage","low_gate","winter23-24","low"
"10216","12/13/2023","15:00","30.198","cage","low_gate","winter23-24","low"
"10314","12/13/2023","21:00","27.511","cage","low_gate","winter23-24","low"
"10414","12/14/2023","3:00","24.093","cage","low_gate","winter23-24","low"
"10514","12/14/2023","9:00","21.659","cage","low_gate","winter23-24","low"
"10614","12/14/2023","15:00","28.555","cage","low_gate","winter23-24","low"
"10714","12/14/2023","21:00","24.093","cage","low_gate","winter23-24","low"
"10814","12/15/2023","3:00","22.107","cage","low_gate","winter23-24","low"
"10914","12/15/2023","9:00","21.659","cage","low_gate","winter23-24","low"
"11014","12/15/2023","15:00","29.174","cage","low_gate","winter23-24","low"
"11118","12/15/2023","21:00","25.819","cage","low_gate","winter23-24","low"
"11216","12/16/2023","3:00","23.216","cage","low_gate","winter23-24","low"
"11314","12/16/2023","9:00","22.107","cage","low_gate","winter23-24","low"
"11414","12/16/2023","15:00","29.586","cage","low_gate","winter23-24","low"
"11514","12/16/2023","21:00","25.39","cage","low_gate","winter23-24","low"
"11614","12/17/2023","3:00","22.33","cage","low_gate","winter23-24","low"
"11714","12/17/2023","9:00","20.529","cage","low_gate","winter23-24","low"
"11814","12/17/2023","15:00","29.174","cage","low_gate","winter23-24","low"
"11914","12/17/2023","21:00","24.526","cage","low_gate","winter23-24","low"
"12014","12/18/2023","3:00","21.884","cage","low_gate","winter23-24","low"
"12118","12/18/2023","9:00","22.995","cage","low_gate","winter23-24","low"
"12216","12/18/2023","15:00","29.586","cage","low_gate","winter23-24","low"
"12314","12/18/2023","21:00","28.555","cage","low_gate","winter23-24","low"
"12414","12/19/2023","3:00","25.819","cage","low_gate","winter23-24","low"
"12514","12/19/2023","9:00","28.139","cage","low_gate","winter23-24","low"
"12614","12/19/2023","15:00","31.012","cage","low_gate","winter23-24","low"
"12714","12/19/2023","21:00","30.403","cage","low_gate","winter23-24","low"
"12814","12/20/2023","3:00","29.379","cage","low_gate","winter23-24","low"
"12914","12/20/2023","9:00","30.198","cage","low_gate","winter23-24","low"
"13014","12/20/2023","15:00","31.617","cage","low_gate","winter23-24","low"
"13118","12/20/2023","21:00","31.816","cage","low_gate","winter23-24","low"
"13216","12/21/2023","3:00","29.79","cage","low_gate","winter23-24","low"
"13314","12/21/2023","9:00","29.586","cage","low_gate","winter23-24","low"
"13414","12/21/2023","15:00","31.617","cage","low_gate","winter23-24","low"
"13514","12/21/2023","21:00","31.816","cage","low_gate","winter23-24","low"
"13614","12/22/2023","3:00","31.617","cage","low_gate","winter23-24","low"
"13714","12/22/2023","9:00","31.617","cage","low_gate","winter23-24","low"
"13814","12/22/2023","15:00","32.218","cage","low_gate","winter23-24","low"
"13914","12/22/2023","21:00","32.018","cage","low_gate","winter23-24","low"
"14014","12/23/2023","3:00","32.018","cage","low_gate","winter23-24","low"
"14118","12/23/2023","9:00","32.018","cage","low_gate","winter23-24","low"
"14216","12/23/2023","15:00","32.018","cage","low_gate","winter23-24","low"
"14314","12/23/2023","21:00","31.415","cage","low_gate","winter23-24","low"
"14414","12/24/2023","3:00","27.511","cage","low_gate","winter23-24","low"
"14514","12/24/2023","9:00","22.552","cage","low_gate","winter23-24","low"
"14614","12/24/2023","15:00","27.302","cage","low_gate","winter23-24","low"
"14714","12/24/2023","21:00","20.529","cage","low_gate","winter23-24","low"
"14814","12/25/2023","3:00","19.612","cage","low_gate","winter23-24","low"
"14914","12/25/2023","9:00","21.209","cage","low_gate","winter23-24","low"
"15014","12/25/2023","15:00","26.245","cage","low_gate","winter23-24","low"
"15118","12/25/2023","21:00","18.217","cage","low_gate","winter23-24","low"
"15216","12/26/2023","3:00","14.113","cage","low_gate","winter23-24","low"
"15314","12/26/2023","9:00","15.589","cage","low_gate","winter23-24","low"
"15414","12/26/2023","15:00","25.174","cage","low_gate","winter23-24","low"
"15514","12/26/2023","21:00","19.843","cage","low_gate","winter23-24","low"
"15614","12/27/2023","3:00","18.919","cage","low_gate","winter23-24","low"
"15714","12/27/2023","9:00","21.209","cage","low_gate","winter23-24","low"
"15814","12/27/2023","15:00","26.031","cage","low_gate","winter23-24","low"
"15914","12/27/2023","21:00","22.107","cage","low_gate","winter23-24","low"
"16014","12/28/2023","3:00","22.107","cage","low_gate","winter23-24","low"
"16118","12/28/2023","9:00","20.529","cage","low_gate","winter23-24","low"
"16216","12/28/2023","15:00","29.174","cage","low_gate","winter23-24","low"
"16314","12/28/2023","21:00","23.875","cage","low_gate","winter23-24","low"
"16414","12/29/2023","3:00","20.984","cage","low_gate","winter23-24","low"
"16514","12/29/2023","9:00","21.209","cage","low_gate","winter23-24","low"
"16614","12/29/2023","15:00","29.79","cage","low_gate","winter23-24","low"
"16714","12/29/2023","21:00","26.031","cage","low_gate","winter23-24","low"
"16814","12/30/2023","3:00","23.216","cage","low_gate","winter23-24","low"
"16914","12/30/2023","9:00","22.552","cage","low_gate","winter23-24","low"
"17014","12/30/2023","15:00","30.403","cage","low_gate","winter23-24","low"
"17118","12/30/2023","21:00","29.995","cage","low_gate","winter23-24","low"
"17216","12/31/2023","3:00","25.605","cage","low_gate","winter23-24","low"
"17314","12/31/2023","9:00","24.526","cage","low_gate","winter23-24","low"
"17414","12/31/2023","15:00","30.808","cage","low_gate","winter23-24","low"
"17514","12/31/2023","21:00","26.458","cage","low_gate","winter23-24","low"
"17614","1/1/2024","3:00","21.884","cage","low_gate","winter23-24","low"
"17714","1/1/2024","9:00","20.529","cage","low_gate","winter23-24","low"
"17814","1/1/2024","15:00","30.198","cage","low_gate","winter23-24","low"
"17914","1/1/2024","21:00","24.96","cage","low_gate","winter23-24","low"
"18014","1/2/2024","3:00","20.529","cage","low_gate","winter23-24","low"
"18118","1/2/2024","9:00","21.209","cage","low_gate","winter23-24","low"
"18216","1/2/2024","15:00","29.586","cage","low_gate","winter23-24","low"
"18314","1/2/2024","21:00","23.436","cage","low_gate","winter23-24","low"
"18414","1/3/2024","3:00","19.843","cage","low_gate","winter23-24","low"
"18514","1/3/2024","9:00","19.152","cage","low_gate","winter23-24","low"
"18614","1/3/2024","15:00","29.586","cage","low_gate","winter23-24","low"
"18714","1/3/2024","21:00","26.458","cage","low_gate","winter23-24","low"
"18814","1/4/2024","3:00","26.031","cage","low_gate","winter23-24","low"
"18914","1/4/2024","9:00","25.174","cage","low_gate","winter23-24","low"
"19014","1/4/2024","15:00","30.403","cage","low_gate","winter23-24","low"
"19118","1/4/2024","21:00","28.969","cage","low_gate","winter23-24","low"
"19216","1/5/2024","3:00","27.721","cage","low_gate","winter23-24","low"
"19314","1/5/2024","9:00","27.091","cage","low_gate","winter23-24","low"
"19414","1/5/2024","15:00","30.607","cage","low_gate","winter23-24","low"
"19514","1/5/2024","21:00","23.875","cage","low_gate","winter23-24","low"
"19614","1/6/2024","3:00","20.757","cage","low_gate","winter23-24","low"
"19714","1/6/2024","9:00","22.775","cage","low_gate","winter23-24","low"
"19814","1/6/2024","15:00","27.091","cage","low_gate","winter23-24","low"
"19914","1/6/2024","21:00","25.174","cage","low_gate","winter23-24","low"
"20014","1/7/2024","3:00","25.39","cage","low_gate","winter23-24","low"
"20118","1/7/2024","9:00","25.174","cage","low_gate","winter23-24","low"
"20216","1/7/2024","15:00","26.881","cage","low_gate","winter23-24","low"
"20314","1/7/2024","21:00","25.819","cage","low_gate","winter23-24","low"
"20414","1/8/2024","3:00","24.093","cage","low_gate","winter23-24","low"
"20514","1/8/2024","9:00","22.107","cage","low_gate","winter23-24","low"
"20614","1/8/2024","15:00","24.31","cage","low_gate","winter23-24","low"
"20714","1/8/2024","21:00","23.875","cage","low_gate","winter23-24","low"
"20814","1/9/2024","3:00","23.875","cage","low_gate","winter23-24","low"
"20914","1/9/2024","9:00","24.093","cage","low_gate","winter23-24","low"
"21018","1/9/2024","15:00","25.174","cage","low_gate","winter23-24","low"
"21118","1/9/2024","21:00","24.744","cage","low_gate","winter23-24","low"
"21217","1/10/2024","3:00","24.744","cage","low_gate","winter23-24","low"
"21315","1/10/2024","9:00","24.526","cage","low_gate","winter23-24","low"
"21415","1/10/2024","15:00","25.39","cage","low_gate","winter23-24","low"
"21514","1/10/2024","21:00","25.174","cage","low_gate","winter23-24","low"
"21614","1/11/2024","3:00","24.744","cage","low_gate","winter23-24","low"
"21714","1/11/2024","9:00","24.093","cage","low_gate","winter23-24","low"
"21814","1/11/2024","15:00","25.39","cage","low_gate","winter23-24","low"
"21914","1/11/2024","21:00","24.744","cage","low_gate","winter23-24","low"
"22014","1/12/2024","3:00","24.526","cage","low_gate","winter23-24","low"
"22118","1/12/2024","9:00","24.526","cage","low_gate","winter23-24","low"
"22216","1/12/2024","15:00","25.174","cage","low_gate","winter23-24","low"
"22314","1/12/2024","21:00","23.436","cage","low_gate","winter23-24","low"
"22414","1/13/2024","3:00","20.984","cage","low_gate","winter23-24","low"
"22514","1/13/2024","9:00","18.919","cage","low_gate","winter23-24","low"
"22614","1/13/2024","15:00","20.529","cage","low_gate","winter23-24","low"
"22714","1/13/2024","21:00","20.757","cage","low_gate","winter23-24","low"
"22814","1/14/2024","3:00","21.209","cage","low_gate","winter23-24","low"
"22914","1/14/2024","9:00","20.302","cage","low_gate","winter23-24","low"
"23014","1/14/2024","15:00","21.884","cage","low_gate","winter23-24","low"
"23118","1/14/2024","21:00","22.33","cage","low_gate","winter23-24","low"
"23216","1/15/2024","3:00","22.107","cage","low_gate","winter23-24","low"
"23314","1/15/2024","9:00","20.529","cage","low_gate","winter23-24","low"
"23414","1/15/2024","15:00","21.434","cage","low_gate","winter23-24","low"
"23514","1/15/2024","21:00","20.302","cage","low_gate","winter23-24","low"
"23614","1/16/2024","3:00","19.152","cage","low_gate","winter23-24","low"
"23714","1/16/2024","9:00","18.919","cage","low_gate","winter23-24","low"
"23814","1/16/2024","15:00","21.659","cage","low_gate","winter23-24","low"
"23914","1/16/2024","21:00","21.434","cage","low_gate","winter23-24","low"
"24014","1/17/2024","3:00","21.434","cage","low_gate","winter23-24","low"
"24118","1/17/2024","9:00","22.33","cage","low_gate","winter23-24","low"
"24216","1/17/2024","15:00","23.655","cage","low_gate","winter23-24","low"
"24314","1/17/2024","21:00","24.093","cage","low_gate","winter23-24","low"
"24414","1/18/2024","3:00","24.093","cage","low_gate","winter23-24","low"
"24514","1/18/2024","9:00","23.875","cage","low_gate","winter23-24","low"
"24614","1/18/2024","15:00","25.605","cage","low_gate","winter23-24","low"
"24714","1/18/2024","21:00","25.819","cage","low_gate","winter23-24","low"
"24814","1/19/2024","3:00","26.031","cage","low_gate","winter23-24","low"
"24914","1/19/2024","9:00","26.245","cage","low_gate","winter23-24","low"
"25014","1/19/2024","15:00","27.511","cage","low_gate","winter23-24","low"
"25118","1/19/2024","21:00","27.511","cage","low_gate","winter23-24","low"
"25216","1/20/2024","3:00","27.302","cage","low_gate","winter23-24","low"
"25314","1/20/2024","9:00","27.93","cage","low_gate","winter23-24","low"
"25414","1/20/2024","15:00","29.174","cage","low_gate","winter23-24","low"
"25514","1/20/2024","21:00","30.198","cage","low_gate","winter23-24","low"
"25614","1/21/2024","3:00","30.403","cage","low_gate","winter23-24","low"
"25714","1/21/2024","9:00","30.403","cage","low_gate","winter23-24","low"
"25814","1/21/2024","15:00","30.607","cage","low_gate","winter23-24","low"
"25914","1/21/2024","21:00","30.808","cage","low_gate","winter23-24","low"
"26014","1/22/2024","3:00","31.012","cage","low_gate","winter23-24","low"
"26118","1/22/2024","9:00","31.012","cage","low_gate","winter23-24","low"
"26216","1/22/2024","15:00","31.213","cage","low_gate","winter23-24","low"
"26314","1/22/2024","21:00","31.415","cage","low_gate","winter23-24","low"
"26414","1/23/2024","3:00","31.617","cage","low_gate","winter23-24","low"
"26514","1/23/2024","9:00","31.617","cage","low_gate","winter23-24","low"
"26614","1/23/2024","15:00","31.816","cage","low_gate","winter23-24","low"
"26714","1/23/2024","21:00","32.018","cage","low_gate","winter23-24","low"
"26814","1/24/2024","3:00","32.018","cage","low_gate","winter23-24","low"
"26914","1/24/2024","9:00","32.018","cage","low_gate","winter23-24","low"
"27014","1/24/2024","15:00","32.018","cage","low_gate","winter23-24","low"
"27118","1/24/2024","21:00","32.018","cage","low_gate","winter23-24","low"
"27216","1/25/2024","3:00","32.018","cage","low_gate","winter23-24","low"
"27314","1/25/2024","9:00","32.018","cage","low_gate","winter23-24","low"
"27414","1/25/2024","15:00","32.018","cage","low_gate","winter23-24","low"
"27514","1/25/2024","21:00","32.218","cage","low_gate","winter23-24","low"
"27614","1/26/2024","3:00","32.218","cage","low_gate","winter23-24","low"
"27714","1/26/2024","9:00","32.018","cage","low_gate","winter23-24","low"
"27814","1/26/2024","15:00","32.018","cage","low_gate","winter23-24","low"
"27914","1/26/2024","21:00","32.218","cage","low_gate","winter23-24","low"
"28014","1/27/2024","3:00","32.218","cage","low_gate","winter23-24","low"
"28118","1/27/2024","9:00","32.218","cage","low_gate","winter23-24","low"
"28216","1/27/2024","15:00","32.218","cage","low_gate","winter23-24","low"
"28314","1/27/2024","21:00","32.018","cage","low_gate","winter23-24","low"
"28414","1/28/2024","3:00","32.218","cage","low_gate","winter23-24","low"
"28514","1/28/2024","9:00","32.218","cage","low_gate","winter23-24","low"
"28613","1/28/2024","15:00","32.218","cage","low_gate","winter23-24","low"
"28713","1/28/2024","21:00","32.218","cage","low_gate","winter23-24","low"
"28813","1/29/2024","3:00","32.018","cage","low_gate","winter23-24","low"
"28913","1/29/2024","9:00","32.218","cage","low_gate","winter23-24","low"
"29013","1/29/2024","15:00","32.218","cage","low_gate","winter23-24","low"
"29118","1/29/2024","21:00","32.218","cage","low_gate","winter23-24","low"
"29215","1/30/2024","3:00","32.218","cage","low_gate","winter23-24","low"
"29313","1/30/2024","9:00","32.018","cage","low_gate","winter23-24","low"
"29413","1/30/2024","15:00","32.617","cage","low_gate","winter23-24","low"
"29513","1/30/2024","21:00","32.218","cage","low_gate","winter23-24","low"
"29613","1/31/2024","3:00","32.218","cage","low_gate","winter23-24","low"
"29713","1/31/2024","9:00","32.018","cage","low_gate","winter23-24","low"
"29813","1/31/2024","15:00","32.418","cage","low_gate","winter23-24","low"
"29913","1/31/2024","21:00","32.218","cage","low_gate","winter23-24","low"
"30013","2/1/2024","3:00","32.218","cage","low_gate","winter23-24","low"
"30118","2/1/2024","9:00","32.218","cage","low_gate","winter23-24","low"
"30215","2/1/2024","15:00","32.617","cage","low_gate","winter23-24","low"
"30313","2/1/2024","21:00","32.218","cage","low_gate","winter23-24","low"
"30413","2/2/2024","3:00","32.418","cage","low_gate","winter23-24","low"
"30513","2/2/2024","9:00","32.418","cage","low_gate","winter23-24","low"
"30613","2/2/2024","15:00","34.59","cage","low_gate","winter23-24","low"
"30713","2/2/2024","21:00","32.617","cage","low_gate","winter23-24","low"
"30813","2/3/2024","3:00","32.218","cage","low_gate","winter23-24","low"
"30913","2/3/2024","9:00","32.218","cage","low_gate","winter23-24","low"
"31018","2/3/2024","15:00","33.607","cage","low_gate","winter23-24","low"
"31118","2/3/2024","21:00","32.418","cage","low_gate","winter23-24","low"
"31216","2/4/2024","3:00","32.218","cage","low_gate","winter23-24","low"
"31314","2/4/2024","9:00","32.218","cage","low_gate","winter23-24","low"
"31414","2/4/2024","15:00","32.218","cage","low_gate","winter23-24","low"
"31513","2/4/2024","21:00","32.218","cage","low_gate","winter23-24","low"
"31613","2/5/2024","3:00","32.218","cage","low_gate","winter23-24","low"
"31713","2/5/2024","9:00","32.218","cage","low_gate","winter23-24","low"
"31813","2/5/2024","15:00","32.218","cage","low_gate","winter23-24","low"
"31913","2/5/2024","21:00","32.218","cage","low_gate","winter23-24","low"
"32013","2/6/2024","3:00","32.218","cage","low_gate","winter23-24","low"
"32118","2/6/2024","9:00","32.218","cage","low_gate","winter23-24","low"
"32215","2/6/2024","15:00","32.218","cage","low_gate","winter23-24","low"
"32313","2/6/2024","21:00","32.218","cage","low_gate","winter23-24","low"
"32413","2/7/2024","3:00","32.218","cage","low_gate","winter23-24","low"
"32513","2/7/2024","9:00","32.218","cage","low_gate","winter23-24","low"
"32613","2/7/2024","15:00","32.218","cage","low_gate","winter23-24","low"
"32713","2/7/2024","21:00","32.218","cage","low_gate","winter23-24","low"
"32813","2/8/2024","3:00","32.218","cage","low_gate","winter23-24","low"
"32913","2/8/2024","9:00","32.218","cage","low_gate","winter23-24","low"
"33013","2/8/2024","15:00","32.418","cage","low_gate","winter23-24","low"
"33118","2/8/2024","21:00","32.218","cage","low_gate","winter23-24","low"
"33215","2/9/2024","3:00","32.218","cage","low_gate","winter23-24","low"
"33313","2/9/2024","9:00","32.218","cage","low_gate","winter23-24","low"
"33413","2/9/2024","15:00","32.218","cage","low_gate","winter23-24","low"
"33513","2/9/2024","21:00","32.218","cage","low_gate","winter23-24","low"
"33613","2/10/2024","3:00","32.218","cage","low_gate","winter23-24","low"
"33713","2/10/2024","9:00","32.218","cage","low_gate","winter23-24","low"
"33813","2/10/2024","15:00","32.218","cage","low_gate","winter23-24","low"
"33913","2/10/2024","21:00","32.218","cage","low_gate","winter23-24","low"
"34013","2/11/2024","3:00","32.218","cage","low_gate","winter23-24","low"
"34118","2/11/2024","9:00","32.218","cage","low_gate","winter23-24","low"
"34215","2/11/2024","15:00","32.218","cage","low_gate","winter23-24","low"
"34313","2/11/2024","21:00","32.218","cage","low_gate","winter23-24","low"
"34413","2/12/2024","3:00","32.218","cage","low_gate","winter23-24","low"
"34513","2/12/2024","9:00","32.218","cage","low_gate","winter23-24","low"
"34613","2/12/2024","15:00","32.218","cage","low_gate","winter23-24","low"
"34713","2/12/2024","21:00","32.218","cage","low_gate","winter23-24","low"
"34813","2/13/2024","3:00","32.018","cage","low_gate","winter23-24","low"
"34913","2/13/2024","9:00","32.018","cage","low_gate","winter23-24","low"
"35013","2/13/2024","15:00","32.218","cage","low_gate","winter23-24","low"
"35118","2/13/2024","21:00","32.018","cage","low_gate","winter23-24","low"
"35215","2/14/2024","3:00","31.816","cage","low_gate","winter23-24","low"
"35313","2/14/2024","9:00","31.816","cage","low_gate","winter23-24","low"
"35413","2/14/2024","15:00","32.018","cage","low_gate","winter23-24","low"
"35513","2/14/2024","21:00","32.018","cage","low_gate","winter23-24","low"
"35613","2/15/2024","3:00","32.018","cage","low_gate","winter23-24","low"
"35713","2/15/2024","9:00","32.018","cage","low_gate","winter23-24","low"
"35813","2/15/2024","15:00","32.018","cage","low_gate","winter23-24","low"
"35913","2/15/2024","21:00","32.018","cage","low_gate","winter23-24","low"
"36013","2/16/2024","3:00","32.018","cage","low_gate","winter23-24","low"
"36118","2/16/2024","9:00","32.018","cage","low_gate","winter23-24","low"
"36215","2/16/2024","15:00","31.816","cage","low_gate","winter23-24","low"
"36313","2/16/2024","21:00","31.012","cage","low_gate","winter23-24","low"
"36413","2/17/2024","3:00","29.995","cage","low_gate","winter23-24","low"
"36513","2/17/2024","9:00","29.174","cage","low_gate","winter23-24","low"
"36613","2/17/2024","15:00","30.808","cage","low_gate","winter23-24","low"
"36713","2/17/2024","21:00","30.403","cage","low_gate","winter23-24","low"
"36813","2/18/2024","3:00","29.995","cage","low_gate","winter23-24","low"
"36913","2/18/2024","9:00","30.403","cage","low_gate","winter23-24","low"
"37013","2/18/2024","15:00","31.213","cage","low_gate","winter23-24","low"
"37118","2/18/2024","21:00","31.415","cage","low_gate","winter23-24","low"
"37215","2/19/2024","3:00","31.415","cage","low_gate","winter23-24","low"
"37313","2/19/2024","9:00","31.415","cage","low_gate","winter23-24","low"
"37413","2/19/2024","15:00","31.816","cage","low_gate","winter23-24","low"
"37513","2/19/2024","21:00","31.816","cage","low_gate","winter23-24","low"
"37613","2/20/2024","3:00","31.816","cage","low_gate","winter23-24","low"
"37713","2/20/2024","9:00","31.816","cage","low_gate","winter23-24","low"
"37813","2/20/2024","15:00","32.018","cage","low_gate","winter23-24","low"
"37913","2/20/2024","21:00","32.018","cage","low_gate","winter23-24","low"
"38013","2/21/2024","3:00","32.018","cage","low_gate","winter23-24","low"
"38118","2/21/2024","9:00","32.018","cage","low_gate","winter23-24","low"
"38215","2/21/2024","15:00","32.018","cage","low_gate","winter23-24","low"
"38313","2/21/2024","21:00","32.018","cage","low_gate","winter23-24","low"
"38413","2/22/2024","3:00","32.018","cage","low_gate","winter23-24","low"
"38513","2/22/2024","9:00","32.218","cage","low_gate","winter23-24","low"
"38613","2/22/2024","15:00","32.018","cage","low_gate","winter23-24","low"
"38713","2/22/2024","21:00","32.018","cage","low_gate","winter23-24","low"
"38813","2/23/2024","3:00","32.018","cage","low_gate","winter23-24","low"
"38913","2/23/2024","9:00","32.018","cage","low_gate","winter23-24","low"
"39013","2/23/2024","15:00","32.018","cage","low_gate","winter23-24","low"
"39118","2/23/2024","21:00","32.218","cage","low_gate","winter23-24","low"
"39215","2/24/2024","3:00","32.218","cage","low_gate","winter23-24","low"
"39313","2/24/2024","9:00","32.018","cage","low_gate","winter23-24","low"
"39413","2/24/2024","15:00","32.018","cage","low_gate","winter23-24","low"
"39513","2/24/2024","21:00","32.018","cage","low_gate","winter23-24","low"
"39613","2/25/2024","3:00","32.018","cage","low_gate","winter23-24","low"
"39713","2/25/2024","9:00","32.018","cage","low_gate","winter23-24","low"
"39813","2/25/2024","15:00","32.018","cage","low_gate","winter23-24","low"
"39913","2/25/2024","21:00","32.018","cage","low_gate","winter23-24","low"
"40013","2/26/2024","3:00","32.018","cage","low_gate","winter23-24","low"
"40118","2/26/2024","9:00","32.018","cage","low_gate","winter23-24","low"
"40215","2/26/2024","15:00","32.018","cage","low_gate","winter23-24","low"
"40313","2/26/2024","21:00","32.018","cage","low_gate","winter23-24","low"
"40413","2/27/2024","3:00","31.617","cage","low_gate","winter23-24","low"
"40513","2/27/2024","9:00","28.346","cage","low_gate","winter23-24","low"
"40613","2/27/2024","15:00","31.617","cage","low_gate","winter23-24","low"
"40713","2/27/2024","21:00","28.139","cage","low_gate","winter23-24","low"
"40813","2/28/2024","3:00","25.819","cage","low_gate","winter23-24","low"
"40913","2/28/2024","9:00","27.721","cage","low_gate","winter23-24","low"
"41015","2/28/2024","15:00","31.012","cage","low_gate","winter23-24","low"
"41118","2/28/2024","21:00","30.607","cage","low_gate","winter23-24","low"
"41215","2/29/2024","3:00","29.586","cage","low_gate","winter23-24","low"
"41314","2/29/2024","9:00","28.346","cage","low_gate","winter23-24","low"
"41413","2/29/2024","15:00","31.415","cage","low_gate","winter23-24","low"
"41513","2/29/2024","21:00","31.816","cage","low_gate","winter23-24","low"
"41613","3/1/2024","3:00","31.816","cage","low_gate","winter23-24","low"
"41713","3/1/2024","9:00","31.816","cage","low_gate","winter23-24","low"
"41813","3/1/2024","15:00","32.018","cage","low_gate","winter23-24","low"
"41913","3/1/2024","21:00","32.018","cage","low_gate","winter23-24","low"
"42013","3/2/2024","3:00","32.018","cage","low_gate","winter23-24","low"
"42118","3/2/2024","9:00","32.018","cage","low_gate","winter23-24","low"
"42215","3/2/2024","15:00","32.018","cage","low_gate","winter23-24","low"
"42313","3/2/2024","21:00","32.018","cage","low_gate","winter23-24","low"
"42413","3/3/2024","3:00","31.617","cage","low_gate","winter23-24","low"
"42513","3/3/2024","9:00","31.012","cage","low_gate","winter23-24","low"
"42613","3/3/2024","15:00","31.816","cage","low_gate","winter23-24","low"
"42713","3/3/2024","21:00","31.617","cage","low_gate","winter23-24","low"
"42813","3/4/2024","3:00","31.213","cage","low_gate","winter23-24","low"
"42913","3/4/2024","9:00","30.808","cage","low_gate","winter23-24","low"
"43013","3/4/2024","15:00","31.415","cage","low_gate","winter23-24","low"
"43118","3/4/2024","21:00","31.415","cage","low_gate","winter23-24","low"
"43215","3/5/2024","3:00","30.607","cage","low_gate","winter23-24","low"
"43313","3/5/2024","9:00","30.403","cage","low_gate","winter23-24","low"
"43413","3/5/2024","15:00","31.012","cage","low_gate","winter23-24","low"
"43513","3/5/2024","21:00","31.012","cage","low_gate","winter23-24","low"
"43613","3/6/2024","3:00","31.012","cage","low_gate","winter23-24","low"
"43713","3/6/2024","9:00","29.79","cage","low_gate","winter23-24","low"
"43812","3/6/2024","15:00","31.012","cage","low_gate","winter23-24","low"
"43912","3/6/2024","21:00","31.213","cage","low_gate","winter23-24","low"
"44012","3/7/2024","3:00","30.808","cage","low_gate","winter23-24","low"
"44117","3/7/2024","9:00","29.995","cage","low_gate","winter23-24","low"
"44214","3/7/2024","15:00","30.808","cage","low_gate","winter23-24","low"
"44313","3/7/2024","21:00","30.607","cage","low_gate","winter23-24","low"
"44412","3/8/2024","3:00","28.969","cage","low_gate","winter23-24","low"
"44512","3/8/2024","9:00","28.346","cage","low_gate","winter23-24","low"
"44612","3/8/2024","15:00","30.198","cage","low_gate","winter23-24","low"
"44712","3/8/2024","21:00","29.79","cage","low_gate","winter23-24","low"
"44812","3/9/2024","3:00","28.346","cage","low_gate","winter23-24","low"
"44912","3/9/2024","9:00","27.511","cage","low_gate","winter23-24","low"
"45012","3/9/2024","15:00","30.607","cage","low_gate","winter23-24","low"
"45117","3/9/2024","21:00","31.415","cage","low_gate","winter23-24","low"
"45214","3/10/2024","3:00","30.607","cage","low_gate","winter23-24","low"
"45313","3/10/2024","9:00","28.969","cage","low_gate","winter23-24","low"
"45412","3/10/2024","15:00","31.213","cage","low_gate","winter23-24","low"
"45512","3/10/2024","21:00","31.816","cage","low_gate","winter23-24","low"
"45612","3/11/2024","3:00","31.617","cage","low_gate","winter23-24","low"
"45712","3/11/2024","9:00","30.403","cage","low_gate","winter23-24","low"
"45812","3/11/2024","15:00","31.617","cage","low_gate","winter23-24","low"
"45912","3/11/2024","21:00","31.816","cage","low_gate","winter23-24","low"
"46012","3/12/2024","3:00","31.816","cage","low_gate","winter23-24","low"
"46116","3/12/2024","9:00","32.018","cage","low_gate","winter23-24","low"
"46214","3/12/2024","15:00","32.018","cage","low_gate","winter23-24","low"
"46312","3/12/2024","21:00","32.018","cage","low_gate","winter23-24","low"
"46412","3/13/2024","3:00","32.018","cage","low_gate","winter23-24","low"
"46512","3/13/2024","9:00","32.018","cage","low_gate","winter23-24","low"
"4669","3/13/2024","15:00","32.018","cage","low_gate","winter23-24","low"
"4679","3/13/2024","21:00","32.018","cage","low_gate","winter23-24","low"
"4689","3/14/2024","3:00","31.012","cage","low_gate","winter23-24","low"
"4698","3/14/2024","9:00","30.403","cage","low_gate","winter23-24","low"
"4708","3/14/2024","15:00","32.018","cage","low_gate","winter23-24","low"
"47112","3/14/2024","21:00","32.018","cage","low_gate","winter23-24","low"
"47210","3/15/2024","3:00","31.816","cage","low_gate","winter23-24","low"
"4738","3/15/2024","9:00","29.79","cage","low_gate","winter23-24","low"
"4748","3/15/2024","15:00","32.018","cage","low_gate","winter23-24","low"
"4758","3/15/2024","21:00","32.018","cage","low_gate","winter23-24","low"
"4768","3/16/2024","3:00","32.018","cage","low_gate","winter23-24","low"
"4778","3/16/2024","9:00","31.816","cage","low_gate","winter23-24","low"
"4788","3/16/2024","15:00","33.607","cage","low_gate","winter23-24","low"
"4798","3/16/2024","21:00","32.218","cage","low_gate","winter23-24","low"
"4807","3/17/2024","3:00","32.218","cage","low_gate","winter23-24","low"
"48112","3/17/2024","9:00","32.218","cage","low_gate","winter23-24","low"
"48210","3/17/2024","15:00","41.994","cage","low_gate","winter23-24","low"
"4838","3/17/2024","21:00","32.617","cage","low_gate","winter23-24","low"
"4848","3/18/2024","3:00","32.218","cage","low_gate","winter23-24","low"
"4858","3/18/2024","9:00","32.218","cage","low_gate","winter23-24","low"
"4868","3/18/2024","15:00","50.466","cage","low_gate","winter23-24","low"
"4877","3/18/2024","21:00","35.758","cage","low_gate","winter23-24","low"
"4887","3/19/2024","3:00","32.218","cage","low_gate","winter23-24","low"
"4897","3/19/2024","9:00","32.218","cage","low_gate","winter23-24","low"
"4907","3/19/2024","15:00","53.449","cage","low_gate","winter23-24","low"
"49112","3/19/2024","21:00","39.007","cage","low_gate","winter23-24","low"
"49210","3/20/2024","3:00","33.013","cage","low_gate","winter23-24","low"
"4938","3/20/2024","9:00","32.617","cage","low_gate","winter23-24","low"
"4948","3/20/2024","15:00","54.842","cage","low_gate","winter23-24","low"
"4958","3/20/2024","21:00","41.254","cage","low_gate","winter23-24","low"
"4968","3/21/2024","3:00","34.394","cage","low_gate","winter23-24","low"
"4977","3/21/2024","9:00","34.981","cage","low_gate","winter23-24","low"
"4987","3/21/2024","15:00","50.819","cage","low_gate","winter23-24","low"
"4997","3/21/2024","21:00","39.573","cage","low_gate","winter23-24","low"
"5007","3/22/2024","3:00","33.805","cage","low_gate","winter23-24","low"
"50112","3/22/2024","9:00","33.411","cage","low_gate","winter23-24","low"
"50210","3/22/2024","15:00","53.449","cage","low_gate","winter23-24","low"
"5038","3/22/2024","21:00","41.439","cage","low_gate","winter23-24","low"
"5048","3/23/2024","3:00","35.175","cage","low_gate","winter23-24","low"
"5058","3/23/2024","9:00","37.488","cage","low_gate","winter23-24","low"
"5068","3/23/2024","15:00","45.466","cage","low_gate","winter23-24","low"
"5077","3/23/2024","21:00","38.629","cage","low_gate","winter23-24","low"
"5087","3/24/2024","3:00","36.338","cage","low_gate","winter23-24","low"
"5097","3/24/2024","9:00","35.564","cage","low_gate","winter23-24","low"
"51012","3/24/2024","15:00","42.915","cage","low_gate","winter23-24","low"
"51113","3/24/2024","21:00","35.758","cage","low_gate","winter23-24","low"
"51211","3/25/2024","3:00","33.213","cage","low_gate","winter23-24","low"
"5139","3/25/2024","9:00","33.013","cage","low_gate","winter23-24","low"
"5148","3/25/2024","15:00","47.624","cage","low_gate","winter23-24","low"
"5158","3/25/2024","21:00","37.107","cage","low_gate","winter23-24","low"
"5168","3/26/2024","3:00","33.213","cage","low_gate","winter23-24","low"
"5178","3/26/2024","9:00","33.013","cage","low_gate","winter23-24","low"
"5188","3/26/2024","15:00","44.195","cage","low_gate","winter23-24","low"
"5198","3/26/2024","21:00","36.723","cage","low_gate","winter23-24","low"
"5208","3/27/2024","3:00","33.607","cage","low_gate","winter23-24","low"
"52112","3/27/2024","9:00","33.213","cage","low_gate","winter23-24","low"
"52210","3/27/2024","15:00","44.379","cage","low_gate","winter23-24","low"
"5238","3/27/2024","21:00","38.061","cage","low_gate","winter23-24","low"
"5248","3/28/2024","3:00","36.531","cage","low_gate","winter23-24","low"
"5258","3/28/2024","9:00","35.175","cage","low_gate","winter23-24","low"
"5268","3/28/2024","15:00","39.76","cage","low_gate","winter23-24","low"
"5277","3/28/2024","21:00","35.37","cage","low_gate","winter23-24","low"
"5287","3/29/2024","3:00","33.213","cage","low_gate","winter23-24","low"
"5297","3/29/2024","9:00","33.013","cage","low_gate","winter23-24","low"
"5307","3/29/2024","15:00","48.339","cage","low_gate","winter23-24","low"
"53112","3/29/2024","21:00","37.679","cage","low_gate","winter23-24","low"
"53210","3/30/2024","3:00","33.805","cage","low_gate","winter23-24","low"
"5338","3/30/2024","9:00","33.213","cage","low_gate","winter23-24","low"
"5348","3/30/2024","15:00","46.369","cage","low_gate","winter23-24","low"
"5358","3/30/2024","21:00","39.573","cage","low_gate","winter23-24","low"
"5368","3/31/2024","3:00","36.723","cage","low_gate","winter23-24","low"
"5377","3/31/2024","9:00","37.488","cage","low_gate","winter23-24","low"
"5387","3/31/2024","15:00","43.282","cage","low_gate","winter23-24","low"
"5397","3/31/2024","21:00","37.87","cage","low_gate","winter23-24","low"
"5407","4/1/2024","3:00","34.198","cage","low_gate","winter23-24","low"
"54112","4/1/2024","9:00","33.607","cage","low_gate","winter23-24","low"
"54210","4/1/2024","15:00","47.446","cage","low_gate","winter23-24","low"
"5438","4/1/2024","21:00","39.196","cage","low_gate","winter23-24","low"
"5448","4/2/2024","3:00","34.394","cage","low_gate","winter23-24","low"
"5458","4/2/2024","9:00","33.607","cage","low_gate","winter23-24","low"
"5468","4/2/2024","15:00","55.364","cage","low_gate","winter23-24","low"
"5477","4/2/2024","21:00","44.742","cage","low_gate","winter23-24","low"
"5487","4/3/2024","3:00","37.87","cage","low_gate","winter23-24","low"
"5497","4/3/2024","9:00","37.297","cage","low_gate","winter23-24","low"
"5507","4/3/2024","15:00","51.874","cage","low_gate","winter23-24","low"
"55112","4/3/2024","21:00","44.013","cage","low_gate","winter23-24","low"
"55210","4/4/2024","3:00","40.134","cage","low_gate","winter23-24","low"
"5538","4/4/2024","9:00","41.067","cage","low_gate","winter23-24","low"
"5548","4/4/2024","15:00","55.189","cage","low_gate","winter23-24","low"
"5558","4/4/2024","21:00","45.466","cage","low_gate","winter23-24","low"
"5568","4/5/2024","3:00","39.573","cage","low_gate","winter23-24","low"
"5577","4/5/2024","9:00","40.881","cage","low_gate","winter23-24","low"
"5587","4/5/2024","15:00","46.369","cage","low_gate","winter23-24","low"
"5597","4/5/2024","21:00","39.573","cage","low_gate","winter23-24","low"
"5607","4/6/2024","3:00","36.914","cage","low_gate","winter23-24","low"
"56112","4/6/2024","9:00","36.723","cage","low_gate","winter23-24","low"
"56210","4/6/2024","15:00","45.466","cage","low_gate","winter23-24","low"
"5638","4/6/2024","21:00","40.134","cage","low_gate","winter23-24","low"
"5648","4/7/2024","3:00","35.758","cage","low_gate","winter23-24","low"
"5658","4/7/2024","9:00","37.107","cage","low_gate","winter23-24","low"
"5668","4/7/2024","15:00","52.75","cage","low_gate","winter23-24","low"
"5677","4/7/2024","21:00","42.179","cage","low_gate","winter23-24","low"
"5687","4/8/2024","3:00","36.145","cage","low_gate","winter23-24","low"
"5697","4/8/2024","9:00","34.786","cage","low_gate","winter23-24","low"
"5707","4/8/2024","15:00","51.523","cage","low_gate","winter23-24","low"
"57112","4/8/2024","21:00","42.363","cage","low_gate","winter23-24","low"
"57210","4/9/2024","3:00","36.338","cage","low_gate","winter23-24","low"
"5738","4/9/2024","9:00","38.629","cage","low_gate","winter23-24","low"
"5748","4/9/2024","15:00","52.75","cage","low_gate","winter23-24","low"
"5758","4/9/2024","21:00","43.831","cage","low_gate","winter23-24","low"
"5768","4/10/2024","3:00","37.297","cage","low_gate","winter23-24","low"
"5777","4/10/2024","9:00","37.107","cage","low_gate","winter23-24","low"
"5787","4/10/2024","15:00","56.75","cage","low_gate","winter23-24","low"
"5797","4/10/2024","21:00","45.648","cage","low_gate","winter23-24","low"
"5807","4/11/2024","3:00","38.44","cage","low_gate","winter23-24","low"
"58112","4/11/2024","9:00","38.629","cage","low_gate","winter23-24","low"
"58210","4/11/2024","15:00","54.842","cage","low_gate","winter23-24","low"
"5838","4/11/2024","21:00","46.188","cage","low_gate","winter23-24","low"
"5848","4/12/2024","3:00","40.321","cage","low_gate","winter23-24","low"
"5858","4/12/2024","9:00","41.994","cage","low_gate","winter23-24","low"
"5868","4/12/2024","15:00","54.322","cage","low_gate","winter23-24","low"
"5877","4/12/2024","21:00","48.339","cage","low_gate","winter23-24","low"
"5887","4/13/2024","3:00","42.179","cage","low_gate","winter23-24","low"
"5897","4/13/2024","9:00","43.648","cage","low_gate","winter23-24","low"
"5907","4/13/2024","15:00","62.425","cage","low_gate","winter23-24","low"
"59112","4/13/2024","21:00","50.995","cage","low_gate","winter23-24","low"
"59210","4/14/2024","3:00","43.282","cage","low_gate","winter23-24","low"
"5938","4/14/2024","9:00","44.379","cage","low_gate","winter23-24","low"
"5948","4/14/2024","15:00","60.883","cage","low_gate","winter23-24","low"
"5958","4/14/2024","21:00","49.582","cage","low_gate","winter23-24","low"
"5968","4/15/2024","3:00","45.648","cage","low_gate","winter23-24","low"
"5977","4/15/2024","9:00","45.828","cage","low_gate","winter23-24","low"
"5987","4/15/2024","15:00","55.537","cage","low_gate","winter23-24","low"
"5997","4/15/2024","21:00","48.16","cage","low_gate","winter23-24","low"
"6007","4/16/2024","3:00","41.254","cage","low_gate","winter23-24","low"
"60112","4/16/2024","9:00","42.548","cage","low_gate","winter23-24","low"
"60210","4/16/2024","15:00","53.1","cage","low_gate","winter23-24","low"
"6038","4/16/2024","21:00","46.908","cage","low_gate","winter23-24","low"
"6048","4/17/2024","3:00","42.363","cage","low_gate","winter23-24","low"
"6058","4/17/2024","9:00","41.067","cage","low_gate","winter23-24","low"
"6068","4/17/2024","15:00","48.16","cage","low_gate","winter23-24","low"
"6077","4/17/2024","21:00","39.384","cage","low_gate","winter23-24","low"
"6087","4/18/2024","3:00","34.198","cage","low_gate","winter23-24","low"
"6097","4/18/2024","9:00","33.805","cage","low_gate","winter23-24","low"
"6108","4/18/2024","15:00","55.189","cage","low_gate","winter23-24","low"
"61113","4/18/2024","21:00","42.179","cage","low_gate","winter23-24","low"
"61210","4/19/2024","3:00","35.175","cage","low_gate","winter23-24","low"
"6138","4/19/2024","9:00","35.175","cage","low_gate","winter23-24","low"
"6148","4/19/2024","15:00","55.537","cage","low_gate","winter23-24","low"
"6158","4/19/2024","21:00","42.732","cage","low_gate","winter23-24","low"
"6168","4/20/2024","3:00","35.951","cage","low_gate","winter23-24","low"
"6178","4/20/2024","9:00","37.679","cage","low_gate","winter23-24","low"
"6188","4/20/2024","15:00","60.368","cage","low_gate","winter23-24","low"
"6198","4/20/2024","21:00","47.266","cage","low_gate","winter23-24","low"
"6208","4/21/2024","3:00","39.76","cage","low_gate","winter23-24","low"
"62112","4/21/2024","9:00","43.831","cage","low_gate","winter23-24","low"
"62210","4/21/2024","15:00","60.883","cage","low_gate","winter23-24","low"
"6238","4/21/2024","21:00","48.695","cage","low_gate","winter23-24","low"
"6248","4/22/2024","3:00","42.179","cage","low_gate","winter23-24","low"
"6258","4/22/2024","9:00","42.732","cage","low_gate","winter23-24","low"
"6268","4/22/2024","15:00","62.769","cage","low_gate","winter23-24","low"
"6277","4/22/2024","21:00","49.937","cage","low_gate","winter23-24","low"
"6287","4/23/2024","3:00","41.625","cage","low_gate","winter23-24","low"
"6297","4/23/2024","9:00","44.195","cage","low_gate","winter23-24","low"
"6307","4/23/2024","15:00","64.139","cage","low_gate","winter23-24","low"
"63112","4/23/2024","21:00","50.643","cage","low_gate","winter23-24","low"
"6329","4/24/2024","3:00","43.831","cage","low_gate","winter23-24","low"
"6338","4/24/2024","9:00","47.266","cage","low_gate","winter23-24","low"
"6348","4/24/2024","15:00","82.508","cage","low_gate","winter23-24","low"
