"year","site","shrub","patch","subplot","species","id","elevation","germination","mass.het.nb","mass.con.nb","n.het.nb","n.con.nb","mean.season.VWC","min.season.VWC","max.season.VWC","mean.season.temp","min.season.temp","max.season.temp","emergence","max.height","flower","fruit","aboveground_mass","length_cm","root_mass","seed_number","total_seed_mass","total_leaf_area","total_leaf_mass"
"2024","high_east",1,"open","C","ALDE",3,"high",0,0,8e-04,6,1,15.0777777777778,3.1,29.5,NA,NA,NA,NA,NA,NA,NA,NA,NA,NA,NA,NA,NA,NA
"2024","high_east",1,"open","C","ALDE",3,"high",0,0.0077,0,6,1,15.0777777777778,3.1,29.5,NA,NA,NA,NA,NA,NA,NA,NA,NA,NA,NA,NA,NA,NA
"2024","high_east",1,"open","C","COPA",3,"high",1,0,8e-04,6,1,15.0777777777778,3.1,29.5,NA,NA,NA,122,0.5,NA,NA,NA,NA,NA,NA,NA,NA,NA
"2024","high_east",1,"open","C","COPA",3,"high",1,0.0077,0,6,1,15.0777777777778,3.1,29.5,NA,NA,NA,122,0.5,NA,NA,NA,NA,NA,NA,NA,NA,NA
"2024","high_east",1,"open","C","BRTE",2,"high",0,0,8e-04,6,1,15.0777777777778,3.1,29.5,NA,NA,NA,NA,NA,NA,NA,NA,NA,NA,NA,NA,NA,NA
"2024","high_east",1,"open","C","BRTE",2,"high",0,0.0077,0,6,1,15.0777777777778,3.1,29.5,NA,NA,NA,NA,NA,NA,NA,NA,NA,NA,NA,NA,NA,NA
"2024","high_east",1,"open","C","ALDE",1,"high",0,0,8e-04,6,1,15.0777777777778,3.1,29.5,NA,NA,NA,NA,NA,NA,NA,NA,NA,NA,NA,NA,NA,NA
"2024","high_east",1,"open","C","ALDE",1,"high",0,0.0077,0,6,1,15.0777777777778,3.1,29.5,NA,NA,NA,NA,NA,NA,NA,NA,NA,NA,NA,NA,NA,NA
"2024","high_east",1,"open","C","COPA",2,"high",0,0,8e-04,6,1,15.0777777777778,3.1,29.5,NA,NA,NA,NA,NA,NA,NA,NA,NA,NA,NA,NA,NA,NA
"2024","high_east",1,"open","C","COPA",2,"high",0,0.0077,0,6,1,15.0777777777778,3.1,29.5,NA,NA,NA,NA,NA,NA,NA,NA,NA,NA,NA,NA,NA,NA
"2024","high_east",1,"open","C","ALDE",2,"high",0,0,8e-04,6,1,15.0777777777778,3.1,29.5,NA,NA,NA,NA,NA,NA,NA,NA,NA,NA,NA,NA,NA,NA
"2024","high_east",1,"open","C","ALDE",2,"high",0,0.0077,0,6,1,15.0777777777778,3.1,29.5,NA,NA,NA,NA,NA,NA,NA,NA,NA,NA,NA,NA,NA,NA
"2024","high_east",1,"open","C","COPA",1,"high",1,0,8e-04,6,1,15.0777777777778,3.1,29.5,NA,NA,NA,122,0,NA,NA,NA,NA,NA,NA,NA,NA,NA
"2024","high_east",1,"open","C","COPA",1,"high",1,0.0077,0,6,1,15.0777777777778,3.1,29.5,NA,NA,NA,122,0,NA,NA,NA,NA,NA,NA,NA,NA,NA
"2024","high_east",1,"open","C","BRTE",3,"high",1,0,8e-04,6,1,15.0777777777778,3.1,29.5,NA,NA,NA,122,2.1,171,171,8e-04,1.5149,1e-04,0,0,5.961,"0.0003"
"2024","high_east",1,"open","C","BRTE",3,"high",1,0.0077,0,6,1,15.0777777777778,3.1,29.5,NA,NA,NA,122,2.1,171,171,8e-04,1.5149,1e-04,0,0,5.961,"0.0003"
"2024","high_east",1,"open","C","BRTE",1,"high",0,0,8e-04,6,1,15.0777777777778,3.1,29.5,NA,NA,NA,NA,NA,NA,NA,NA,NA,NA,NA,NA,NA,NA
"2024","high_east",1,"open","C","BRTE",1,"high",0,0.0077,0,6,1,15.0777777777778,3.1,29.5,NA,NA,NA,NA,NA,NA,NA,NA,NA,NA,NA,NA,NA,NA
"2024","high_east",1,"open","R","BRTE",3,"high",0,0,0,0,0,15.0777777777778,3.1,29.5,NA,NA,NA,NA,NA,NA,NA,NA,NA,NA,NA,NA,NA,NA
"2024","high_east",1,"open","R","ALDE",3,"high",0,0,0,0,0,15.0777777777778,3.1,29.5,NA,NA,NA,NA,NA,NA,NA,NA,NA,NA,NA,NA,NA,NA
"2024","high_east",1,"open","R","COPA",1,"high",0,0,0,0,0,15.0777777777778,3.1,29.5,NA,NA,NA,NA,NA,NA,NA,NA,NA,NA,NA,NA,NA,NA
"2024","high_east",1,"open","R","ALDE",2,"high",0,0,0,0,0,15.0777777777778,3.1,29.5,NA,NA,NA,NA,NA,NA,NA,NA,NA,NA,NA,NA,NA,NA
"2024","high_east",1,"open","R","BRTE",2,"high",1,0,0,0,0,15.0777777777778,3.1,29.5,NA,NA,NA,122,4.3,165,183,0.0042,6.8481,4e-04,1,0.0011,13.415,"0.0009"
"2024","high_east",1,"open","R","COPA",3,"high",1,0,0,0,0,15.0777777777778,3.1,29.5,NA,NA,NA,122,0,NA,NA,NA,NA,NA,NA,NA,NA,NA
"2024","high_east",1,"open","R","ALDE",1,"high",0,0,0,0,0,15.0777777777778,3.1,29.5,NA,NA,NA,NA,NA,NA,NA,NA,NA,NA,NA,NA,NA,NA
"2024","high_east",1,"open","R","BRTE",1,"high",1,0,0,0,0,15.0777777777778,3.1,29.5,NA,NA,NA,122,0,NA,NA,NA,NA,NA,NA,NA,NA,NA
"2024","high_east",1,"open","R","COPA",2,"high",1,0,0,0,0,15.0777777777778,3.1,29.5,NA,NA,NA,122,1.8,NA,NA,NA,NA,NA,NA,NA,NA,NA
"2024","high_east",1,"shrub","C","COPA",3,"high",1,8e-04,0,1,0,17.0666666666667,5.9,32.1,NA,NA,NA,122,2.6,151,165,8e-04,4.6199,2e-04,0,0,5.088,"0.0005"
"2024","high_east",1,"shrub","C","ALDE",2,"high",0,8e-04,0,1,0,17.0666666666667,5.9,32.1,NA,NA,NA,NA,NA,NA,NA,NA,NA,NA,NA,NA,NA,NA
"2024","high_east",1,"shrub","C","ALDE",1,"high",0,8e-04,0,1,0,17.0666666666667,5.9,32.1,NA,NA,NA,NA,NA,NA,NA,NA,NA,NA,NA,NA,NA,NA
"2024","high_east",1,"shrub","C","ALDE",3,"high",0,8e-04,0,1,0,17.0666666666667,5.9,32.1,NA,NA,NA,NA,NA,NA,NA,NA,NA,NA,NA,NA,NA,NA
"2024","high_east",1,"shrub","C","COPA",2,"high",0,8e-04,0,1,0,17.0666666666667,5.9,32.1,NA,NA,NA,NA,NA,NA,NA,NA,NA,NA,NA,NA,NA,NA
"2024","high_east",1,"shrub","C","BRTE",2,"high",0,8e-04,0,1,0,17.0666666666667,5.9,32.1,NA,NA,NA,NA,NA,NA,NA,NA,NA,NA,NA,NA,NA,NA
"2024","high_east",1,"shrub","C","BRTE",1,"high",0,8e-04,0,1,0,17.0666666666667,5.9,32.1,NA,NA,NA,NA,NA,NA,NA,NA,NA,NA,NA,NA,NA,NA
"2024","high_east",1,"shrub","C","BRTE",3,"high",0,8e-04,0,1,0,17.0666666666667,5.9,32.1,NA,NA,NA,NA,NA,NA,NA,NA,NA,NA,NA,NA,NA,NA
"2024","high_east",1,"shrub","C","COPA",3,"high",1,8e-04,0,1,0,17.0666666666667,5.9,32.1,NA,NA,NA,122,2.6,151,165,8e-04,4.6199,2e-04,0,0,5.165,"0.0001"
"2024","high_east",1,"shrub","C","COPA",1,"high",0,8e-04,0,1,0,17.0666666666667,5.9,32.1,NA,NA,NA,NA,NA,NA,NA,NA,NA,NA,NA,NA,NA,NA
"2024","high_east",1,"shrub","R","COPA",1,"high",0,0,0,0,0,17.0666666666667,5.9,32.1,NA,NA,NA,NA,NA,NA,NA,NA,NA,NA,NA,NA,NA,NA
"2024","high_east",1,"shrub","R","BRTE",2,"high",1,0,0,0,0,17.0666666666667,5.9,32.1,NA,NA,NA,137,2.8,NA,NA,NA,NA,NA,NA,NA,NA,NA
"2024","high_east",1,"shrub","R","ALDE",3,"high",0,0,0,0,0,17.0666666666667,5.9,32.1,NA,NA,NA,NA,NA,NA,NA,NA,NA,NA,NA,NA,NA,NA
"2024","high_east",1,"shrub","R","ALDE",1,"high",1,0,0,0,0,17.0666666666667,5.9,32.1,NA,NA,NA,122,0,NA,NA,NA,NA,NA,NA,NA,NA,NA
"2024","high_east",1,"shrub","R","BRTE",1,"high",0,0,0,0,0,17.0666666666667,5.9,32.1,NA,NA,NA,NA,NA,NA,NA,NA,NA,NA,NA,NA,NA,NA
"2024","high_east",1,"shrub","R","COPA",3,"high",1,0,0,0,0,17.0666666666667,5.9,32.1,NA,NA,NA,122,0.6,NA,NA,NA,NA,NA,NA,NA,NA,NA
"2024","high_east",1,"shrub","R","ALDE",2,"high",0,0,0,0,0,17.0666666666667,5.9,32.1,NA,NA,NA,NA,NA,NA,NA,NA,NA,NA,NA,NA,NA,NA
"2024","high_east",1,"shrub","R","BRTE",3,"high",1,0,0,0,0,17.0666666666667,5.9,32.1,NA,NA,NA,122,0,NA,NA,NA,NA,NA,NA,NA,NA,NA
"2024","high_east",1,"shrub","R","COPA",2,"high",0,0,0,0,0,17.0666666666667,5.9,32.1,NA,NA,NA,NA,NA,NA,NA,NA,NA,NA,NA,NA,NA,NA
"2024","high_east",2,"open","C","ALDE",3,"high",0,0.0252,0,9,1,15.9777777777778,3.5,30.6,NA,NA,NA,NA,NA,NA,NA,NA,NA,NA,NA,NA,NA,NA
"2024","high_east",2,"open","C","COPA",3,"high",0,0.0252,0,9,1,15.9777777777778,3.5,30.6,NA,NA,NA,NA,NA,NA,NA,NA,NA,NA,NA,NA,NA,NA
"2024","high_east",2,"open","C","ALDE",1,"high",0,0.0252,0,9,1,15.9777777777778,3.5,30.6,NA,NA,NA,NA,NA,NA,NA,NA,NA,NA,NA,NA,NA,NA
"2024","high_east",2,"open","C","COPA",1,"high",1,0.0252,0,9,1,15.9777777777778,3.5,30.6,NA,NA,NA,122,1.4,142,142,4e-04,NA,NA,0,0,7.376,"0.0001"
"2024","high_east",2,"open","C","COPA",2,"high",1,0.0252,0,9,1,15.9777777777778,3.5,30.6,NA,NA,NA,122,0,NA,NA,NA,NA,NA,NA,NA,NA,NA
"2024","high_east",2,"open","C","BRTE",1,"high",1,0.0252,0,9,1,15.9777777777778,3.5,30.6,NA,NA,NA,122,2.5,NA,NA,NA,NA,NA,NA,NA,NA,NA
"2024","high_east",2,"open","C","ALDE",2,"high",0,0.0252,0,9,1,15.9777777777778,3.5,30.6,NA,NA,NA,NA,NA,NA,NA,NA,NA,NA,NA,NA,NA,NA
"2024","high_east",2,"open","C","BRTE",2,"high",0,0.0252,0,9,1,15.9777777777778,3.5,30.6,NA,NA,NA,NA,NA,NA,NA,NA,NA,NA,NA,NA,NA,NA
"2024","high_east",2,"open","C","BRTE",3,"high",0,0.0252,0,9,1,15.9777777777778,3.5,30.6,NA,NA,NA,NA,NA,NA,NA,NA,NA,NA,NA,NA,NA,NA
"2024","high_east",2,"open","R","ALDE",2,"high",0,0,0,0,0,15.9777777777778,3.5,30.6,NA,NA,NA,NA,NA,NA,NA,NA,NA,NA,NA,NA,NA,NA
"2024","high_east",2,"open","R","ALDE",1,"high",0,0,0,0,0,15.9777777777778,3.5,30.6,NA,NA,NA,NA,NA,NA,NA,NA,NA,NA,NA,NA,NA,NA
"2024","high_east",2,"open","R","ALDE",3,"high",0,0,0,0,0,15.9777777777778,3.5,30.6,NA,NA,NA,NA,NA,NA,NA,NA,NA,NA,NA,NA,NA,NA
"2024","high_east",2,"open","R","BRTE",3,"high",0,0,0,0,0,15.9777777777778,3.5,30.6,NA,NA,NA,NA,NA,NA,NA,NA,NA,NA,NA,NA,NA,NA
"2024","high_east",2,"open","R","COPA",3,"high",0,0,0,0,0,15.9777777777778,3.5,30.6,NA,NA,NA,NA,NA,NA,NA,NA,NA,NA,NA,NA,NA,NA
"2024","high_east",2,"open","R","BRTE",1,"high",0,0,0,0,0,15.9777777777778,3.5,30.6,NA,NA,NA,NA,NA,NA,NA,NA,NA,NA,NA,NA,NA,NA
"2024","high_east",2,"open","R","COPA",1,"high",0,0,0,0,0,15.9777777777778,3.5,30.6,NA,NA,NA,NA,NA,NA,NA,NA,NA,NA,NA,NA,NA,NA
"2024","high_east",2,"open","R","BRTE",2,"high",0,0,0,0,0,15.9777777777778,3.5,30.6,NA,NA,NA,NA,NA,NA,NA,NA,NA,NA,NA,NA,NA,NA
"2024","high_east",2,"open","R","COPA",2,"high",1,0,0,0,0,15.9777777777778,3.5,30.6,NA,NA,NA,122,1.9,137,142,NA,NA,NA,NA,NA,NA,NA
"2024","high_east",2,"shrub","C","COPA",3,"high",1,0,1e-04,4,2,17.4333333333333,4.7,30,NA,NA,NA,122,2.5,151,151,0.0015,3.5337,3e-04,0,0,7.935,"0.0001"
"2024","high_east",2,"shrub","C","COPA",3,"high",1,0.0023,0,4,2,17.4333333333333,4.7,30,NA,NA,NA,122,2.5,151,151,0.0015,3.5337,3e-04,0,0,7.935,"0.0001"
"2024","high_east",2,"shrub","C","BRTE",3,"high",1,0,1e-04,4,2,17.4333333333333,4.7,30,NA,NA,NA,128,0,NA,NA,NA,NA,NA,NA,NA,NA,NA
"2024","high_east",2,"shrub","C","BRTE",3,"high",1,0.0023,0,4,2,17.4333333333333,4.7,30,NA,NA,NA,128,0,NA,NA,NA,NA,NA,NA,NA,NA,NA
"2024","high_east",2,"shrub","C","COPA",2,"high",1,0,1e-04,4,2,17.4333333333333,4.7,30,NA,NA,NA,122,2.8,165,165,8e-04,1.041,6e-04,0,0,24.274,"0.0007"
"2024","high_east",2,"shrub","C","COPA",2,"high",1,0.0023,0,4,2,17.4333333333333,4.7,30,NA,NA,NA,122,2.8,165,165,8e-04,1.041,6e-04,0,0,24.274,"0.0007"
"2024","high_east",2,"shrub","C","COPA",1,"high",0,0,1e-04,4,2,17.4333333333333,4.7,30,NA,NA,NA,NA,NA,NA,NA,NA,NA,NA,NA,NA,NA,NA
"2024","high_east",2,"shrub","C","COPA",1,"high",0,0.0023,0,4,2,17.4333333333333,4.7,30,NA,NA,NA,NA,NA,NA,NA,NA,NA,NA,NA,NA,NA,NA
"2024","high_east",2,"shrub","C","BRTE",1,"high",1,0,1e-04,4,2,17.4333333333333,4.7,30,NA,NA,NA,122,2.6,171,171,1e-04,16.6477,7e-04,0,0,9.864,"0.0004"
"2024","high_east",2,"shrub","C","BRTE",1,"high",1,0.0023,0,4,2,17.4333333333333,4.7,30,NA,NA,NA,122,2.6,171,171,1e-04,16.6477,7e-04,0,0,9.864,"0.0004"
"2024","high_east",2,"shrub","C","COPA",3,"high",1,0,1e-04,4,2,17.4333333333333,4.7,30,NA,NA,NA,122,2.5,151,151,0.0015,3.5337,3e-04,0,0,21.104,"0.0005"
"2024","high_east",2,"shrub","C","COPA",3,"high",1,0.0023,0,4,2,17.4333333333333,4.7,30,NA,NA,NA,122,2.5,151,151,0.0015,3.5337,3e-04,0,0,21.104,"0.0005"
"2024","high_east",2,"shrub","C","BRTE",2,"high",0,0,1e-04,4,2,17.4333333333333,4.7,30,NA,NA,NA,NA,NA,NA,NA,NA,NA,NA,NA,NA,NA,NA
"2024","high_east",2,"shrub","C","BRTE",2,"high",0,0.0023,0,4,2,17.4333333333333,4.7,30,NA,NA,NA,NA,NA,NA,NA,NA,NA,NA,NA,NA,NA,NA
"2024","high_east",2,"shrub","C","ALDE",2,"high",0,0,1e-04,4,2,17.4333333333333,4.7,30,NA,NA,NA,NA,NA,NA,NA,NA,NA,NA,NA,NA,NA,NA
"2024","high_east",2,"shrub","C","ALDE",2,"high",0,0.0023,0,4,2,17.4333333333333,4.7,30,NA,NA,NA,NA,NA,NA,NA,NA,NA,NA,NA,NA,NA,NA
"2024","high_east",2,"shrub","C","ALDE",1,"high",0,0,1e-04,4,2,17.4333333333333,4.7,30,NA,NA,NA,NA,NA,NA,NA,NA,NA,NA,NA,NA,NA,NA
"2024","high_east",2,"shrub","C","ALDE",1,"high",0,0.0023,0,4,2,17.4333333333333,4.7,30,NA,NA,NA,NA,NA,NA,NA,NA,NA,NA,NA,NA,NA,NA
"2024","high_east",2,"shrub","C","COPA",2,"high",1,0,1e-04,4,2,17.4333333333333,4.7,30,NA,NA,NA,122,2.8,165,165,8e-04,1.041,6e-04,0,0,21.693,"0.0007"
"2024","high_east",2,"shrub","C","COPA",2,"high",1,0.0023,0,4,2,17.4333333333333,4.7,30,NA,NA,NA,122,2.8,165,165,8e-04,1.041,6e-04,0,0,21.693,"0.0007"
"2024","high_east",2,"shrub","C","ALDE",3,"high",0,0,1e-04,4,2,17.4333333333333,4.7,30,NA,NA,NA,NA,NA,NA,NA,NA,NA,NA,NA,NA,NA,NA
"2024","high_east",2,"shrub","C","ALDE",3,"high",0,0.0023,0,4,2,17.4333333333333,4.7,30,NA,NA,NA,NA,NA,NA,NA,NA,NA,NA,NA,NA,NA,NA
"2024","high_east",2,"shrub","R","COPA",3,"high",1,0,0,0,0,17.4333333333333,4.7,30,NA,NA,NA,122,2.1,151,151,0.0013,16.0154,5e-04,0,0,16.446,"0.0007"
"2024","high_east",2,"shrub","R","BRTE",1,"high",0,0,0,0,0,17.4333333333333,4.7,30,NA,NA,NA,NA,NA,NA,NA,NA,NA,NA,NA,NA,NA,NA
"2024","high_east",2,"shrub","R","ALDE",2,"high",0,0,0,0,0,17.4333333333333,4.7,30,NA,NA,NA,NA,NA,NA,NA,NA,NA,NA,NA,NA,NA,NA
"2024","high_east",2,"shrub","R","ALDE",1,"high",0,0,0,0,0,17.4333333333333,4.7,30,NA,NA,NA,NA,NA,NA,NA,NA,NA,NA,NA,NA,NA,NA
"2024","high_east",2,"shrub","R","BRTE",3,"high",0,0,0,0,0,17.4333333333333,4.7,30,NA,NA,NA,NA,NA,NA,NA,NA,NA,NA,NA,NA,NA,NA
"2024","high_east",2,"shrub","R","COPA",1,"high",0,0,0,0,0,17.4333333333333,4.7,30,NA,NA,NA,NA,NA,NA,NA,NA,NA,NA,NA,NA,NA,NA
"2024","high_east",2,"shrub","R","ALDE",3,"high",0,0,0,0,0,17.4333333333333,4.7,30,NA,NA,NA,NA,NA,NA,NA,NA,NA,NA,NA,NA,NA,NA
"2024","high_east",2,"shrub","R","BRTE",2,"high",0,0,0,0,0,17.4333333333333,4.7,30,NA,NA,NA,NA,NA,NA,NA,NA,NA,NA,NA,NA,NA,NA
"2024","high_east",2,"shrub","R","COPA",2,"high",1,0,0,0,0,17.4333333333333,4.7,30,NA,NA,NA,122,3.9,137,165,0.0017,3.7053,6e-04,0,0,6.722,"0.0001"
"2024","high_east",3,"open","C","BRTE",2,"high",0,0,0,0,0,15.4333333333333,4.8,29.9,NA,NA,NA,NA,NA,NA,NA,NA,NA,NA,NA,NA,NA,NA
"2024","high_east",3,"open","C","COPA",3,"high",0,0,0,0,0,15.4333333333333,4.8,29.9,NA,NA,NA,NA,NA,NA,NA,NA,NA,NA,NA,NA,NA,NA
"2024","high_east",3,"open","C","BRTE",1,"high",0,0,0,0,0,15.4333333333333,4.8,29.9,NA,NA,NA,NA,NA,NA,NA,NA,NA,NA,NA,NA,NA,NA
"2024","high_east",3,"open","C","COPA",2,"high",0,0,0,0,0,15.4333333333333,4.8,29.9,NA,NA,NA,NA,NA,NA,NA,NA,NA,NA,NA,NA,NA,NA
"2024","high_east",3,"open","C","BRTE",3,"high",1,0,0,0,0,15.4333333333333,4.8,29.9,NA,NA,NA,122,0,NA,NA,NA,NA,NA,NA,NA,NA,NA
"2024","high_east",3,"open","C","COPA",1,"high",0,0,0,0,0,15.4333333333333,4.8,29.9,NA,NA,NA,NA,NA,NA,NA,NA,NA,NA,NA,NA,NA,NA
"2024","high_east",3,"open","C","ALDE",2,"high",0,0,0,0,0,15.4333333333333,4.8,29.9,NA,NA,NA,NA,NA,NA,NA,NA,NA,NA,NA,NA,NA,NA
"2024","high_east",3,"open","C","ALDE",3,"high",0,0,0,0,0,15.4333333333333,4.8,29.9,NA,NA,NA,NA,NA,NA,NA,NA,NA,NA,NA,NA,NA,NA
"2024","high_east",3,"open","C","ALDE",1,"high",0,0,0,0,0,15.4333333333333,4.8,29.9,NA,NA,NA,NA,NA,NA,NA,NA,NA,NA,NA,NA,NA,NA
"2024","high_east",3,"open","R","ALDE",3,"high",0,0,0,0,0,15.4333333333333,4.8,29.9,NA,NA,NA,NA,NA,NA,NA,NA,NA,NA,NA,NA,NA,NA
"2024","high_east",3,"open","R","BRTE",2,"high",0,0,0,0,0,15.4333333333333,4.8,29.9,NA,NA,NA,NA,NA,NA,NA,NA,NA,NA,NA,NA,NA,NA
"2024","high_east",3,"open","R","COPA",1,"high",0,0,0,0,0,15.4333333333333,4.8,29.9,NA,NA,NA,NA,NA,NA,NA,NA,NA,NA,NA,NA,NA,NA
"2024","high_east",3,"open","R","COPA",3,"high",0,0,0,0,0,15.4333333333333,4.8,29.9,NA,NA,NA,NA,NA,NA,NA,NA,NA,NA,NA,NA,NA,NA
"2024","high_east",3,"open","R","BRTE",3,"high",0,0,0,0,0,15.4333333333333,4.8,29.9,NA,NA,NA,NA,NA,NA,NA,NA,NA,NA,NA,NA,NA,NA
"2024","high_east",3,"open","R","COPA",2,"high",0,0,0,0,0,15.4333333333333,4.8,29.9,NA,NA,NA,NA,NA,NA,NA,NA,NA,NA,NA,NA,NA,NA
"2024","high_east",3,"open","R","BRTE",1,"high",0,0,0,0,0,15.4333333333333,4.8,29.9,NA,NA,NA,NA,NA,NA,NA,NA,NA,NA,NA,NA,NA,NA
"2024","high_east",3,"open","R","ALDE",2,"high",0,0,0,0,0,15.4333333333333,4.8,29.9,NA,NA,NA,NA,NA,NA,NA,NA,NA,NA,NA,NA,NA,NA
"2024","high_east",3,"open","R","ALDE",1,"high",0,0,0,0,0,15.4333333333333,4.8,29.9,NA,NA,NA,NA,NA,NA,NA,NA,NA,NA,NA,NA,NA,NA
"2024","high_east",3,"shrub","C","ALDE",1,"high",0,0,0,0,0,16.4666666666667,3.5,27.1,NA,NA,NA,NA,NA,NA,NA,NA,NA,NA,NA,NA,NA,NA
"2024","high_east",3,"shrub","C","COPA",2,"high",0,0,0,0,0,16.4666666666667,3.5,27.1,NA,NA,NA,NA,NA,NA,NA,NA,NA,NA,NA,NA,NA,NA
"2024","high_east",3,"shrub","C","COPA",3,"high",0,0,0,0,0,16.4666666666667,3.5,27.1,NA,NA,NA,NA,NA,NA,NA,NA,NA,NA,NA,NA,NA,NA
"2024","high_east",3,"shrub","C","ALDE",2,"high",0,0,0,0,0,16.4666666666667,3.5,27.1,NA,NA,NA,NA,NA,NA,NA,NA,NA,NA,NA,NA,NA,NA
"2024","high_east",3,"shrub","C","COPA",1,"high",1,0,0,0,0,16.4666666666667,3.5,27.1,NA,NA,NA,122,2.7,165,165,NA,NA,NA,NA,NA,NA,NA
"2024","high_east",3,"shrub","C","BRTE",2,"high",0,0,0,0,0,16.4666666666667,3.5,27.1,NA,NA,NA,NA,NA,NA,NA,NA,NA,NA,NA,NA,NA,NA
"2024","high_east",3,"shrub","C","ALDE",3,"high",0,0,0,0,0,16.4666666666667,3.5,27.1,NA,NA,NA,NA,NA,NA,NA,NA,NA,NA,NA,NA,NA,NA
"2024","high_east",3,"shrub","C","BRTE",3,"high",0,0,0,0,0,16.4666666666667,3.5,27.1,NA,NA,NA,NA,NA,NA,NA,NA,NA,NA,NA,NA,NA,NA
"2024","high_east",3,"shrub","C","BRTE",1,"high",1,0,0,0,0,16.4666666666667,3.5,27.1,NA,NA,NA,122,0,NA,NA,NA,NA,NA,NA,NA,NA,NA
"2024","high_east",3,"shrub","R","COPA",3,"high",1,0,0,0,0,16.4666666666667,3.5,27.1,NA,NA,NA,122,1,NA,NA,NA,NA,NA,NA,NA,NA,NA
"2024","high_east",3,"shrub","R","ALDE",3,"high",1,0,0,0,0,16.4666666666667,3.5,27.1,NA,NA,NA,122,0.5,NA,NA,NA,NA,NA,NA,NA,NA,NA
"2024","high_east",3,"shrub","R","ALDE",1,"high",0,0,0,0,0,16.4666666666667,3.5,27.1,NA,NA,NA,NA,NA,NA,NA,NA,NA,NA,NA,NA,NA,NA
"2024","high_east",3,"shrub","R","BRTE",2,"high",1,0,0,0,0,16.4666666666667,3.5,27.1,NA,NA,NA,122,2.8,NA,NA,NA,NA,NA,NA,NA,NA,NA
"2024","high_east",3,"shrub","R","ALDE",2,"high",0,0,0,0,0,16.4666666666667,3.5,27.1,NA,NA,NA,NA,NA,NA,NA,NA,NA,NA,NA,NA,NA,NA
"2024","high_east",3,"shrub","R","COPA",2,"high",1,0,0,0,0,16.4666666666667,3.5,27.1,NA,NA,NA,122,1.6,165,165,0.0015,NA,NA,0,0,3.971,"0.0001"
"2024","high_east",3,"shrub","R","BRTE",3,"high",1,0,0,0,0,16.4666666666667,3.5,27.1,NA,NA,NA,122,0,NA,NA,NA,NA,NA,NA,NA,NA,NA
"2024","high_east",3,"shrub","R","BRTE",1,"high",1,0,0,0,0,16.4666666666667,3.5,27.1,NA,NA,NA,122,0,NA,NA,NA,NA,NA,NA,NA,NA,NA
"2024","high_east",3,"shrub","R","COPA",1,"high",0,0,0,0,0,16.4666666666667,3.5,27.1,NA,NA,NA,NA,NA,NA,NA,NA,NA,NA,NA,NA,NA,NA
"2024","high_east",4,"open","C","BRTE",3,"high",0,0.0046,0,2,0,17.4222222222222,4.6,35.2,NA,NA,NA,NA,NA,NA,NA,NA,NA,NA,NA,NA,NA,NA
"2024","high_east",4,"open","C","BRTE",1,"high",0,0.0046,0,2,0,17.4222222222222,4.6,35.2,NA,NA,NA,NA,NA,NA,NA,NA,NA,NA,NA,NA,NA,NA
"2024","high_east",4,"open","C","COPA",2,"high",1,0.0046,0,2,0,17.4222222222222,4.6,35.2,NA,NA,NA,122,0,NA,NA,NA,NA,NA,NA,NA,NA,NA
"2024","high_east",4,"open","C","COPA",3,"high",0,0.0046,0,2,0,17.4222222222222,4.6,35.2,NA,NA,NA,NA,NA,NA,NA,NA,NA,NA,NA,NA,NA,NA
"2024","high_east",4,"open","C","ALDE",3,"high",0,0.0046,0,2,0,17.4222222222222,4.6,35.2,NA,NA,NA,NA,NA,NA,NA,NA,NA,NA,NA,NA,NA,NA
"2024","high_east",4,"open","C","COPA",1,"high",0,0.0046,0,2,0,17.4222222222222,4.6,35.2,NA,NA,NA,NA,NA,NA,NA,NA,NA,NA,NA,NA,NA,NA
"2024","high_east",4,"open","C","BRTE",2,"high",1,0.0046,0,2,0,17.4222222222222,4.6,35.2,NA,NA,NA,122,0,NA,NA,NA,NA,NA,NA,NA,NA,NA
"2024","high_east",4,"open","C","ALDE",1,"high",0,0.0046,0,2,0,17.4222222222222,4.6,35.2,NA,NA,NA,NA,NA,NA,NA,NA,NA,NA,NA,NA,NA,NA
"2024","high_east",4,"open","C","ALDE",2,"high",0,0.0046,0,2,0,17.4222222222222,4.6,35.2,NA,NA,NA,NA,NA,NA,NA,NA,NA,NA,NA,NA,NA,NA
"2024","high_east",4,"open","R","COPA",1,"high",1,0,0,0,0,17.4222222222222,4.6,35.2,NA,NA,NA,122,1.5,137,142,0.0012,1.9168,1e-04,0,0,8.167,"<.0001"
"2024","high_east",4,"open","R","BRTE",2,"high",0,0,0,0,0,17.4222222222222,4.6,35.2,NA,NA,NA,NA,NA,NA,NA,NA,NA,NA,NA,NA,NA,NA
"2024","high_east",4,"open","R","BRTE",1,"high",0,0,0,0,0,17.4222222222222,4.6,35.2,NA,NA,NA,NA,NA,NA,NA,NA,NA,NA,NA,NA,NA,NA
"2024","high_east",4,"open","R","COPA",3,"high",1,0,0,0,0,17.4222222222222,4.6,35.2,NA,NA,NA,128,0,NA,NA,NA,NA,NA,NA,NA,NA,NA
"2024","high_east",4,"open","R","COPA",2,"high",1,0,0,0,0,17.4222222222222,4.6,35.2,NA,NA,NA,122,1.1,151,158,NA,NA,NA,NA,NA,NA,NA
"2024","high_east",4,"open","R","ALDE",2,"high",0,0,0,0,0,17.4222222222222,4.6,35.2,NA,NA,NA,NA,NA,NA,NA,NA,NA,NA,NA,NA,NA,NA
"2024","high_east",4,"open","R","BRTE",3,"high",0,0,0,0,0,17.4222222222222,4.6,35.2,NA,NA,NA,NA,NA,NA,NA,NA,NA,NA,NA,NA,NA,NA
"2024","high_east",4,"open","R","ALDE",1,"high",0,0,0,0,0,17.4222222222222,4.6,35.2,NA,NA,NA,NA,NA,NA,NA,NA,NA,NA,NA,NA,NA,NA
"2024","high_east",4,"open","R","ALDE",3,"high",0,0,0,0,0,17.4222222222222,4.6,35.2,NA,NA,NA,NA,NA,NA,NA,NA,NA,NA,NA,NA,NA,NA
"2024","high_east",4,"shrub","C","BRTE",2,"high",1,1e-04,0.0019,9,1,17.9222222222222,3.1,29.4,NA,NA,NA,122,0,NA,NA,NA,NA,NA,NA,NA,NA,NA
"2024","high_east",4,"shrub","C","BRTE",2,"high",1,0.0186,0,9,1,17.9222222222222,3.1,29.4,NA,NA,NA,122,0,NA,NA,NA,NA,NA,NA,NA,NA,NA
"2024","high_east",4,"shrub","C","ALDE",2,"high",0,1e-04,0.0019,9,1,17.9222222222222,3.1,29.4,NA,NA,NA,NA,NA,NA,NA,NA,NA,NA,NA,NA,NA,NA
"2024","high_east",4,"shrub","C","ALDE",2,"high",0,0.0186,0,9,1,17.9222222222222,3.1,29.4,NA,NA,NA,NA,NA,NA,NA,NA,NA,NA,NA,NA,NA,NA
"2024","high_east",4,"shrub","C","COPA",2,"high",1,1e-04,0.0019,9,1,17.9222222222222,3.1,29.4,NA,NA,NA,122,0,NA,NA,NA,NA,NA,NA,NA,NA,NA
"2024","high_east",4,"shrub","C","COPA",2,"high",1,0.0186,0,9,1,17.9222222222222,3.1,29.4,NA,NA,NA,122,0,NA,NA,NA,NA,NA,NA,NA,NA,NA
"2024","high_east",4,"shrub","C","COPA",1,"high",0,1e-04,0.0019,9,1,17.9222222222222,3.1,29.4,NA,NA,NA,NA,NA,NA,NA,NA,NA,NA,NA,NA,NA,NA
"2024","high_east",4,"shrub","C","COPA",1,"high",0,0.0186,0,9,1,17.9222222222222,3.1,29.4,NA,NA,NA,NA,NA,NA,NA,NA,NA,NA,NA,NA,NA,NA
"2024","high_east",4,"shrub","C","BRTE",1,"high",0,1e-04,0.0019,9,1,17.9222222222222,3.1,29.4,NA,NA,NA,NA,NA,NA,NA,NA,NA,NA,NA,NA,NA,NA
"2024","high_east",4,"shrub","C","BRTE",1,"high",0,0.0186,0,9,1,17.9222222222222,3.1,29.4,NA,NA,NA,NA,NA,NA,NA,NA,NA,NA,NA,NA,NA,NA
"2024","high_east",4,"shrub","C","ALDE",3,"high",0,1e-04,0.0019,9,1,17.9222222222222,3.1,29.4,NA,NA,NA,NA,NA,NA,NA,NA,NA,NA,NA,NA,NA,NA
"2024","high_east",4,"shrub","C","ALDE",3,"high",0,0.0186,0,9,1,17.9222222222222,3.1,29.4,NA,NA,NA,NA,NA,NA,NA,NA,NA,NA,NA,NA,NA,NA
"2024","high_east",4,"shrub","C","BRTE",3,"high",0,1e-04,0.0019,9,1,17.9222222222222,3.1,29.4,NA,NA,NA,NA,NA,NA,NA,NA,NA,NA,NA,NA,NA,NA
"2024","high_east",4,"shrub","C","BRTE",3,"high",0,0.0186,0,9,1,17.9222222222222,3.1,29.4,NA,NA,NA,NA,NA,NA,NA,NA,NA,NA,NA,NA,NA,NA
"2024","high_east",4,"shrub","C","COPA",3,"high",0,1e-04,0.0019,9,1,17.9222222222222,3.1,29.4,NA,NA,NA,NA,NA,NA,NA,NA,NA,NA,NA,NA,NA,NA
"2024","high_east",4,"shrub","C","COPA",3,"high",0,0.0186,0,9,1,17.9222222222222,3.1,29.4,NA,NA,NA,NA,NA,NA,NA,NA,NA,NA,NA,NA,NA,NA
"2024","high_east",4,"shrub","C","ALDE",1,"high",1,1e-04,0.0019,9,1,17.9222222222222,3.1,29.4,NA,NA,NA,151,1.2,171,171,1e-04,1.1166,1e-04,0,0,NA,NA
"2024","high_east",4,"shrub","C","ALDE",1,"high",1,0.0186,0,9,1,17.9222222222222,3.1,29.4,NA,NA,NA,151,1.2,171,171,1e-04,1.1166,1e-04,0,0,NA,NA
"2024","high_east",4,"shrub","R","COPA",2,"high",0,0,0,0,0,17.9222222222222,3.1,29.4,NA,NA,NA,NA,NA,NA,NA,NA,NA,NA,NA,NA,NA,NA
"2024","high_east",4,"shrub","R","BRTE",3,"high",0,0,0,0,0,17.9222222222222,3.1,29.4,NA,NA,NA,NA,NA,NA,NA,NA,NA,NA,NA,NA,NA,NA
"2024","high_east",4,"shrub","R","COPA",3,"high",0,0,0,0,0,17.9222222222222,3.1,29.4,NA,NA,NA,NA,NA,NA,NA,NA,NA,NA,NA,NA,NA,NA
"2024","high_east",4,"shrub","R","BRTE",1,"high",0,0,0,0,0,17.9222222222222,3.1,29.4,NA,NA,NA,NA,NA,NA,NA,NA,NA,NA,NA,NA,NA,NA
"2024","high_east",4,"shrub","R","ALDE",2,"high",0,0,0,0,0,17.9222222222222,3.1,29.4,NA,NA,NA,NA,NA,NA,NA,NA,NA,NA,NA,NA,NA,NA
"2024","high_east",4,"shrub","R","ALDE",1,"high",0,0,0,0,0,17.9222222222222,3.1,29.4,NA,NA,NA,NA,NA,NA,NA,NA,NA,NA,NA,NA,NA,NA
"2024","high_east",4,"shrub","R","BRTE",2,"high",1,0,0,0,0,17.9222222222222,3.1,29.4,NA,NA,NA,122,2.1,171,171,0.0014,2.7625,2e-04,0,0,6.935,"0.0004"
"2024","high_east",4,"shrub","R","ALDE",3,"high",0,0,0,0,0,17.9222222222222,3.1,29.4,NA,NA,NA,NA,NA,NA,NA,NA,NA,NA,NA,NA,NA,NA
"2024","high_east",4,"shrub","R","COPA",1,"high",1,0,0,0,0,17.9222222222222,3.1,29.4,NA,NA,NA,122,2.9,151,165,7e-04,2.0065,5e-04,0,0,16.816,"0.0006"
"2024","high_gate",1,"open","C","COPA",1,"high",0,0.0035,0,3,0,16.54,3.8,32.5,NA,NA,NA,NA,NA,NA,NA,NA,NA,NA,NA,NA,NA,NA
"2024","high_gate",1,"open","C","COPA",1,"high",0,0.0023,0,3,0,16.54,3.8,32.5,NA,NA,NA,NA,NA,NA,NA,NA,NA,NA,NA,NA,NA,NA
"2024","high_gate",1,"open","C","BRTE",1,"high",0,0.0035,0,3,0,16.54,3.8,32.5,NA,NA,NA,NA,NA,NA,NA,NA,NA,NA,NA,NA,NA,NA
"2024","high_gate",1,"open","C","BRTE",1,"high",0,0.0023,0,3,0,16.54,3.8,32.5,NA,NA,NA,NA,NA,NA,NA,NA,NA,NA,NA,NA,NA,NA
"2024","high_gate",1,"open","C","PODO",3,"high",0,0.0035,0,3,0,16.54,3.8,32.5,NA,NA,NA,NA,NA,NA,NA,NA,NA,NA,NA,NA,NA,NA
"2024","high_gate",1,"open","C","PODO",3,"high",0,0.0023,0,3,0,16.54,3.8,32.5,NA,NA,NA,NA,NA,NA,NA,NA,NA,NA,NA,NA,NA,NA
"2024","high_gate",1,"open","C","ALDE",2,"high",0,0.0035,0,3,0,16.54,3.8,32.5,NA,NA,NA,NA,NA,NA,NA,NA,NA,NA,NA,NA,NA,NA
"2024","high_gate",1,"open","C","ALDE",2,"high",0,0.0023,0,3,0,16.54,3.8,32.5,NA,NA,NA,NA,NA,NA,NA,NA,NA,NA,NA,NA,NA,NA
"2024","high_gate",1,"open","C","PODO",1,"high",0,0.0035,0,3,0,16.54,3.8,32.5,NA,NA,NA,NA,NA,NA,NA,NA,NA,NA,NA,NA,NA,NA
"2024","high_gate",1,"open","C","PODO",1,"high",0,0.0023,0,3,0,16.54,3.8,32.5,NA,NA,NA,NA,NA,NA,NA,NA,NA,NA,NA,NA,NA,NA
"2024","high_gate",1,"open","C","ALDE",3,"high",1,0.0035,0,3,0,16.54,3.8,32.5,NA,NA,NA,122,0,NA,NA,NA,NA,NA,NA,NA,NA,NA
"2024","high_gate",1,"open","C","ALDE",3,"high",1,0.0023,0,3,0,16.54,3.8,32.5,NA,NA,NA,122,0,NA,NA,NA,NA,NA,NA,NA,NA,NA
"2024","high_gate",1,"open","C","ALDE",1,"high",0,0.0035,0,3,0,16.54,3.8,32.5,NA,NA,NA,NA,NA,NA,NA,NA,NA,NA,NA,NA,NA,NA
"2024","high_gate",1,"open","C","ALDE",1,"high",0,0.0023,0,3,0,16.54,3.8,32.5,NA,NA,NA,NA,NA,NA,NA,NA,NA,NA,NA,NA,NA,NA
"2024","high_gate",1,"open","C","PODO",2,"high",0,0.0035,0,3,0,16.54,3.8,32.5,NA,NA,NA,NA,NA,NA,NA,NA,NA,NA,NA,NA,NA,NA
"2024","high_gate",1,"open","C","PODO",2,"high",0,0.0023,0,3,0,16.54,3.8,32.5,NA,NA,NA,NA,NA,NA,NA,NA,NA,NA,NA,NA,NA,NA
"2024","high_gate",1,"open","C","BRTE",3,"high",0,0.0035,0,3,0,16.54,3.8,32.5,NA,NA,NA,NA,NA,NA,NA,NA,NA,NA,NA,NA,NA,NA
"2024","high_gate",1,"open","C","BRTE",3,"high",0,0.0023,0,3,0,16.54,3.8,32.5,NA,NA,NA,NA,NA,NA,NA,NA,NA,NA,NA,NA,NA,NA
"2024","high_gate",1,"open","C","COPA",3,"high",0,0.0035,0,3,0,16.54,3.8,32.5,NA,NA,NA,NA,NA,NA,NA,NA,NA,NA,NA,NA,NA,NA
"2024","high_gate",1,"open","C","COPA",3,"high",0,0.0023,0,3,0,16.54,3.8,32.5,NA,NA,NA,NA,NA,NA,NA,NA,NA,NA,NA,NA,NA,NA
"2024","high_gate",1,"open","C","COPA",2,"high",0,0.0035,0,3,0,16.54,3.8,32.5,NA,NA,NA,NA,NA,NA,NA,NA,NA,NA,NA,NA,NA,NA
"2024","high_gate",1,"open","C","COPA",2,"high",0,0.0023,0,3,0,16.54,3.8,32.5,NA,NA,NA,NA,NA,NA,NA,NA,NA,NA,NA,NA,NA,NA
"2024","high_gate",1,"open","C","BRTE",2,"high",0,0.0035,0,3,0,16.54,3.8,32.5,NA,NA,NA,NA,NA,NA,NA,NA,NA,NA,NA,NA,NA,NA
"2024","high_gate",1,"open","C","BRTE",2,"high",0,0.0023,0,3,0,16.54,3.8,32.5,NA,NA,NA,NA,NA,NA,NA,NA,NA,NA,NA,NA,NA,NA
"2024","high_gate",1,"open","R","ALDE",2,"high",0,0,0,0,0,16.54,3.8,32.5,NA,NA,NA,NA,NA,NA,NA,NA,NA,NA,NA,NA,NA,NA
"2024","high_gate",1,"open","R","BRTE",2,"high",1,0,0,0,0,16.54,3.8,32.5,NA,NA,NA,116,0,NA,NA,NA,NA,NA,NA,NA,NA,NA
"2024","high_gate",1,"open","R","PODO",1,"high",0,0,0,0,0,16.54,3.8,32.5,NA,NA,NA,NA,NA,NA,NA,NA,NA,NA,NA,NA,NA,NA
"2024","high_gate",1,"open","R","ALDE",1,"high",0,0,0,0,0,16.54,3.8,32.5,NA,NA,NA,NA,NA,NA,NA,NA,NA,NA,NA,NA,NA,NA
"2024","high_gate",1,"open","R","ALDE",3,"high",0,0,0,0,0,16.54,3.8,32.5,NA,NA,NA,NA,NA,NA,NA,NA,NA,NA,NA,NA,NA,NA
"2024","high_gate",1,"open","R","PODO",3,"high",0,0,0,0,0,16.54,3.8,32.5,NA,NA,NA,NA,NA,NA,NA,NA,NA,NA,NA,NA,NA,NA
"2024","high_gate",1,"open","R","COPA",3,"high",0,0,0,0,0,16.54,3.8,32.5,NA,NA,NA,NA,NA,NA,NA,NA,NA,NA,NA,NA,NA,NA
"2024","high_gate",1,"open","R","BRTE",1,"high",0,0,0,0,0,16.54,3.8,32.5,NA,NA,NA,NA,NA,NA,NA,NA,NA,NA,NA,NA,NA,NA
"2024","high_gate",1,"open","R","BRTE",3,"high",1,0,0,0,0,16.54,3.8,32.5,NA,NA,NA,116,0,NA,NA,NA,NA,NA,NA,NA,NA,NA
"2024","high_gate",1,"open","R","PODO",2,"high",0,0,0,0,0,16.54,3.8,32.5,NA,NA,NA,NA,NA,NA,NA,NA,NA,NA,NA,NA,NA,NA
"2024","high_gate",1,"open","R","COPA",1,"high",0,0,0,0,0,16.54,3.8,32.5,NA,NA,NA,NA,NA,NA,NA,NA,NA,NA,NA,NA,NA,NA
"2024","high_gate",1,"open","R","COPA",2,"high",0,0,0,0,0,16.54,3.8,32.5,NA,NA,NA,NA,NA,NA,NA,NA,NA,NA,NA,NA,NA,NA
"2024","high_gate",1,"shrub","C","BRTE",2,"high",0,0,0.0032,0,2,17.68,5.5,29.2,57.7431680327869,33.607,92.363,NA,NA,NA,NA,NA,NA,NA,NA,NA,NA,NA
"2024","high_gate",1,"shrub","C","ALDE",3,"high",0,0,0.0032,0,2,17.68,5.5,29.2,57.7431680327869,33.607,92.363,NA,NA,NA,NA,NA,NA,NA,NA,NA,NA,NA
"2024","high_gate",1,"shrub","C","COPA",3,"high",1,0,0.0032,0,2,17.68,5.5,29.2,57.7431680327869,33.607,92.363,116,2.2,NA,NA,NA,NA,NA,NA,NA,NA,NA
"2024","high_gate",1,"shrub","C","PODO",2,"high",0,0,0.0032,0,2,17.68,5.5,29.2,57.7431680327869,33.607,92.363,NA,NA,NA,NA,NA,NA,NA,NA,NA,NA,NA
"2024","high_gate",1,"shrub","C","BRTE",1,"high",1,0,0.0032,0,2,17.68,5.5,29.2,57.7431680327869,33.607,92.363,137,4.3,165,183,0.0022,18.5066,6e-04,0,0,8.032,"0.0004"
"2024","high_gate",1,"shrub","C","BRTE",3,"high",1,0,0.0032,0,2,17.68,5.5,29.2,57.7431680327869,33.607,92.363,137,3.4,165,165,0.001,6.2626,3e-04,0,0,8.808,"0.0006"
"2024","high_gate",1,"shrub","C","COPA",2,"high",0,0,0.0032,0,2,17.68,5.5,29.2,57.7431680327869,33.607,92.363,NA,NA,NA,NA,NA,NA,NA,NA,NA,NA,NA
"2024","high_gate",1,"shrub","C","ALDE",1,"high",0,0,0.0032,0,2,17.68,5.5,29.2,57.7431680327869,33.607,92.363,NA,NA,NA,NA,NA,NA,NA,NA,NA,NA,NA
"2024","high_gate",1,"shrub","C","PODO",3,"high",0,0,0.0032,0,2,17.68,5.5,29.2,57.7431680327869,33.607,92.363,NA,NA,NA,NA,NA,NA,NA,NA,NA,NA,NA
"2024","high_gate",1,"shrub","C","COPA",1,"high",1,0,0.0032,0,2,17.68,5.5,29.2,57.7431680327869,33.607,92.363,116,1.1,NA,NA,NA,NA,NA,NA,NA,NA,NA
"2024","high_gate",1,"shrub","C","ALDE",2,"high",0,0,0.0032,0,2,17.68,5.5,29.2,57.7431680327869,33.607,92.363,NA,NA,NA,NA,NA,NA,NA,NA,NA,NA,NA
"2024","high_gate",1,"shrub","C","PODO",1,"high",0,0,0.0032,0,2,17.68,5.5,29.2,57.7431680327869,33.607,92.363,NA,NA,NA,NA,NA,NA,NA,NA,NA,NA,NA
"2024","high_gate",1,"shrub","R","BRTE",3,"high",1,0,0,0,0,17.68,5.5,29.2,57.7431680327869,33.607,92.363,116,6.1,165,171,0.0031,2.9858,1e-04,0,0,12.447,"0.0005"
"2024","high_gate",1,"shrub","R","PODO",2,"high",0,0,0,0,0,17.68,5.5,29.2,57.7431680327869,33.607,92.363,NA,NA,NA,NA,NA,NA,NA,NA,NA,NA,NA
"2024","high_gate",1,"shrub","R","COPA",3,"high",1,0,0,0,0,17.68,5.5,29.2,57.7431680327869,33.607,92.363,116,1.1,165,165,NA,NA,NA,NA,NA,NA,NA
"2024","high_gate",1,"shrub","R","COPA",1,"high",0,0,0,0,0,17.68,5.5,29.2,57.7431680327869,33.607,92.363,NA,NA,NA,NA,NA,NA,NA,NA,NA,NA,NA
"2024","high_gate",1,"shrub","R","BRTE",1,"high",1,0,0,0,0,17.68,5.5,29.2,57.7431680327869,33.607,92.363,116,1.9,165,165,7e-04,12.3219,6e-04,0,0,10.347,"0.0004"
"2024","high_gate",1,"shrub","R","ALDE",1,"high",0,0,0,0,0,17.68,5.5,29.2,57.7431680327869,33.607,92.363,NA,NA,NA,NA,NA,NA,NA,NA,NA,NA,NA
"2024","high_gate",1,"shrub","R","ALDE",3,"high",0,0,0,0,0,17.68,5.5,29.2,57.7431680327869,33.607,92.363,NA,NA,NA,NA,NA,NA,NA,NA,NA,NA,NA
"2024","high_gate",1,"shrub","R","COPA",2,"high",0,0,0,0,0,17.68,5.5,29.2,57.7431680327869,33.607,92.363,NA,NA,NA,NA,NA,NA,NA,NA,NA,NA,NA
"2024","high_gate",1,"shrub","R","BRTE",2,"high",1,0,0,0,0,17.68,5.5,29.2,57.7431680327869,33.607,92.363,116,4.4,165,171,0.0018,NA,NA,0,0,9.219,"0.0004"
"2024","high_gate",1,"shrub","R","PODO",3,"high",0,0,0,0,0,17.68,5.5,29.2,57.7431680327869,33.607,92.363,NA,NA,NA,NA,NA,NA,NA,NA,NA,NA,NA
"2024","high_gate",1,"shrub","R","ALDE",2,"high",0,0,0,0,0,17.68,5.5,29.2,57.7431680327869,33.607,92.363,NA,NA,NA,NA,NA,NA,NA,NA,NA,NA,NA
"2024","high_gate",1,"shrub","R","PODO",1,"high",0,0,0,0,0,17.68,5.5,29.2,57.7431680327869,33.607,92.363,NA,NA,NA,NA,NA,NA,NA,NA,NA,NA,NA
"2024","high_gate",2,"open","C","PODO",3,"high",0,0,0,0,0,15.44,3.3,30.1,NA,NA,NA,NA,NA,NA,NA,NA,NA,NA,NA,NA,NA,NA
"2024","high_gate",2,"open","C","BRTE",3,"high",0,0,0,0,0,15.44,3.3,30.1,NA,NA,NA,NA,NA,NA,NA,NA,NA,NA,NA,NA,NA,NA
"2024","high_gate",2,"open","C","BRTE",1,"high",0,0,0,0,0,15.44,3.3,30.1,NA,NA,NA,NA,NA,NA,NA,NA,NA,NA,NA,NA,NA,NA
"2024","high_gate",2,"open","C","PODO",1,"high",0,0,0,0,0,15.44,3.3,30.1,NA,NA,NA,NA,NA,NA,NA,NA,NA,NA,NA,NA,NA,NA
"2024","high_gate",2,"open","C","COPA",1,"high",1,0,0,0,0,15.44,3.3,30.1,NA,NA,NA,122,1.2,142,NA,NA,NA,NA,NA,NA,NA,NA
"2024","high_gate",2,"open","C","ALDE",2,"high",0,0,0,0,0,15.44,3.3,30.1,NA,NA,NA,NA,NA,NA,NA,NA,NA,NA,NA,NA,NA,NA
"2024","high_gate",2,"open","C","ALDE",3,"high",0,0,0,0,0,15.44,3.3,30.1,NA,NA,NA,NA,NA,NA,NA,NA,NA,NA,NA,NA,NA,NA
"2024","high_gate",2,"open","C","PODO",2,"high",0,0,0,0,0,15.44,3.3,30.1,NA,NA,NA,NA,NA,NA,NA,NA,NA,NA,NA,NA,NA,NA
"2024","high_gate",2,"open","C","COPA",3,"high",0,0,0,0,0,15.44,3.3,30.1,NA,NA,NA,NA,NA,NA,NA,NA,NA,NA,NA,NA,NA,NA
"2024","high_gate",2,"open","C","COPA",2,"high",0,0,0,0,0,15.44,3.3,30.1,NA,NA,NA,NA,NA,NA,NA,NA,NA,NA,NA,NA,NA,NA
"2024","high_gate",2,"open","C","ALDE",1,"high",0,0,0,0,0,15.44,3.3,30.1,NA,NA,NA,NA,NA,NA,NA,NA,NA,NA,NA,NA,NA,NA
"2024","high_gate",2,"open","C","BRTE",2,"high",0,0,0,0,0,15.44,3.3,30.1,NA,NA,NA,NA,NA,NA,NA,NA,NA,NA,NA,NA,NA,NA
"2024","high_gate",2,"open","R","BRTE",3,"high",1,0,0,0,0,15.44,3.3,30.1,NA,NA,NA,137,2.3,NA,NA,0.0013,10.9424,2e-04,0,0,16.788,"0.0003"
"2024","high_gate",2,"open","R","BRTE",2,"high",0,0,0,0,0,15.44,3.3,30.1,NA,NA,NA,NA,NA,NA,NA,NA,NA,NA,NA,NA,NA,NA
"2024","high_gate",2,"open","R","ALDE",1,"high",0,0,0,0,0,15.44,3.3,30.1,NA,NA,NA,NA,NA,NA,NA,NA,NA,NA,NA,NA,NA,NA
"2024","high_gate",2,"open","R","PODO",3,"high",0,0,0,0,0,15.44,3.3,30.1,NA,NA,NA,NA,NA,NA,NA,NA,NA,NA,NA,NA,NA,NA
"2024","high_gate",2,"open","R","COPA",2,"high",0,0,0,0,0,15.44,3.3,30.1,NA,NA,NA,NA,NA,NA,NA,NA,NA,NA,NA,NA,NA,NA
"2024","high_gate",2,"open","R","ALDE",2,"high",0,0,0,0,0,15.44,3.3,30.1,NA,NA,NA,NA,NA,NA,NA,NA,NA,NA,NA,NA,NA,NA
"2024","high_gate",2,"open","R","ALDE",3,"high",0,0,0,0,0,15.44,3.3,30.1,NA,NA,NA,NA,NA,NA,NA,NA,NA,NA,NA,NA,NA,NA
"2024","high_gate",2,"open","R","PODO",1,"high",0,0,0,0,0,15.44,3.3,30.1,NA,NA,NA,NA,NA,NA,NA,NA,NA,NA,NA,NA,NA,NA
"2024","high_gate",2,"open","R","BRTE",1,"high",0,0,0,0,0,15.44,3.3,30.1,NA,NA,NA,NA,NA,NA,NA,NA,NA,NA,NA,NA,NA,NA
"2024","high_gate",2,"open","R","COPA",3,"high",0,0,0,0,0,15.44,3.3,30.1,NA,NA,NA,NA,NA,NA,NA,NA,NA,NA,NA,NA,NA,NA
"2024","high_gate",2,"open","R","PODO",2,"high",0,0,0,0,0,15.44,3.3,30.1,NA,NA,NA,NA,NA,NA,NA,NA,NA,NA,NA,NA,NA,NA
"2024","high_gate",2,"shrub","C","ALDE",2,"high",1,3e-04,0,4,0,15.38,6.6,24.2,57.7431680327869,33.607,92.363,137,1,NA,NA,1e-04,3.1549,4e-04,0,0,NA,NA
"2024","high_gate",2,"shrub","C","BRTE",3,"high",0,3e-04,0,4,0,15.38,6.6,24.2,57.7431680327869,33.607,92.363,NA,NA,NA,NA,NA,NA,NA,NA,NA,NA,NA
"2024","high_gate",2,"shrub","C","PODO",1,"high",0,3e-04,0,4,0,15.38,6.6,24.2,57.7431680327869,33.607,92.363,NA,NA,NA,NA,NA,NA,NA,NA,NA,NA,NA
"2024","high_gate",2,"shrub","C","COPA",2,"high",0,3e-04,0,4,0,15.38,6.6,24.2,57.7431680327869,33.607,92.363,NA,NA,NA,NA,NA,NA,NA,NA,NA,NA,NA
"2024","high_gate",2,"shrub","C","BRTE",2,"high",0,3e-04,0,4,0,15.38,6.6,24.2,57.7431680327869,33.607,92.363,NA,NA,NA,NA,NA,NA,NA,NA,NA,NA,NA
"2024","high_gate",2,"shrub","C","PODO",2,"high",0,3e-04,0,4,0,15.38,6.6,24.2,57.7431680327869,33.607,92.363,NA,NA,NA,NA,NA,NA,NA,NA,NA,NA,NA
"2024","high_gate",2,"shrub","C","COPA",1,"high",1,3e-04,0,4,0,15.38,6.6,24.2,57.7431680327869,33.607,92.363,116,1.2,165,165,2e-04,4.7355,5e-04,0,0,2.443,"0.0001"
"2024","high_gate",2,"shrub","C","COPA",3,"high",1,3e-04,0,4,0,15.38,6.6,24.2,57.7431680327869,33.607,92.363,122,0,NA,NA,NA,NA,NA,NA,NA,NA,NA
"2024","high_gate",2,"shrub","C","ALDE",3,"high",0,3e-04,0,4,0,15.38,6.6,24.2,57.7431680327869,33.607,92.363,NA,NA,NA,NA,NA,NA,NA,NA,NA,NA,NA
"2024","high_gate",2,"shrub","C","ALDE",1,"high",0,3e-04,0,4,0,15.38,6.6,24.2,57.7431680327869,33.607,92.363,NA,NA,NA,NA,NA,NA,NA,NA,NA,NA,NA
"2024","high_gate",2,"shrub","C","BRTE",1,"high",0,3e-04,0,4,0,15.38,6.6,24.2,57.7431680327869,33.607,92.363,NA,NA,NA,NA,NA,NA,NA,NA,NA,NA,NA
"2024","high_gate",2,"shrub","C","PODO",3,"high",0,3e-04,0,4,0,15.38,6.6,24.2,57.7431680327869,33.607,92.363,NA,NA,NA,NA,NA,NA,NA,NA,NA,NA,NA
"2024","high_gate",2,"shrub","R","PODO",1,"high",0,0,0,0,0,15.38,6.6,24.2,57.7431680327869,33.607,92.363,NA,NA,NA,NA,NA,NA,NA,NA,NA,NA,NA
"2024","high_gate",2,"shrub","R","BRTE",1,"high",0,0,0,0,0,15.38,6.6,24.2,57.7431680327869,33.607,92.363,NA,NA,NA,NA,NA,NA,NA,NA,NA,NA,NA
"2024","high_gate",2,"shrub","R","PODO",2,"high",0,0,0,0,0,15.38,6.6,24.2,57.7431680327869,33.607,92.363,NA,NA,NA,NA,NA,NA,NA,NA,NA,NA,NA
"2024","high_gate",2,"shrub","R","BRTE",2,"high",0,0,0,0,0,15.38,6.6,24.2,57.7431680327869,33.607,92.363,NA,NA,NA,NA,NA,NA,NA,NA,NA,NA,NA
"2024","high_gate",2,"shrub","R","ALDE",3,"high",0,0,0,0,0,15.38,6.6,24.2,57.7431680327869,33.607,92.363,NA,NA,NA,NA,NA,NA,NA,NA,NA,NA,NA
"2024","high_gate",2,"shrub","R","COPA",2,"high",0,0,0,0,0,15.38,6.6,24.2,57.7431680327869,33.607,92.363,NA,NA,NA,NA,NA,NA,NA,NA,NA,NA,NA
"2024","high_gate",2,"shrub","R","PODO",3,"high",0,0,0,0,0,15.38,6.6,24.2,57.7431680327869,33.607,92.363,NA,NA,NA,NA,NA,NA,NA,NA,NA,NA,NA
"2024","high_gate",2,"shrub","R","ALDE",1,"high",0,0,0,0,0,15.38,6.6,24.2,57.7431680327869,33.607,92.363,NA,NA,NA,NA,NA,NA,NA,NA,NA,NA,NA
"2024","high_gate",2,"shrub","R","COPA",1,"high",0,0,0,0,0,15.38,6.6,24.2,57.7431680327869,33.607,92.363,NA,NA,NA,NA,NA,NA,NA,NA,NA,NA,NA
"2024","high_gate",2,"shrub","R","COPA",3,"high",0,0,0,0,0,15.38,6.6,24.2,57.7431680327869,33.607,92.363,NA,NA,NA,NA,NA,NA,NA,NA,NA,NA,NA
"2024","high_gate",2,"shrub","R","ALDE",2,"high",0,0,0,0,0,15.38,6.6,24.2,57.7431680327869,33.607,92.363,NA,NA,NA,NA,NA,NA,NA,NA,NA,NA,NA
"2024","high_gate",2,"shrub","R","BRTE",3,"high",1,0,0,0,0,15.38,6.6,24.2,57.7431680327869,33.607,92.363,116,2.8,171,171,0.0012,2.9267,1e-04,0,0,18.813,"0.0009"
"2024","high_gate",3,"open","C","ALDE",1,"high",0,0,0,0,0,14.84,3.6,27.5,NA,NA,NA,NA,NA,NA,NA,NA,NA,NA,NA,NA,NA,NA
"2024","high_gate",3,"open","C","ALDE",3,"high",0,0,0,0,0,14.84,3.6,27.5,NA,NA,NA,NA,NA,NA,NA,NA,NA,NA,NA,NA,NA,NA
"2024","high_gate",3,"open","C","BRTE",3,"high",0,0,0,0,0,14.84,3.6,27.5,NA,NA,NA,NA,NA,NA,NA,NA,NA,NA,NA,NA,NA,NA
"2024","high_gate",3,"open","C","ALDE",2,"high",0,0,0,0,0,14.84,3.6,27.5,NA,NA,NA,NA,NA,NA,NA,NA,NA,NA,NA,NA,NA,NA
"2024","high_gate",3,"open","C","COPA",3,"high",0,0,0,0,0,14.84,3.6,27.5,NA,NA,NA,NA,NA,NA,NA,NA,NA,NA,NA,NA,NA,NA
"2024","high_gate",3,"open","C","PODO",1,"high",0,0,0,0,0,14.84,3.6,27.5,NA,NA,NA,NA,NA,NA,NA,NA,NA,NA,NA,NA,NA,NA
"2024","high_gate",3,"open","C","COPA",1,"high",0,0,0,0,0,14.84,3.6,27.5,NA,NA,NA,NA,NA,NA,NA,NA,NA,NA,NA,NA,NA,NA
"2024","high_gate",3,"open","C","BRTE",2,"high",0,0,0,0,0,14.84,3.6,27.5,NA,NA,NA,NA,NA,NA,NA,NA,NA,NA,NA,NA,NA,NA
"2024","high_gate",3,"open","C","PODO",2,"high",0,0,0,0,0,14.84,3.6,27.5,NA,NA,NA,NA,NA,NA,NA,NA,NA,NA,NA,NA,NA,NA
"2024","high_gate",3,"open","C","PODO",3,"high",0,0,0,0,0,14.84,3.6,27.5,NA,NA,NA,NA,NA,NA,NA,NA,NA,NA,NA,NA,NA,NA
"2024","high_gate",3,"open","C","BRTE",1,"high",0,0,0,0,0,14.84,3.6,27.5,NA,NA,NA,NA,NA,NA,NA,NA,NA,NA,NA,NA,NA,NA
"2024","high_gate",3,"open","C","COPA",2,"high",1,0,0,0,0,14.84,3.6,27.5,NA,NA,NA,122,0,NA,NA,NA,NA,NA,NA,NA,NA,NA
"2024","high_gate",3,"open","R","COPA",1,"high",0,0,0,0,0,14.84,3.6,27.5,NA,NA,NA,NA,NA,NA,NA,NA,NA,NA,NA,NA,NA,NA
"2024","high_gate",3,"open","R","ALDE",1,"high",0,0,0,0,0,14.84,3.6,27.5,NA,NA,NA,NA,NA,NA,NA,NA,NA,NA,NA,NA,NA,NA
"2024","high_gate",3,"open","R","PODO",2,"high",0,0,0,0,0,14.84,3.6,27.5,NA,NA,NA,NA,NA,NA,NA,NA,NA,NA,NA,NA,NA,NA
"2024","high_gate",3,"open","R","BRTE",3,"high",1,0,0,0,0,14.84,3.6,27.5,NA,NA,NA,122,2.6,NA,NA,NA,NA,NA,NA,NA,NA,NA
"2024","high_gate",3,"open","R","COPA",3,"high",0,0,0,0,0,14.84,3.6,27.5,NA,NA,NA,NA,NA,NA,NA,NA,NA,NA,NA,NA,NA,NA
"2024","high_gate",3,"open","R","PODO",3,"high",0,0,0,0,0,14.84,3.6,27.5,NA,NA,NA,NA,NA,NA,NA,NA,NA,NA,NA,NA,NA,NA
"2024","high_gate",3,"open","R","ALDE",2,"high",0,0,0,0,0,14.84,3.6,27.5,NA,NA,NA,NA,NA,NA,NA,NA,NA,NA,NA,NA,NA,NA
"2024","high_gate",3,"open","R","COPA",2,"high",0,0,0,0,0,14.84,3.6,27.5,NA,NA,NA,NA,NA,NA,NA,NA,NA,NA,NA,NA,NA,NA
"2024","high_gate",3,"open","R","PODO",1,"high",0,0,0,0,0,14.84,3.6,27.5,NA,NA,NA,NA,NA,NA,NA,NA,NA,NA,NA,NA,NA,NA
"2024","high_gate",3,"open","R","BRTE",2,"high",1,0,0,0,0,14.84,3.6,27.5,NA,NA,NA,116,0,NA,NA,NA,NA,NA,NA,NA,NA,NA
"2024","high_gate",3,"open","R","ALDE",3,"high",0,0,0,0,0,14.84,3.6,27.5,NA,NA,NA,NA,NA,NA,NA,NA,NA,NA,NA,NA,NA,NA
"2024","high_gate",3,"open","R","BRTE",1,"high",0,0,0,0,0,14.84,3.6,27.5,NA,NA,NA,NA,NA,NA,NA,NA,NA,NA,NA,NA,NA,NA
"2024","high_gate",3,"shrub","C","BRTE",3,"high",0,0,0,0,0,13.53,5.2,22.4,57.7431680327869,33.607,92.363,NA,NA,NA,NA,NA,NA,NA,NA,NA,NA,NA
"2024","high_gate",3,"shrub","C","COPA",2,"high",0,0,0,0,0,13.53,5.2,22.4,57.7431680327869,33.607,92.363,NA,NA,NA,NA,NA,NA,NA,NA,NA,NA,NA
"2024","high_gate",3,"shrub","C","ALDE",2,"high",0,0,0,0,0,13.53,5.2,22.4,57.7431680327869,33.607,92.363,NA,NA,NA,NA,NA,NA,NA,NA,NA,NA,NA
"2024","high_gate",3,"shrub","C","COPA",3,"high",1,0,0,0,0,13.53,5.2,22.4,57.7431680327869,33.607,92.363,116,0,NA,NA,NA,NA,NA,NA,NA,NA,NA
"2024","high_gate",3,"shrub","C","BRTE",2,"high",0,0,0,0,0,13.53,5.2,22.4,57.7431680327869,33.607,92.363,NA,NA,NA,NA,NA,NA,NA,NA,NA,NA,NA
"2024","high_gate",3,"shrub","C","ALDE",1,"high",0,0,0,0,0,13.53,5.2,22.4,57.7431680327869,33.607,92.363,NA,NA,NA,NA,NA,NA,NA,NA,NA,NA,NA
"2024","high_gate",3,"shrub","C","BRTE",1,"high",1,0,0,0,0,13.53,5.2,22.4,57.7431680327869,33.607,92.363,116,0,NA,NA,NA,NA,NA,NA,NA,NA,NA
"2024","high_gate",3,"shrub","C","ALDE",3,"high",0,0,0,0,0,13.53,5.2,22.4,57.7431680327869,33.607,92.363,NA,NA,NA,NA,NA,NA,NA,NA,NA,NA,NA
"2024","high_gate",3,"shrub","C","PODO",3,"high",0,0,0,0,0,13.53,5.2,22.4,57.7431680327869,33.607,92.363,NA,NA,NA,NA,NA,NA,NA,NA,NA,NA,NA
"2024","high_gate",3,"shrub","C","COPA",1,"high",0,0,0,0,0,13.53,5.2,22.4,57.7431680327869,33.607,92.363,NA,NA,NA,NA,NA,NA,NA,NA,NA,NA,NA
"2024","high_gate",3,"shrub","C","PODO",1,"high",0,0,0,0,0,13.53,5.2,22.4,57.7431680327869,33.607,92.363,NA,NA,NA,NA,NA,NA,NA,NA,NA,NA,NA
"2024","high_gate",3,"shrub","C","PODO",2,"high",0,0,0,0,0,13.53,5.2,22.4,57.7431680327869,33.607,92.363,NA,NA,NA,NA,NA,NA,NA,NA,NA,NA,NA
"2024","high_gate",3,"shrub","R","PODO",1,"high",0,0,0,0,0,13.53,5.2,22.4,57.7431680327869,33.607,92.363,NA,NA,NA,NA,NA,NA,NA,NA,NA,NA,NA
"2024","high_gate",3,"shrub","R","PODO",3,"high",0,0,0,0,0,13.53,5.2,22.4,57.7431680327869,33.607,92.363,NA,NA,NA,NA,NA,NA,NA,NA,NA,NA,NA
"2024","high_gate",3,"shrub","R","BRTE",3,"high",0,0,0,0,0,13.53,5.2,22.4,57.7431680327869,33.607,92.363,NA,NA,NA,NA,NA,NA,NA,NA,NA,NA,NA
"2024","high_gate",3,"shrub","R","ALDE",2,"high",0,0,0,0,0,13.53,5.2,22.4,57.7431680327869,33.607,92.363,NA,NA,NA,NA,NA,NA,NA,NA,NA,NA,NA
"2024","high_gate",3,"shrub","R","PODO",2,"high",0,0,0,0,0,13.53,5.2,22.4,57.7431680327869,33.607,92.363,NA,NA,NA,NA,NA,NA,NA,NA,NA,NA,NA
"2024","high_gate",3,"shrub","R","COPA",1,"high",1,0,0,0,0,13.53,5.2,22.4,57.7431680327869,33.607,92.363,122,0,NA,NA,NA,NA,NA,NA,NA,NA,NA
"2024","high_gate",3,"shrub","R","ALDE",1,"high",0,0,0,0,0,13.53,5.2,22.4,57.7431680327869,33.607,92.363,NA,NA,NA,NA,NA,NA,NA,NA,NA,NA,NA
"2024","high_gate",3,"shrub","R","COPA",3,"high",0,0,0,0,0,13.53,5.2,22.4,57.7431680327869,33.607,92.363,NA,NA,NA,NA,NA,NA,NA,NA,NA,NA,NA
"2024","high_gate",3,"shrub","R","COPA",2,"high",0,0,0,0,0,13.53,5.2,22.4,57.7431680327869,33.607,92.363,NA,NA,NA,NA,NA,NA,NA,NA,NA,NA,NA
"2024","high_gate",3,"shrub","R","ALDE",3,"high",0,0,0,0,0,13.53,5.2,22.4,57.7431680327869,33.607,92.363,NA,NA,NA,NA,NA,NA,NA,NA,NA,NA,NA
"2024","high_gate",3,"shrub","R","BRTE",2,"high",0,0,0,0,0,13.53,5.2,22.4,57.7431680327869,33.607,92.363,NA,NA,NA,NA,NA,NA,NA,NA,NA,NA,NA
"2024","high_gate",3,"shrub","R","BRTE",1,"high",0,0,0,0,0,13.53,5.2,22.4,57.7431680327869,33.607,92.363,NA,NA,NA,NA,NA,NA,NA,NA,NA,NA,NA
"2024","high_gate",4,"open","C","BRTE",1,"high",0,0,0,0,0,12.42,4.3,26.7,NA,NA,NA,NA,NA,NA,NA,NA,NA,NA,NA,NA,NA,NA
"2024","high_gate",4,"open","C","BRTE",2,"high",0,0,0,0,0,12.42,4.3,26.7,NA,NA,NA,NA,NA,NA,NA,NA,NA,NA,NA,NA,NA,NA
"2024","high_gate",4,"open","C","ALDE",2,"high",0,0,0,0,0,12.42,4.3,26.7,NA,NA,NA,NA,NA,NA,NA,NA,NA,NA,NA,NA,NA,NA
"2024","high_gate",4,"open","C","ALDE",3,"high",0,0,0,0,0,12.42,4.3,26.7,NA,NA,NA,NA,NA,NA,NA,NA,NA,NA,NA,NA,NA,NA
"2024","high_gate",4,"open","C","COPA",3,"high",1,0,0,0,0,12.42,4.3,26.7,NA,NA,NA,116,0,NA,NA,NA,NA,NA,NA,NA,NA,NA
"2024","high_gate",4,"open","C","PODO",1,"high",0,0,0,0,0,12.42,4.3,26.7,NA,NA,NA,NA,NA,NA,NA,NA,NA,NA,NA,NA,NA,NA
"2024","high_gate",4,"open","C","ALDE",1,"high",0,0,0,0,0,12.42,4.3,26.7,NA,NA,NA,NA,NA,NA,NA,NA,NA,NA,NA,NA,NA,NA
"2024","high_gate",4,"open","C","COPA",2,"high",0,0,0,0,0,12.42,4.3,26.7,NA,NA,NA,NA,NA,NA,NA,NA,NA,NA,NA,NA,NA,NA
"2024","high_gate",4,"open","C","COPA",1,"high",0,0,0,0,0,12.42,4.3,26.7,NA,NA,NA,NA,NA,NA,NA,NA,NA,NA,NA,NA,NA,NA
"2024","high_gate",4,"open","C","PODO",3,"high",0,0,0,0,0,12.42,4.3,26.7,NA,NA,NA,NA,NA,NA,NA,NA,NA,NA,NA,NA,NA,NA
"2024","high_gate",4,"open","C","BRTE",3,"high",0,0,0,0,0,12.42,4.3,26.7,NA,NA,NA,NA,NA,NA,NA,NA,NA,NA,NA,NA,NA,NA
"2024","high_gate",4,"open","C","PODO",2,"high",0,0,0,0,0,12.42,4.3,26.7,NA,NA,NA,NA,NA,NA,NA,NA,NA,NA,NA,NA,NA,NA
"2024","high_gate",4,"open","R","BRTE",1,"high",1,0,0,0,0,12.42,4.3,26.7,NA,NA,NA,116,3,165,165,7e-04,7.872,5e-04,0,0,7.763,"0.0003"
"2024","high_gate",4,"open","R","PODO",1,"high",0,0,0,0,0,12.42,4.3,26.7,NA,NA,NA,NA,NA,NA,NA,NA,NA,NA,NA,NA,NA,NA
"2024","high_gate",4,"open","R","COPA",3,"high",0,0,0,0,0,12.42,4.3,26.7,NA,NA,NA,NA,NA,NA,NA,NA,NA,NA,NA,NA,NA,NA
"2024","high_gate",4,"open","R","COPA",1,"high",0,0,0,0,0,12.42,4.3,26.7,NA,NA,NA,NA,NA,NA,NA,NA,NA,NA,NA,NA,NA,NA
"2024","high_gate",4,"open","R","COPA",2,"high",1,0,0,0,0,12.42,4.3,26.7,NA,NA,NA,116,0,NA,NA,NA,NA,NA,NA,NA,NA,NA
"2024","high_gate",4,"open","R","ALDE",2,"high",0,0,0,0,0,12.42,4.3,26.7,NA,NA,NA,NA,NA,NA,NA,NA,NA,NA,NA,NA,NA,NA
"2024","high_gate",4,"open","R","BRTE",2,"high",0,0,0,0,0,12.42,4.3,26.7,NA,NA,NA,NA,NA,NA,NA,NA,NA,NA,NA,NA,NA,NA
"2024","high_gate",4,"open","R","ALDE",3,"high",0,0,0,0,0,12.42,4.3,26.7,NA,NA,NA,NA,NA,NA,NA,NA,NA,NA,NA,NA,NA,NA
"2024","high_gate",4,"open","R","PODO",3,"high",0,0,0,0,0,12.42,4.3,26.7,NA,NA,NA,NA,NA,NA,NA,NA,NA,NA,NA,NA,NA,NA
"2024","high_gate",4,"open","R","PODO",2,"high",0,0,0,0,0,12.42,4.3,26.7,NA,NA,NA,NA,NA,NA,NA,NA,NA,NA,NA,NA,NA,NA
"2024","high_gate",4,"open","R","ALDE",1,"high",0,0,0,0,0,12.42,4.3,26.7,NA,NA,NA,NA,NA,NA,NA,NA,NA,NA,NA,NA,NA,NA
"2024","high_gate",4,"open","R","BRTE",3,"high",0,0,0,0,0,12.42,4.3,26.7,NA,NA,NA,NA,NA,NA,NA,NA,NA,NA,NA,NA,NA,NA
"2024","high_gate",4,"shrub","C","BRTE",2,"high",0,0,0,0,0,14.89,5.7,24,57.7431680327869,33.607,92.363,NA,NA,NA,NA,NA,NA,NA,NA,NA,NA,NA
"2024","high_gate",4,"shrub","C","COPA",2,"high",1,0,0,0,0,14.89,5.7,24,57.7431680327869,33.607,92.363,122,0,NA,NA,NA,NA,NA,NA,NA,NA,NA
"2024","high_gate",4,"shrub","C","COPA",1,"high",0,0,0,0,0,14.89,5.7,24,57.7431680327869,33.607,92.363,NA,NA,NA,NA,NA,NA,NA,NA,NA,NA,NA
"2024","high_gate",4,"shrub","C","ALDE",1,"high",0,0,0,0,0,14.89,5.7,24,57.7431680327869,33.607,92.363,NA,NA,NA,NA,NA,NA,NA,NA,NA,NA,NA
"2024","high_gate",4,"shrub","C","ALDE",3,"high",0,0,0,0,0,14.89,5.7,24,57.7431680327869,33.607,92.363,NA,NA,NA,NA,NA,NA,NA,NA,NA,NA,NA
"2024","high_gate",4,"shrub","C","PODO",1,"high",0,0,0,0,0,14.89,5.7,24,57.7431680327869,33.607,92.363,NA,NA,NA,NA,NA,NA,NA,NA,NA,NA,NA
"2024","high_gate",4,"shrub","C","COPA",3,"high",1,0,0,0,0,14.89,5.7,24,57.7431680327869,33.607,92.363,116,0,NA,NA,NA,NA,NA,NA,NA,NA,NA
"2024","high_gate",4,"shrub","C","BRTE",1,"high",1,0,0,0,0,14.89,5.7,24,57.7431680327869,33.607,92.363,116,0,NA,NA,NA,NA,NA,NA,NA,NA,NA
"2024","high_gate",4,"shrub","C","ALDE",2,"high",0,0,0,0,0,14.89,5.7,24,57.7431680327869,33.607,92.363,NA,NA,NA,NA,NA,NA,NA,NA,NA,NA,NA
"2024","high_gate",4,"shrub","C","BRTE",3,"high",0,0,0,0,0,14.89,5.7,24,57.7431680327869,33.607,92.363,NA,NA,NA,NA,NA,NA,NA,NA,NA,NA,NA
"2024","high_gate",4,"shrub","C","PODO",3,"high",0,0,0,0,0,14.89,5.7,24,57.7431680327869,33.607,92.363,NA,NA,NA,NA,NA,NA,NA,NA,NA,NA,NA
"2024","high_gate",4,"shrub","C","PODO",2,"high",0,0,0,0,0,14.89,5.7,24,57.7431680327869,33.607,92.363,NA,NA,NA,NA,NA,NA,NA,NA,NA,NA,NA
"2024","high_gate",4,"shrub","R","BRTE",1,"high",0,0,0,0,0,14.89,5.7,24,57.7431680327869,33.607,92.363,NA,NA,NA,NA,NA,NA,NA,NA,NA,NA,NA
"2024","high_gate",4,"shrub","R","ALDE",1,"high",0,0,0,0,0,14.89,5.7,24,57.7431680327869,33.607,92.363,NA,NA,NA,NA,NA,NA,NA,NA,NA,NA,NA
"2024","high_gate",4,"shrub","R","BRTE",2,"high",0,0,0,0,0,14.89,5.7,24,57.7431680327869,33.607,92.363,NA,NA,NA,NA,NA,NA,NA,NA,NA,NA,NA
"2024","high_gate",4,"shrub","R","ALDE",3,"high",0,0,0,0,0,14.89,5.7,24,57.7431680327869,33.607,92.363,NA,NA,NA,NA,NA,NA,NA,NA,NA,NA,NA
"2024","high_gate",4,"shrub","R","COPA",3,"high",0,0,0,0,0,14.89,5.7,24,57.7431680327869,33.607,92.363,NA,NA,NA,NA,NA,NA,NA,NA,NA,NA,NA
"2024","high_gate",4,"shrub","R","PODO",1,"high",0,0,0,0,0,14.89,5.7,24,57.7431680327869,33.607,92.363,NA,NA,NA,NA,NA,NA,NA,NA,NA,NA,NA
"2024","high_gate",4,"shrub","R","PODO",3,"high",0,0,0,0,0,14.89,5.7,24,57.7431680327869,33.607,92.363,NA,NA,NA,NA,NA,NA,NA,NA,NA,NA,NA
"2024","high_gate",4,"shrub","R","COPA",1,"high",0,0,0,0,0,14.89,5.7,24,57.7431680327869,33.607,92.363,NA,NA,NA,NA,NA,NA,NA,NA,NA,NA,NA
"2024","high_gate",4,"shrub","R","PODO",2,"high",1,0,0,0,0,14.89,5.7,24,57.7431680327869,33.607,92.363,116,0,NA,NA,NA,NA,NA,NA,NA,NA,NA
"2024","high_gate",4,"shrub","R","ALDE",2,"high",0,0,0,0,0,14.89,5.7,24,57.7431680327869,33.607,92.363,NA,NA,NA,NA,NA,NA,NA,NA,NA,NA,NA
"2024","high_gate",4,"shrub","R","BRTE",3,"high",0,0,0,0,0,14.89,5.7,24,57.7431680327869,33.607,92.363,NA,NA,NA,NA,NA,NA,NA,NA,NA,NA,NA
"2024","high_north",1,"open","C","ALDE",1,"high",0,0,0,0,0,16.0818181818182,2.3,36.1,60.8725245901639,34.198,92.174,NA,NA,NA,NA,NA,NA,NA,NA,NA,NA,NA
"2024","high_north",1,"open","C","ALDE",2,"high",0,0,0,0,0,16.0818181818182,2.3,36.1,60.8725245901639,34.198,92.174,NA,NA,NA,NA,NA,NA,NA,NA,NA,NA,NA
"2024","high_north",1,"open","C","ALDE",3,"high",0,0,0,0,0,16.0818181818182,2.3,36.1,60.8725245901639,34.198,92.174,NA,NA,NA,NA,NA,NA,NA,NA,NA,NA,NA
"2024","high_north",1,"open","C","COPA",3,"high",0,0,0,0,0,16.0818181818182,2.3,36.1,60.8725245901639,34.198,92.174,NA,NA,NA,NA,NA,NA,NA,NA,NA,NA,NA
"2024","high_north",1,"open","C","BRTE",3,"high",0,0,0,0,0,16.0818181818182,2.3,36.1,60.8725245901639,34.198,92.174,NA,NA,NA,NA,NA,NA,NA,NA,NA,NA,NA
"2024","high_north",1,"open","C","BRTE",2,"high",0,0,0,0,0,16.0818181818182,2.3,36.1,60.8725245901639,34.198,92.174,NA,NA,NA,NA,NA,NA,NA,NA,NA,NA,NA
"2024","high_north",1,"open","C","BRTE",1,"high",0,0,0,0,0,16.0818181818182,2.3,36.1,60.8725245901639,34.198,92.174,NA,NA,NA,NA,NA,NA,NA,NA,NA,NA,NA
"2024","high_north",1,"open","C","COPA",2,"high",1,0,0,0,0,16.0818181818182,2.3,36.1,60.8725245901639,34.198,92.174,116,0,NA,NA,NA,NA,NA,NA,NA,NA,NA
"2024","high_north",1,"open","C","COPA",1,"high",0,0,0,0,0,16.0818181818182,2.3,36.1,60.8725245901639,34.198,92.174,NA,NA,NA,NA,NA,NA,NA,NA,NA,NA,NA
"2024","high_north",1,"open","R","COPA",3,"high",0,0,0,0,0,16.0818181818182,2.3,36.1,60.8725245901639,34.198,92.174,NA,NA,NA,NA,NA,NA,NA,NA,NA,NA,NA
"2024","high_north",1,"open","R","ALDE",2,"high",0,0,0,0,0,16.0818181818182,2.3,36.1,60.8725245901639,34.198,92.174,NA,NA,NA,NA,NA,NA,NA,NA,NA,NA,NA
"2024","high_north",1,"open","R","COPA",2,"high",0,0,0,0,0,16.0818181818182,2.3,36.1,60.8725245901639,34.198,92.174,NA,NA,NA,NA,NA,NA,NA,NA,NA,NA,NA
"2024","high_north",1,"open","R","COPA",1,"high",1,0,0,0,0,16.0818181818182,2.3,36.1,60.8725245901639,34.198,92.174,116,0.4,NA,NA,NA,NA,NA,NA,NA,NA,NA
"2024","high_north",1,"open","R","BRTE",3,"high",0,0,0,0,0,16.0818181818182,2.3,36.1,60.8725245901639,34.198,92.174,NA,NA,NA,NA,NA,NA,NA,NA,NA,NA,NA
"2024","high_north",1,"open","R","BRTE",1,"high",0,0,0,0,0,16.0818181818182,2.3,36.1,60.8725245901639,34.198,92.174,NA,NA,NA,NA,NA,NA,NA,NA,NA,NA,NA
"2024","high_north",1,"open","R","ALDE",1,"high",0,0,0,0,0,16.0818181818182,2.3,36.1,60.8725245901639,34.198,92.174,NA,NA,NA,NA,NA,NA,NA,NA,NA,NA,NA
"2024","high_north",1,"open","R","ALDE",3,"high",0,0,0,0,0,16.0818181818182,2.3,36.1,60.8725245901639,34.198,92.174,NA,NA,NA,NA,NA,NA,NA,NA,NA,NA,NA
"2024","high_north",1,"open","R","BRTE",2,"high",0,0,0,0,0,16.0818181818182,2.3,36.1,60.8725245901639,34.198,92.174,NA,NA,NA,NA,NA,NA,NA,NA,NA,NA,NA
"2024","high_north",1,"shrub","C","COPA",2,"high",1,0,0,0,0,16.1545454545455,4.2,29,NA,NA,NA,122,0,NA,NA,NA,NA,NA,NA,NA,NA,NA
"2024","high_north",1,"shrub","C","BRTE",2,"high",1,0,0,0,0,16.1545454545455,4.2,29,NA,NA,NA,116,0,NA,NA,NA,NA,NA,NA,NA,NA,NA
"2024","high_north",1,"shrub","C","ALDE",2,"high",0,0,0,0,0,16.1545454545455,4.2,29,NA,NA,NA,NA,NA,NA,NA,NA,NA,NA,NA,NA,NA,NA
"2024","high_north",1,"shrub","C","BRTE",3,"high",0,0,0,0,0,16.1545454545455,4.2,29,NA,NA,NA,NA,NA,NA,NA,NA,NA,NA,NA,NA,NA,NA
"2024","high_north",1,"shrub","C","COPA",3,"high",0,0,0,0,0,16.1545454545455,4.2,29,NA,NA,NA,NA,NA,NA,NA,NA,NA,NA,NA,NA,NA,NA
"2024","high_north",1,"shrub","C","ALDE",1,"high",0,0,0,0,0,16.1545454545455,4.2,29,NA,NA,NA,NA,NA,NA,NA,NA,NA,NA,NA,NA,NA,NA
"2024","high_north",1,"shrub","C","BRTE",1,"high",1,0,0,0,0,16.1545454545455,4.2,29,NA,NA,NA,122,3.1,NA,NA,NA,NA,NA,NA,NA,NA,NA
"2024","high_north",1,"shrub","C","ALDE",3,"high",0,0,0,0,0,16.1545454545455,4.2,29,NA,NA,NA,NA,NA,NA,NA,NA,NA,NA,NA,NA,NA,NA
"2024","high_north",1,"shrub","C","COPA",1,"high",1,0,0,0,0,16.1545454545455,4.2,29,NA,NA,NA,128,0,NA,NA,NA,NA,NA,NA,NA,NA,NA
"2024","high_north",1,"shrub","R","ALDE",3,"high",0,0,0,0,0,16.1545454545455,4.2,29,NA,NA,NA,NA,NA,NA,NA,NA,NA,NA,NA,NA,NA,NA
"2024","high_north",1,"shrub","R","BRTE",2,"high",1,0,0,0,0,16.1545454545455,4.2,29,NA,NA,NA,116,1.9,NA,NA,NA,NA,NA,NA,NA,NA,NA
"2024","high_north",1,"shrub","R","BRTE",3,"high",1,0,0,0,0,16.1545454545455,4.2,29,NA,NA,NA,116,3,NA,NA,NA,NA,NA,NA,NA,NA,NA
"2024","high_north",1,"shrub","R","ALDE",1,"high",0,0,0,0,0,16.1545454545455,4.2,29,NA,NA,NA,NA,NA,NA,NA,NA,NA,NA,NA,NA,NA,NA
"2024","high_north",1,"shrub","R","COPA",3,"high",1,0,0,0,0,16.1545454545455,4.2,29,NA,NA,NA,128,0,NA,NA,NA,NA,NA,NA,NA,NA,NA
"2024","high_north",1,"shrub","R","ALDE",2,"high",0,0,0,0,0,16.1545454545455,4.2,29,NA,NA,NA,NA,NA,NA,NA,NA,NA,NA,NA,NA,NA,NA
"2024","high_north",1,"shrub","R","COPA",1,"high",1,0,0,0,0,16.1545454545455,4.2,29,NA,NA,NA,116,0,NA,NA,NA,NA,NA,NA,NA,NA,NA
"2024","high_north",1,"shrub","R","BRTE",1,"high",0,0,0,0,0,16.1545454545455,4.2,29,NA,NA,NA,NA,NA,NA,NA,NA,NA,NA,NA,NA,NA,NA
"2024","high_north",1,"shrub","R","COPA",2,"high",1,0,0,0,0,16.1545454545455,4.2,29,NA,NA,NA,116,0,NA,NA,NA,NA,NA,NA,NA,NA,NA
"2024","high_north",2,"open","C","COPA",3,"high",0,0,0,0,0,12.1272727272727,2.5,25.4,60.8725245901639,34.198,92.174,NA,NA,NA,NA,NA,NA,NA,NA,NA,NA,NA
"2024","high_north",2,"open","C","ALDE",2,"high",0,0,0,0,0,12.1272727272727,2.5,25.4,60.8725245901639,34.198,92.174,NA,NA,NA,NA,NA,NA,NA,NA,NA,NA,NA
"2024","high_north",2,"open","C","COPA",1,"high",0,0,0,0,0,12.1272727272727,2.5,25.4,60.8725245901639,34.198,92.174,NA,NA,NA,NA,NA,NA,NA,NA,NA,NA,NA
"2024","high_north",2,"open","C","ALDE",3,"high",0,0,0,0,0,12.1272727272727,2.5,25.4,60.8725245901639,34.198,92.174,NA,NA,NA,NA,NA,NA,NA,NA,NA,NA,NA
"2024","high_north",2,"open","C","ALDE",1,"high",0,0,0,0,0,12.1272727272727,2.5,25.4,60.8725245901639,34.198,92.174,NA,NA,NA,NA,NA,NA,NA,NA,NA,NA,NA
"2024","high_north",2,"open","C","COPA",2,"high",0,0,0,0,0,12.1272727272727,2.5,25.4,60.8725245901639,34.198,92.174,NA,NA,NA,NA,NA,NA,NA,NA,NA,NA,NA
"2024","high_north",2,"open","C","BRTE",1,"high",0,0,0,0,0,12.1272727272727,2.5,25.4,60.8725245901639,34.198,92.174,NA,NA,NA,NA,NA,NA,NA,NA,NA,NA,NA
"2024","high_north",2,"open","R","COPA",2,"high",0,0,0,0,0,12.1272727272727,2.5,25.4,60.8725245901639,34.198,92.174,NA,NA,NA,NA,NA,NA,NA,NA,NA,NA,NA
"2024","high_north",2,"open","R","ALDE",2,"high",0,0,0,0,0,12.1272727272727,2.5,25.4,60.8725245901639,34.198,92.174,NA,NA,NA,NA,NA,NA,NA,NA,NA,NA,NA
"2024","high_north",2,"open","R","COPA",1,"high",0,0,0,0,0,12.1272727272727,2.5,25.4,60.8725245901639,34.198,92.174,NA,NA,NA,NA,NA,NA,NA,NA,NA,NA,NA
"2024","high_north",2,"open","R","BRTE",3,"high",0,0,0,0,0,12.1272727272727,2.5,25.4,60.8725245901639,34.198,92.174,NA,NA,NA,NA,NA,NA,NA,NA,NA,NA,NA
"2024","high_north",2,"open","R","ALDE",1,"high",1,0,0,0,0,12.1272727272727,2.5,25.4,60.8725245901639,34.198,92.174,116,0,NA,NA,NA,NA,NA,NA,NA,NA,NA
"2024","high_north",2,"open","R","BRTE",2,"high",0,0,0,0,0,12.1272727272727,2.5,25.4,60.8725245901639,34.198,92.174,NA,NA,NA,NA,NA,NA,NA,NA,NA,NA,NA
"2024","high_north",2,"open","R","COPA",3,"high",1,0,0,0,0,12.1272727272727,2.5,25.4,60.8725245901639,34.198,92.174,116,0.4,NA,NA,NA,NA,NA,NA,NA,NA,NA
"2024","high_north",2,"open","R","ALDE",3,"high",0,0,0,0,0,12.1272727272727,2.5,25.4,60.8725245901639,34.198,92.174,NA,NA,NA,NA,NA,NA,NA,NA,NA,NA,NA
"2024","high_north",2,"open","R","BRTE",1,"high",0,0,0,0,0,12.1272727272727,2.5,25.4,60.8725245901639,34.198,92.174,NA,NA,NA,NA,NA,NA,NA,NA,NA,NA,NA
"2024","high_north",2,"shrub","C","BRTE",2,"high",0,0,0,0,0,12.8181818181818,2.6,26.4,NA,NA,NA,NA,NA,NA,NA,NA,NA,NA,NA,NA,NA,NA
"2024","high_north",2,"shrub","C","COPA",1,"high",0,0,0,0,0,12.8181818181818,2.6,26.4,NA,NA,NA,NA,NA,NA,NA,NA,NA,NA,NA,NA,NA,NA
"2024","high_north",2,"shrub","C","BRTE",3,"high",0,0,0,0,0,12.8181818181818,2.6,26.4,NA,NA,NA,NA,NA,NA,NA,NA,NA,NA,NA,NA,NA,NA
"2024","high_north",2,"shrub","C","ALDE",2,"high",0,0,0,0,0,12.8181818181818,2.6,26.4,NA,NA,NA,NA,NA,NA,NA,NA,NA,NA,NA,NA,NA,NA
"2024","high_north",2,"shrub","C","COPA",2,"high",0,0,0,0,0,12.8181818181818,2.6,26.4,NA,NA,NA,NA,NA,NA,NA,NA,NA,NA,NA,NA,NA,NA
"2024","high_north",2,"shrub","C","ALDE",3,"high",0,0,0,0,0,12.8181818181818,2.6,26.4,NA,NA,NA,NA,NA,NA,NA,NA,NA,NA,NA,NA,NA,NA
"2024","high_north",2,"shrub","C","BRTE",1,"high",0,0,0,0,0,12.8181818181818,2.6,26.4,NA,NA,NA,NA,NA,NA,NA,NA,NA,NA,NA,NA,NA,NA
"2024","high_north",2,"shrub","C","ALDE",1,"high",0,0,0,0,0,12.8181818181818,2.6,26.4,NA,NA,NA,NA,NA,NA,NA,NA,NA,NA,NA,NA,NA,NA
"2024","high_north",2,"shrub","C","COPA",3,"high",0,0,0,0,0,12.8181818181818,2.6,26.4,NA,NA,NA,NA,NA,NA,NA,NA,NA,NA,NA,NA,NA,NA
"2024","high_north",2,"shrub","R","COPA",3,"high",0,0,0,0,0,12.8181818181818,2.6,26.4,NA,NA,NA,NA,NA,NA,NA,NA,NA,NA,NA,NA,NA,NA
"2024","high_north",2,"shrub","R","ALDE",2,"high",0,0,0,0,0,12.8181818181818,2.6,26.4,NA,NA,NA,NA,NA,NA,NA,NA,NA,NA,NA,NA,NA,NA
"2024","high_north",2,"shrub","R","ALDE",3,"high",0,0,0,0,0,12.8181818181818,2.6,26.4,NA,NA,NA,NA,NA,NA,NA,NA,NA,NA,NA,NA,NA,NA
"2024","high_north",2,"shrub","R","ALDE",1,"high",0,0,0,0,0,12.8181818181818,2.6,26.4,NA,NA,NA,NA,NA,NA,NA,NA,NA,NA,NA,NA,NA,NA
"2024","high_north",2,"shrub","R","BRTE",1,"high",0,0,0,0,0,12.8181818181818,2.6,26.4,NA,NA,NA,NA,NA,NA,NA,NA,NA,NA,NA,NA,NA,NA
"2024","high_north",2,"shrub","R","BRTE",3,"high",0,0,0,0,0,12.8181818181818,2.6,26.4,NA,NA,NA,NA,NA,NA,NA,NA,NA,NA,NA,NA,NA,NA
"2024","high_north",2,"shrub","R","BRTE",2,"high",0,0,0,0,0,12.8181818181818,2.6,26.4,NA,NA,NA,NA,NA,NA,NA,NA,NA,NA,NA,NA,NA,NA
"2024","high_north",2,"shrub","R","COPA",1,"high",0,0,0,0,0,12.8181818181818,2.6,26.4,NA,NA,NA,NA,NA,NA,NA,NA,NA,NA,NA,NA,NA,NA
"2024","high_north",2,"shrub","R","COPA",2,"high",0,0,0,0,0,12.8181818181818,2.6,26.4,NA,NA,NA,NA,NA,NA,NA,NA,NA,NA,NA,NA,NA,NA
"2024","high_north",3,"open","C","BRTE",2,"high",0,0,0,0,0,13.5454545454545,3.3,33.3,60.8725245901639,34.198,92.174,NA,NA,NA,NA,NA,NA,NA,NA,NA,NA,NA
"2024","high_north",3,"open","C","BRTE",3,"high",0,0,0,0,0,13.5454545454545,3.3,33.3,60.8725245901639,34.198,92.174,NA,NA,NA,NA,NA,NA,NA,NA,NA,NA,NA
"2024","high_north",3,"open","C","ALDE",3,"high",0,0,0,0,0,13.5454545454545,3.3,33.3,60.8725245901639,34.198,92.174,NA,NA,NA,NA,NA,NA,NA,NA,NA,NA,NA
"2024","high_north",3,"open","C","COPA",1,"high",0,0,0,0,0,13.5454545454545,3.3,33.3,60.8725245901639,34.198,92.174,NA,NA,NA,NA,NA,NA,NA,NA,NA,NA,NA
"2024","high_north",3,"open","C","COPA",3,"high",0,0,0,0,0,13.5454545454545,3.3,33.3,60.8725245901639,34.198,92.174,NA,NA,NA,NA,NA,NA,NA,NA,NA,NA,NA
"2024","high_north",3,"open","C","ALDE",2,"high",0,0,0,0,0,13.5454545454545,3.3,33.3,60.8725245901639,34.198,92.174,NA,NA,NA,NA,NA,NA,NA,NA,NA,NA,NA
"2024","high_north",3,"open","C","ALDE",1,"high",0,0,0,0,0,13.5454545454545,3.3,33.3,60.8725245901639,34.198,92.174,NA,NA,NA,NA,NA,NA,NA,NA,NA,NA,NA
"2024","high_north",3,"open","C","BRTE",1,"high",1,0,0,0,0,13.5454545454545,3.3,33.3,60.8725245901639,34.198,92.174,128,0,NA,NA,NA,NA,NA,NA,NA,NA,NA
"2024","high_north",3,"open","C","COPA",2,"high",0,0,0,0,0,13.5454545454545,3.3,33.3,60.8725245901639,34.198,92.174,NA,NA,NA,NA,NA,NA,NA,NA,NA,NA,NA
"2024","high_north",3,"open","R","COPA",2,"high",0,0,0,0,0,13.5454545454545,3.3,33.3,60.8725245901639,34.198,92.174,NA,NA,NA,NA,NA,NA,NA,NA,NA,NA,NA
"2024","high_north",3,"open","R","ALDE",1,"high",0,0,0,0,0,13.5454545454545,3.3,33.3,60.8725245901639,34.198,92.174,NA,NA,NA,NA,NA,NA,NA,NA,NA,NA,NA
"2024","high_north",3,"open","R","BRTE",3,"high",0,0,0,0,0,13.5454545454545,3.3,33.3,60.8725245901639,34.198,92.174,NA,NA,NA,NA,NA,NA,NA,NA,NA,NA,NA
"2024","high_north",3,"open","R","BRTE",2,"high",0,0,0,0,0,13.5454545454545,3.3,33.3,60.8725245901639,34.198,92.174,NA,NA,NA,NA,NA,NA,NA,NA,NA,NA,NA
"2024","high_north",3,"open","R","COPA",3,"high",1,0,0,0,0,13.5454545454545,3.3,33.3,60.8725245901639,34.198,92.174,116,0,NA,NA,NA,NA,NA,NA,NA,NA,NA
"2024","high_north",3,"open","R","ALDE",3,"high",0,0,0,0,0,13.5454545454545,3.3,33.3,60.8725245901639,34.198,92.174,NA,NA,NA,NA,NA,NA,NA,NA,NA,NA,NA
"2024","high_north",3,"open","R","COPA",1,"high",0,0,0,0,0,13.5454545454545,3.3,33.3,60.8725245901639,34.198,92.174,NA,NA,NA,NA,NA,NA,NA,NA,NA,NA,NA
"2024","high_north",3,"open","R","ALDE",2,"high",0,0,0,0,0,13.5454545454545,3.3,33.3,60.8725245901639,34.198,92.174,NA,NA,NA,NA,NA,NA,NA,NA,NA,NA,NA
"2024","high_north",3,"open","R","BRTE",1,"high",0,0,0,0,0,13.5454545454545,3.3,33.3,60.8725245901639,34.198,92.174,NA,NA,NA,NA,NA,NA,NA,NA,NA,NA,NA
"2024","high_north",3,"shrub","C","ALDE",1,"high",0,0,0,0,0,13.6181818181818,1.9,28.3,NA,NA,NA,NA,NA,NA,NA,NA,NA,NA,NA,NA,NA,NA
"2024","high_north",3,"shrub","C","ALDE",3,"high",0,0,0,0,0,13.6181818181818,1.9,28.3,NA,NA,NA,NA,NA,NA,NA,NA,NA,NA,NA,NA,NA,NA
"2024","high_north",3,"shrub","C","COPA",1,"high",1,0,0,0,0,13.6181818181818,1.9,28.3,NA,NA,NA,128,0,NA,NA,NA,NA,NA,NA,NA,NA,NA
"2024","high_north",3,"shrub","C","ALDE",2,"high",0,0,0,0,0,13.6181818181818,1.9,28.3,NA,NA,NA,NA,NA,NA,NA,NA,NA,NA,NA,NA,NA,NA
"2024","high_north",3,"shrub","C","COPA",2,"high",1,0,0,0,0,13.6181818181818,1.9,28.3,NA,NA,NA,116,0.5,NA,NA,NA,NA,NA,NA,NA,NA,NA
"2024","high_north",3,"shrub","C","COPA",3,"high",0,0,0,0,0,13.6181818181818,1.9,28.3,NA,NA,NA,NA,NA,NA,NA,NA,NA,NA,NA,NA,NA,NA
"2024","high_north",3,"shrub","C","BRTE",1,"high",0,0,0,0,0,13.6181818181818,1.9,28.3,NA,NA,NA,NA,NA,NA,NA,NA,NA,NA,NA,NA,NA,NA
"2024","high_north",3,"shrub","C","BRTE",3,"high",1,0,0,0,0,13.6181818181818,1.9,28.3,NA,NA,NA,116,0,NA,NA,NA,NA,NA,NA,NA,NA,NA
"2024","high_north",3,"shrub","C","BRTE",2,"high",1,0,0,0,0,13.6181818181818,1.9,28.3,NA,NA,NA,122,3.4,NA,NA,0.0041,1.3929,1e-04,0,0,NA,NA
"2024","high_north",3,"shrub","R","BRTE",3,"high",0,0,0,0,0,13.6181818181818,1.9,28.3,NA,NA,NA,NA,NA,NA,NA,NA,NA,NA,NA,NA,NA,NA
"2024","high_north",3,"shrub","R","COPA",1,"high",0,0,0,0,0,13.6181818181818,1.9,28.3,NA,NA,NA,NA,NA,NA,NA,NA,NA,NA,NA,NA,NA,NA
"2024","high_north",3,"shrub","R","ALDE",3,"high",0,0,0,0,0,13.6181818181818,1.9,28.3,NA,NA,NA,NA,NA,NA,NA,NA,NA,NA,NA,NA,NA,NA
"2024","high_north",3,"shrub","R","COPA",2,"high",0,0,0,0,0,13.6181818181818,1.9,28.3,NA,NA,NA,NA,NA,NA,NA,NA,NA,NA,NA,NA,NA,NA
"2024","high_north",3,"shrub","R","ALDE",1,"high",0,0,0,0,0,13.6181818181818,1.9,28.3,NA,NA,NA,NA,NA,NA,NA,NA,NA,NA,NA,NA,NA,NA
"2024","high_north",3,"shrub","R","BRTE",1,"high",0,0,0,0,0,13.6181818181818,1.9,28.3,NA,NA,NA,NA,NA,NA,NA,NA,NA,NA,NA,NA,NA,NA
"2024","high_north",3,"shrub","R","COPA",3,"high",0,0,0,0,0,13.6181818181818,1.9,28.3,NA,NA,NA,NA,NA,NA,NA,NA,NA,NA,NA,NA,NA,NA
"2024","high_north",3,"shrub","R","BRTE",2,"high",1,0,0,0,0,13.6181818181818,1.9,28.3,NA,NA,NA,122,6.7,165,183,0.0048,13.1112,6e-04,0,0,28.913,"0.0008"
"2024","high_north",3,"shrub","R","ALDE",2,"high",0,0,0,0,0,13.6181818181818,1.9,28.3,NA,NA,NA,NA,NA,NA,NA,NA,NA,NA,NA,NA,NA,NA
"2024","high_north",4,"open","C","ALDE",3,"high",0,0,0,0,0,15.8727272727273,3.9,35.3,60.8725245901639,34.198,92.174,NA,NA,NA,NA,NA,NA,NA,NA,NA,NA,NA
"2024","high_north",4,"open","C","BRTE",3,"high",0,0,0,0,0,15.8727272727273,3.9,35.3,60.8725245901639,34.198,92.174,NA,NA,NA,NA,NA,NA,NA,NA,NA,NA,NA
"2024","high_north",4,"open","C","BRTE",2,"high",0,0,0,0,0,15.8727272727273,3.9,35.3,60.8725245901639,34.198,92.174,NA,NA,NA,NA,NA,NA,NA,NA,NA,NA,NA
"2024","high_north",4,"open","C","COPA",2,"high",0,0,0,0,0,15.8727272727273,3.9,35.3,60.8725245901639,34.198,92.174,NA,NA,NA,NA,NA,NA,NA,NA,NA,NA,NA
"2024","high_north",4,"open","C","COPA",1,"high",0,0,0,0,0,15.8727272727273,3.9,35.3,60.8725245901639,34.198,92.174,NA,NA,NA,NA,NA,NA,NA,NA,NA,NA,NA
"2024","high_north",4,"open","C","ALDE",1,"high",0,0,0,0,0,15.8727272727273,3.9,35.3,60.8725245901639,34.198,92.174,NA,NA,NA,NA,NA,NA,NA,NA,NA,NA,NA
"2024","high_north",4,"open","C","BRTE",1,"high",0,0,0,0,0,15.8727272727273,3.9,35.3,60.8725245901639,34.198,92.174,NA,NA,NA,NA,NA,NA,NA,NA,NA,NA,NA
"2024","high_north",4,"open","C","ALDE",2,"high",0,0,0,0,0,15.8727272727273,3.9,35.3,60.8725245901639,34.198,92.174,NA,NA,NA,NA,NA,NA,NA,NA,NA,NA,NA
"2024","high_north",4,"open","C","COPA",3,"high",0,0,0,0,0,15.8727272727273,3.9,35.3,60.8725245901639,34.198,92.174,NA,NA,NA,NA,NA,NA,NA,NA,NA,NA,NA
"2024","high_north",4,"open","R","ALDE",2,"high",0,0,0,0,0,15.8727272727273,3.9,35.3,60.8725245901639,34.198,92.174,NA,NA,NA,NA,NA,NA,NA,NA,NA,NA,NA
"2024","high_north",4,"open","R","ALDE",1,"high",0,0,0,0,0,15.8727272727273,3.9,35.3,60.8725245901639,34.198,92.174,NA,NA,NA,NA,NA,NA,NA,NA,NA,NA,NA
"2024","high_north",4,"open","R","ALDE",3,"high",0,0,0,0,0,15.8727272727273,3.9,35.3,60.8725245901639,34.198,92.174,NA,NA,NA,NA,NA,NA,NA,NA,NA,NA,NA
"2024","high_north",4,"open","R","COPA",1,"high",0,0,0,0,0,15.8727272727273,3.9,35.3,60.8725245901639,34.198,92.174,NA,NA,NA,NA,NA,NA,NA,NA,NA,NA,NA
"2024","high_north",4,"open","R","BRTE",1,"high",0,0,0,0,0,15.8727272727273,3.9,35.3,60.8725245901639,34.198,92.174,NA,NA,NA,NA,NA,NA,NA,NA,NA,NA,NA
"2024","high_north",4,"open","R","COPA",2,"high",0,0,0,0,0,15.8727272727273,3.9,35.3,60.8725245901639,34.198,92.174,NA,NA,NA,NA,NA,NA,NA,NA,NA,NA,NA
"2024","high_north",4,"open","R","COPA",3,"high",0,0,0,0,0,15.8727272727273,3.9,35.3,60.8725245901639,34.198,92.174,NA,NA,NA,NA,NA,NA,NA,NA,NA,NA,NA
"2024","high_north",4,"open","R","BRTE",3,"high",1,0,0,0,0,15.8727272727273,3.9,35.3,60.8725245901639,34.198,92.174,116,0,NA,NA,NA,NA,NA,NA,NA,NA,NA
"2024","high_north",4,"open","R","BRTE",2,"high",0,0,0,0,0,15.8727272727273,3.9,35.3,60.8725245901639,34.198,92.174,NA,NA,NA,NA,NA,NA,NA,NA,NA,NA,NA
"2024","high_north",4,"shrub","C","BRTE",3,"high",0,0,0,0,0,18.9636363636364,6.2,29.5,NA,NA,NA,NA,NA,NA,NA,NA,NA,NA,NA,NA,NA,NA
"2024","high_north",4,"shrub","C","BRTE",1,"high",0,0,0,0,0,18.9636363636364,6.2,29.5,NA,NA,NA,NA,NA,NA,NA,NA,NA,NA,NA,NA,NA,NA
"2024","high_north",4,"shrub","C","COPA",3,"high",0,0,0,0,0,18.9636363636364,6.2,29.5,NA,NA,NA,NA,NA,NA,NA,NA,NA,NA,NA,NA,NA,NA
"2024","high_north",4,"shrub","C","COPA",2,"high",0,0,0,0,0,18.9636363636364,6.2,29.5,NA,NA,NA,NA,NA,NA,NA,NA,NA,NA,NA,NA,NA,NA
"2024","high_north",4,"shrub","C","BRTE",2,"high",0,0,0,0,0,18.9636363636364,6.2,29.5,NA,NA,NA,NA,NA,NA,NA,NA,NA,NA,NA,NA,NA,NA
"2024","high_north",4,"shrub","C","ALDE",1,"high",0,0,0,0,0,18.9636363636364,6.2,29.5,NA,NA,NA,NA,NA,NA,NA,NA,NA,NA,NA,NA,NA,NA
"2024","high_north",4,"shrub","C","ALDE",2,"high",0,0,0,0,0,18.9636363636364,6.2,29.5,NA,NA,NA,NA,NA,NA,NA,NA,NA,NA,NA,NA,NA,NA
"2024","high_north",4,"shrub","C","COPA",1,"high",0,0,0,0,0,18.9636363636364,6.2,29.5,NA,NA,NA,NA,NA,NA,NA,NA,NA,NA,NA,NA,NA,NA
"2024","high_north",4,"shrub","C","ALDE",3,"high",0,0,0,0,0,18.9636363636364,6.2,29.5,NA,NA,NA,NA,NA,NA,NA,NA,NA,NA,NA,NA,NA,NA
"2024","high_north",4,"shrub","R","COPA",1,"high",0,0,0,0,0,18.9636363636364,6.2,29.5,NA,NA,NA,NA,NA,NA,NA,NA,NA,NA,NA,NA,NA,NA
"2024","high_north",4,"shrub","R","BRTE",3,"high",0,0,0,0,0,18.9636363636364,6.2,29.5,NA,NA,NA,NA,NA,NA,NA,NA,NA,NA,NA,NA,NA,NA
"2024","high_north",4,"shrub","R","BRTE",2,"high",1,0,0,0,0,18.9636363636364,6.2,29.5,NA,NA,NA,116,2.5,171,177,8e-04,3.4568,1e-04,0,0,7.684,"0.0005"
"2024","high_north",4,"shrub","R","ALDE",1,"high",0,0,0,0,0,18.9636363636364,6.2,29.5,NA,NA,NA,NA,NA,NA,NA,NA,NA,NA,NA,NA,NA,NA
"2024","high_north",4,"shrub","R","COPA",2,"high",0,0,0,0,0,18.9636363636364,6.2,29.5,NA,NA,NA,NA,NA,NA,NA,NA,NA,NA,NA,NA,NA,NA
"2024","high_north",4,"shrub","R","BRTE",1,"high",1,0,0,0,0,18.9636363636364,6.2,29.5,NA,NA,NA,116,2.7,183,183,0.0022,3.2408,1e-04,0,0,12.775,"0.0006"
"2024","high_north",4,"shrub","R","ALDE",3,"high",0,0,0,0,0,18.9636363636364,6.2,29.5,NA,NA,NA,NA,NA,NA,NA,NA,NA,NA,NA,NA,NA,NA
"2024","high_north",4,"shrub","R","COPA",3,"high",1,0,0,0,0,18.9636363636364,6.2,29.5,NA,NA,NA,116,2.5,171,171,0.0015,NA,NA,0,0,6.686,"0.0001"
"2024","high_north",4,"shrub","R","ALDE",2,"high",0,0,0,0,0,18.9636363636364,6.2,29.5,NA,NA,NA,NA,NA,NA,NA,NA,NA,NA,NA,NA,NA,NA
"2024","low_gate",1,"open","C","ALDE",1,"low",0,0.0936,0,13,4,12.2222222222222,4.3,22.7,64.2776598360656,34.59,97.916,NA,NA,NA,NA,NA,NA,NA,NA,NA,NA,NA
"2024","low_gate",1,"open","C","ALDE",1,"low",0,0,0.0087,13,4,12.2222222222222,4.3,22.7,64.2776598360656,34.59,97.916,NA,NA,NA,NA,NA,NA,NA,NA,NA,NA,NA
"2024","low_gate",1,"open","C","ALDE",1,"low",0,4e-04,0,13,4,12.2222222222222,4.3,22.7,64.2776598360656,34.59,97.916,NA,NA,NA,NA,NA,NA,NA,NA,NA,NA,NA
"2024","low_gate",1,"open","C","COPA",2,"low",1,0.0936,0,13,4,12.2222222222222,4.3,22.7,64.2776598360656,34.59,97.916,115,3.2,141,164,4e-04,4.6579,8e-04,0,0,3.38,"0.0001"
"2024","low_gate",1,"open","C","COPA",2,"low",1,0,0.0087,13,4,12.2222222222222,4.3,22.7,64.2776598360656,34.59,97.916,115,3.2,141,164,4e-04,4.6579,8e-04,0,0,3.38,"0.0001"
"2024","low_gate",1,"open","C","COPA",2,"low",1,4e-04,0,13,4,12.2222222222222,4.3,22.7,64.2776598360656,34.59,97.916,115,3.2,141,164,4e-04,4.6579,8e-04,0,0,3.38,"0.0001"
"2024","low_gate",1,"open","C","BRTE",1,"low",1,0.0936,0,13,4,12.2222222222222,4.3,22.7,64.2776598360656,34.59,97.916,121,2.1,NA,NA,NA,NA,NA,NA,NA,NA,NA
"2024","low_gate",1,"open","C","BRTE",1,"low",1,0,0.0087,13,4,12.2222222222222,4.3,22.7,64.2776598360656,34.59,97.916,121,2.1,NA,NA,NA,NA,NA,NA,NA,NA,NA
"2024","low_gate",1,"open","C","BRTE",1,"low",1,4e-04,0,13,4,12.2222222222222,4.3,22.7,64.2776598360656,34.59,97.916,121,2.1,NA,NA,NA,NA,NA,NA,NA,NA,NA
"2024","low_gate",1,"open","C","BRTE",3,"low",1,0.0936,0,13,4,12.2222222222222,4.3,22.7,64.2776598360656,34.59,97.916,115,2.4,136,NA,NA,NA,NA,NA,NA,NA,NA
"2024","low_gate",1,"open","C","BRTE",3,"low",1,0,0.0087,13,4,12.2222222222222,4.3,22.7,64.2776598360656,34.59,97.916,115,2.4,136,NA,NA,NA,NA,NA,NA,NA,NA
"2024","low_gate",1,"open","C","BRTE",3,"low",1,4e-04,0,13,4,12.2222222222222,4.3,22.7,64.2776598360656,34.59,97.916,115,2.4,136,NA,NA,NA,NA,NA,NA,NA,NA
"2024","low_gate",1,"open","C","BRTE",2,"low",0,0.0936,0,13,4,12.2222222222222,4.3,22.7,64.2776598360656,34.59,97.916,NA,NA,NA,NA,NA,NA,NA,NA,NA,NA,NA
"2024","low_gate",1,"open","C","BRTE",2,"low",0,0,0.0087,13,4,12.2222222222222,4.3,22.7,64.2776598360656,34.59,97.916,NA,NA,NA,NA,NA,NA,NA,NA,NA,NA,NA
"2024","low_gate",1,"open","C","BRTE",2,"low",0,4e-04,0,13,4,12.2222222222222,4.3,22.7,64.2776598360656,34.59,97.916,NA,NA,NA,NA,NA,NA,NA,NA,NA,NA,NA
"2024","low_gate",1,"open","C","ALDE",2,"low",0,0.0936,0,13,4,12.2222222222222,4.3,22.7,64.2776598360656,34.59,97.916,NA,NA,NA,NA,NA,NA,NA,NA,NA,NA,NA
"2024","low_gate",1,"open","C","ALDE",2,"low",0,0,0.0087,13,4,12.2222222222222,4.3,22.7,64.2776598360656,34.59,97.916,NA,NA,NA,NA,NA,NA,NA,NA,NA,NA,NA
"2024","low_gate",1,"open","C","ALDE",2,"low",0,4e-04,0,13,4,12.2222222222222,4.3,22.7,64.2776598360656,34.59,97.916,NA,NA,NA,NA,NA,NA,NA,NA,NA,NA,NA
"2024","low_gate",1,"open","C","COPA",1,"low",0,0.0936,0,13,4,12.2222222222222,4.3,22.7,64.2776598360656,34.59,97.916,NA,NA,NA,NA,NA,NA,NA,NA,NA,NA,NA
"2024","low_gate",1,"open","C","COPA",1,"low",0,0,0.0087,13,4,12.2222222222222,4.3,22.7,64.2776598360656,34.59,97.916,NA,NA,NA,NA,NA,NA,NA,NA,NA,NA,NA
"2024","low_gate",1,"open","C","COPA",1,"low",0,4e-04,0,13,4,12.2222222222222,4.3,22.7,64.2776598360656,34.59,97.916,NA,NA,NA,NA,NA,NA,NA,NA,NA,NA,NA
"2024","low_gate",1,"open","C","COPA",3,"low",0,0.0936,0,13,4,12.2222222222222,4.3,22.7,64.2776598360656,34.59,97.916,NA,NA,NA,NA,NA,NA,NA,NA,NA,NA,NA
"2024","low_gate",1,"open","C","COPA",3,"low",0,0,0.0087,13,4,12.2222222222222,4.3,22.7,64.2776598360656,34.59,97.916,NA,NA,NA,NA,NA,NA,NA,NA,NA,NA,NA
"2024","low_gate",1,"open","C","COPA",3,"low",0,4e-04,0,13,4,12.2222222222222,4.3,22.7,64.2776598360656,34.59,97.916,NA,NA,NA,NA,NA,NA,NA,NA,NA,NA,NA
"2024","low_gate",1,"open","C","ALDE",3,"low",0,0.0936,0,13,4,12.2222222222222,4.3,22.7,64.2776598360656,34.59,97.916,NA,NA,NA,NA,NA,NA,NA,NA,NA,NA,NA
"2024","low_gate",1,"open","C","ALDE",3,"low",0,0,0.0087,13,4,12.2222222222222,4.3,22.7,64.2776598360656,34.59,97.916,NA,NA,NA,NA,NA,NA,NA,NA,NA,NA,NA
"2024","low_gate",1,"open","C","ALDE",3,"low",0,4e-04,0,13,4,12.2222222222222,4.3,22.7,64.2776598360656,34.59,97.916,NA,NA,NA,NA,NA,NA,NA,NA,NA,NA,NA
"2024","low_gate",1,"open","R","ALDE",3,"low",0,0,0,0,0,12.2222222222222,4.3,22.7,64.2776598360656,34.59,97.916,NA,NA,NA,NA,NA,NA,NA,NA,NA,NA,NA
"2024","low_gate",1,"open","R","BRTE",3,"low",0,0,0,0,0,12.2222222222222,4.3,22.7,64.2776598360656,34.59,97.916,NA,NA,NA,NA,NA,NA,NA,NA,NA,NA,NA
"2024","low_gate",1,"open","R","COPA",3,"low",1,0,0,0,0,12.2222222222222,4.3,22.7,64.2776598360656,34.59,97.916,103,3.4,136,164,NA,NA,NA,NA,NA,NA,NA
"2024","low_gate",1,"open","R","COPA",2,"low",1,0,0,0,0,12.2222222222222,4.3,22.7,64.2776598360656,34.59,97.916,103,3,136,149,0.0047,6.5831,0.001,0,0,18.098,"0.0021"
"2024","low_gate",1,"open","R","COPA",2,"low",1,0,0,0,0,12.2222222222222,4.3,22.7,64.2776598360656,34.59,97.916,103,3,136,149,0.0047,6.5831,0.001,0,0,15.225,"0.001"
"2024","low_gate",1,"open","R","ALDE",1,"low",0,0,0,0,0,12.2222222222222,4.3,22.7,64.2776598360656,34.59,97.916,NA,NA,NA,NA,NA,NA,NA,NA,NA,NA,NA
"2024","low_gate",1,"open","R","COPA",1,"low",0,0,0,0,0,12.2222222222222,4.3,22.7,64.2776598360656,34.59,97.916,NA,NA,NA,NA,NA,NA,NA,NA,NA,NA,NA
"2024","low_gate",1,"open","R","BRTE",1,"low",0,0,0,0,0,12.2222222222222,4.3,22.7,64.2776598360656,34.59,97.916,NA,NA,NA,NA,NA,NA,NA,NA,NA,NA,NA
"2024","low_gate",1,"open","R","ALDE",2,"low",0,0,0,0,0,12.2222222222222,4.3,22.7,64.2776598360656,34.59,97.916,NA,NA,NA,NA,NA,NA,NA,NA,NA,NA,NA
"2024","low_gate",1,"open","R","BRTE",2,"low",0,0,0,0,0,12.2222222222222,4.3,22.7,64.2776598360656,34.59,97.916,NA,NA,NA,NA,NA,NA,NA,NA,NA,NA,NA
"2024","low_gate",1,"shrub","C","BRTE",1,"low",1,0.0022,0,29,10,12.4333333333333,4.7,21.8,57.8800081967213,35.758,82.152,103,0,NA,NA,NA,NA,NA,NA,NA,NA,NA
"2024","low_gate",1,"shrub","C","BRTE",1,"low",1,0,0.0962,29,10,12.4333333333333,4.7,21.8,57.8800081967213,35.758,82.152,103,0,NA,NA,NA,NA,NA,NA,NA,NA,NA
"2024","low_gate",1,"shrub","C","BRTE",1,"low",1,0.1441,0,29,10,12.4333333333333,4.7,21.8,57.8800081967213,35.758,82.152,103,0,NA,NA,NA,NA,NA,NA,NA,NA,NA
"2024","low_gate",1,"shrub","C","ALDE",2,"low",0,0.0022,0,29,10,12.4333333333333,4.7,21.8,57.8800081967213,35.758,82.152,NA,NA,NA,NA,NA,NA,NA,NA,NA,NA,NA
"2024","low_gate",1,"shrub","C","ALDE",2,"low",0,0,0.0962,29,10,12.4333333333333,4.7,21.8,57.8800081967213,35.758,82.152,NA,NA,NA,NA,NA,NA,NA,NA,NA,NA,NA
"2024","low_gate",1,"shrub","C","ALDE",2,"low",0,0.1441,0,29,10,12.4333333333333,4.7,21.8,57.8800081967213,35.758,82.152,NA,NA,NA,NA,NA,NA,NA,NA,NA,NA,NA
"2024","low_gate",1,"shrub","C","COPA",1,"low",0,0.0022,0,29,10,12.4333333333333,4.7,21.8,57.8800081967213,35.758,82.152,NA,NA,NA,NA,NA,NA,NA,NA,NA,NA,NA
"2024","low_gate",1,"shrub","C","COPA",1,"low",0,0,0.0962,29,10,12.4333333333333,4.7,21.8,57.8800081967213,35.758,82.152,NA,NA,NA,NA,NA,NA,NA,NA,NA,NA,NA
"2024","low_gate",1,"shrub","C","COPA",1,"low",0,0.1441,0,29,10,12.4333333333333,4.7,21.8,57.8800081967213,35.758,82.152,NA,NA,NA,NA,NA,NA,NA,NA,NA,NA,NA
"2024","low_gate",1,"shrub","C","COPA",3,"low",1,0.0022,0,29,10,12.4333333333333,4.7,21.8,57.8800081967213,35.758,82.152,103,2.8,136,164,0.0022,3.996,7e-04,0,0,15.859,"0.0008"
"2024","low_gate",1,"shrub","C","COPA",3,"low",1,0,0.0962,29,10,12.4333333333333,4.7,21.8,57.8800081967213,35.758,82.152,103,2.8,136,164,0.0022,3.996,7e-04,0,0,15.859,"0.0008"
"2024","low_gate",1,"shrub","C","COPA",3,"low",1,0.1441,0,29,10,12.4333333333333,4.7,21.8,57.8800081967213,35.758,82.152,103,2.8,136,164,0.0022,3.996,7e-04,0,0,15.859,"0.0008"
"2024","low_gate",1,"shrub","C","BRTE",3,"low",1,0.0022,0,29,10,12.4333333333333,4.7,21.8,57.8800081967213,35.758,82.152,115,10.8,164,169,0.0196,11.1317,7e-04,2,0.005,53.374,"0.0017"
"2024","low_gate",1,"shrub","C","BRTE",3,"low",1,0,0.0962,29,10,12.4333333333333,4.7,21.8,57.8800081967213,35.758,82.152,115,10.8,164,169,0.0196,11.1317,7e-04,2,0.005,53.374,"0.0017"
"2024","low_gate",1,"shrub","C","BRTE",3,"low",1,0.1441,0,29,10,12.4333333333333,4.7,21.8,57.8800081967213,35.758,82.152,115,10.8,164,169,0.0196,11.1317,7e-04,2,0.005,53.374,"0.0017"
"2024","low_gate",1,"shrub","C","BRTE",2,"low",1,0.0022,0,29,10,12.4333333333333,4.7,21.8,57.8800081967213,35.758,82.152,103,4.4,NA,NA,NA,NA,NA,NA,NA,NA,NA
"2024","low_gate",1,"shrub","C","BRTE",2,"low",1,0,0.0962,29,10,12.4333333333333,4.7,21.8,57.8800081967213,35.758,82.152,103,4.4,NA,NA,NA,NA,NA,NA,NA,NA,NA
"2024","low_gate",1,"shrub","C","BRTE",2,"low",1,0.1441,0,29,10,12.4333333333333,4.7,21.8,57.8800081967213,35.758,82.152,103,4.4,NA,NA,NA,NA,NA,NA,NA,NA,NA
"2024","low_gate",1,"shrub","C","ALDE",1,"low",0,0.0022,0,29,10,12.4333333333333,4.7,21.8,57.8800081967213,35.758,82.152,NA,NA,NA,NA,NA,NA,NA,NA,NA,NA,NA
"2024","low_gate",1,"shrub","C","ALDE",1,"low",0,0,0.0962,29,10,12.4333333333333,4.7,21.8,57.8800081967213,35.758,82.152,NA,NA,NA,NA,NA,NA,NA,NA,NA,NA,NA
"2024","low_gate",1,"shrub","C","ALDE",1,"low",0,0.1441,0,29,10,12.4333333333333,4.7,21.8,57.8800081967213,35.758,82.152,NA,NA,NA,NA,NA,NA,NA,NA,NA,NA,NA
"2024","low_gate",1,"shrub","C","COPA",2,"low",1,0.0022,0,29,10,12.4333333333333,4.7,21.8,57.8800081967213,35.758,82.152,103,0,NA,NA,NA,NA,NA,NA,NA,NA,NA
"2024","low_gate",1,"shrub","C","COPA",2,"low",1,0,0.0962,29,10,12.4333333333333,4.7,21.8,57.8800081967213,35.758,82.152,103,0,NA,NA,NA,NA,NA,NA,NA,NA,NA
"2024","low_gate",1,"shrub","C","COPA",2,"low",1,0.1441,0,29,10,12.4333333333333,4.7,21.8,57.8800081967213,35.758,82.152,103,0,NA,NA,NA,NA,NA,NA,NA,NA,NA
"2024","low_gate",1,"shrub","C","ALDE",3,"low",0,0.0022,0,29,10,12.4333333333333,4.7,21.8,57.8800081967213,35.758,82.152,NA,NA,NA,NA,NA,NA,NA,NA,NA,NA,NA
"2024","low_gate",1,"shrub","C","ALDE",3,"low",0,0,0.0962,29,10,12.4333333333333,4.7,21.8,57.8800081967213,35.758,82.152,NA,NA,NA,NA,NA,NA,NA,NA,NA,NA,NA
"2024","low_gate",1,"shrub","C","ALDE",3,"low",0,0.1441,0,29,10,12.4333333333333,4.7,21.8,57.8800081967213,35.758,82.152,NA,NA,NA,NA,NA,NA,NA,NA,NA,NA,NA
"2024","low_gate",1,"shrub","R","COPA",2,"low",0,0,0,0,0,12.4333333333333,4.7,21.8,57.8800081967213,35.758,82.152,NA,NA,NA,NA,NA,NA,NA,NA,NA,NA,NA
"2024","low_gate",1,"shrub","R","BRTE",1,"low",1,0,0,0,0,12.4333333333333,4.7,21.8,57.8800081967213,35.758,82.152,103,12.1,164,169,0.0354,9.1717,0.0011,10,0.0177,92.18,"0.0026"
"2024","low_gate",1,"shrub","R","COPA",3,"low",1,0,0,0,0,12.4333333333333,4.7,21.8,57.8800081967213,35.758,82.152,103,0.9,NA,NA,NA,NA,NA,NA,NA,NA,NA
"2024","low_gate",1,"shrub","R","ALDE",3,"low",0,0,0,0,0,12.4333333333333,4.7,21.8,57.8800081967213,35.758,82.152,NA,NA,NA,NA,NA,NA,NA,NA,NA,NA,NA
"2024","low_gate",1,"shrub","R","COPA",1,"low",1,0,0,0,0,12.4333333333333,4.7,21.8,57.8800081967213,35.758,82.152,103,3.4,136,164,0.003,11.3025,0.0014,0,0,23.023,"0.0012"
"2024","low_gate",1,"shrub","R","ALDE",1,"low",1,0,0,0,0,12.4333333333333,4.7,21.8,57.8800081967213,35.758,82.152,103,1.2,NA,NA,NA,NA,NA,NA,NA,NA,NA
"2024","low_gate",1,"shrub","R","BRTE",3,"low",0,0,0,0,0,12.4333333333333,4.7,21.8,57.8800081967213,35.758,82.152,NA,NA,NA,NA,NA,NA,NA,NA,NA,NA,NA
"2024","low_gate",1,"shrub","R","BRTE",2,"low",0,0,0,0,0,12.4333333333333,4.7,21.8,57.8800081967213,35.758,82.152,NA,NA,NA,NA,NA,NA,NA,NA,NA,NA,NA
"2024","low_gate",1,"shrub","R","ALDE",2,"low",0,0,0,0,0,12.4333333333333,4.7,21.8,57.8800081967213,35.758,82.152,NA,NA,NA,NA,NA,NA,NA,NA,NA,NA,NA
"2024","low_gate",2,"open","C","ALDE",2,"low",0,0.074,0,13,5,11.7888888888889,2.9,25.6,64.2776598360656,34.59,97.916,NA,NA,NA,NA,NA,NA,NA,NA,NA,NA,NA
"2024","low_gate",2,"open","C","ALDE",2,"low",0,0,0.0165,13,5,11.7888888888889,2.9,25.6,64.2776598360656,34.59,97.916,NA,NA,NA,NA,NA,NA,NA,NA,NA,NA,NA
"2024","low_gate",2,"open","C","ALDE",2,"low",0,3e-04,0,13,5,11.7888888888889,2.9,25.6,64.2776598360656,34.59,97.916,NA,NA,NA,NA,NA,NA,NA,NA,NA,NA,NA
"2024","low_gate",2,"open","C","ALDE",3,"low",0,0.074,0,13,5,11.7888888888889,2.9,25.6,64.2776598360656,34.59,97.916,NA,NA,NA,NA,NA,NA,NA,NA,NA,NA,NA
"2024","low_gate",2,"open","C","ALDE",3,"low",0,0,0.0165,13,5,11.7888888888889,2.9,25.6,64.2776598360656,34.59,97.916,NA,NA,NA,NA,NA,NA,NA,NA,NA,NA,NA
"2024","low_gate",2,"open","C","ALDE",3,"low",0,3e-04,0,13,5,11.7888888888889,2.9,25.6,64.2776598360656,34.59,97.916,NA,NA,NA,NA,NA,NA,NA,NA,NA,NA,NA
"2024","low_gate",2,"open","C","BRTE",1,"low",1,0.074,0,13,5,11.7888888888889,2.9,25.6,64.2776598360656,34.59,97.916,103,5.1,164,177,0.0014,2.7598,4e-04,0,0,15.259,"0.0006"
"2024","low_gate",2,"open","C","BRTE",1,"low",1,0,0.0165,13,5,11.7888888888889,2.9,25.6,64.2776598360656,34.59,97.916,103,5.1,164,177,0.0014,2.7598,4e-04,0,0,15.259,"0.0006"
"2024","low_gate",2,"open","C","BRTE",1,"low",1,3e-04,0,13,5,11.7888888888889,2.9,25.6,64.2776598360656,34.59,97.916,103,5.1,164,177,0.0014,2.7598,4e-04,0,0,15.259,"0.0006"
"2024","low_gate",2,"open","C","COPA",3,"low",1,0.074,0,13,5,11.7888888888889,2.9,25.6,64.2776598360656,34.59,97.916,103,0,NA,NA,NA,NA,NA,NA,NA,NA,NA
"2024","low_gate",2,"open","C","COPA",3,"low",1,0,0.0165,13,5,11.7888888888889,2.9,25.6,64.2776598360656,34.59,97.916,103,0,NA,NA,NA,NA,NA,NA,NA,NA,NA
"2024","low_gate",2,"open","C","COPA",3,"low",1,3e-04,0,13,5,11.7888888888889,2.9,25.6,64.2776598360656,34.59,97.916,103,0,NA,NA,NA,NA,NA,NA,NA,NA,NA
"2024","low_gate",2,"open","C","BRTE",3,"low",0,0.074,0,13,5,11.7888888888889,2.9,25.6,64.2776598360656,34.59,97.916,NA,NA,NA,NA,NA,NA,NA,NA,NA,NA,NA
"2024","low_gate",2,"open","C","BRTE",3,"low",0,0,0.0165,13,5,11.7888888888889,2.9,25.6,64.2776598360656,34.59,97.916,NA,NA,NA,NA,NA,NA,NA,NA,NA,NA,NA
"2024","low_gate",2,"open","C","BRTE",3,"low",0,3e-04,0,13,5,11.7888888888889,2.9,25.6,64.2776598360656,34.59,97.916,NA,NA,NA,NA,NA,NA,NA,NA,NA,NA,NA
"2024","low_gate",2,"open","C","ALDE",1,"low",0,0.074,0,13,5,11.7888888888889,2.9,25.6,64.2776598360656,34.59,97.916,NA,NA,NA,NA,NA,NA,NA,NA,NA,NA,NA
"2024","low_gate",2,"open","C","ALDE",1,"low",0,0,0.0165,13,5,11.7888888888889,2.9,25.6,64.2776598360656,34.59,97.916,NA,NA,NA,NA,NA,NA,NA,NA,NA,NA,NA
"2024","low_gate",2,"open","C","ALDE",1,"low",0,3e-04,0,13,5,11.7888888888889,2.9,25.6,64.2776598360656,34.59,97.916,NA,NA,NA,NA,NA,NA,NA,NA,NA,NA,NA
"2024","low_gate",2,"open","C","BRTE",2,"low",0,0.074,0,13,5,11.7888888888889,2.9,25.6,64.2776598360656,34.59,97.916,NA,NA,NA,NA,NA,NA,NA,NA,NA,NA,NA
"2024","low_gate",2,"open","C","BRTE",2,"low",0,0,0.0165,13,5,11.7888888888889,2.9,25.6,64.2776598360656,34.59,97.916,NA,NA,NA,NA,NA,NA,NA,NA,NA,NA,NA
"2024","low_gate",2,"open","C","BRTE",2,"low",0,3e-04,0,13,5,11.7888888888889,2.9,25.6,64.2776598360656,34.59,97.916,NA,NA,NA,NA,NA,NA,NA,NA,NA,NA,NA
"2024","low_gate",2,"open","C","COPA",1,"low",1,0.074,0,13,5,11.7888888888889,2.9,25.6,64.2776598360656,34.59,97.916,103,1.7,136,164,3e-04,2.3244,6e-04,0,0,6.06,"0.0003"
"2024","low_gate",2,"open","C","COPA",1,"low",1,0,0.0165,13,5,11.7888888888889,2.9,25.6,64.2776598360656,34.59,97.916,103,1.7,136,164,3e-04,2.3244,6e-04,0,0,6.06,"0.0003"
"2024","low_gate",2,"open","C","COPA",1,"low",1,3e-04,0,13,5,11.7888888888889,2.9,25.6,64.2776598360656,34.59,97.916,103,1.7,136,164,3e-04,2.3244,6e-04,0,0,6.06,"0.0003"
"2024","low_gate",2,"open","C","COPA",2,"low",0,0.074,0,13,5,11.7888888888889,2.9,25.6,64.2776598360656,34.59,97.916,NA,NA,NA,NA,NA,NA,NA,NA,NA,NA,NA
"2024","low_gate",2,"open","C","COPA",2,"low",0,0,0.0165,13,5,11.7888888888889,2.9,25.6,64.2776598360656,34.59,97.916,NA,NA,NA,NA,NA,NA,NA,NA,NA,NA,NA
"2024","low_gate",2,"open","C","COPA",2,"low",0,3e-04,0,13,5,11.7888888888889,2.9,25.6,64.2776598360656,34.59,97.916,NA,NA,NA,NA,NA,NA,NA,NA,NA,NA,NA
"2024","low_gate",2,"open","R","BRTE",3,"low",0,0,0,0,0,11.7888888888889,2.9,25.6,64.2776598360656,34.59,97.916,NA,NA,NA,NA,NA,NA,NA,NA,NA,NA,NA
"2024","low_gate",2,"open","R","COPA",2,"low",0,0,0,0,0,11.7888888888889,2.9,25.6,64.2776598360656,34.59,97.916,NA,NA,NA,NA,NA,NA,NA,NA,NA,NA,NA
"2024","low_gate",2,"open","R","COPA",1,"low",0,0,0,0,0,11.7888888888889,2.9,25.6,64.2776598360656,34.59,97.916,NA,NA,NA,NA,NA,NA,NA,NA,NA,NA,NA
"2024","low_gate",2,"open","R","BRTE",2,"low",0,0,0,0,0,11.7888888888889,2.9,25.6,64.2776598360656,34.59,97.916,NA,NA,NA,NA,NA,NA,NA,NA,NA,NA,NA
"2024","low_gate",2,"open","R","ALDE",2,"low",0,0,0,0,0,11.7888888888889,2.9,25.6,64.2776598360656,34.59,97.916,NA,NA,NA,NA,NA,NA,NA,NA,NA,NA,NA
"2024","low_gate",2,"open","R","COPA",3,"low",0,0,0,0,0,11.7888888888889,2.9,25.6,64.2776598360656,34.59,97.916,NA,NA,NA,NA,NA,NA,NA,NA,NA,NA,NA
"2024","low_gate",2,"open","R","ALDE",1,"low",1,0,0,0,0,11.7888888888889,2.9,25.6,64.2776598360656,34.59,97.916,103,2.8,177,NA,0.0011,NA,NA,0,0,0.827,"<.0001"
"2024","low_gate",2,"open","R","BRTE",1,"low",0,0,0,0,0,11.7888888888889,2.9,25.6,64.2776598360656,34.59,97.916,NA,NA,NA,NA,NA,NA,NA,NA,NA,NA,NA
"2024","low_gate",2,"open","R","ALDE",3,"low",0,0,0,0,0,11.7888888888889,2.9,25.6,64.2776598360656,34.59,97.916,NA,NA,NA,NA,NA,NA,NA,NA,NA,NA,NA
"2024","low_gate",2,"shrub","C","COPA",1,"low",0,0.0011,0,1,2,13.8444444444444,5.4,26.1,57.8800081967213,35.758,82.152,NA,NA,NA,NA,NA,NA,NA,NA,NA,NA,NA
"2024","low_gate",2,"shrub","C","COPA",1,"low",0,0,0.0241,1,2,13.8444444444444,5.4,26.1,57.8800081967213,35.758,82.152,NA,NA,NA,NA,NA,NA,NA,NA,NA,NA,NA
"2024","low_gate",2,"shrub","C","BRTE",2,"low",1,0.0011,0,1,2,13.8444444444444,5.4,26.1,57.8800081967213,35.758,82.152,103,0,NA,NA,NA,NA,NA,NA,NA,NA,NA
"2024","low_gate",2,"shrub","C","BRTE",2,"low",1,0,0.0241,1,2,13.8444444444444,5.4,26.1,57.8800081967213,35.758,82.152,103,0,NA,NA,NA,NA,NA,NA,NA,NA,NA
"2024","low_gate",2,"shrub","C","ALDE",1,"low",0,0.0011,0,1,2,13.8444444444444,5.4,26.1,57.8800081967213,35.758,82.152,NA,NA,NA,NA,NA,NA,NA,NA,NA,NA,NA
"2024","low_gate",2,"shrub","C","ALDE",1,"low",0,0,0.0241,1,2,13.8444444444444,5.4,26.1,57.8800081967213,35.758,82.152,NA,NA,NA,NA,NA,NA,NA,NA,NA,NA,NA
"2024","low_gate",2,"shrub","C","COPA",2,"low",1,0.0011,0,1,2,13.8444444444444,5.4,26.1,57.8800081967213,35.758,82.152,103,0,NA,NA,NA,NA,NA,NA,NA,NA,NA
"2024","low_gate",2,"shrub","C","COPA",2,"low",1,0,0.0241,1,2,13.8444444444444,5.4,26.1,57.8800081967213,35.758,82.152,103,0,NA,NA,NA,NA,NA,NA,NA,NA,NA
"2024","low_gate",2,"shrub","C","COPA",3,"low",0,0.0011,0,1,2,13.8444444444444,5.4,26.1,57.8800081967213,35.758,82.152,NA,NA,NA,NA,NA,NA,NA,NA,NA,NA,NA
"2024","low_gate",2,"shrub","C","COPA",3,"low",0,0,0.0241,1,2,13.8444444444444,5.4,26.1,57.8800081967213,35.758,82.152,NA,NA,NA,NA,NA,NA,NA,NA,NA,NA,NA
"2024","low_gate",2,"shrub","C","ALDE",3,"low",0,0.0011,0,1,2,13.8444444444444,5.4,26.1,57.8800081967213,35.758,82.152,NA,NA,NA,NA,NA,NA,NA,NA,NA,NA,NA
"2024","low_gate",2,"shrub","C","ALDE",3,"low",0,0,0.0241,1,2,13.8444444444444,5.4,26.1,57.8800081967213,35.758,82.152,NA,NA,NA,NA,NA,NA,NA,NA,NA,NA,NA
"2024","low_gate",2,"shrub","C","BRTE",1,"low",1,0.0011,0,1,2,13.8444444444444,5.4,26.1,57.8800081967213,35.758,82.152,103,0,NA,NA,NA,NA,NA,NA,NA,NA,NA
"2024","low_gate",2,"shrub","C","BRTE",1,"low",1,0,0.0241,1,2,13.8444444444444,5.4,26.1,57.8800081967213,35.758,82.152,103,0,NA,NA,NA,NA,NA,NA,NA,NA,NA
"2024","low_gate",2,"shrub","C","ALDE",2,"low",1,0.0011,0,1,2,13.8444444444444,5.4,26.1,57.8800081967213,35.758,82.152,115,0,NA,NA,NA,NA,NA,NA,NA,NA,NA
"2024","low_gate",2,"shrub","C","ALDE",2,"low",1,0,0.0241,1,2,13.8444444444444,5.4,26.1,57.8800081967213,35.758,82.152,115,0,NA,NA,NA,NA,NA,NA,NA,NA,NA
"2024","low_gate",2,"shrub","C","BRTE",3,"low",1,0.0011,0,1,2,13.8444444444444,5.4,26.1,57.8800081967213,35.758,82.152,103,0,NA,NA,NA,NA,NA,NA,NA,NA,NA
"2024","low_gate",2,"shrub","C","BRTE",3,"low",1,0,0.0241,1,2,13.8444444444444,5.4,26.1,57.8800081967213,35.758,82.152,103,0,NA,NA,NA,NA,NA,NA,NA,NA,NA
"2024","low_gate",2,"shrub","R","ALDE",1,"low",0,0,0,0,0,13.8444444444444,5.4,26.1,57.8800081967213,35.758,82.152,NA,NA,NA,NA,NA,NA,NA,NA,NA,NA,NA
"2024","low_gate",2,"shrub","R","BRTE",2,"low",1,0,0,0,0,13.8444444444444,5.4,26.1,57.8800081967213,35.758,82.152,103,2.8,177,177,0.0015,4.1429,5e-04,0,0,8.008,"0.0004"
"2024","low_gate",2,"shrub","R","COPA",1,"low",1,0,0,0,0,13.8444444444444,5.4,26.1,57.8800081967213,35.758,82.152,103,5.5,136,164,0.0038,8.3897,0.002,0,0,NA,NA
"2024","low_gate",2,"shrub","R","ALDE",3,"low",0,0,0,0,0,13.8444444444444,5.4,26.1,57.8800081967213,35.758,82.152,NA,NA,NA,NA,NA,NA,NA,NA,NA,NA,NA
"2024","low_gate",2,"shrub","R","COPA",2,"low",1,0,0,0,0,13.8444444444444,5.4,26.1,57.8800081967213,35.758,82.152,115,0,NA,NA,NA,NA,NA,NA,NA,NA,NA
"2024","low_gate",2,"shrub","R","BRTE",1,"low",1,0,0,0,0,13.8444444444444,5.4,26.1,57.8800081967213,35.758,82.152,103,0,NA,NA,NA,NA,NA,NA,NA,NA,NA
"2024","low_gate",2,"shrub","R","ALDE",2,"low",0,0,0,0,0,13.8444444444444,5.4,26.1,57.8800081967213,35.758,82.152,NA,NA,NA,NA,NA,NA,NA,NA,NA,NA,NA
"2024","low_gate",2,"shrub","R","BRTE",3,"low",0,0,0,0,0,13.8444444444444,5.4,26.1,57.8800081967213,35.758,82.152,NA,NA,NA,NA,NA,NA,NA,NA,NA,NA,NA
"2024","low_gate",2,"shrub","R","COPA",3,"low",1,0,0,0,0,13.8444444444444,5.4,26.1,57.8800081967213,35.758,82.152,103,4,136,NA,0.0012,4.0663,9e-04,0,0,4.891,"0.0001"
"2024","low_gate",3,"open","C","ALDE",3,"low",0,0.0626,0,12,2,11.9666666666667,3.5,22.8,64.2776598360656,34.59,97.916,NA,NA,NA,NA,NA,NA,NA,NA,NA,NA,NA
"2024","low_gate",3,"open","C","ALDE",3,"low",0,0.0065,0,12,2,11.9666666666667,3.5,22.8,64.2776598360656,34.59,97.916,NA,NA,NA,NA,NA,NA,NA,NA,NA,NA,NA
"2024","low_gate",3,"open","C","BRTE",3,"low",0,0.0626,0,12,2,11.9666666666667,3.5,22.8,64.2776598360656,34.59,97.916,NA,NA,NA,NA,NA,NA,NA,NA,NA,NA,NA
"2024","low_gate",3,"open","C","BRTE",3,"low",0,0.0065,0,12,2,11.9666666666667,3.5,22.8,64.2776598360656,34.59,97.916,NA,NA,NA,NA,NA,NA,NA,NA,NA,NA,NA
"2024","low_gate",3,"open","C","ALDE",2,"low",0,0.0626,0,12,2,11.9666666666667,3.5,22.8,64.2776598360656,34.59,97.916,NA,NA,NA,NA,NA,NA,NA,NA,NA,NA,NA
"2024","low_gate",3,"open","C","ALDE",2,"low",0,0.0065,0,12,2,11.9666666666667,3.5,22.8,64.2776598360656,34.59,97.916,NA,NA,NA,NA,NA,NA,NA,NA,NA,NA,NA
"2024","low_gate",3,"open","C","COPA",3,"low",1,0.0626,0,12,2,11.9666666666667,3.5,22.8,64.2776598360656,34.59,97.916,103,3.7,136,164,0.0044,7.2603,0.0017,0,0,14.789,"0.0014"
"2024","low_gate",3,"open","C","COPA",3,"low",1,0.0065,0,12,2,11.9666666666667,3.5,22.8,64.2776598360656,34.59,97.916,103,3.7,136,164,0.0044,7.2603,0.0017,0,0,14.789,"0.0014"
"2024","low_gate",3,"open","C","BRTE",1,"low",1,0.0626,0,12,2,11.9666666666667,3.5,22.8,64.2776598360656,34.59,97.916,103,3,NA,NA,NA,NA,NA,NA,NA,NA,NA
"2024","low_gate",3,"open","C","BRTE",1,"low",1,0.0065,0,12,2,11.9666666666667,3.5,22.8,64.2776598360656,34.59,97.916,103,3,NA,NA,NA,NA,NA,NA,NA,NA,NA
"2024","low_gate",3,"open","C","COPA",1,"low",0,0.0626,0,12,2,11.9666666666667,3.5,22.8,64.2776598360656,34.59,97.916,NA,NA,NA,NA,NA,NA,NA,NA,NA,NA,NA
"2024","low_gate",3,"open","C","COPA",1,"low",0,0.0065,0,12,2,11.9666666666667,3.5,22.8,64.2776598360656,34.59,97.916,NA,NA,NA,NA,NA,NA,NA,NA,NA,NA,NA
"2024","low_gate",3,"open","C","BRTE",2,"low",1,0.0626,0,12,2,11.9666666666667,3.5,22.8,64.2776598360656,34.59,97.916,136,5.1,NA,NA,NA,NA,NA,NA,NA,NA,NA
"2024","low_gate",3,"open","C","BRTE",2,"low",1,0.0065,0,12,2,11.9666666666667,3.5,22.8,64.2776598360656,34.59,97.916,136,5.1,NA,NA,NA,NA,NA,NA,NA,NA,NA
"2024","low_gate",3,"open","C","ALDE",1,"low",0,0.0626,0,12,2,11.9666666666667,3.5,22.8,64.2776598360656,34.59,97.916,NA,NA,NA,NA,NA,NA,NA,NA,NA,NA,NA
"2024","low_gate",3,"open","C","ALDE",1,"low",0,0.0065,0,12,2,11.9666666666667,3.5,22.8,64.2776598360656,34.59,97.916,NA,NA,NA,NA,NA,NA,NA,NA,NA,NA,NA
"2024","low_gate",3,"open","C","COPA",2,"low",1,0.0626,0,12,2,11.9666666666667,3.5,22.8,64.2776598360656,34.59,97.916,103,2.6,136,164,0.0021,3.8682,0.0011,0,0,NA,NA
"2024","low_gate",3,"open","C","COPA",2,"low",1,0.0065,0,12,2,11.9666666666667,3.5,22.8,64.2776598360656,34.59,97.916,103,2.6,136,164,0.0021,3.8682,0.0011,0,0,NA,NA
"2024","low_gate",3,"open","R","BRTE",3,"low",1,0,0,0,0,11.9666666666667,3.5,22.8,64.2776598360656,34.59,97.916,103,10.3,164,169,NA,NA,NA,NA,NA,NA,NA
"2024","low_gate",3,"open","R","COPA",3,"low",1,0,0,0,0,11.9666666666667,3.5,22.8,64.2776598360656,34.59,97.916,136,3.2,136,164,0.001,3.1355,0.001,0,0,NA,NA
"2024","low_gate",3,"open","R","COPA",1,"low",1,0,0,0,0,11.9666666666667,3.5,22.8,64.2776598360656,34.59,97.916,121,0.1,NA,NA,NA,NA,NA,NA,NA,NA,NA
"2024","low_gate",3,"open","R","COPA",2,"low",1,0,0,0,0,11.9666666666667,3.5,22.8,64.2776598360656,34.59,97.916,103,0.7,NA,NA,NA,NA,NA,NA,NA,NA,NA
"2024","low_gate",3,"open","R","BRTE",1,"low",1,0,0,0,0,11.9666666666667,3.5,22.8,64.2776598360656,34.59,97.916,103,0,NA,NA,NA,NA,NA,NA,NA,NA,NA
"2024","low_gate",3,"open","R","ALDE",3,"low",0,0,0,0,0,11.9666666666667,3.5,22.8,64.2776598360656,34.59,97.916,NA,NA,NA,NA,NA,NA,NA,NA,NA,NA,NA
"2024","low_gate",3,"open","R","ALDE",2,"low",1,0,0,0,0,11.9666666666667,3.5,22.8,64.2776598360656,34.59,97.916,115,0,NA,NA,NA,NA,NA,NA,NA,NA,NA
"2024","low_gate",3,"open","R","ALDE",1,"low",0,0,0,0,0,11.9666666666667,3.5,22.8,64.2776598360656,34.59,97.916,NA,NA,NA,NA,NA,NA,NA,NA,NA,NA,NA
"2024","low_gate",3,"open","R","BRTE",2,"low",0,0,0,0,0,11.9666666666667,3.5,22.8,64.2776598360656,34.59,97.916,NA,NA,NA,NA,NA,NA,NA,NA,NA,NA,NA
"2024","low_gate",3,"shrub","C","BRTE",2,"low",1,0,0.0279,16,16,12.8,4.9,17.7,57.8800081967213,35.758,82.152,103,8.2,164,177,0.0126,15.8172,0.0012,4,0.006,13.552,"0.0004"
"2024","low_gate",3,"shrub","C","BRTE",2,"low",1,7e-04,0,16,16,12.8,4.9,17.7,57.8800081967213,35.758,82.152,103,8.2,164,177,0.0126,15.8172,0.0012,4,0.006,13.552,"0.0004"
"2024","low_gate",3,"shrub","C","BRTE",2,"low",1,0.0086,0,16,16,12.8,4.9,17.7,57.8800081967213,35.758,82.152,103,8.2,164,177,0.0126,15.8172,0.0012,4,0.006,13.552,"0.0004"
"2024","low_gate",3,"shrub","C","COPA",3,"low",1,0,0.0279,16,16,12.8,4.9,17.7,57.8800081967213,35.758,82.152,103,0,NA,NA,NA,NA,NA,NA,NA,NA,NA
"2024","low_gate",3,"shrub","C","COPA",3,"low",1,7e-04,0,16,16,12.8,4.9,17.7,57.8800081967213,35.758,82.152,103,0,NA,NA,NA,NA,NA,NA,NA,NA,NA
"2024","low_gate",3,"shrub","C","COPA",3,"low",1,0.0086,0,16,16,12.8,4.9,17.7,57.8800081967213,35.758,82.152,103,0,NA,NA,NA,NA,NA,NA,NA,NA,NA
"2024","low_gate",3,"shrub","C","ALDE",3,"low",0,0,0.0279,16,16,12.8,4.9,17.7,57.8800081967213,35.758,82.152,NA,NA,NA,NA,NA,NA,NA,NA,NA,NA,NA
"2024","low_gate",3,"shrub","C","ALDE",3,"low",0,7e-04,0,16,16,12.8,4.9,17.7,57.8800081967213,35.758,82.152,NA,NA,NA,NA,NA,NA,NA,NA,NA,NA,NA
"2024","low_gate",3,"shrub","C","ALDE",3,"low",0,0.0086,0,16,16,12.8,4.9,17.7,57.8800081967213,35.758,82.152,NA,NA,NA,NA,NA,NA,NA,NA,NA,NA,NA
"2024","low_gate",3,"shrub","C","BRTE",1,"low",0,0,0.0279,16,16,12.8,4.9,17.7,57.8800081967213,35.758,82.152,NA,NA,NA,NA,NA,NA,NA,NA,NA,NA,NA
"2024","low_gate",3,"shrub","C","BRTE",1,"low",0,7e-04,0,16,16,12.8,4.9,17.7,57.8800081967213,35.758,82.152,NA,NA,NA,NA,NA,NA,NA,NA,NA,NA,NA
"2024","low_gate",3,"shrub","C","BRTE",1,"low",0,0.0086,0,16,16,12.8,4.9,17.7,57.8800081967213,35.758,82.152,NA,NA,NA,NA,NA,NA,NA,NA,NA,NA,NA
"2024","low_gate",3,"shrub","C","BRTE",3,"low",0,0,0.0279,16,16,12.8,4.9,17.7,57.8800081967213,35.758,82.152,NA,NA,NA,NA,NA,NA,NA,NA,NA,NA,NA
"2024","low_gate",3,"shrub","C","BRTE",3,"low",0,7e-04,0,16,16,12.8,4.9,17.7,57.8800081967213,35.758,82.152,NA,NA,NA,NA,NA,NA,NA,NA,NA,NA,NA
"2024","low_gate",3,"shrub","C","BRTE",3,"low",0,0.0086,0,16,16,12.8,4.9,17.7,57.8800081967213,35.758,82.152,NA,NA,NA,NA,NA,NA,NA,NA,NA,NA,NA
"2024","low_gate",3,"shrub","C","COPA",1,"low",1,0,0.0279,16,16,12.8,4.9,17.7,57.8800081967213,35.758,82.152,103,0,NA,NA,NA,NA,NA,NA,NA,NA,NA
"2024","low_gate",3,"shrub","C","COPA",1,"low",1,7e-04,0,16,16,12.8,4.9,17.7,57.8800081967213,35.758,82.152,103,0,NA,NA,NA,NA,NA,NA,NA,NA,NA
"2024","low_gate",3,"shrub","C","COPA",1,"low",1,0.0086,0,16,16,12.8,4.9,17.7,57.8800081967213,35.758,82.152,103,0,NA,NA,NA,NA,NA,NA,NA,NA,NA
"2024","low_gate",3,"shrub","C","COPA",2,"low",1,0,0.0279,16,16,12.8,4.9,17.7,57.8800081967213,35.758,82.152,103,2.5,141,NA,7e-04,7.2986,6e-04,0,0,3.842,"0.0001"
"2024","low_gate",3,"shrub","C","COPA",2,"low",1,7e-04,0,16,16,12.8,4.9,17.7,57.8800081967213,35.758,82.152,103,2.5,141,NA,7e-04,7.2986,6e-04,0,0,3.842,"0.0001"
"2024","low_gate",3,"shrub","C","COPA",2,"low",1,0.0086,0,16,16,12.8,4.9,17.7,57.8800081967213,35.758,82.152,103,2.5,141,NA,7e-04,7.2986,6e-04,0,0,3.842,"0.0001"
"2024","low_gate",3,"shrub","C","ALDE",2,"low",1,0,0.0279,16,16,12.8,4.9,17.7,57.8800081967213,35.758,82.152,136,2.1,NA,NA,NA,NA,NA,NA,NA,NA,NA
"2024","low_gate",3,"shrub","C","ALDE",2,"low",1,7e-04,0,16,16,12.8,4.9,17.7,57.8800081967213,35.758,82.152,136,2.1,NA,NA,NA,NA,NA,NA,NA,NA,NA
"2024","low_gate",3,"shrub","C","ALDE",2,"low",1,0.0086,0,16,16,12.8,4.9,17.7,57.8800081967213,35.758,82.152,136,2.1,NA,NA,NA,NA,NA,NA,NA,NA,NA
"2024","low_gate",3,"shrub","C","ALDE",1,"low",0,0,0.0279,16,16,12.8,4.9,17.7,57.8800081967213,35.758,82.152,NA,NA,NA,NA,NA,NA,NA,NA,NA,NA,NA
"2024","low_gate",3,"shrub","C","ALDE",1,"low",0,7e-04,0,16,16,12.8,4.9,17.7,57.8800081967213,35.758,82.152,NA,NA,NA,NA,NA,NA,NA,NA,NA,NA,NA
"2024","low_gate",3,"shrub","C","ALDE",1,"low",0,0.0086,0,16,16,12.8,4.9,17.7,57.8800081967213,35.758,82.152,NA,NA,NA,NA,NA,NA,NA,NA,NA,NA,NA
"2024","low_gate",3,"shrub","R","BRTE",3,"low",0,0,0,0,0,12.8,4.9,17.7,57.8800081967213,35.758,82.152,NA,NA,NA,NA,NA,NA,NA,NA,NA,NA,NA
"2024","low_gate",3,"shrub","R","COPA",1,"low",1,0,0,0,0,12.8,4.9,17.7,57.8800081967213,35.758,82.152,103,3.5,136,157,0.0016,10.1451,0.0016,0,0,NA,NA
"2024","low_gate",3,"shrub","R","BRTE",1,"low",1,0,0,0,0,12.8,4.9,17.7,57.8800081967213,35.758,82.152,103,5.8,NA,NA,NA,NA,NA,NA,NA,NA,NA
"2024","low_gate",3,"shrub","R","ALDE",1,"low",0,0,0,0,0,12.8,4.9,17.7,57.8800081967213,35.758,82.152,NA,NA,NA,NA,NA,NA,NA,NA,NA,NA,NA
"2024","low_gate",3,"shrub","R","COPA",2,"low",1,0,0,0,0,12.8,4.9,17.7,57.8800081967213,35.758,82.152,103,3,136,NA,NA,NA,NA,NA,NA,NA,NA
"2024","low_gate",3,"shrub","R","ALDE",2,"low",0,0,0,0,0,12.8,4.9,17.7,57.8800081967213,35.758,82.152,NA,NA,NA,NA,NA,NA,NA,NA,NA,NA,NA
"2024","low_gate",3,"shrub","R","ALDE",3,"low",0,0,0,0,0,12.8,4.9,17.7,57.8800081967213,35.758,82.152,NA,NA,NA,NA,NA,NA,NA,NA,NA,NA,NA
"2024","low_gate",3,"shrub","R","COPA",3,"low",1,0,0,0,0,12.8,4.9,17.7,57.8800081967213,35.758,82.152,103,7.6,136,NA,0.0091,20.6059,0.0057,0,0,18.792,"0.0007"
"2024","low_gate",3,"shrub","R","BRTE",2,"low",0,0,0,0,0,12.8,4.9,17.7,57.8800081967213,35.758,82.152,NA,NA,NA,NA,NA,NA,NA,NA,NA,NA,NA
"2024","low_gate",4,"open","C","BRTE",3,"low",0,0.0202,0,4,1,11.4777777777778,3.1,29,64.2776598360656,34.59,97.916,NA,NA,NA,NA,NA,NA,NA,NA,NA,NA,NA
"2024","low_gate",4,"open","C","BRTE",3,"low",0,0,0.0124,4,1,11.4777777777778,3.1,29,64.2776598360656,34.59,97.916,NA,NA,NA,NA,NA,NA,NA,NA,NA,NA,NA
"2024","low_gate",4,"open","C","COPA",2,"low",0,0.0202,0,4,1,11.4777777777778,3.1,29,64.2776598360656,34.59,97.916,NA,NA,NA,NA,NA,NA,NA,NA,NA,NA,NA
"2024","low_gate",4,"open","C","COPA",2,"low",0,0,0.0124,4,1,11.4777777777778,3.1,29,64.2776598360656,34.59,97.916,NA,NA,NA,NA,NA,NA,NA,NA,NA,NA,NA
"2024","low_gate",4,"open","C","ALDE",2,"low",0,0.0202,0,4,1,11.4777777777778,3.1,29,64.2776598360656,34.59,97.916,NA,NA,NA,NA,NA,NA,NA,NA,NA,NA,NA
"2024","low_gate",4,"open","C","ALDE",2,"low",0,0,0.0124,4,1,11.4777777777778,3.1,29,64.2776598360656,34.59,97.916,NA,NA,NA,NA,NA,NA,NA,NA,NA,NA,NA
"2024","low_gate",4,"open","C","ALDE",1,"low",0,0.0202,0,4,1,11.4777777777778,3.1,29,64.2776598360656,34.59,97.916,NA,NA,NA,NA,NA,NA,NA,NA,NA,NA,NA
"2024","low_gate",4,"open","C","ALDE",1,"low",0,0,0.0124,4,1,11.4777777777778,3.1,29,64.2776598360656,34.59,97.916,NA,NA,NA,NA,NA,NA,NA,NA,NA,NA,NA
"2024","low_gate",4,"open","C","BRTE",2,"low",0,0.0202,0,4,1,11.4777777777778,3.1,29,64.2776598360656,34.59,97.916,NA,NA,NA,NA,NA,NA,NA,NA,NA,NA,NA
"2024","low_gate",4,"open","C","BRTE",2,"low",0,0,0.0124,4,1,11.4777777777778,3.1,29,64.2776598360656,34.59,97.916,NA,NA,NA,NA,NA,NA,NA,NA,NA,NA,NA
"2024","low_gate",4,"open","C","COPA",3,"low",0,0.0202,0,4,1,11.4777777777778,3.1,29,64.2776598360656,34.59,97.916,NA,NA,NA,NA,NA,NA,NA,NA,NA,NA,NA
"2024","low_gate",4,"open","C","COPA",3,"low",0,0,0.0124,4,1,11.4777777777778,3.1,29,64.2776598360656,34.59,97.916,NA,NA,NA,NA,NA,NA,NA,NA,NA,NA,NA
"2024","low_gate",4,"open","C","ALDE",3,"low",0,0.0202,0,4,1,11.4777777777778,3.1,29,64.2776598360656,34.59,97.916,NA,NA,NA,NA,NA,NA,NA,NA,NA,NA,NA
"2024","low_gate",4,"open","C","ALDE",3,"low",0,0,0.0124,4,1,11.4777777777778,3.1,29,64.2776598360656,34.59,97.916,NA,NA,NA,NA,NA,NA,NA,NA,NA,NA,NA
"2024","low_gate",4,"open","C","BRTE",1,"low",0,0.0202,0,4,1,11.4777777777778,3.1,29,64.2776598360656,34.59,97.916,NA,NA,NA,NA,NA,NA,NA,NA,NA,NA,NA
"2024","low_gate",4,"open","C","BRTE",1,"low",0,0,0.0124,4,1,11.4777777777778,3.1,29,64.2776598360656,34.59,97.916,NA,NA,NA,NA,NA,NA,NA,NA,NA,NA,NA
"2024","low_gate",4,"open","C","COPA",1,"low",0,0.0202,0,4,1,11.4777777777778,3.1,29,64.2776598360656,34.59,97.916,NA,NA,NA,NA,NA,NA,NA,NA,NA,NA,NA
"2024","low_gate",4,"open","C","COPA",1,"low",0,0,0.0124,4,1,11.4777777777778,3.1,29,64.2776598360656,34.59,97.916,NA,NA,NA,NA,NA,NA,NA,NA,NA,NA,NA
"2024","low_gate",4,"open","R","ALDE",1,"low",0,0,0,0,0,11.4777777777778,3.1,29,64.2776598360656,34.59,97.916,NA,NA,NA,NA,NA,NA,NA,NA,NA,NA,NA
"2024","low_gate",4,"open","R","BRTE",3,"low",1,0,0,0,0,11.4777777777778,3.1,29,64.2776598360656,34.59,97.916,103,0,NA,NA,NA,NA,NA,NA,NA,NA,NA
"2024","low_gate",4,"open","R","BRTE",2,"low",1,0,0,0,0,11.4777777777778,3.1,29,64.2776598360656,34.59,97.916,103,2.2,164,164,8e-04,8.5033,8e-04,0,0,6.659,"0.0003"
"2024","low_gate",4,"open","R","COPA",1,"low",0,0,0,0,0,11.4777777777778,3.1,29,64.2776598360656,34.59,97.916,NA,NA,NA,NA,NA,NA,NA,NA,NA,NA,NA
"2024","low_gate",4,"open","R","ALDE",3,"low",0,0,0,0,0,11.4777777777778,3.1,29,64.2776598360656,34.59,97.916,NA,NA,NA,NA,NA,NA,NA,NA,NA,NA,NA
"2024","low_gate",4,"open","R","ALDE",2,"low",0,0,0,0,0,11.4777777777778,3.1,29,64.2776598360656,34.59,97.916,NA,NA,NA,NA,NA,NA,NA,NA,NA,NA,NA
"2024","low_gate",4,"open","R","BRTE",1,"low",0,0,0,0,0,11.4777777777778,3.1,29,64.2776598360656,34.59,97.916,NA,NA,NA,NA,NA,NA,NA,NA,NA,NA,NA
"2024","low_gate",4,"open","R","COPA",2,"low",1,0,0,0,0,11.4777777777778,3.1,29,64.2776598360656,34.59,97.916,103,2.7,136,164,0.0017,4.8069,0.0015,0,0,5.044,"0.0004"
"2024","low_gate",4,"open","R","COPA",3,"low",1,0,0,0,0,11.4777777777778,3.1,29,64.2776598360656,34.59,97.916,103,2.8,136,164,0.004,5.1505,0.0013,0,0,8.233,"<.0001"
"2024","low_gate",4,"shrub","C","ALDE",1,"low",0,0.042,0,4,5,12.5,3.6,24.9,57.8800081967213,35.758,82.152,NA,NA,NA,NA,NA,NA,NA,NA,NA,NA,NA
"2024","low_gate",4,"shrub","C","ALDE",1,"low",0,0,0.0807,4,5,12.5,3.6,24.9,57.8800081967213,35.758,82.152,NA,NA,NA,NA,NA,NA,NA,NA,NA,NA,NA
"2024","low_gate",4,"shrub","C","BRTE",3,"low",1,0.042,0,4,5,12.5,3.6,24.9,57.8800081967213,35.758,82.152,103,0,NA,NA,NA,NA,NA,NA,NA,NA,NA
"2024","low_gate",4,"shrub","C","BRTE",3,"low",1,0,0.0807,4,5,12.5,3.6,24.9,57.8800081967213,35.758,82.152,103,0,NA,NA,NA,NA,NA,NA,NA,NA,NA
"2024","low_gate",4,"shrub","C","BRTE",2,"low",0,0.042,0,4,5,12.5,3.6,24.9,57.8800081967213,35.758,82.152,NA,NA,NA,NA,NA,NA,NA,NA,NA,NA,NA
"2024","low_gate",4,"shrub","C","BRTE",2,"low",0,0,0.0807,4,5,12.5,3.6,24.9,57.8800081967213,35.758,82.152,NA,NA,NA,NA,NA,NA,NA,NA,NA,NA,NA
"2024","low_gate",4,"shrub","C","ALDE",2,"low",0,0.042,0,4,5,12.5,3.6,24.9,57.8800081967213,35.758,82.152,NA,NA,NA,NA,NA,NA,NA,NA,NA,NA,NA
"2024","low_gate",4,"shrub","C","ALDE",2,"low",0,0,0.0807,4,5,12.5,3.6,24.9,57.8800081967213,35.758,82.152,NA,NA,NA,NA,NA,NA,NA,NA,NA,NA,NA
"2024","low_gate",4,"shrub","C","BRTE",1,"low",1,0.042,0,4,5,12.5,3.6,24.9,57.8800081967213,35.758,82.152,103,2,NA,NA,NA,NA,NA,NA,NA,NA,NA
"2024","low_gate",4,"shrub","C","BRTE",1,"low",1,0,0.0807,4,5,12.5,3.6,24.9,57.8800081967213,35.758,82.152,103,2,NA,NA,NA,NA,NA,NA,NA,NA,NA
"2024","low_gate",4,"shrub","C","COPA",1,"low",1,0.042,0,4,5,12.5,3.6,24.9,57.8800081967213,35.758,82.152,103,0,NA,NA,NA,NA,NA,NA,NA,NA,NA
"2024","low_gate",4,"shrub","C","COPA",1,"low",1,0,0.0807,4,5,12.5,3.6,24.9,57.8800081967213,35.758,82.152,103,0,NA,NA,NA,NA,NA,NA,NA,NA,NA
"2024","low_gate",4,"shrub","C","COPA",3,"low",1,0.042,0,4,5,12.5,3.6,24.9,57.8800081967213,35.758,82.152,103,3.6,136,NA,NA,NA,NA,NA,NA,NA,NA
"2024","low_gate",4,"shrub","C","COPA",3,"low",1,0,0.0807,4,5,12.5,3.6,24.9,57.8800081967213,35.758,82.152,103,3.6,136,NA,NA,NA,NA,NA,NA,NA,NA
"2024","low_gate",4,"shrub","C","COPA",2,"low",0,0.042,0,4,5,12.5,3.6,24.9,57.8800081967213,35.758,82.152,NA,NA,NA,NA,NA,NA,NA,NA,NA,NA,NA
"2024","low_gate",4,"shrub","C","COPA",2,"low",0,0,0.0807,4,5,12.5,3.6,24.9,57.8800081967213,35.758,82.152,NA,NA,NA,NA,NA,NA,NA,NA,NA,NA,NA
"2024","low_gate",4,"shrub","C","ALDE",3,"low",0,0.042,0,4,5,12.5,3.6,24.9,57.8800081967213,35.758,82.152,NA,NA,NA,NA,NA,NA,NA,NA,NA,NA,NA
"2024","low_gate",4,"shrub","C","ALDE",3,"low",0,0,0.0807,4,5,12.5,3.6,24.9,57.8800081967213,35.758,82.152,NA,NA,NA,NA,NA,NA,NA,NA,NA,NA,NA
"2024","low_gate",4,"shrub","R","ALDE",2,"low",0,0,0,0,0,12.5,3.6,24.9,57.8800081967213,35.758,82.152,NA,NA,NA,NA,NA,NA,NA,NA,NA,NA,NA
"2024","low_gate",4,"shrub","R","BRTE",3,"low",1,0,0,0,0,12.5,3.6,24.9,57.8800081967213,35.758,82.152,103,8.5,164,177,0.0154,25.617,0.0017,0,0,58.761,"0.0013"
"2024","low_gate",4,"shrub","R","ALDE",3,"low",0,0,0,0,0,12.5,3.6,24.9,57.8800081967213,35.758,82.152,NA,NA,NA,NA,NA,NA,NA,NA,NA,NA,NA
"2024","low_gate",4,"shrub","R","ALDE",1,"low",0,0,0,0,0,12.5,3.6,24.9,57.8800081967213,35.758,82.152,NA,NA,NA,NA,NA,NA,NA,NA,NA,NA,NA
"2024","low_gate",4,"shrub","R","COPA",1,"low",1,0,0,0,0,12.5,3.6,24.9,57.8800081967213,35.758,82.152,115,0,NA,NA,NA,NA,NA,NA,NA,NA,NA
"2024","low_gate",4,"shrub","R","COPA",3,"low",0,0,0,0,0,12.5,3.6,24.9,57.8800081967213,35.758,82.152,NA,NA,NA,NA,NA,NA,NA,NA,NA,NA,NA
"2024","low_gate",4,"shrub","R","BRTE",1,"low",1,0,0,0,0,12.5,3.6,24.9,57.8800081967213,35.758,82.152,103,8.6,164,164,NA,NA,NA,NA,NA,NA,NA
"2024","low_gate",4,"shrub","R","BRTE",2,"low",0,0,0,0,0,12.5,3.6,24.9,57.8800081967213,35.758,82.152,NA,NA,NA,NA,NA,NA,NA,NA,NA,NA,NA
"2024","low_gate",4,"shrub","R","COPA",2,"low",1,0,0,0,0,12.5,3.6,24.9,57.8800081967213,35.758,82.152,103,0,NA,NA,NA,NA,NA,NA,NA,NA,NA
"2024","low_north",1,"open","C","BRTE",3,"low",0,4e-04,0,2,0,12.2090909090909,2.6,28.9,66.1604177777778,36.723,101.282,NA,NA,NA,NA,NA,NA,NA,NA,NA,NA,NA
"2024","low_north",1,"open","C","BRTE",2,"low",0,4e-04,0,2,0,12.2090909090909,2.6,28.9,66.1604177777778,36.723,101.282,NA,NA,NA,NA,NA,NA,NA,NA,NA,NA,NA
"2024","low_north",1,"open","C","COPA",3,"low",1,4e-04,0,2,0,12.2090909090909,2.6,28.9,66.1604177777778,36.723,101.282,103,1,NA,NA,NA,NA,NA,NA,NA,NA,NA
"2024","low_north",1,"open","C","PODO",1,"low",0,4e-04,0,2,0,12.2090909090909,2.6,28.9,66.1604177777778,36.723,101.282,NA,NA,NA,NA,NA,NA,NA,NA,NA,NA,NA
"2024","low_north",1,"open","C","ALDE",1,"low",0,4e-04,0,2,0,12.2090909090909,2.6,28.9,66.1604177777778,36.723,101.282,NA,NA,NA,NA,NA,NA,NA,NA,NA,NA,NA
"2024","low_north",1,"open","C","BRTE",1,"low",0,4e-04,0,2,0,12.2090909090909,2.6,28.9,66.1604177777778,36.723,101.282,NA,NA,NA,NA,NA,NA,NA,NA,NA,NA,NA
"2024","low_north",1,"open","C","COPA",2,"low",0,4e-04,0,2,0,12.2090909090909,2.6,28.9,66.1604177777778,36.723,101.282,NA,NA,NA,NA,NA,NA,NA,NA,NA,NA,NA
"2024","low_north",1,"open","C","ALDE",3,"low",1,4e-04,0,2,0,12.2090909090909,2.6,28.9,66.1604177777778,36.723,101.282,115,2.6,149,NA,4e-04,6.1418,7e-04,0,0,3.334,"0.0003"
"2024","low_north",1,"open","C","COPA",1,"low",1,4e-04,0,2,0,12.2090909090909,2.6,28.9,66.1604177777778,36.723,101.282,103,0,NA,NA,NA,NA,NA,NA,NA,NA,NA
"2024","low_north",1,"open","C","PODO",3,"low",0,4e-04,0,2,0,12.2090909090909,2.6,28.9,66.1604177777778,36.723,101.282,NA,NA,NA,NA,NA,NA,NA,NA,NA,NA,NA
"2024","low_north",1,"open","C","PODO",2,"low",0,4e-04,0,2,0,12.2090909090909,2.6,28.9,66.1604177777778,36.723,101.282,NA,NA,NA,NA,NA,NA,NA,NA,NA,NA,NA
"2024","low_north",1,"open","C","ALDE",2,"low",0,4e-04,0,2,0,12.2090909090909,2.6,28.9,66.1604177777778,36.723,101.282,NA,NA,NA,NA,NA,NA,NA,NA,NA,NA,NA
"2024","low_north",1,"open","R","PODO",3,"low",0,0,0,0,0,12.2090909090909,2.6,28.9,66.1604177777778,36.723,101.282,NA,NA,NA,NA,NA,NA,NA,NA,NA,NA,NA
"2024","low_north",1,"open","R","BRTE",2,"low",0,0,0,0,0,12.2090909090909,2.6,28.9,66.1604177777778,36.723,101.282,NA,NA,NA,NA,NA,NA,NA,NA,NA,NA,NA
"2024","low_north",1,"open","R","ALDE",2,"low",0,0,0,0,0,12.2090909090909,2.6,28.9,66.1604177777778,36.723,101.282,NA,NA,NA,NA,NA,NA,NA,NA,NA,NA,NA
"2024","low_north",1,"open","R","COPA",1,"low",1,0,0,0,0,12.2090909090909,2.6,28.9,66.1604177777778,36.723,101.282,103,0,NA,NA,NA,NA,NA,NA,NA,NA,NA
"2024","low_north",1,"open","R","COPA",3,"low",1,0,0,0,0,12.2090909090909,2.6,28.9,66.1604177777778,36.723,101.282,103,0,NA,NA,NA,NA,NA,NA,NA,NA,NA
"2024","low_north",1,"open","R","BRTE",3,"low",0,0,0,0,0,12.2090909090909,2.6,28.9,66.1604177777778,36.723,101.282,NA,NA,NA,NA,NA,NA,NA,NA,NA,NA,NA
"2024","low_north",1,"open","R","ALDE",3,"low",0,0,0,0,0,12.2090909090909,2.6,28.9,66.1604177777778,36.723,101.282,NA,NA,NA,NA,NA,NA,NA,NA,NA,NA,NA
"2024","low_north",1,"open","R","COPA",2,"low",1,0,0,0,0,12.2090909090909,2.6,28.9,66.1604177777778,36.723,101.282,115,1.6,141,NA,0.001,6.811,7e-04,0,0,4.269,"0.0001"
"2024","low_north",1,"open","R","ALDE",1,"low",0,0,0,0,0,12.2090909090909,2.6,28.9,66.1604177777778,36.723,101.282,NA,NA,NA,NA,NA,NA,NA,NA,NA,NA,NA
"2024","low_north",1,"open","R","BRTE",1,"low",1,0,0,0,0,12.2090909090909,2.6,28.9,66.1604177777778,36.723,101.282,115,5,169,169,0.004,8.0654,4e-04,0,0,17.779,"0.001"
"2024","low_north",1,"open","R","PODO",1,"low",0,0,0,0,0,12.2090909090909,2.6,28.9,66.1604177777778,36.723,101.282,NA,NA,NA,NA,NA,NA,NA,NA,NA,NA,NA
"2024","low_north",1,"open","R","PODO",2,"low",0,0,0,0,0,12.2090909090909,2.6,28.9,66.1604177777778,36.723,101.282,NA,NA,NA,NA,NA,NA,NA,NA,NA,NA,NA
"2024","low_north",1,"shrub","C","ALDE",1,"low",0,0,0.0112,19,11,14.9090909090909,3.7,30.2,60.1465573770492,35.758,91.8,NA,NA,NA,NA,NA,NA,NA,NA,NA,NA,NA
"2024","low_north",1,"shrub","C","ALDE",1,"low",0,0.0036,0,19,11,14.9090909090909,3.7,30.2,60.1465573770492,35.758,91.8,NA,NA,NA,NA,NA,NA,NA,NA,NA,NA,NA
"2024","low_north",1,"shrub","C","ALDE",1,"low",0,0.0226,0,19,11,14.9090909090909,3.7,30.2,60.1465573770492,35.758,91.8,NA,NA,NA,NA,NA,NA,NA,NA,NA,NA,NA
"2024","low_north",1,"shrub","C","BRTE",3,"low",0,0,0.0112,19,11,14.9090909090909,3.7,30.2,60.1465573770492,35.758,91.8,NA,NA,NA,NA,NA,NA,NA,NA,NA,NA,NA
"2024","low_north",1,"shrub","C","BRTE",3,"low",0,0.0036,0,19,11,14.9090909090909,3.7,30.2,60.1465573770492,35.758,91.8,NA,NA,NA,NA,NA,NA,NA,NA,NA,NA,NA
"2024","low_north",1,"shrub","C","BRTE",3,"low",0,0.0226,0,19,11,14.9090909090909,3.7,30.2,60.1465573770492,35.758,91.8,NA,NA,NA,NA,NA,NA,NA,NA,NA,NA,NA
"2024","low_north",1,"shrub","C","ALDE",3,"low",0,0,0.0112,19,11,14.9090909090909,3.7,30.2,60.1465573770492,35.758,91.8,NA,NA,NA,NA,NA,NA,NA,NA,NA,NA,NA
"2024","low_north",1,"shrub","C","ALDE",3,"low",0,0.0036,0,19,11,14.9090909090909,3.7,30.2,60.1465573770492,35.758,91.8,NA,NA,NA,NA,NA,NA,NA,NA,NA,NA,NA
"2024","low_north",1,"shrub","C","ALDE",3,"low",0,0.0226,0,19,11,14.9090909090909,3.7,30.2,60.1465573770492,35.758,91.8,NA,NA,NA,NA,NA,NA,NA,NA,NA,NA,NA
"2024","low_north",1,"shrub","C","PODO",1,"low",0,0,0.0112,19,11,14.9090909090909,3.7,30.2,60.1465573770492,35.758,91.8,NA,NA,NA,NA,NA,NA,NA,NA,NA,NA,NA
"2024","low_north",1,"shrub","C","PODO",1,"low",0,0.0036,0,19,11,14.9090909090909,3.7,30.2,60.1465573770492,35.758,91.8,NA,NA,NA,NA,NA,NA,NA,NA,NA,NA,NA
"2024","low_north",1,"shrub","C","PODO",1,"low",0,0.0226,0,19,11,14.9090909090909,3.7,30.2,60.1465573770492,35.758,91.8,NA,NA,NA,NA,NA,NA,NA,NA,NA,NA,NA
"2024","low_north",1,"shrub","C","PODO",3,"low",1,0,0.0112,19,11,14.9090909090909,3.7,30.2,60.1465573770492,35.758,91.8,103,3.2,NA,NA,0.0026,11.9416,7e-04,0,0,28.329,"0.0023"
"2024","low_north",1,"shrub","C","PODO",3,"low",1,0.0036,0,19,11,14.9090909090909,3.7,30.2,60.1465573770492,35.758,91.8,103,3.2,NA,NA,0.0026,11.9416,7e-04,0,0,28.329,"0.0023"
"2024","low_north",1,"shrub","C","PODO",3,"low",1,0.0226,0,19,11,14.9090909090909,3.7,30.2,60.1465573770492,35.758,91.8,103,3.2,NA,NA,0.0026,11.9416,7e-04,0,0,28.329,"0.0023"
"2024","low_north",1,"shrub","C","COPA",2,"low",1,0,0.0112,19,11,14.9090909090909,3.7,30.2,60.1465573770492,35.758,91.8,103,0,NA,NA,NA,NA,NA,NA,NA,NA,NA
"2024","low_north",1,"shrub","C","COPA",2,"low",1,0.0036,0,19,11,14.9090909090909,3.7,30.2,60.1465573770492,35.758,91.8,103,0,NA,NA,NA,NA,NA,NA,NA,NA,NA
"2024","low_north",1,"shrub","C","COPA",2,"low",1,0.0226,0,19,11,14.9090909090909,3.7,30.2,60.1465573770492,35.758,91.8,103,0,NA,NA,NA,NA,NA,NA,NA,NA,NA
"2024","low_north",1,"shrub","C","ALDE",2,"low",0,0,0.0112,19,11,14.9090909090909,3.7,30.2,60.1465573770492,35.758,91.8,NA,NA,NA,NA,NA,NA,NA,NA,NA,NA,NA
"2024","low_north",1,"shrub","C","ALDE",2,"low",0,0.0036,0,19,11,14.9090909090909,3.7,30.2,60.1465573770492,35.758,91.8,NA,NA,NA,NA,NA,NA,NA,NA,NA,NA,NA
"2024","low_north",1,"shrub","C","ALDE",2,"low",0,0.0226,0,19,11,14.9090909090909,3.7,30.2,60.1465573770492,35.758,91.8,NA,NA,NA,NA,NA,NA,NA,NA,NA,NA,NA
"2024","low_north",1,"shrub","C","COPA",3,"low",1,0,0.0112,19,11,14.9090909090909,3.7,30.2,60.1465573770492,35.758,91.8,103,3.6,141,NA,0.001,7.2853,9e-04,0,0,7.391,"0.0006"
"2024","low_north",1,"shrub","C","COPA",3,"low",1,0.0036,0,19,11,14.9090909090909,3.7,30.2,60.1465573770492,35.758,91.8,103,3.6,141,NA,0.001,7.2853,9e-04,0,0,7.391,"0.0006"
"2024","low_north",1,"shrub","C","COPA",3,"low",1,0.0226,0,19,11,14.9090909090909,3.7,30.2,60.1465573770492,35.758,91.8,103,3.6,141,NA,0.001,7.2853,9e-04,0,0,7.391,"0.0006"
"2024","low_north",1,"shrub","C","COPA",1,"low",1,0,0.0112,19,11,14.9090909090909,3.7,30.2,60.1465573770492,35.758,91.8,103,1.5,NA,NA,NA,NA,NA,NA,NA,NA,NA
"2024","low_north",1,"shrub","C","COPA",1,"low",1,0.0036,0,19,11,14.9090909090909,3.7,30.2,60.1465573770492,35.758,91.8,103,1.5,NA,NA,NA,NA,NA,NA,NA,NA,NA
"2024","low_north",1,"shrub","C","COPA",1,"low",1,0.0226,0,19,11,14.9090909090909,3.7,30.2,60.1465573770492,35.758,91.8,103,1.5,NA,NA,NA,NA,NA,NA,NA,NA,NA
"2024","low_north",1,"shrub","C","PODO",2,"low",0,0,0.0112,19,11,14.9090909090909,3.7,30.2,60.1465573770492,35.758,91.8,NA,NA,NA,NA,NA,NA,NA,NA,NA,NA,NA
"2024","low_north",1,"shrub","C","PODO",2,"low",0,0.0036,0,19,11,14.9090909090909,3.7,30.2,60.1465573770492,35.758,91.8,NA,NA,NA,NA,NA,NA,NA,NA,NA,NA,NA
"2024","low_north",1,"shrub","C","PODO",2,"low",0,0.0226,0,19,11,14.9090909090909,3.7,30.2,60.1465573770492,35.758,91.8,NA,NA,NA,NA,NA,NA,NA,NA,NA,NA,NA
"2024","low_north",1,"shrub","C","BRTE",1,"low",1,0,0.0112,19,11,14.9090909090909,3.7,30.2,60.1465573770492,35.758,91.8,103,2.7,NA,NA,0.0029,6.0869,4e-04,1,6e-04,10.579,"0.0005"
"2024","low_north",1,"shrub","C","BRTE",1,"low",1,0.0036,0,19,11,14.9090909090909,3.7,30.2,60.1465573770492,35.758,91.8,103,2.7,NA,NA,0.0029,6.0869,4e-04,1,6e-04,10.579,"0.0005"
"2024","low_north",1,"shrub","C","BRTE",1,"low",1,0.0226,0,19,11,14.9090909090909,3.7,30.2,60.1465573770492,35.758,91.8,103,2.7,NA,NA,0.0029,6.0869,4e-04,1,6e-04,10.579,"0.0005"
"2024","low_north",1,"shrub","C","COPA",3,"low",1,0,0.0112,19,11,14.9090909090909,3.7,30.2,60.1465573770492,35.758,91.8,103,3.6,141,NA,0.001,7.65,9e-04,0,0,7.391,"0.0006"
"2024","low_north",1,"shrub","C","COPA",3,"low",1,0.0036,0,19,11,14.9090909090909,3.7,30.2,60.1465573770492,35.758,91.8,103,3.6,141,NA,0.001,7.65,9e-04,0,0,7.391,"0.0006"
"2024","low_north",1,"shrub","C","COPA",3,"low",1,0.0226,0,19,11,14.9090909090909,3.7,30.2,60.1465573770492,35.758,91.8,103,3.6,141,NA,0.001,7.65,9e-04,0,0,7.391,"0.0006"
"2024","low_north",1,"shrub","C","BRTE",2,"low",1,0,0.0112,19,11,14.9090909090909,3.7,30.2,60.1465573770492,35.758,91.8,103,5.4,163,177,NA,NA,NA,NA,NA,NA,NA
"2024","low_north",1,"shrub","C","BRTE",2,"low",1,0.0036,0,19,11,14.9090909090909,3.7,30.2,60.1465573770492,35.758,91.8,103,5.4,163,177,NA,NA,NA,NA,NA,NA,NA
"2024","low_north",1,"shrub","C","BRTE",2,"low",1,0.0226,0,19,11,14.9090909090909,3.7,30.2,60.1465573770492,35.758,91.8,103,5.4,163,177,NA,NA,NA,NA,NA,NA,NA
"2024","low_north",1,"shrub","R","ALDE",1,"low",0,0,0,0,0,14.9090909090909,3.7,30.2,60.1465573770492,35.758,91.8,NA,NA,NA,NA,NA,NA,NA,NA,NA,NA,NA
"2024","low_north",1,"shrub","R","ALDE",3,"low",0,0,0,0,0,14.9090909090909,3.7,30.2,60.1465573770492,35.758,91.8,NA,NA,NA,NA,NA,NA,NA,NA,NA,NA,NA
"2024","low_north",1,"shrub","R","BRTE",1,"low",0,0,0,0,0,14.9090909090909,3.7,30.2,60.1465573770492,35.758,91.8,NA,NA,NA,NA,NA,NA,NA,NA,NA,NA,NA
"2024","low_north",1,"shrub","R","PODO",3,"low",0,0,0,0,0,14.9090909090909,3.7,30.2,60.1465573770492,35.758,91.8,NA,NA,NA,NA,NA,NA,NA,NA,NA,NA,NA
"2024","low_north",1,"shrub","R","COPA",1,"low",1,0,0,0,0,14.9090909090909,3.7,30.2,60.1465573770492,35.758,91.8,103,3.1,149,NA,NA,NA,NA,NA,NA,NA,NA
"2024","low_north",1,"shrub","R","COPA",3,"low",0,0,0,0,0,14.9090909090909,3.7,30.2,60.1465573770492,35.758,91.8,NA,NA,NA,NA,NA,NA,NA,NA,NA,NA,NA
"2024","low_north",1,"shrub","R","COPA",2,"low",1,0,0,0,0,14.9090909090909,3.7,30.2,60.1465573770492,35.758,91.8,103,2.1,149,NA,NA,NA,NA,NA,NA,NA,NA
"2024","low_north",1,"shrub","R","BRTE",2,"low",1,0,0,0,0,14.9090909090909,3.7,30.2,60.1465573770492,35.758,91.8,103,0,NA,NA,NA,NA,NA,NA,NA,NA,NA
"2024","low_north",1,"shrub","R","PODO",1,"low",0,0,0,0,0,14.9090909090909,3.7,30.2,60.1465573770492,35.758,91.8,NA,NA,NA,NA,NA,NA,NA,NA,NA,NA,NA
"2024","low_north",1,"shrub","R","BRTE",3,"low",0,0,0,0,0,14.9090909090909,3.7,30.2,60.1465573770492,35.758,91.8,NA,NA,NA,NA,NA,NA,NA,NA,NA,NA,NA
"2024","low_north",1,"shrub","R","PODO",2,"low",1,0,0,0,0,14.9090909090909,3.7,30.2,60.1465573770492,35.758,91.8,103,4.2,NA,NA,0.0045,23.9313,0.0018,0,0,25.373,"0.0017"
"2024","low_north",1,"shrub","R","ALDE",2,"low",1,0,0,0,0,14.9090909090909,3.7,30.2,60.1465573770492,35.758,91.8,103,2.5,136,NA,0.0012,7.7261,6e-04,0,0,5.812,"0.0003"
"2024","low_north",2,"open","C","BRTE",2,"low",1,0,0.2512,20,14,11.09,2.8,28.6,66.1604177777778,36.723,101.282,103,6.6,169,177,0.0076,12.4746,6e-04,0,0,45.255,"0.0011"
"2024","low_north",2,"open","C","BRTE",2,"low",1,0.2213,0,20,14,11.09,2.8,28.6,66.1604177777778,36.723,101.282,103,6.6,169,177,0.0076,12.4746,6e-04,0,0,45.255,"0.0011"
"2024","low_north",2,"open","C","ALDE",3,"low",0,0,0.2512,20,14,11.09,2.8,28.6,66.1604177777778,36.723,101.282,NA,NA,NA,NA,NA,NA,NA,NA,NA,NA,NA
"2024","low_north",2,"open","C","ALDE",3,"low",0,0.2213,0,20,14,11.09,2.8,28.6,66.1604177777778,36.723,101.282,NA,NA,NA,NA,NA,NA,NA,NA,NA,NA,NA
"2024","low_north",2,"open","C","BRTE",3,"low",1,0,0.2512,20,14,11.09,2.8,28.6,66.1604177777778,36.723,101.282,103,12.2,163,NA,0.0103,8.9588,0.0011,0,0,107.932,"0.0032"
"2024","low_north",2,"open","C","BRTE",3,"low",1,0.2213,0,20,14,11.09,2.8,28.6,66.1604177777778,36.723,101.282,103,12.2,163,NA,0.0103,8.9588,0.0011,0,0,107.932,"0.0032"
"2024","low_north",2,"open","C","COPA",1,"low",0,0,0.2512,20,14,11.09,2.8,28.6,66.1604177777778,36.723,101.282,NA,NA,NA,NA,NA,NA,NA,NA,NA,NA,NA
"2024","low_north",2,"open","C","COPA",1,"low",0,0.2213,0,20,14,11.09,2.8,28.6,66.1604177777778,36.723,101.282,NA,NA,NA,NA,NA,NA,NA,NA,NA,NA,NA
"2024","low_north",2,"open","C","BRTE",1,"low",0,0,0.2512,20,14,11.09,2.8,28.6,66.1604177777778,36.723,101.282,NA,NA,NA,NA,NA,NA,NA,NA,NA,NA,NA
"2024","low_north",2,"open","C","BRTE",1,"low",0,0.2213,0,20,14,11.09,2.8,28.6,66.1604177777778,36.723,101.282,NA,NA,NA,NA,NA,NA,NA,NA,NA,NA,NA
"2024","low_north",2,"open","C","ALDE",1,"low",0,0,0.2512,20,14,11.09,2.8,28.6,66.1604177777778,36.723,101.282,NA,NA,NA,NA,NA,NA,NA,NA,NA,NA,NA
"2024","low_north",2,"open","C","ALDE",1,"low",0,0.2213,0,20,14,11.09,2.8,28.6,66.1604177777778,36.723,101.282,NA,NA,NA,NA,NA,NA,NA,NA,NA,NA,NA
"2024","low_north",2,"open","C","COPA",2,"low",0,0,0.2512,20,14,11.09,2.8,28.6,66.1604177777778,36.723,101.282,NA,NA,NA,NA,NA,NA,NA,NA,NA,NA,NA
"2024","low_north",2,"open","C","COPA",2,"low",0,0.2213,0,20,14,11.09,2.8,28.6,66.1604177777778,36.723,101.282,NA,NA,NA,NA,NA,NA,NA,NA,NA,NA,NA
"2024","low_north",2,"open","C","ALDE",2,"low",0,0,0.2512,20,14,11.09,2.8,28.6,66.1604177777778,36.723,101.282,NA,NA,NA,NA,NA,NA,NA,NA,NA,NA,NA
"2024","low_north",2,"open","C","ALDE",2,"low",0,0.2213,0,20,14,11.09,2.8,28.6,66.1604177777778,36.723,101.282,NA,NA,NA,NA,NA,NA,NA,NA,NA,NA,NA
"2024","low_north",2,"open","C","PODO",1,"low",0,0,0.2512,20,14,11.09,2.8,28.6,66.1604177777778,36.723,101.282,NA,NA,NA,NA,NA,NA,NA,NA,NA,NA,NA
"2024","low_north",2,"open","C","PODO",1,"low",0,0.2213,0,20,14,11.09,2.8,28.6,66.1604177777778,36.723,101.282,NA,NA,NA,NA,NA,NA,NA,NA,NA,NA,NA
"2024","low_north",2,"open","C","PODO",3,"low",0,0,0.2512,20,14,11.09,2.8,28.6,66.1604177777778,36.723,101.282,NA,NA,NA,NA,NA,NA,NA,NA,NA,NA,NA
"2024","low_north",2,"open","C","PODO",3,"low",0,0.2213,0,20,14,11.09,2.8,28.6,66.1604177777778,36.723,101.282,NA,NA,NA,NA,NA,NA,NA,NA,NA,NA,NA
"2024","low_north",2,"open","C","COPA",3,"low",0,0,0.2512,20,14,11.09,2.8,28.6,66.1604177777778,36.723,101.282,NA,NA,NA,NA,NA,NA,NA,NA,NA,NA,NA
"2024","low_north",2,"open","C","COPA",3,"low",0,0.2213,0,20,14,11.09,2.8,28.6,66.1604177777778,36.723,101.282,NA,NA,NA,NA,NA,NA,NA,NA,NA,NA,NA
"2024","low_north",2,"open","C","PODO",2,"low",0,0,0.2512,20,14,11.09,2.8,28.6,66.1604177777778,36.723,101.282,NA,NA,NA,NA,NA,NA,NA,NA,NA,NA,NA
"2024","low_north",2,"open","C","PODO",2,"low",0,0.2213,0,20,14,11.09,2.8,28.6,66.1604177777778,36.723,101.282,NA,NA,NA,NA,NA,NA,NA,NA,NA,NA,NA
"2024","low_north",2,"open","R","BRTE",2,"low",1,0,0,0,0,11.09,2.8,28.6,66.1604177777778,36.723,101.282,103,0,NA,NA,NA,NA,NA,NA,NA,NA,NA
"2024","low_north",2,"open","R","BRTE",3,"low",1,0,0,0,0,11.09,2.8,28.6,66.1604177777778,36.723,101.282,115,0,NA,NA,NA,NA,NA,NA,NA,NA,NA
"2024","low_north",2,"open","R","ALDE",1,"low",0,0,0,0,0,11.09,2.8,28.6,66.1604177777778,36.723,101.282,NA,NA,NA,NA,NA,NA,NA,NA,NA,NA,NA
"2024","low_north",2,"open","R","PODO",1,"low",1,0,0,0,0,11.09,2.8,28.6,66.1604177777778,36.723,101.282,103,2.8,NA,NA,0.0021,24.3226,0.0011,0,0,27.092,"0.0019"
"2024","low_north",2,"open","R","PODO",2,"low",0,0,0,0,0,11.09,2.8,28.6,66.1604177777778,36.723,101.282,NA,NA,NA,NA,NA,NA,NA,NA,NA,NA,NA
"2024","low_north",2,"open","R","ALDE",3,"low",1,0,0,0,0,11.09,2.8,28.6,66.1604177777778,36.723,101.282,115,0,NA,NA,NA,NA,NA,NA,NA,NA,NA
"2024","low_north",2,"open","R","COPA",1,"low",1,0,0,0,0,11.09,2.8,28.6,66.1604177777778,36.723,101.282,103,2.3,121,163,0.0047,NA,NA,0,0,7.786,"0.0008"
"2024","low_north",2,"open","R","COPA",2,"low",0,0,0,0,0,11.09,2.8,28.6,66.1604177777778,36.723,101.282,NA,NA,NA,NA,NA,NA,NA,NA,NA,NA,NA
"2024","low_north",2,"open","R","ALDE",2,"low",0,0,0,0,0,11.09,2.8,28.6,66.1604177777778,36.723,101.282,NA,NA,NA,NA,NA,NA,NA,NA,NA,NA,NA
"2024","low_north",2,"open","R","BRTE",1,"low",1,0,0,0,0,11.09,2.8,28.6,66.1604177777778,36.723,101.282,115,0,NA,NA,NA,NA,NA,NA,NA,NA,NA
"2024","low_north",2,"open","R","COPA",3,"low",1,0,0,0,0,11.09,2.8,28.6,66.1604177777778,36.723,101.282,103,2.3,136,NA,7e-04,7.1235,9e-04,0,0,3.789,"0.0001"
"2024","low_north",2,"open","R","PODO",3,"low",0,0,0,0,0,11.09,2.8,28.6,66.1604177777778,36.723,101.282,NA,NA,NA,NA,NA,NA,NA,NA,NA,NA,NA
"2024","low_north",2,"shrub","C","BRTE",3,"low",0,0.0084,0,1,2,12.08,3.4,20.7,60.1465573770492,35.758,91.8,NA,NA,NA,NA,NA,NA,NA,NA,NA,NA,NA
"2024","low_north",2,"shrub","C","BRTE",3,"low",0,0,0.0213,1,2,12.08,3.4,20.7,60.1465573770492,35.758,91.8,NA,NA,NA,NA,NA,NA,NA,NA,NA,NA,NA
"2024","low_north",2,"shrub","C","ALDE",1,"low",0,0.0084,0,1,2,12.08,3.4,20.7,60.1465573770492,35.758,91.8,NA,NA,NA,NA,NA,NA,NA,NA,NA,NA,NA
"2024","low_north",2,"shrub","C","ALDE",1,"low",0,0,0.0213,1,2,12.08,3.4,20.7,60.1465573770492,35.758,91.8,NA,NA,NA,NA,NA,NA,NA,NA,NA,NA,NA
"2024","low_north",2,"shrub","C","COPA",3,"low",1,0.0084,0,1,2,12.08,3.4,20.7,60.1465573770492,35.758,91.8,103,0,NA,NA,NA,NA,NA,NA,NA,NA,NA
"2024","low_north",2,"shrub","C","COPA",3,"low",1,0,0.0213,1,2,12.08,3.4,20.7,60.1465573770492,35.758,91.8,103,0,NA,NA,NA,NA,NA,NA,NA,NA,NA
"2024","low_north",2,"shrub","C","PODO",1,"low",0,0.0084,0,1,2,12.08,3.4,20.7,60.1465573770492,35.758,91.8,NA,NA,NA,NA,NA,NA,NA,NA,NA,NA,NA
"2024","low_north",2,"shrub","C","PODO",1,"low",0,0,0.0213,1,2,12.08,3.4,20.7,60.1465573770492,35.758,91.8,NA,NA,NA,NA,NA,NA,NA,NA,NA,NA,NA
"2024","low_north",2,"shrub","C","ALDE",3,"low",0,0.0084,0,1,2,12.08,3.4,20.7,60.1465573770492,35.758,91.8,NA,NA,NA,NA,NA,NA,NA,NA,NA,NA,NA
"2024","low_north",2,"shrub","C","ALDE",3,"low",0,0,0.0213,1,2,12.08,3.4,20.7,60.1465573770492,35.758,91.8,NA,NA,NA,NA,NA,NA,NA,NA,NA,NA,NA
"2024","low_north",2,"shrub","C","ALDE",2,"low",0,0.0084,0,1,2,12.08,3.4,20.7,60.1465573770492,35.758,91.8,NA,NA,NA,NA,NA,NA,NA,NA,NA,NA,NA
"2024","low_north",2,"shrub","C","ALDE",2,"low",0,0,0.0213,1,2,12.08,3.4,20.7,60.1465573770492,35.758,91.8,NA,NA,NA,NA,NA,NA,NA,NA,NA,NA,NA
"2024","low_north",2,"shrub","C","BRTE",1,"low",0,0.0084,0,1,2,12.08,3.4,20.7,60.1465573770492,35.758,91.8,NA,NA,NA,NA,NA,NA,NA,NA,NA,NA,NA
"2024","low_north",2,"shrub","C","BRTE",1,"low",0,0,0.0213,1,2,12.08,3.4,20.7,60.1465573770492,35.758,91.8,NA,NA,NA,NA,NA,NA,NA,NA,NA,NA,NA
"2024","low_north",2,"shrub","C","BRTE",2,"low",1,0.0084,0,1,2,12.08,3.4,20.7,60.1465573770492,35.758,91.8,136,2.2,NA,NA,NA,NA,NA,NA,NA,NA,NA
"2024","low_north",2,"shrub","C","BRTE",2,"low",1,0,0.0213,1,2,12.08,3.4,20.7,60.1465573770492,35.758,91.8,136,2.2,NA,NA,NA,NA,NA,NA,NA,NA,NA
"2024","low_north",2,"shrub","C","PODO",2,"low",0,0.0084,0,1,2,12.08,3.4,20.7,60.1465573770492,35.758,91.8,NA,NA,NA,NA,NA,NA,NA,NA,NA,NA,NA
"2024","low_north",2,"shrub","C","PODO",2,"low",0,0,0.0213,1,2,12.08,3.4,20.7,60.1465573770492,35.758,91.8,NA,NA,NA,NA,NA,NA,NA,NA,NA,NA,NA
"2024","low_north",2,"shrub","C","COPA",2,"low",1,0.0084,0,1,2,12.08,3.4,20.7,60.1465573770492,35.758,91.8,103,0,NA,NA,NA,NA,NA,NA,NA,NA,NA
"2024","low_north",2,"shrub","C","COPA",2,"low",1,0,0.0213,1,2,12.08,3.4,20.7,60.1465573770492,35.758,91.8,103,0,NA,NA,NA,NA,NA,NA,NA,NA,NA
"2024","low_north",2,"shrub","C","PODO",3,"low",0,0.0084,0,1,2,12.08,3.4,20.7,60.1465573770492,35.758,91.8,NA,NA,NA,NA,NA,NA,NA,NA,NA,NA,NA
"2024","low_north",2,"shrub","C","PODO",3,"low",0,0,0.0213,1,2,12.08,3.4,20.7,60.1465573770492,35.758,91.8,NA,NA,NA,NA,NA,NA,NA,NA,NA,NA,NA
"2024","low_north",2,"shrub","C","COPA",1,"low",1,0.0084,0,1,2,12.08,3.4,20.7,60.1465573770492,35.758,91.8,103,1.7,141,149,NA,NA,NA,NA,NA,NA,NA
"2024","low_north",2,"shrub","C","COPA",1,"low",1,0,0.0213,1,2,12.08,3.4,20.7,60.1465573770492,35.758,91.8,103,1.7,141,149,NA,NA,NA,NA,NA,NA,NA
"2024","low_north",2,"shrub","R","PODO",2,"low",0,0,0,0,0,12.08,3.4,20.7,60.1465573770492,35.758,91.8,NA,NA,NA,NA,NA,NA,NA,NA,NA,NA,NA
"2024","low_north",2,"shrub","R","ALDE",1,"low",0,0,0,0,0,12.08,3.4,20.7,60.1465573770492,35.758,91.8,NA,NA,NA,NA,NA,NA,NA,NA,NA,NA,NA
"2024","low_north",2,"shrub","R","COPA",3,"low",1,0,0,0,0,12.08,3.4,20.7,60.1465573770492,35.758,91.8,103,1.9,136,141,NA,NA,NA,NA,NA,NA,NA
"2024","low_north",2,"shrub","R","COPA",2,"low",1,0,0,0,0,12.08,3.4,20.7,60.1465573770492,35.758,91.8,103,0,NA,NA,NA,NA,NA,NA,NA,NA,NA
"2024","low_north",2,"shrub","R","PODO",1,"low",0,0,0,0,0,12.08,3.4,20.7,60.1465573770492,35.758,91.8,NA,NA,NA,NA,NA,NA,NA,NA,NA,NA,NA
"2024","low_north",2,"shrub","R","BRTE",1,"low",0,0,0,0,0,12.08,3.4,20.7,60.1465573770492,35.758,91.8,NA,NA,NA,NA,NA,NA,NA,NA,NA,NA,NA
"2024","low_north",2,"shrub","R","COPA",1,"low",1,0,0,0,0,12.08,3.4,20.7,60.1465573770492,35.758,91.8,103,0,NA,NA,NA,NA,NA,NA,NA,NA,NA
"2024","low_north",2,"shrub","R","BRTE",3,"low",1,0,0,0,0,12.08,3.4,20.7,60.1465573770492,35.758,91.8,115,2.7,NA,NA,NA,NA,NA,NA,NA,NA,NA
"2024","low_north",2,"shrub","R","BRTE",2,"low",0,0,0,0,0,12.08,3.4,20.7,60.1465573770492,35.758,91.8,NA,NA,NA,NA,NA,NA,NA,NA,NA,NA,NA
"2024","low_north",2,"shrub","R","ALDE",2,"low",0,0,0,0,0,12.08,3.4,20.7,60.1465573770492,35.758,91.8,NA,NA,NA,NA,NA,NA,NA,NA,NA,NA,NA
"2024","low_north",2,"shrub","R","PODO",3,"low",0,0,0,0,0,12.08,3.4,20.7,60.1465573770492,35.758,91.8,NA,NA,NA,NA,NA,NA,NA,NA,NA,NA,NA
"2024","low_north",2,"shrub","R","ALDE",3,"low",0,0,0,0,0,12.08,3.4,20.7,60.1465573770492,35.758,91.8,NA,NA,NA,NA,NA,NA,NA,NA,NA,NA,NA
"2024","low_north",3,"open","C","COPA",2,"low",0,0,0.0279,8,4,11.41,2.2,24.4,66.1604177777778,36.723,101.282,NA,NA,NA,NA,NA,NA,NA,NA,NA,NA,NA
"2024","low_north",3,"open","C","COPA",2,"low",0,0.0113,0,8,4,11.41,2.2,24.4,66.1604177777778,36.723,101.282,NA,NA,NA,NA,NA,NA,NA,NA,NA,NA,NA
"2024","low_north",3,"open","C","BRTE",2,"low",1,0,0.0279,8,4,11.41,2.2,24.4,66.1604177777778,36.723,101.282,103,9.2,163,177,0.016,4.2928,4e-04,2,0.0024,42.54,"0.0012"
"2024","low_north",3,"open","C","BRTE",2,"low",1,0.0113,0,8,4,11.41,2.2,24.4,66.1604177777778,36.723,101.282,103,9.2,163,177,0.016,4.2928,4e-04,2,0.0024,42.54,"0.0012"
"2024","low_north",3,"open","C","ALDE",3,"low",0,0,0.0279,8,4,11.41,2.2,24.4,66.1604177777778,36.723,101.282,NA,NA,NA,NA,NA,NA,NA,NA,NA,NA,NA
"2024","low_north",3,"open","C","ALDE",3,"low",0,0.0113,0,8,4,11.41,2.2,24.4,66.1604177777778,36.723,101.282,NA,NA,NA,NA,NA,NA,NA,NA,NA,NA,NA
"2024","low_north",3,"open","C","BRTE",1,"low",0,0,0.0279,8,4,11.41,2.2,24.4,66.1604177777778,36.723,101.282,NA,NA,NA,NA,NA,NA,NA,NA,NA,NA,NA
"2024","low_north",3,"open","C","BRTE",1,"low",0,0.0113,0,8,4,11.41,2.2,24.4,66.1604177777778,36.723,101.282,NA,NA,NA,NA,NA,NA,NA,NA,NA,NA,NA
"2024","low_north",3,"open","C","BRTE",3,"low",1,0,0.0279,8,4,11.41,2.2,24.4,66.1604177777778,36.723,101.282,115,8.6,163,177,0.0102,8.0073,3e-04,1,0.0018,25.124,"0.0006"
"2024","low_north",3,"open","C","BRTE",3,"low",1,0.0113,0,8,4,11.41,2.2,24.4,66.1604177777778,36.723,101.282,115,8.6,163,177,0.0102,8.0073,3e-04,1,0.0018,25.124,"0.0006"
"2024","low_north",3,"open","C","ALDE",1,"low",0,0,0.0279,8,4,11.41,2.2,24.4,66.1604177777778,36.723,101.282,NA,NA,NA,NA,NA,NA,NA,NA,NA,NA,NA
"2024","low_north",3,"open","C","ALDE",1,"low",0,0.0113,0,8,4,11.41,2.2,24.4,66.1604177777778,36.723,101.282,NA,NA,NA,NA,NA,NA,NA,NA,NA,NA,NA
"2024","low_north",3,"open","C","PODO",2,"low",0,0,0.0279,8,4,11.41,2.2,24.4,66.1604177777778,36.723,101.282,NA,NA,NA,NA,NA,NA,NA,NA,NA,NA,NA
"2024","low_north",3,"open","C","PODO",2,"low",0,0.0113,0,8,4,11.41,2.2,24.4,66.1604177777778,36.723,101.282,NA,NA,NA,NA,NA,NA,NA,NA,NA,NA,NA
"2024","low_north",3,"open","C","PODO",1,"low",0,0,0.0279,8,4,11.41,2.2,24.4,66.1604177777778,36.723,101.282,NA,NA,NA,NA,NA,NA,NA,NA,NA,NA,NA
"2024","low_north",3,"open","C","PODO",1,"low",0,0.0113,0,8,4,11.41,2.2,24.4,66.1604177777778,36.723,101.282,NA,NA,NA,NA,NA,NA,NA,NA,NA,NA,NA
"2024","low_north",3,"open","C","COPA",3,"low",1,0,0.0279,8,4,11.41,2.2,24.4,66.1604177777778,36.723,101.282,103,0,NA,NA,NA,NA,NA,NA,NA,NA,NA
"2024","low_north",3,"open","C","COPA",3,"low",1,0.0113,0,8,4,11.41,2.2,24.4,66.1604177777778,36.723,101.282,103,0,NA,NA,NA,NA,NA,NA,NA,NA,NA
"2024","low_north",3,"open","C","ALDE",2,"low",0,0,0.0279,8,4,11.41,2.2,24.4,66.1604177777778,36.723,101.282,NA,NA,NA,NA,NA,NA,NA,NA,NA,NA,NA
"2024","low_north",3,"open","C","ALDE",2,"low",0,0.0113,0,8,4,11.41,2.2,24.4,66.1604177777778,36.723,101.282,NA,NA,NA,NA,NA,NA,NA,NA,NA,NA,NA
"2024","low_north",3,"open","C","COPA",1,"low",0,0,0.0279,8,4,11.41,2.2,24.4,66.1604177777778,36.723,101.282,NA,NA,NA,NA,NA,NA,NA,NA,NA,NA,NA
"2024","low_north",3,"open","C","COPA",1,"low",0,0.0113,0,8,4,11.41,2.2,24.4,66.1604177777778,36.723,101.282,NA,NA,NA,NA,NA,NA,NA,NA,NA,NA,NA
"2024","low_north",3,"open","C","PODO",3,"low",0,0,0.0279,8,4,11.41,2.2,24.4,66.1604177777778,36.723,101.282,NA,NA,NA,NA,NA,NA,NA,NA,NA,NA,NA
"2024","low_north",3,"open","C","PODO",3,"low",0,0.0113,0,8,4,11.41,2.2,24.4,66.1604177777778,36.723,101.282,NA,NA,NA,NA,NA,NA,NA,NA,NA,NA,NA
"2024","low_north",3,"open","R","PODO",1,"low",0,0,0,0,0,11.41,2.2,24.4,66.1604177777778,36.723,101.282,NA,NA,NA,NA,NA,NA,NA,NA,NA,NA,NA
"2024","low_north",3,"open","R","BRTE",2,"low",0,0,0,0,0,11.41,2.2,24.4,66.1604177777778,36.723,101.282,NA,NA,NA,NA,NA,NA,NA,NA,NA,NA,NA
"2024","low_north",3,"open","R","PODO",2,"low",0,0,0,0,0,11.41,2.2,24.4,66.1604177777778,36.723,101.282,NA,NA,NA,NA,NA,NA,NA,NA,NA,NA,NA
"2024","low_north",3,"open","R","COPA",3,"low",1,0,0,0,0,11.41,2.2,24.4,66.1604177777778,36.723,101.282,103,0,NA,NA,NA,NA,NA,NA,NA,NA,NA
"2024","low_north",3,"open","R","ALDE",2,"low",0,0,0,0,0,11.41,2.2,24.4,66.1604177777778,36.723,101.282,NA,NA,NA,NA,NA,NA,NA,NA,NA,NA,NA
"2024","low_north",3,"open","R","BRTE",1,"low",1,0,0,0,0,11.41,2.2,24.4,66.1604177777778,36.723,101.282,103,8.5,163,177,NA,NA,NA,NA,NA,NA,NA
"2024","low_north",3,"open","R","ALDE",1,"low",0,0,0,0,0,11.41,2.2,24.4,66.1604177777778,36.723,101.282,NA,NA,NA,NA,NA,NA,NA,NA,NA,NA,NA
"2024","low_north",3,"open","R","ALDE",3,"low",1,0,0,0,0,11.41,2.2,24.4,66.1604177777778,36.723,101.282,115,0,NA,NA,NA,NA,NA,NA,NA,NA,NA
"2024","low_north",3,"open","R","COPA",2,"low",1,0,0,0,0,11.41,2.2,24.4,66.1604177777778,36.723,101.282,103,0,NA,NA,NA,NA,NA,NA,NA,NA,NA
"2024","low_north",3,"open","R","PODO",3,"low",0,0,0,0,0,11.41,2.2,24.4,66.1604177777778,36.723,101.282,NA,NA,NA,NA,NA,NA,NA,NA,NA,NA,NA
"2024","low_north",3,"open","R","BRTE",3,"low",1,0,0,0,0,11.41,2.2,24.4,66.1604177777778,36.723,101.282,103,0,NA,NA,NA,NA,NA,NA,NA,NA,NA
"2024","low_north",3,"open","R","COPA",1,"low",1,0,0,0,0,11.41,2.2,24.4,66.1604177777778,36.723,101.282,103,0,NA,NA,NA,NA,NA,NA,NA,NA,NA
"2024","low_north",3,"shrub","C","PODO",2,"low",0,0,0.0945,1,16,11.7,2.9,20.1,60.1465573770492,35.758,91.8,NA,NA,NA,NA,NA,NA,NA,NA,NA,NA,NA
"2024","low_north",3,"shrub","C","PODO",1,"low",0,0,0.0945,1,16,11.7,2.9,20.1,60.1465573770492,35.758,91.8,NA,NA,NA,NA,NA,NA,NA,NA,NA,NA,NA
"2024","low_north",3,"shrub","C","BRTE",3,"low",0,0,0.0945,1,16,11.7,2.9,20.1,60.1465573770492,35.758,91.8,NA,NA,NA,NA,NA,NA,NA,NA,NA,NA,NA
"2024","low_north",3,"shrub","C","ALDE",1,"low",0,0,0.0945,1,16,11.7,2.9,20.1,60.1465573770492,35.758,91.8,NA,NA,NA,NA,NA,NA,NA,NA,NA,NA,NA
"2024","low_north",3,"shrub","C","BRTE",1,"low",1,0,0.0945,1,16,11.7,2.9,20.1,60.1465573770492,35.758,91.8,103,7.9,163,177,0.0073,6.686,5e-04,1,0.0027,45.135,"0.0006"
"2024","low_north",3,"shrub","C","COPA",2,"low",1,0,0.0945,1,16,11.7,2.9,20.1,60.1465573770492,35.758,91.8,103,0.1,NA,NA,NA,NA,NA,NA,NA,NA,NA
"2024","low_north",3,"shrub","C","COPA",1,"low",1,0,0.0945,1,16,11.7,2.9,20.1,60.1465573770492,35.758,91.8,103,0,NA,NA,NA,NA,NA,NA,NA,NA,NA
"2024","low_north",3,"shrub","C","PODO",3,"low",0,0,0.0945,1,16,11.7,2.9,20.1,60.1465573770492,35.758,91.8,NA,NA,NA,NA,NA,NA,NA,NA,NA,NA,NA
"2024","low_north",3,"shrub","C","ALDE",2,"low",0,0,0.0945,1,16,11.7,2.9,20.1,60.1465573770492,35.758,91.8,NA,NA,NA,NA,NA,NA,NA,NA,NA,NA,NA
"2024","low_north",3,"shrub","C","COPA",3,"low",1,0,0.0945,1,16,11.7,2.9,20.1,60.1465573770492,35.758,91.8,115,3.1,136,149,NA,NA,NA,NA,NA,NA,NA
"2024","low_north",3,"shrub","C","ALDE",3,"low",0,0,0.0945,1,16,11.7,2.9,20.1,60.1465573770492,35.758,91.8,NA,NA,NA,NA,NA,NA,NA,NA,NA,NA,NA
"2024","low_north",3,"shrub","C","BRTE",2,"low",0,0,0.0945,1,16,11.7,2.9,20.1,60.1465573770492,35.758,91.8,NA,NA,NA,NA,NA,NA,NA,NA,NA,NA,NA
"2024","low_north",3,"shrub","R","PODO",3,"low",0,0,0,0,0,11.7,2.9,20.1,60.1465573770492,35.758,91.8,NA,NA,NA,NA,NA,NA,NA,NA,NA,NA,NA
"2024","low_north",3,"shrub","R","COPA",2,"low",0,0,0,0,0,11.7,2.9,20.1,60.1465573770492,35.758,91.8,NA,NA,NA,NA,NA,NA,NA,NA,NA,NA,NA
"2024","low_north",3,"shrub","R","BRTE",3,"low",1,0,0,0,0,11.7,2.9,20.1,60.1465573770492,35.758,91.8,103,0,NA,NA,NA,NA,NA,NA,NA,NA,NA
"2024","low_north",3,"shrub","R","COPA",1,"low",1,0,0,0,0,11.7,2.9,20.1,60.1465573770492,35.758,91.8,103,2.2,136,NA,NA,NA,NA,NA,NA,NA,NA
"2024","low_north",3,"shrub","R","PODO",2,"low",0,0,0,0,0,11.7,2.9,20.1,60.1465573770492,35.758,91.8,NA,NA,NA,NA,NA,NA,NA,NA,NA,NA,NA
"2024","low_north",3,"shrub","R","PODO",1,"low",0,0,0,0,0,11.7,2.9,20.1,60.1465573770492,35.758,91.8,NA,NA,NA,NA,NA,NA,NA,NA,NA,NA,NA
"2024","low_north",3,"shrub","R","ALDE",2,"low",0,0,0,0,0,11.7,2.9,20.1,60.1465573770492,35.758,91.8,NA,NA,NA,NA,NA,NA,NA,NA,NA,NA,NA
"2024","low_north",3,"shrub","R","COPA",3,"low",0,0,0,0,0,11.7,2.9,20.1,60.1465573770492,35.758,91.8,NA,NA,NA,NA,NA,NA,NA,NA,NA,NA,NA
"2024","low_north",3,"shrub","R","BRTE",1,"low",1,0,0,0,0,11.7,2.9,20.1,60.1465573770492,35.758,91.8,103,0,NA,NA,NA,NA,NA,NA,NA,NA,NA
"2024","low_north",3,"shrub","R","ALDE",1,"low",0,0,0,0,0,11.7,2.9,20.1,60.1465573770492,35.758,91.8,NA,NA,NA,NA,NA,NA,NA,NA,NA,NA,NA
"2024","low_north",3,"shrub","R","ALDE",3,"low",0,0,0,0,0,11.7,2.9,20.1,60.1465573770492,35.758,91.8,NA,NA,NA,NA,NA,NA,NA,NA,NA,NA,NA
"2024","low_north",3,"shrub","R","BRTE",2,"low",0,0,0,0,0,11.7,2.9,20.1,60.1465573770492,35.758,91.8,NA,NA,NA,NA,NA,NA,NA,NA,NA,NA,NA
"2024","low_north",4,"shrub","C","BRTE",2,"low",1,0,0.2946,12,32,12.09,2.4,24.5,60.1465573770492,35.758,91.8,103,9.3,163,NA,0.0121,13.5903,7e-04,0,0,67.821,"0.0014"
"2024","low_north",4,"shrub","C","BRTE",2,"low",1,0.0028,0,12,32,12.09,2.4,24.5,60.1465573770492,35.758,91.8,103,9.3,163,NA,0.0121,13.5903,7e-04,0,0,67.821,"0.0014"
"2024","low_north",4,"shrub","C","ALDE",3,"low",0,0,0.2946,12,32,12.09,2.4,24.5,60.1465573770492,35.758,91.8,NA,NA,NA,NA,NA,NA,NA,NA,NA,NA,NA
"2024","low_north",4,"shrub","C","ALDE",3,"low",0,0.0028,0,12,32,12.09,2.4,24.5,60.1465573770492,35.758,91.8,NA,NA,NA,NA,NA,NA,NA,NA,NA,NA,NA
"2024","low_north",4,"shrub","C","BRTE",2,"low",1,0,0.2946,12,32,12.09,2.4,24.5,60.1465573770492,35.758,91.8,103,9.3,163,NA,0.0051,13.5903,7e-04,0,0,67.821,"0.0014"
"2024","low_north",4,"shrub","C","BRTE",2,"low",1,0.0028,0,12,32,12.09,2.4,24.5,60.1465573770492,35.758,91.8,103,9.3,163,NA,0.0051,13.5903,7e-04,0,0,67.821,"0.0014"
"2024","low_north",4,"shrub","C","COPA",3,"low",1,0,0.2946,12,32,12.09,2.4,24.5,60.1465573770492,35.758,91.8,115,0.2,NA,NA,NA,NA,NA,NA,NA,NA,NA
"2024","low_north",4,"shrub","C","COPA",3,"low",1,0.0028,0,12,32,12.09,2.4,24.5,60.1465573770492,35.758,91.8,115,0.2,NA,NA,NA,NA,NA,NA,NA,NA,NA
"2024","low_north",4,"shrub","C","BRTE",2,"low",1,0,0.2946,12,32,12.09,2.4,24.5,60.1465573770492,35.758,91.8,103,9.3,163,NA,0.0051,13.5903,7e-04,3,0.0037,67.821,"0.0014"
"2024","low_north",4,"shrub","C","BRTE",2,"low",1,0.0028,0,12,32,12.09,2.4,24.5,60.1465573770492,35.758,91.8,103,9.3,163,NA,0.0051,13.5903,7e-04,3,0.0037,67.821,"0.0014"
"2024","low_north",4,"shrub","C","BRTE",1,"low",1,0,0.2946,12,32,12.09,2.4,24.5,60.1465573770492,35.758,91.8,103,12.2,163,NA,NA,NA,NA,NA,NA,NA,NA
"2024","low_north",4,"shrub","C","BRTE",1,"low",1,0.0028,0,12,32,12.09,2.4,24.5,60.1465573770492,35.758,91.8,103,12.2,163,NA,NA,NA,NA,NA,NA,NA,NA
"2024","low_north",4,"shrub","C","PODO",1,"low",0,0,0.2946,12,32,12.09,2.4,24.5,60.1465573770492,35.758,91.8,NA,NA,NA,NA,NA,NA,NA,NA,NA,NA,NA
"2024","low_north",4,"shrub","C","PODO",1,"low",0,0.0028,0,12,32,12.09,2.4,24.5,60.1465573770492,35.758,91.8,NA,NA,NA,NA,NA,NA,NA,NA,NA,NA,NA
"2024","low_north",4,"shrub","C","BRTE",2,"low",1,0,0.2946,12,32,12.09,2.4,24.5,60.1465573770492,35.758,91.8,103,9.3,163,NA,0.0121,13.5903,7e-04,3,0.0037,67.821,"0.0014"
"2024","low_north",4,"shrub","C","BRTE",2,"low",1,0.0028,0,12,32,12.09,2.4,24.5,60.1465573770492,35.758,91.8,103,9.3,163,NA,0.0121,13.5903,7e-04,3,0.0037,67.821,"0.0014"
"2024","low_north",4,"shrub","C","COPA",2,"low",1,0,0.2946,12,32,12.09,2.4,24.5,60.1465573770492,35.758,91.8,103,0,NA,NA,NA,NA,NA,NA,NA,NA,NA
"2024","low_north",4,"shrub","C","COPA",2,"low",1,0.0028,0,12,32,12.09,2.4,24.5,60.1465573770492,35.758,91.8,103,0,NA,NA,NA,NA,NA,NA,NA,NA,NA
"2024","low_north",4,"shrub","C","BRTE",3,"low",1,0,0.2946,12,32,12.09,2.4,24.5,60.1465573770492,35.758,91.8,103,3.5,177,177,0.0014,4.209,1e-04,0,0,6.417,"0.0004"
"2024","low_north",4,"shrub","C","BRTE",3,"low",1,0.0028,0,12,32,12.09,2.4,24.5,60.1465573770492,35.758,91.8,103,3.5,177,177,0.0014,4.209,1e-04,0,0,6.417,"0.0004"
"2024","low_north",4,"shrub","C","PODO",2,"low",0,0,0.2946,12,32,12.09,2.4,24.5,60.1465573770492,35.758,91.8,NA,NA,NA,NA,NA,NA,NA,NA,NA,NA,NA
"2024","low_north",4,"shrub","C","PODO",2,"low",0,0.0028,0,12,32,12.09,2.4,24.5,60.1465573770492,35.758,91.8,NA,NA,NA,NA,NA,NA,NA,NA,NA,NA,NA
"2024","low_north",4,"shrub","C","ALDE",2,"low",0,0,0.2946,12,32,12.09,2.4,24.5,60.1465573770492,35.758,91.8,NA,NA,NA,NA,NA,NA,NA,NA,NA,NA,NA
"2024","low_north",4,"shrub","C","ALDE",2,"low",0,0.0028,0,12,32,12.09,2.4,24.5,60.1465573770492,35.758,91.8,NA,NA,NA,NA,NA,NA,NA,NA,NA,NA,NA
"2024","low_north",4,"shrub","C","ALDE",1,"low",0,0,0.2946,12,32,12.09,2.4,24.5,60.1465573770492,35.758,91.8,NA,NA,NA,NA,NA,NA,NA,NA,NA,NA,NA
"2024","low_north",4,"shrub","C","ALDE",1,"low",0,0.0028,0,12,32,12.09,2.4,24.5,60.1465573770492,35.758,91.8,NA,NA,NA,NA,NA,NA,NA,NA,NA,NA,NA
"2024","low_north",4,"shrub","C","COPA",1,"low",1,0,0.2946,12,32,12.09,2.4,24.5,60.1465573770492,35.758,91.8,103,2.8,136,163,0.0028,2.8157,5e-04,0,0,7.272,"0.0005"
"2024","low_north",4,"shrub","C","COPA",1,"low",1,0.0028,0,12,32,12.09,2.4,24.5,60.1465573770492,35.758,91.8,103,2.8,136,163,0.0028,2.8157,5e-04,0,0,7.272,"0.0005"
"2024","low_north",4,"shrub","C","PODO",3,"low",0,0,0.2946,12,32,12.09,2.4,24.5,60.1465573770492,35.758,91.8,NA,NA,NA,NA,NA,NA,NA,NA,NA,NA,NA
"2024","low_north",4,"shrub","C","PODO",3,"low",0,0.0028,0,12,32,12.09,2.4,24.5,60.1465573770492,35.758,91.8,NA,NA,NA,NA,NA,NA,NA,NA,NA,NA,NA
"2024","low_north",4,"shrub","R","PODO",2,"low",0,0,0,0,0,12.09,2.4,24.5,60.1465573770492,35.758,91.8,NA,NA,NA,NA,NA,NA,NA,NA,NA,NA,NA
"2024","low_north",4,"shrub","R","PODO",3,"low",0,0,0,0,0,12.09,2.4,24.5,60.1465573770492,35.758,91.8,NA,NA,NA,NA,NA,NA,NA,NA,NA,NA,NA
"2024","low_north",4,"shrub","R","COPA",3,"low",0,0,0,0,0,12.09,2.4,24.5,60.1465573770492,35.758,91.8,NA,NA,NA,NA,NA,NA,NA,NA,NA,NA,NA
"2024","low_north",4,"shrub","R","BRTE",1,"low",0,0,0,0,0,12.09,2.4,24.5,60.1465573770492,35.758,91.8,NA,NA,NA,NA,NA,NA,NA,NA,NA,NA,NA
"2024","low_north",4,"shrub","R","ALDE",2,"low",1,0,0,0,0,12.09,2.4,24.5,60.1465573770492,35.758,91.8,103,2.3,NA,NA,NA,NA,NA,NA,NA,NA,NA
"2024","low_north",4,"shrub","R","BRTE",3,"low",0,0,0,0,0,12.09,2.4,24.5,60.1465573770492,35.758,91.8,NA,NA,NA,NA,NA,NA,NA,NA,NA,NA,NA
"2024","low_north",4,"shrub","R","PODO",1,"low",0,0,0,0,0,12.09,2.4,24.5,60.1465573770492,35.758,91.8,NA,NA,NA,NA,NA,NA,NA,NA,NA,NA,NA
"2024","low_north",4,"shrub","R","COPA",1,"low",0,0,0,0,0,12.09,2.4,24.5,60.1465573770492,35.758,91.8,NA,NA,NA,NA,NA,NA,NA,NA,NA,NA,NA
"2024","low_north",4,"shrub","R","ALDE",3,"low",0,0,0,0,0,12.09,2.4,24.5,60.1465573770492,35.758,91.8,NA,NA,NA,NA,NA,NA,NA,NA,NA,NA,NA
"2024","low_north",4,"shrub","R","COPA",2,"low",0,0,0,0,0,12.09,2.4,24.5,60.1465573770492,35.758,91.8,NA,NA,NA,NA,NA,NA,NA,NA,NA,NA,NA
"2024","low_north",4,"shrub","R","ALDE",1,"low",0,0,0,0,0,12.09,2.4,24.5,60.1465573770492,35.758,91.8,NA,NA,NA,NA,NA,NA,NA,NA,NA,NA,NA
"2024","low_north",4,"shrub","R","BRTE",2,"low",0,0,0,0,0,12.09,2.4,24.5,60.1465573770492,35.758,91.8,NA,NA,NA,NA,NA,NA,NA,NA,NA,NA,NA
"2025","high_east",1,"open","C","BRTE",8,"high",0,0.0492,0,31,0,9.3,4.3,20.6,NA,NA,NA,NA,NA,NA,NA,NA,NA,NA,NA,NA,NA,NA
"2025","high_east",1,"open","C","BRTE",1,"high",0,0.0492,0,31,0,9.3,4.3,20.6,NA,NA,NA,NA,NA,NA,NA,NA,NA,NA,NA,NA,NA,NA
"2025","high_east",1,"open","C","BRTE",12,"high",0,0.0492,0,31,0,9.3,4.3,20.6,NA,NA,NA,NA,NA,NA,NA,NA,NA,NA,NA,NA,NA,NA
"2025","high_east",1,"open","C","BRTE",2,"high",0,0.0492,0,31,0,9.3,4.3,20.6,NA,NA,NA,NA,NA,NA,NA,NA,NA,NA,NA,NA,NA,NA
"2025","high_east",1,"open","C","BRTE",9,"high",0,0.0492,0,31,0,9.3,4.3,20.6,NA,NA,NA,NA,NA,NA,NA,NA,NA,NA,NA,NA,NA,NA
"2025","high_east",1,"open","C","BRTE",5,"high",0,0.0492,0,31,0,9.3,4.3,20.6,NA,NA,NA,NA,NA,NA,NA,NA,NA,NA,NA,NA,NA,NA
"2025","high_east",1,"open","C","BRTE",4,"high",0,0.0492,0,31,0,9.3,4.3,20.6,NA,NA,NA,NA,NA,NA,NA,NA,NA,NA,NA,NA,NA,NA
"2025","high_east",1,"open","C","BRTE",7,"high",0,0.0492,0,31,0,9.3,4.3,20.6,NA,NA,NA,NA,NA,NA,NA,NA,NA,NA,NA,NA,NA,NA
"2025","high_east",1,"open","C","BRTE",6,"high",0,0.0492,0,31,0,9.3,4.3,20.6,NA,NA,NA,NA,NA,NA,NA,NA,NA,NA,NA,NA,NA,NA
"2025","high_east",1,"open","C","BRTE",11,"high",0,0.0492,0,31,0,9.3,4.3,20.6,NA,NA,NA,NA,NA,NA,NA,NA,NA,NA,NA,NA,NA,NA
"2025","high_east",1,"open","C","BRTE",3,"high",0,0.0492,0,31,0,9.3,4.3,20.6,NA,NA,NA,NA,NA,NA,NA,NA,NA,NA,NA,NA,NA,NA
"2025","high_east",1,"open","C","BRTE",10,"high",0,0.0492,0,31,0,9.3,4.3,20.6,NA,NA,NA,NA,NA,NA,NA,NA,NA,NA,NA,NA,NA,NA
"2025","high_east",1,"open","R","BRTE",1,"high",0,0,0,0,0,9.3,4.3,20.6,NA,NA,NA,NA,NA,NA,NA,NA,NA,NA,NA,NA,NA,NA
"2025","high_east",1,"open","R","BRTE",3,"high",0,0,0,0,0,9.3,4.3,20.6,NA,NA,NA,NA,NA,NA,NA,NA,NA,NA,NA,NA,NA,NA
"2025","high_east",1,"open","R","BRTE",6,"high",0,0,0,0,0,9.3,4.3,20.6,NA,NA,NA,NA,NA,NA,NA,NA,NA,NA,NA,NA,NA,NA
"2025","high_east",1,"open","R","BRTE",2,"high",0,0,0,0,0,9.3,4.3,20.6,NA,NA,NA,NA,NA,NA,NA,NA,NA,NA,NA,NA,NA,NA
"2025","high_east",1,"open","R","BRTE",12,"high",0,0,0,0,0,9.3,4.3,20.6,NA,NA,NA,NA,NA,NA,NA,NA,NA,NA,NA,NA,NA,NA
"2025","high_east",1,"open","R","BRTE",10,"high",0,0,0,0,0,9.3,4.3,20.6,NA,NA,NA,NA,NA,NA,NA,NA,NA,NA,NA,NA,NA,NA
"2025","high_east",1,"open","R","BRTE",4,"high",0,0,0,0,0,9.3,4.3,20.6,NA,NA,NA,NA,NA,NA,NA,NA,NA,NA,NA,NA,NA,NA
"2025","high_east",1,"open","R","BRTE",5,"high",0,0,0,0,0,9.3,4.3,20.6,NA,NA,NA,NA,NA,NA,NA,NA,NA,NA,NA,NA,NA,NA
"2025","high_east",1,"open","R","BRTE",7,"high",0,0,0,0,0,9.3,4.3,20.6,NA,NA,NA,NA,NA,NA,NA,NA,NA,NA,NA,NA,NA,NA
"2025","high_east",1,"open","R","BRTE",8,"high",0,0,0,0,0,9.3,4.3,20.6,NA,NA,NA,NA,NA,NA,NA,NA,NA,NA,NA,NA,NA,NA
"2025","high_east",1,"open","R","BRTE",9,"high",0,0,0,0,0,9.3,4.3,20.6,NA,NA,NA,NA,NA,NA,NA,NA,NA,NA,NA,NA,NA,NA
"2025","high_east",1,"open","R","BRTE",11,"high",0,0,0,0,0,9.3,4.3,20.6,NA,NA,NA,NA,NA,NA,NA,NA,NA,NA,NA,NA,NA,NA
"2025","high_east",1,"shrub","C","BRTE",4,"high",0,0.0022,0,2,0,11.5333333333333,6.7,22.5,NA,NA,NA,NA,NA,NA,NA,NA,NA,NA,NA,NA,NA,NA
"2025","high_east",1,"shrub","C","BRTE",6,"high",0,0.0022,0,2,0,11.5333333333333,6.7,22.5,NA,NA,NA,NA,NA,NA,NA,NA,NA,NA,NA,NA,NA,NA
"2025","high_east",1,"shrub","C","BRTE",9,"high",0,0.0022,0,2,0,11.5333333333333,6.7,22.5,NA,NA,NA,NA,NA,NA,NA,NA,NA,NA,NA,NA,NA,NA
"2025","high_east",1,"shrub","C","BRTE",10,"high",0,0.0022,0,2,0,11.5333333333333,6.7,22.5,NA,NA,NA,NA,NA,NA,NA,NA,NA,NA,NA,NA,NA,NA
"2025","high_east",1,"shrub","C","BRTE",3,"high",0,0.0022,0,2,0,11.5333333333333,6.7,22.5,NA,NA,NA,NA,NA,NA,NA,NA,NA,NA,NA,NA,NA,NA
"2025","high_east",1,"shrub","C","BRTE",5,"high",0,0.0022,0,2,0,11.5333333333333,6.7,22.5,NA,NA,NA,NA,NA,NA,NA,NA,NA,NA,NA,NA,NA,NA
"2025","high_east",1,"shrub","C","BRTE",7,"high",0,0.0022,0,2,0,11.5333333333333,6.7,22.5,NA,NA,NA,NA,NA,NA,NA,NA,NA,NA,NA,NA,NA,NA
"2025","high_east",1,"shrub","C","BRTE",12,"high",0,0.0022,0,2,0,11.5333333333333,6.7,22.5,NA,NA,NA,NA,NA,NA,NA,NA,NA,NA,NA,NA,NA,NA
"2025","high_east",1,"shrub","C","BRTE",2,"high",0,0.0022,0,2,0,11.5333333333333,6.7,22.5,NA,NA,NA,NA,NA,NA,NA,NA,NA,NA,NA,NA,NA,NA
"2025","high_east",1,"shrub","C","BRTE",1,"high",0,0.0022,0,2,0,11.5333333333333,6.7,22.5,NA,NA,NA,NA,NA,NA,NA,NA,NA,NA,NA,NA,NA,NA
"2025","high_east",1,"shrub","C","BRTE",8,"high",0,0.0022,0,2,0,11.5333333333333,6.7,22.5,NA,NA,NA,NA,NA,NA,NA,NA,NA,NA,NA,NA,NA,NA
"2025","high_east",1,"shrub","C","BRTE",11,"high",0,0.0022,0,2,0,11.5333333333333,6.7,22.5,NA,NA,NA,NA,NA,NA,NA,NA,NA,NA,NA,NA,NA,NA
"2025","high_east",1,"shrub","R","BRTE",1,"high",0,0,0,0,0,11.5333333333333,6.7,22.5,NA,NA,NA,NA,NA,NA,NA,NA,NA,NA,NA,NA,NA,NA
"2025","high_east",1,"shrub","R","BRTE",3,"high",0,0,0,0,0,11.5333333333333,6.7,22.5,NA,NA,NA,NA,NA,NA,NA,NA,NA,NA,NA,NA,NA,NA
"2025","high_east",1,"shrub","R","BRTE",5,"high",0,0,0,0,0,11.5333333333333,6.7,22.5,NA,NA,NA,NA,NA,NA,NA,NA,NA,NA,NA,NA,NA,NA
"2025","high_east",1,"shrub","R","BRTE",9,"high",0,0,0,0,0,11.5333333333333,6.7,22.5,NA,NA,NA,NA,NA,NA,NA,NA,NA,NA,NA,NA,NA,NA
"2025","high_east",1,"shrub","R","BRTE",4,"high",1,0,0,0,0,11.5333333333333,6.7,22.5,NA,NA,NA,119,0,NA,NA,NA,NA,NA,NA,NA,NA,NA
"2025","high_east",1,"shrub","R","BRTE",10,"high",0,0,0,0,0,11.5333333333333,6.7,22.5,NA,NA,NA,NA,NA,NA,NA,NA,NA,NA,NA,NA,NA,NA
"2025","high_east",1,"shrub","R","BRTE",11,"high",0,0,0,0,0,11.5333333333333,6.7,22.5,NA,NA,NA,NA,NA,NA,NA,NA,NA,NA,NA,NA,NA,NA
"2025","high_east",1,"shrub","R","BRTE",2,"high",0,0,0,0,0,11.5333333333333,6.7,22.5,NA,NA,NA,NA,NA,NA,NA,NA,NA,NA,NA,NA,NA,NA
"2025","high_east",1,"shrub","R","BRTE",8,"high",0,0,0,0,0,11.5333333333333,6.7,22.5,NA,NA,NA,NA,NA,NA,NA,NA,NA,NA,NA,NA,NA,NA
"2025","high_east",1,"shrub","R","BRTE",12,"high",0,0,0,0,0,11.5333333333333,6.7,22.5,NA,NA,NA,NA,NA,NA,NA,NA,NA,NA,NA,NA,NA,NA
"2025","high_east",1,"shrub","R","BRTE",6,"high",0,0,0,0,0,11.5333333333333,6.7,22.5,NA,NA,NA,NA,NA,NA,NA,NA,NA,NA,NA,NA,NA,NA
"2025","high_east",1,"shrub","R","BRTE",7,"high",0,0,0,0,0,11.5333333333333,6.7,22.5,NA,NA,NA,NA,NA,NA,NA,NA,NA,NA,NA,NA,NA,NA
"2025","high_east",2,"open","C","BRTE",4,"high",0,0.0212,0.0033,12,1,8.63333333333333,4.7,16.6,NA,NA,NA,NA,NA,NA,NA,NA,NA,NA,NA,NA,NA,NA
"2025","high_east",2,"open","C","BRTE",6,"high",1,0.0212,0.0033,12,1,8.63333333333333,4.7,16.6,NA,NA,NA,119,0,NA,NA,NA,NA,NA,NA,NA,NA,NA
"2025","high_east",2,"open","C","BRTE",2,"high",0,0.0212,0.0033,12,1,8.63333333333333,4.7,16.6,NA,NA,NA,NA,NA,NA,NA,NA,NA,NA,NA,NA,NA,NA
"2025","high_east",2,"open","C","BRTE",8,"high",0,0.0212,0.0033,12,1,8.63333333333333,4.7,16.6,NA,NA,NA,NA,NA,NA,NA,NA,NA,NA,NA,NA,NA,NA
"2025","high_east",2,"open","C","BRTE",5,"high",0,0.0212,0.0033,12,1,8.63333333333333,4.7,16.6,NA,NA,NA,NA,NA,NA,NA,NA,NA,NA,NA,NA,NA,NA
"2025","high_east",2,"open","C","BRTE",3,"high",0,0.0212,0.0033,12,1,8.63333333333333,4.7,16.6,NA,NA,NA,NA,NA,NA,NA,NA,NA,NA,NA,NA,NA,NA
"2025","high_east",2,"open","C","BRTE",7,"high",0,0.0212,0.0033,12,1,8.63333333333333,4.7,16.6,NA,NA,NA,NA,NA,NA,NA,NA,NA,NA,NA,NA,NA,NA
"2025","high_east",2,"open","C","BRTE",9,"high",0,0.0212,0.0033,12,1,8.63333333333333,4.7,16.6,NA,NA,NA,NA,NA,NA,NA,NA,NA,NA,NA,NA,NA,NA
"2025","high_east",2,"open","C","BRTE",1,"high",0,0.0212,0.0033,12,1,8.63333333333333,4.7,16.6,NA,NA,NA,NA,NA,NA,NA,NA,NA,NA,NA,NA,NA,NA
"2025","high_east",2,"open","C","BRTE",11,"high",0,0.0212,0.0033,12,1,8.63333333333333,4.7,16.6,NA,NA,NA,NA,NA,NA,NA,NA,NA,NA,NA,NA,NA,NA
"2025","high_east",2,"open","C","BRTE",12,"high",0,0.0212,0.0033,12,1,8.63333333333333,4.7,16.6,NA,NA,NA,NA,NA,NA,NA,NA,NA,NA,NA,NA,NA,NA
"2025","high_east",2,"open","C","BRTE",10,"high",1,0.0212,0.0033,12,1,8.63333333333333,4.7,16.6,NA,NA,NA,132,3,167,167,0.0033,10.4221,4e-04,0,0,12.993,"3e-04"
"2025","high_east",2,"open","R","BRTE",4,"high",0,0,0,0,0,8.63333333333333,4.7,16.6,NA,NA,NA,NA,NA,NA,NA,NA,NA,NA,NA,NA,NA,NA
"2025","high_east",2,"open","R","BRTE",5,"high",0,0,0,0,0,8.63333333333333,4.7,16.6,NA,NA,NA,NA,NA,NA,NA,NA,NA,NA,NA,NA,NA,NA
"2025","high_east",2,"open","R","BRTE",10,"high",1,0,0,0,0,8.63333333333333,4.7,16.6,NA,NA,NA,119,0,NA,NA,NA,NA,NA,NA,NA,NA,NA
"2025","high_east",2,"open","R","BRTE",1,"high",0,0,0,0,0,8.63333333333333,4.7,16.6,NA,NA,NA,NA,NA,NA,NA,NA,NA,NA,NA,NA,NA,NA
"2025","high_east",2,"open","R","BRTE",2,"high",0,0,0,0,0,8.63333333333333,4.7,16.6,NA,NA,NA,NA,NA,NA,NA,NA,NA,NA,NA,NA,NA,NA
"2025","high_east",2,"open","R","BRTE",3,"high",0,0,0,0,0,8.63333333333333,4.7,16.6,NA,NA,NA,NA,NA,NA,NA,NA,NA,NA,NA,NA,NA,NA
"2025","high_east",2,"open","R","BRTE",7,"high",0,0,0,0,0,8.63333333333333,4.7,16.6,NA,NA,NA,NA,NA,NA,NA,NA,NA,NA,NA,NA,NA,NA
"2025","high_east",2,"open","R","BRTE",9,"high",1,0,0,0,0,8.63333333333333,4.7,16.6,NA,NA,NA,132,3.4,NA,NA,NA,NA,NA,NA,NA,NA,NA
"2025","high_east",2,"open","R","BRTE",11,"high",1,0,0,0,0,8.63333333333333,4.7,16.6,NA,NA,NA,119,0,NA,NA,NA,NA,NA,NA,NA,NA,NA
"2025","high_east",2,"open","R","BRTE",12,"high",0,0,0,0,0,8.63333333333333,4.7,16.6,NA,NA,NA,NA,NA,NA,NA,NA,NA,NA,NA,NA,NA,NA
"2025","high_east",2,"open","R","BRTE",8,"high",0,0,0,0,0,8.63333333333333,4.7,16.6,NA,NA,NA,NA,NA,NA,NA,NA,NA,NA,NA,NA,NA,NA
"2025","high_east",2,"open","R","BRTE",6,"high",0,0,0,0,0,8.63333333333333,4.7,16.6,NA,NA,NA,NA,NA,NA,NA,NA,NA,NA,NA,NA,NA,NA
"2025","high_east",2,"shrub","C","BRTE",7,"high",0,0,0,0,0,9.01666666666667,5.7,18,NA,NA,NA,NA,NA,NA,NA,NA,NA,NA,NA,NA,NA,NA
"2025","high_east",2,"shrub","C","BRTE",2,"high",0,0,0,0,0,9.01666666666667,5.7,18,NA,NA,NA,NA,NA,NA,NA,NA,NA,NA,NA,NA,NA,NA
"2025","high_east",2,"shrub","C","BRTE",4,"high",0,0,0,0,0,9.01666666666667,5.7,18,NA,NA,NA,NA,NA,NA,NA,NA,NA,NA,NA,NA,NA,NA
"2025","high_east",2,"shrub","C","BRTE",5,"high",0,0,0,0,0,9.01666666666667,5.7,18,NA,NA,NA,NA,NA,NA,NA,NA,NA,NA,NA,NA,NA,NA
"2025","high_east",2,"shrub","C","BRTE",6,"high",0,0,0,0,0,9.01666666666667,5.7,18,NA,NA,NA,NA,NA,NA,NA,NA,NA,NA,NA,NA,NA,NA
"2025","high_east",2,"shrub","C","BRTE",10,"high",0,0,0,0,0,9.01666666666667,5.7,18,NA,NA,NA,NA,NA,NA,NA,NA,NA,NA,NA,NA,NA,NA
"2025","high_east",2,"shrub","C","BRTE",12,"high",0,0,0,0,0,9.01666666666667,5.7,18,NA,NA,NA,NA,NA,NA,NA,NA,NA,NA,NA,NA,NA,NA
"2025","high_east",2,"shrub","C","BRTE",8,"high",0,0,0,0,0,9.01666666666667,5.7,18,NA,NA,NA,NA,NA,NA,NA,NA,NA,NA,NA,NA,NA,NA
"2025","high_east",2,"shrub","C","BRTE",1,"high",0,0,0,0,0,9.01666666666667,5.7,18,NA,NA,NA,NA,NA,NA,NA,NA,NA,NA,NA,NA,NA,NA
"2025","high_east",2,"shrub","C","BRTE",3,"high",0,0,0,0,0,9.01666666666667,5.7,18,NA,NA,NA,NA,NA,NA,NA,NA,NA,NA,NA,NA,NA,NA
"2025","high_east",2,"shrub","C","BRTE",9,"high",0,0,0,0,0,9.01666666666667,5.7,18,NA,NA,NA,NA,NA,NA,NA,NA,NA,NA,NA,NA,NA,NA
"2025","high_east",2,"shrub","C","BRTE",11,"high",0,0,0,0,0,9.01666666666667,5.7,18,NA,NA,NA,NA,NA,NA,NA,NA,NA,NA,NA,NA,NA,NA
"2025","high_east",2,"shrub","R","BRTE",1,"high",0,0,0,0,0,9.01666666666667,5.7,18,NA,NA,NA,NA,NA,NA,NA,NA,NA,NA,NA,NA,NA,NA
"2025","high_east",2,"shrub","R","BRTE",2,"high",0,0,0,0,0,9.01666666666667,5.7,18,NA,NA,NA,NA,NA,NA,NA,NA,NA,NA,NA,NA,NA,NA
"2025","high_east",2,"shrub","R","BRTE",4,"high",0,0,0,0,0,9.01666666666667,5.7,18,NA,NA,NA,NA,NA,NA,NA,NA,NA,NA,NA,NA,NA,NA
"2025","high_east",2,"shrub","R","BRTE",5,"high",0,0,0,0,0,9.01666666666667,5.7,18,NA,NA,NA,NA,NA,NA,NA,NA,NA,NA,NA,NA,NA,NA
"2025","high_east",2,"shrub","R","BRTE",6,"high",0,0,0,0,0,9.01666666666667,5.7,18,NA,NA,NA,NA,NA,NA,NA,NA,NA,NA,NA,NA,NA,NA
"2025","high_east",2,"shrub","R","BRTE",7,"high",0,0,0,0,0,9.01666666666667,5.7,18,NA,NA,NA,NA,NA,NA,NA,NA,NA,NA,NA,NA,NA,NA
"2025","high_east",2,"shrub","R","BRTE",8,"high",0,0,0,0,0,9.01666666666667,5.7,18,NA,NA,NA,NA,NA,NA,NA,NA,NA,NA,NA,NA,NA,NA
"2025","high_east",2,"shrub","R","BRTE",9,"high",0,0,0,0,0,9.01666666666667,5.7,18,NA,NA,NA,NA,NA,NA,NA,NA,NA,NA,NA,NA,NA,NA
"2025","high_east",2,"shrub","R","BRTE",11,"high",0,0,0,0,0,9.01666666666667,5.7,18,NA,NA,NA,NA,NA,NA,NA,NA,NA,NA,NA,NA,NA,NA
"2025","high_east",2,"shrub","R","BRTE",3,"high",1,0,0,0,0,9.01666666666667,5.7,18,NA,NA,NA,132,2,NA,NA,NA,NA,NA,NA,NA,NA,NA
"2025","high_east",2,"shrub","R","BRTE",10,"high",0,0,0,0,0,9.01666666666667,5.7,18,NA,NA,NA,NA,NA,NA,NA,NA,NA,NA,NA,NA,NA,NA
"2025","high_east",2,"shrub","R","BRTE",12,"high",0,0,0,0,0,9.01666666666667,5.7,18,NA,NA,NA,NA,NA,NA,NA,NA,NA,NA,NA,NA,NA,NA
"2025","high_east",3,"open","C","BRTE",7,"high",0,0.0202,0,6,0,8.2,3.1,18.9,NA,NA,NA,NA,NA,NA,NA,NA,NA,NA,NA,NA,NA,NA
"2025","high_east",3,"open","C","BRTE",5,"high",0,0.0202,0,6,0,8.2,3.1,18.9,NA,NA,NA,NA,NA,NA,NA,NA,NA,NA,NA,NA,NA,NA
"2025","high_east",3,"open","C","BRTE",6,"high",0,0.0202,0,6,0,8.2,3.1,18.9,NA,NA,NA,NA,NA,NA,NA,NA,NA,NA,NA,NA,NA,NA
"2025","high_east",3,"open","C","BRTE",4,"high",0,0.0202,0,6,0,8.2,3.1,18.9,NA,NA,NA,NA,NA,NA,NA,NA,NA,NA,NA,NA,NA,NA
"2025","high_east",3,"open","C","BRTE",3,"high",0,0.0202,0,6,0,8.2,3.1,18.9,NA,NA,NA,NA,NA,NA,NA,NA,NA,NA,NA,NA,NA,NA
"2025","high_east",3,"open","C","BRTE",9,"high",0,0.0202,0,6,0,8.2,3.1,18.9,NA,NA,NA,NA,NA,NA,NA,NA,NA,NA,NA,NA,NA,NA
"2025","high_east",3,"open","C","BRTE",1,"high",0,0.0202,0,6,0,8.2,3.1,18.9,NA,NA,NA,NA,NA,NA,NA,NA,NA,NA,NA,NA,NA,NA
"2025","high_east",3,"open","C","BRTE",11,"high",0,0.0202,0,6,0,8.2,3.1,18.9,NA,NA,NA,NA,NA,NA,NA,NA,NA,NA,NA,NA,NA,NA
"2025","high_east",3,"open","C","BRTE",2,"high",0,0.0202,0,6,0,8.2,3.1,18.9,NA,NA,NA,NA,NA,NA,NA,NA,NA,NA,NA,NA,NA,NA
"2025","high_east",3,"open","C","BRTE",10,"high",0,0.0202,0,6,0,8.2,3.1,18.9,NA,NA,NA,NA,NA,NA,NA,NA,NA,NA,NA,NA,NA,NA
"2025","high_east",3,"open","C","BRTE",8,"high",0,0.0202,0,6,0,8.2,3.1,18.9,NA,NA,NA,NA,NA,NA,NA,NA,NA,NA,NA,NA,NA,NA
"2025","high_east",3,"open","C","BRTE",12,"high",0,0.0202,0,6,0,8.2,3.1,18.9,NA,NA,NA,NA,NA,NA,NA,NA,NA,NA,NA,NA,NA,NA
"2025","high_east",3,"open","R","BRTE",2,"high",0,0,0,0,0,8.2,3.1,18.9,NA,NA,NA,NA,NA,NA,NA,NA,NA,NA,NA,NA,NA,NA
"2025","high_east",3,"open","R","BRTE",4,"high",0,0,0,0,0,8.2,3.1,18.9,NA,NA,NA,NA,NA,NA,NA,NA,NA,NA,NA,NA,NA,NA
"2025","high_east",3,"open","R","BRTE",7,"high",0,0,0,0,0,8.2,3.1,18.9,NA,NA,NA,NA,NA,NA,NA,NA,NA,NA,NA,NA,NA,NA
"2025","high_east",3,"open","R","BRTE",8,"high",0,0,0,0,0,8.2,3.1,18.9,NA,NA,NA,NA,NA,NA,NA,NA,NA,NA,NA,NA,NA,NA
"2025","high_east",3,"open","R","BRTE",10,"high",0,0,0,0,0,8.2,3.1,18.9,NA,NA,NA,NA,NA,NA,NA,NA,NA,NA,NA,NA,NA,NA
"2025","high_east",3,"open","R","BRTE",12,"high",0,0,0,0,0,8.2,3.1,18.9,NA,NA,NA,NA,NA,NA,NA,NA,NA,NA,NA,NA,NA,NA
"2025","high_east",3,"open","R","BRTE",1,"high",0,0,0,0,0,8.2,3.1,18.9,NA,NA,NA,NA,NA,NA,NA,NA,NA,NA,NA,NA,NA,NA
"2025","high_east",3,"open","R","BRTE",3,"high",1,0,0,0,0,8.2,3.1,18.9,NA,NA,NA,132,2,NA,NA,NA,NA,NA,NA,NA,NA,NA
"2025","high_east",3,"open","R","BRTE",5,"high",0,0,0,0,0,8.2,3.1,18.9,NA,NA,NA,NA,NA,NA,NA,NA,NA,NA,NA,NA,NA,NA
"2025","high_east",3,"open","R","BRTE",6,"high",0,0,0,0,0,8.2,3.1,18.9,NA,NA,NA,NA,NA,NA,NA,NA,NA,NA,NA,NA,NA,NA
"2025","high_east",3,"open","R","BRTE",9,"high",0,0,0,0,0,8.2,3.1,18.9,NA,NA,NA,NA,NA,NA,NA,NA,NA,NA,NA,NA,NA,NA
"2025","high_east",3,"open","R","BRTE",11,"high",0,0,0,0,0,8.2,3.1,18.9,NA,NA,NA,NA,NA,NA,NA,NA,NA,NA,NA,NA,NA,NA
"2025","high_east",3,"shrub","C","BRTE",5,"high",0,0,0,0,0,10.1333333333333,5.3,19.9,NA,NA,NA,NA,NA,NA,NA,NA,NA,NA,NA,NA,NA,NA
"2025","high_east",3,"shrub","C","BRTE",4,"high",0,0,0,0,0,10.1333333333333,5.3,19.9,NA,NA,NA,NA,NA,NA,NA,NA,NA,NA,NA,NA,NA,NA
"2025","high_east",3,"shrub","C","BRTE",11,"high",0,0,0,0,0,10.1333333333333,5.3,19.9,NA,NA,NA,NA,NA,NA,NA,NA,NA,NA,NA,NA,NA,NA
"2025","high_east",3,"shrub","C","BRTE",12,"high",0,0,0,0,0,10.1333333333333,5.3,19.9,NA,NA,NA,NA,NA,NA,NA,NA,NA,NA,NA,NA,NA,NA
"2025","high_east",3,"shrub","C","BRTE",10,"high",0,0,0,0,0,10.1333333333333,5.3,19.9,NA,NA,NA,NA,NA,NA,NA,NA,NA,NA,NA,NA,NA,NA
"2025","high_east",3,"shrub","C","BRTE",3,"high",0,0,0,0,0,10.1333333333333,5.3,19.9,NA,NA,NA,NA,NA,NA,NA,NA,NA,NA,NA,NA,NA,NA
"2025","high_east",3,"shrub","C","BRTE",7,"high",0,0,0,0,0,10.1333333333333,5.3,19.9,NA,NA,NA,NA,NA,NA,NA,NA,NA,NA,NA,NA,NA,NA
"2025","high_east",3,"shrub","C","BRTE",1,"high",0,0,0,0,0,10.1333333333333,5.3,19.9,NA,NA,NA,NA,NA,NA,NA,NA,NA,NA,NA,NA,NA,NA
"2025","high_east",3,"shrub","C","BRTE",6,"high",0,0,0,0,0,10.1333333333333,5.3,19.9,NA,NA,NA,NA,NA,NA,NA,NA,NA,NA,NA,NA,NA,NA
"2025","high_east",3,"shrub","C","BRTE",2,"high",0,0,0,0,0,10.1333333333333,5.3,19.9,NA,NA,NA,NA,NA,NA,NA,NA,NA,NA,NA,NA,NA,NA
"2025","high_east",3,"shrub","C","BRTE",9,"high",0,0,0,0,0,10.1333333333333,5.3,19.9,NA,NA,NA,NA,NA,NA,NA,NA,NA,NA,NA,NA,NA,NA
"2025","high_east",3,"shrub","C","BRTE",8,"high",0,0,0,0,0,10.1333333333333,5.3,19.9,NA,NA,NA,NA,NA,NA,NA,NA,NA,NA,NA,NA,NA,NA
"2025","high_east",3,"shrub","R","BRTE",2,"high",0,0,0,0,0,10.1333333333333,5.3,19.9,NA,NA,NA,NA,NA,NA,NA,NA,NA,NA,NA,NA,NA,NA
"2025","high_east",3,"shrub","R","BRTE",5,"high",0,0,0,0,0,10.1333333333333,5.3,19.9,NA,NA,NA,NA,NA,NA,NA,NA,NA,NA,NA,NA,NA,NA
"2025","high_east",3,"shrub","R","BRTE",6,"high",0,0,0,0,0,10.1333333333333,5.3,19.9,NA,NA,NA,NA,NA,NA,NA,NA,NA,NA,NA,NA,NA,NA
"2025","high_east",3,"shrub","R","BRTE",9,"high",0,0,0,0,0,10.1333333333333,5.3,19.9,NA,NA,NA,NA,NA,NA,NA,NA,NA,NA,NA,NA,NA,NA
"2025","high_east",3,"shrub","R","BRTE",12,"high",0,0,0,0,0,10.1333333333333,5.3,19.9,NA,NA,NA,NA,NA,NA,NA,NA,NA,NA,NA,NA,NA,NA
"2025","high_east",3,"shrub","R","BRTE",1,"high",0,0,0,0,0,10.1333333333333,5.3,19.9,NA,NA,NA,NA,NA,NA,NA,NA,NA,NA,NA,NA,NA,NA
"2025","high_east",3,"shrub","R","BRTE",3,"high",0,0,0,0,0,10.1333333333333,5.3,19.9,NA,NA,NA,NA,NA,NA,NA,NA,NA,NA,NA,NA,NA,NA
"2025","high_east",3,"shrub","R","BRTE",4,"high",0,0,0,0,0,10.1333333333333,5.3,19.9,NA,NA,NA,NA,NA,NA,NA,NA,NA,NA,NA,NA,NA,NA
"2025","high_east",3,"shrub","R","BRTE",7,"high",0,0,0,0,0,10.1333333333333,5.3,19.9,NA,NA,NA,NA,NA,NA,NA,NA,NA,NA,NA,NA,NA,NA
"2025","high_east",3,"shrub","R","BRTE",8,"high",0,0,0,0,0,10.1333333333333,5.3,19.9,NA,NA,NA,NA,NA,NA,NA,NA,NA,NA,NA,NA,NA,NA
"2025","high_east",3,"shrub","R","BRTE",10,"high",0,0,0,0,0,10.1333333333333,5.3,19.9,NA,NA,NA,NA,NA,NA,NA,NA,NA,NA,NA,NA,NA,NA
"2025","high_east",3,"shrub","R","BRTE",11,"high",0,0,0,0,0,10.1333333333333,5.3,19.9,NA,NA,NA,NA,NA,NA,NA,NA,NA,NA,NA,NA,NA,NA
"2025","high_east",4,"open","C","BRTE",11,"high",0,0.0337,0,18,0,9.45,4.6,20.8,NA,NA,NA,NA,NA,NA,NA,NA,NA,NA,NA,NA,NA,NA
"2025","high_east",4,"open","C","BRTE",1,"high",0,0.0337,0,18,0,9.45,4.6,20.8,NA,NA,NA,NA,NA,NA,NA,NA,NA,NA,NA,NA,NA,NA
"2025","high_east",4,"open","C","BRTE",7,"high",0,0.0337,0,18,0,9.45,4.6,20.8,NA,NA,NA,NA,NA,NA,NA,NA,NA,NA,NA,NA,NA,NA
"2025","high_east",4,"open","C","BRTE",12,"high",0,0.0337,0,18,0,9.45,4.6,20.8,NA,NA,NA,NA,NA,NA,NA,NA,NA,NA,NA,NA,NA,NA
"2025","high_east",4,"open","C","BRTE",10,"high",0,0.0337,0,18,0,9.45,4.6,20.8,NA,NA,NA,NA,NA,NA,NA,NA,NA,NA,NA,NA,NA,NA
"2025","high_east",4,"open","C","BRTE",8,"high",0,0.0337,0,18,0,9.45,4.6,20.8,NA,NA,NA,NA,NA,NA,NA,NA,NA,NA,NA,NA,NA,NA
"2025","high_east",4,"open","C","BRTE",6,"high",0,0.0337,0,18,0,9.45,4.6,20.8,NA,NA,NA,NA,NA,NA,NA,NA,NA,NA,NA,NA,NA,NA
"2025","high_east",4,"open","C","BRTE",9,"high",0,0.0337,0,18,0,9.45,4.6,20.8,NA,NA,NA,NA,NA,NA,NA,NA,NA,NA,NA,NA,NA,NA
"2025","high_east",4,"open","C","BRTE",2,"high",0,0.0337,0,18,0,9.45,4.6,20.8,NA,NA,NA,NA,NA,NA,NA,NA,NA,NA,NA,NA,NA,NA
"2025","high_east",4,"open","C","BRTE",5,"high",0,0.0337,0,18,0,9.45,4.6,20.8,NA,NA,NA,NA,NA,NA,NA,NA,NA,NA,NA,NA,NA,NA
"2025","high_east",4,"open","C","BRTE",4,"high",0,0.0337,0,18,0,9.45,4.6,20.8,NA,NA,NA,NA,NA,NA,NA,NA,NA,NA,NA,NA,NA,NA
"2025","high_east",4,"open","C","BRTE",3,"high",0,0.0337,0,18,0,9.45,4.6,20.8,NA,NA,NA,NA,NA,NA,NA,NA,NA,NA,NA,NA,NA,NA
"2025","high_east",4,"open","R","BRTE",1,"high",0,0,0,0,0,9.45,4.6,20.8,NA,NA,NA,NA,NA,NA,NA,NA,NA,NA,NA,NA,NA,NA
"2025","high_east",4,"open","R","BRTE",2,"high",0,0,0,0,0,9.45,4.6,20.8,NA,NA,NA,NA,NA,NA,NA,NA,NA,NA,NA,NA,NA,NA
"2025","high_east",4,"open","R","BRTE",6,"high",0,0,0,0,0,9.45,4.6,20.8,NA,NA,NA,NA,NA,NA,NA,NA,NA,NA,NA,NA,NA,NA
"2025","high_east",4,"open","R","BRTE",9,"high",0,0,0,0,0,9.45,4.6,20.8,NA,NA,NA,NA,NA,NA,NA,NA,NA,NA,NA,NA,NA,NA
"2025","high_east",4,"open","R","BRTE",10,"high",0,0,0,0,0,9.45,4.6,20.8,NA,NA,NA,NA,NA,NA,NA,NA,NA,NA,NA,NA,NA,NA
"2025","high_east",4,"open","R","BRTE",11,"high",0,0,0,0,0,9.45,4.6,20.8,NA,NA,NA,NA,NA,NA,NA,NA,NA,NA,NA,NA,NA,NA
"2025","high_east",4,"open","R","BRTE",12,"high",0,0,0,0,0,9.45,4.6,20.8,NA,NA,NA,NA,NA,NA,NA,NA,NA,NA,NA,NA,NA,NA
"2025","high_east",4,"open","R","BRTE",3,"high",0,0,0,0,0,9.45,4.6,20.8,NA,NA,NA,NA,NA,NA,NA,NA,NA,NA,NA,NA,NA,NA
"2025","high_east",4,"open","R","BRTE",4,"high",0,0,0,0,0,9.45,4.6,20.8,NA,NA,NA,NA,NA,NA,NA,NA,NA,NA,NA,NA,NA,NA
"2025","high_east",4,"open","R","BRTE",5,"high",0,0,0,0,0,9.45,4.6,20.8,NA,NA,NA,NA,NA,NA,NA,NA,NA,NA,NA,NA,NA,NA
"2025","high_east",4,"open","R","BRTE",7,"high",1,0,0,0,0,9.45,4.6,20.8,NA,NA,NA,119,4.5,NA,NA,0.0028,18.3291,7e-04,0,0,20.585,"7e-04"
"2025","high_east",4,"open","R","BRTE",8,"high",0,0,0,0,0,9.45,4.6,20.8,NA,NA,NA,NA,NA,NA,NA,NA,NA,NA,NA,NA,NA,NA
"2025","high_east",4,"shrub","C","BRTE",10,"high",1,0,0.0053,0,2,10.1166666666667,4.5,19.8,NA,NA,NA,148,3.4,NA,NA,NA,NA,NA,NA,NA,NA,NA
"2025","high_east",4,"shrub","C","BRTE",11,"high",1,0,0.0053,0,2,10.1166666666667,4.5,19.8,NA,NA,NA,167,5.2,167,NA,0.0043,9.8428,5e-04,1,1e-04,11.572,"5e-04"
"2025","high_east",4,"shrub","C","BRTE",7,"high",1,0,0.0053,0,2,10.1166666666667,4.5,19.8,NA,NA,NA,119,0,NA,NA,NA,NA,NA,NA,NA,NA,NA
"2025","high_east",4,"shrub","C","BRTE",12,"high",0,0,0.0053,0,2,10.1166666666667,4.5,19.8,NA,NA,NA,NA,NA,NA,NA,NA,NA,NA,NA,NA,NA,NA
"2025","high_east",4,"shrub","C","BRTE",8,"high",0,0,0.0053,0,2,10.1166666666667,4.5,19.8,NA,NA,NA,NA,NA,NA,NA,NA,NA,NA,NA,NA,NA,NA
"2025","high_east",4,"shrub","C","BRTE",4,"high",0,0,0.0053,0,2,10.1166666666667,4.5,19.8,NA,NA,NA,NA,NA,NA,NA,NA,NA,NA,NA,NA,NA,NA
"2025","high_east",4,"shrub","C","BRTE",9,"high",0,0,0.0053,0,2,10.1166666666667,4.5,19.8,NA,NA,NA,NA,NA,NA,NA,NA,NA,NA,NA,NA,NA,NA
"2025","high_east",4,"shrub","C","BRTE",2,"high",1,0,0.0053,0,2,10.1166666666667,4.5,19.8,NA,NA,NA,119,4.2,NA,NA,0.001,8.4548,3e-04,0,0,21.274,"5e-04"
"2025","high_east",4,"shrub","C","BRTE",3,"high",0,0,0.0053,0,2,10.1166666666667,4.5,19.8,NA,NA,NA,NA,NA,NA,NA,NA,NA,NA,NA,NA,NA,NA
"2025","high_east",4,"shrub","C","BRTE",5,"high",0,0,0.0053,0,2,10.1166666666667,4.5,19.8,NA,NA,NA,NA,NA,NA,NA,NA,NA,NA,NA,NA,NA,NA
"2025","high_east",4,"shrub","C","BRTE",1,"high",0,0,0.0053,0,2,10.1166666666667,4.5,19.8,NA,NA,NA,NA,NA,NA,NA,NA,NA,NA,NA,NA,NA,NA
"2025","high_east",4,"shrub","C","BRTE",6,"high",0,0,0.0053,0,2,10.1166666666667,4.5,19.8,NA,NA,NA,NA,NA,NA,NA,NA,NA,NA,NA,NA,NA,NA
"2025","high_east",4,"shrub","R","BRTE",2,"high",0,0,0,0,0,10.1166666666667,4.5,19.8,NA,NA,NA,NA,NA,NA,NA,NA,NA,NA,NA,NA,NA,NA
"2025","high_east",4,"shrub","R","BRTE",7,"high",0,0,0,0,0,10.1166666666667,4.5,19.8,NA,NA,NA,NA,NA,NA,NA,NA,NA,NA,NA,NA,NA,NA
"2025","high_east",4,"shrub","R","BRTE",8,"high",0,0,0,0,0,10.1166666666667,4.5,19.8,NA,NA,NA,NA,NA,NA,NA,NA,NA,NA,NA,NA,NA,NA
"2025","high_east",4,"shrub","R","BRTE",10,"high",1,0,0,0,0,10.1166666666667,4.5,19.8,NA,NA,NA,119,0,NA,NA,NA,NA,NA,NA,NA,NA,NA
"2025","high_east",4,"shrub","R","BRTE",11,"high",0,0,0,0,0,10.1166666666667,4.5,19.8,NA,NA,NA,NA,NA,NA,NA,NA,NA,NA,NA,NA,NA,NA
"2025","high_east",4,"shrub","R","BRTE",4,"high",0,0,0,0,0,10.1166666666667,4.5,19.8,NA,NA,NA,NA,NA,NA,NA,NA,NA,NA,NA,NA,NA,NA
"2025","high_east",4,"shrub","R","BRTE",5,"high",0,0,0,0,0,10.1166666666667,4.5,19.8,NA,NA,NA,NA,NA,NA,NA,NA,NA,NA,NA,NA,NA,NA
"2025","high_east",4,"shrub","R","BRTE",1,"high",1,0,0,0,0,10.1166666666667,4.5,19.8,NA,NA,NA,119,0,NA,NA,NA,NA,NA,NA,NA,NA,NA
"2025","high_east",4,"shrub","R","BRTE",3,"high",0,0,0,0,0,10.1166666666667,4.5,19.8,NA,NA,NA,NA,NA,NA,NA,NA,NA,NA,NA,NA,NA,NA
"2025","high_east",4,"shrub","R","BRTE",6,"high",0,0,0,0,0,10.1166666666667,4.5,19.8,NA,NA,NA,NA,NA,NA,NA,NA,NA,NA,NA,NA,NA,NA
"2025","high_east",4,"shrub","R","BRTE",9,"high",0,0,0,0,0,10.1166666666667,4.5,19.8,NA,NA,NA,NA,NA,NA,NA,NA,NA,NA,NA,NA,NA,NA
"2025","high_east",4,"shrub","R","BRTE",12,"high",1,0,0,0,0,10.1166666666667,4.5,19.8,NA,NA,NA,119,6.1,NA,NA,0.0031,8.6424,6e-04,0,0,9.361,"4e-04"
"2025","high_gate",1,"open","C","BRTE",9,"high",0,0.0171,0.0022,14,1,7.25714285714286,3.6,13.8,NA,NA,NA,NA,NA,NA,NA,NA,NA,NA,NA,NA,NA,NA
"2025","high_gate",1,"open","C","BRTE",5,"high",0,0.0171,0.0022,14,1,7.25714285714286,3.6,13.8,NA,NA,NA,NA,NA,NA,NA,NA,NA,NA,NA,NA,NA,NA
"2025","high_gate",1,"open","C","BRTE",4,"high",1,0.0171,0.0022,14,1,7.25714285714286,3.6,13.8,NA,NA,NA,119,2.1,NA,NA,0.0022,NA,5e-04,0,0,9.145,"4e-04"
"2025","high_gate",1,"open","C","BRTE",1,"high",0,0.0171,0.0022,14,1,7.25714285714286,3.6,13.8,NA,NA,NA,NA,NA,NA,NA,NA,NA,NA,NA,NA,NA,NA
"2025","high_gate",1,"open","C","BRTE",10,"high",0,0.0171,0.0022,14,1,7.25714285714286,3.6,13.8,NA,NA,NA,NA,NA,NA,NA,NA,NA,NA,NA,NA,NA,NA
"2025","high_gate",1,"open","C","BRTE",2,"high",0,0.0171,0.0022,14,1,7.25714285714286,3.6,13.8,NA,NA,NA,NA,NA,NA,NA,NA,NA,NA,NA,NA,NA,NA
"2025","high_gate",1,"open","C","BRTE",12,"high",0,0.0171,0.0022,14,1,7.25714285714286,3.6,13.8,NA,NA,NA,NA,NA,NA,NA,NA,NA,NA,NA,NA,NA,NA
"2025","high_gate",1,"open","C","BRTE",7,"high",1,0.0171,0.0022,14,1,7.25714285714286,3.6,13.8,NA,NA,NA,119,0,NA,NA,NA,NA,NA,NA,NA,NA,NA
"2025","high_gate",1,"open","C","BRTE",11,"high",0,0.0171,0.0022,14,1,7.25714285714286,3.6,13.8,NA,NA,NA,NA,NA,NA,NA,NA,NA,NA,NA,NA,NA,NA
"2025","high_gate",1,"open","C","BRTE",8,"high",0,0.0171,0.0022,14,1,7.25714285714286,3.6,13.8,NA,NA,NA,NA,NA,NA,NA,NA,NA,NA,NA,NA,NA,NA
"2025","high_gate",1,"open","C","BRTE",6,"high",0,0.0171,0.0022,14,1,7.25714285714286,3.6,13.8,NA,NA,NA,NA,NA,NA,NA,NA,NA,NA,NA,NA,NA,NA
"2025","high_gate",1,"open","C","BRTE",3,"high",0,0.0171,0.0022,14,1,7.25714285714286,3.6,13.8,NA,NA,NA,NA,NA,NA,NA,NA,NA,NA,NA,NA,NA,NA
"2025","high_gate",1,"open","R","BRTE",11,"high",0,0,0,0,0,7.25714285714286,3.6,13.8,NA,NA,NA,NA,NA,NA,NA,NA,NA,NA,NA,NA,NA,NA
"2025","high_gate",1,"open","R","BRTE",12,"high",0,0,0,0,0,7.25714285714286,3.6,13.8,NA,NA,NA,NA,NA,NA,NA,NA,NA,NA,NA,NA,NA,NA
"2025","high_gate",1,"open","R","BRTE",1,"high",1,0,0,0,0,7.25714285714286,3.6,13.8,NA,NA,NA,119,0,NA,NA,NA,NA,NA,NA,NA,NA,NA
"2025","high_gate",1,"open","R","BRTE",2,"high",0,0,0,0,0,7.25714285714286,3.6,13.8,NA,NA,NA,NA,NA,NA,NA,NA,NA,NA,NA,NA,NA,NA
"2025","high_gate",1,"open","R","BRTE",3,"high",0,0,0,0,0,7.25714285714286,3.6,13.8,NA,NA,NA,NA,NA,NA,NA,NA,NA,NA,NA,NA,NA,NA
"2025","high_gate",1,"open","R","BRTE",4,"high",0,0,0,0,0,7.25714285714286,3.6,13.8,NA,NA,NA,NA,NA,NA,NA,NA,NA,NA,NA,NA,NA,NA
"2025","high_gate",1,"open","R","BRTE",5,"high",0,0,0,0,0,7.25714285714286,3.6,13.8,NA,NA,NA,NA,NA,NA,NA,NA,NA,NA,NA,NA,NA,NA
"2025","high_gate",1,"open","R","BRTE",6,"high",0,0,0,0,0,7.25714285714286,3.6,13.8,NA,NA,NA,NA,NA,NA,NA,NA,NA,NA,NA,NA,NA,NA
"2025","high_gate",1,"open","R","BRTE",8,"high",0,0,0,0,0,7.25714285714286,3.6,13.8,NA,NA,NA,NA,NA,NA,NA,NA,NA,NA,NA,NA,NA,NA
"2025","high_gate",1,"open","R","BRTE",10,"high",0,0,0,0,0,7.25714285714286,3.6,13.8,NA,NA,NA,NA,NA,NA,NA,NA,NA,NA,NA,NA,NA,NA
"2025","high_gate",1,"open","R","BRTE",9,"high",0,0,0,0,0,7.25714285714286,3.6,13.8,NA,NA,NA,NA,NA,NA,NA,NA,NA,NA,NA,NA,NA,NA
"2025","high_gate",1,"open","R","BRTE",7,"high",0,0,0,0,0,7.25714285714286,3.6,13.8,NA,NA,NA,NA,NA,NA,NA,NA,NA,NA,NA,NA,NA,NA
"2025","high_gate",1,"shrub","C","BRTE",2,"high",0,0,0,0,0,10.7571428571429,5.9,19.5,NA,NA,NA,NA,NA,NA,NA,NA,NA,NA,NA,NA,NA,NA
"2025","high_gate",1,"shrub","C","BRTE",6,"high",0,0,0,0,0,10.7571428571429,5.9,19.5,NA,NA,NA,NA,NA,NA,NA,NA,NA,NA,NA,NA,NA,NA
"2025","high_gate",1,"shrub","C","BRTE",12,"high",0,0,0,0,0,10.7571428571429,5.9,19.5,NA,NA,NA,NA,NA,NA,NA,NA,NA,NA,NA,NA,NA,NA
"2025","high_gate",1,"shrub","C","BRTE",7,"high",0,0,0,0,0,10.7571428571429,5.9,19.5,NA,NA,NA,NA,NA,NA,NA,NA,NA,NA,NA,NA,NA,NA
"2025","high_gate",1,"shrub","C","BRTE",8,"high",0,0,0,0,0,10.7571428571429,5.9,19.5,NA,NA,NA,NA,NA,NA,NA,NA,NA,NA,NA,NA,NA,NA
"2025","high_gate",1,"shrub","C","BRTE",1,"high",0,0,0,0,0,10.7571428571429,5.9,19.5,NA,NA,NA,NA,NA,NA,NA,NA,NA,NA,NA,NA,NA,NA
"2025","high_gate",1,"shrub","C","BRTE",11,"high",0,0,0,0,0,10.7571428571429,5.9,19.5,NA,NA,NA,NA,NA,NA,NA,NA,NA,NA,NA,NA,NA,NA
"2025","high_gate",1,"shrub","C","BRTE",9,"high",0,0,0,0,0,10.7571428571429,5.9,19.5,NA,NA,NA,NA,NA,NA,NA,NA,NA,NA,NA,NA,NA,NA
"2025","high_gate",1,"shrub","C","BRTE",10,"high",0,0,0,0,0,10.7571428571429,5.9,19.5,NA,NA,NA,NA,NA,NA,NA,NA,NA,NA,NA,NA,NA,NA
"2025","high_gate",1,"shrub","C","BRTE",5,"high",0,0,0,0,0,10.7571428571429,5.9,19.5,NA,NA,NA,NA,NA,NA,NA,NA,NA,NA,NA,NA,NA,NA
"2025","high_gate",1,"shrub","C","BRTE",3,"high",0,0,0,0,0,10.7571428571429,5.9,19.5,NA,NA,NA,NA,NA,NA,NA,NA,NA,NA,NA,NA,NA,NA
"2025","high_gate",1,"shrub","C","BRTE",4,"high",0,0,0,0,0,10.7571428571429,5.9,19.5,NA,NA,NA,NA,NA,NA,NA,NA,NA,NA,NA,NA,NA,NA
"2025","high_gate",1,"shrub","R","BRTE",3,"high",0,0,0,0,0,10.7571428571429,5.9,19.5,NA,NA,NA,NA,NA,NA,NA,NA,NA,NA,NA,NA,NA,NA
"2025","high_gate",1,"shrub","R","BRTE",12,"high",0,0,0,0,0,10.7571428571429,5.9,19.5,NA,NA,NA,NA,NA,NA,NA,NA,NA,NA,NA,NA,NA,NA
"2025","high_gate",1,"shrub","R","BRTE",6,"high",0,0,0,0,0,10.7571428571429,5.9,19.5,NA,NA,NA,NA,NA,NA,NA,NA,NA,NA,NA,NA,NA,NA
"2025","high_gate",1,"shrub","R","BRTE",7,"high",0,0,0,0,0,10.7571428571429,5.9,19.5,NA,NA,NA,NA,NA,NA,NA,NA,NA,NA,NA,NA,NA,NA
"2025","high_gate",1,"shrub","R","BRTE",11,"high",0,0,0,0,0,10.7571428571429,5.9,19.5,NA,NA,NA,NA,NA,NA,NA,NA,NA,NA,NA,NA,NA,NA
"2025","high_gate",1,"shrub","R","BRTE",10,"high",0,0,0,0,0,10.7571428571429,5.9,19.5,NA,NA,NA,NA,NA,NA,NA,NA,NA,NA,NA,NA,NA,NA
"2025","high_gate",1,"shrub","R","BRTE",2,"high",0,0,0,0,0,10.7571428571429,5.9,19.5,NA,NA,NA,NA,NA,NA,NA,NA,NA,NA,NA,NA,NA,NA
"2025","high_gate",1,"shrub","R","BRTE",5,"high",0,0,0,0,0,10.7571428571429,5.9,19.5,NA,NA,NA,NA,NA,NA,NA,NA,NA,NA,NA,NA,NA,NA
"2025","high_gate",1,"shrub","R","BRTE",8,"high",0,0,0,0,0,10.7571428571429,5.9,19.5,NA,NA,NA,NA,NA,NA,NA,NA,NA,NA,NA,NA,NA,NA
"2025","high_gate",1,"shrub","R","BRTE",9,"high",0,0,0,0,0,10.7571428571429,5.9,19.5,NA,NA,NA,NA,NA,NA,NA,NA,NA,NA,NA,NA,NA,NA
"2025","high_gate",1,"shrub","R","BRTE",4,"high",0,0,0,0,0,10.7571428571429,5.9,19.5,NA,NA,NA,NA,NA,NA,NA,NA,NA,NA,NA,NA,NA,NA
"2025","high_gate",1,"shrub","R","BRTE",1,"high",0,0,0,0,0,10.7571428571429,5.9,19.5,NA,NA,NA,NA,NA,NA,NA,NA,NA,NA,NA,NA,NA,NA
"2025","high_gate",2,"open","C","BRTE",7,"high",0,0.001,0,1,0,7.37142857142857,4.1,15.2,NA,NA,NA,NA,NA,NA,NA,NA,NA,NA,NA,NA,NA,NA
"2025","high_gate",2,"open","C","BRTE",9,"high",0,0.001,0,1,0,7.37142857142857,4.1,15.2,NA,NA,NA,NA,NA,NA,NA,NA,NA,NA,NA,NA,NA,NA
"2025","high_gate",2,"open","C","BRTE",8,"high",0,0.001,0,1,0,7.37142857142857,4.1,15.2,NA,NA,NA,NA,NA,NA,NA,NA,NA,NA,NA,NA,NA,NA
"2025","high_gate",2,"open","C","BRTE",4,"high",0,0.001,0,1,0,7.37142857142857,4.1,15.2,NA,NA,NA,NA,NA,NA,NA,NA,NA,NA,NA,NA,NA,NA
"2025","high_gate",2,"open","C","BRTE",12,"high",0,0.001,0,1,0,7.37142857142857,4.1,15.2,NA,NA,NA,NA,NA,NA,NA,NA,NA,NA,NA,NA,NA,NA
"2025","high_gate",2,"open","C","BRTE",11,"high",0,0.001,0,1,0,7.37142857142857,4.1,15.2,NA,NA,NA,NA,NA,NA,NA,NA,NA,NA,NA,NA,NA,NA
"2025","high_gate",2,"open","C","BRTE",10,"high",0,0.001,0,1,0,7.37142857142857,4.1,15.2,NA,NA,NA,NA,NA,NA,NA,NA,NA,NA,NA,NA,NA,NA
"2025","high_gate",2,"open","C","BRTE",6,"high",1,0.001,0,1,0,7.37142857142857,4.1,15.2,NA,NA,NA,119,0,NA,NA,NA,NA,NA,NA,NA,NA,NA
"2025","high_gate",2,"open","C","BRTE",2,"high",0,0.001,0,1,0,7.37142857142857,4.1,15.2,NA,NA,NA,NA,NA,NA,NA,NA,NA,NA,NA,NA,NA,NA
"2025","high_gate",2,"open","C","BRTE",5,"high",0,0.001,0,1,0,7.37142857142857,4.1,15.2,NA,NA,NA,NA,NA,NA,NA,NA,NA,NA,NA,NA,NA,NA
"2025","high_gate",2,"open","C","BRTE",1,"high",0,0.001,0,1,0,7.37142857142857,4.1,15.2,NA,NA,NA,NA,NA,NA,NA,NA,NA,NA,NA,NA,NA,NA
"2025","high_gate",2,"open","C","BRTE",3,"high",0,0.001,0,1,0,7.37142857142857,4.1,15.2,NA,NA,NA,NA,NA,NA,NA,NA,NA,NA,NA,NA,NA,NA
"2025","high_gate",2,"open","R","BRTE",7,"high",0,0,0,0,0,7.37142857142857,4.1,15.2,NA,NA,NA,NA,NA,NA,NA,NA,NA,NA,NA,NA,NA,NA
"2025","high_gate",2,"open","R","BRTE",1,"high",0,0,0,0,0,7.37142857142857,4.1,15.2,NA,NA,NA,NA,NA,NA,NA,NA,NA,NA,NA,NA,NA,NA
"2025","high_gate",2,"open","R","BRTE",5,"high",0,0,0,0,0,7.37142857142857,4.1,15.2,NA,NA,NA,NA,NA,NA,NA,NA,NA,NA,NA,NA,NA,NA
"2025","high_gate",2,"open","R","BRTE",6,"high",0,0,0,0,0,7.37142857142857,4.1,15.2,NA,NA,NA,NA,NA,NA,NA,NA,NA,NA,NA,NA,NA,NA
"2025","high_gate",2,"open","R","BRTE",10,"high",0,0,0,0,0,7.37142857142857,4.1,15.2,NA,NA,NA,NA,NA,NA,NA,NA,NA,NA,NA,NA,NA,NA
"2025","high_gate",2,"open","R","BRTE",11,"high",0,0,0,0,0,7.37142857142857,4.1,15.2,NA,NA,NA,NA,NA,NA,NA,NA,NA,NA,NA,NA,NA,NA
"2025","high_gate",2,"open","R","BRTE",12,"high",0,0,0,0,0,7.37142857142857,4.1,15.2,NA,NA,NA,NA,NA,NA,NA,NA,NA,NA,NA,NA,NA,NA
"2025","high_gate",2,"open","R","BRTE",3,"high",0,0,0,0,0,7.37142857142857,4.1,15.2,NA,NA,NA,NA,NA,NA,NA,NA,NA,NA,NA,NA,NA,NA
"2025","high_gate",2,"open","R","BRTE",8,"high",0,0,0,0,0,7.37142857142857,4.1,15.2,NA,NA,NA,NA,NA,NA,NA,NA,NA,NA,NA,NA,NA,NA
"2025","high_gate",2,"open","R","BRTE",9,"high",0,0,0,0,0,7.37142857142857,4.1,15.2,NA,NA,NA,NA,NA,NA,NA,NA,NA,NA,NA,NA,NA,NA
"2025","high_gate",2,"open","R","BRTE",2,"high",0,0,0,0,0,7.37142857142857,4.1,15.2,NA,NA,NA,NA,NA,NA,NA,NA,NA,NA,NA,NA,NA,NA
"2025","high_gate",2,"open","R","BRTE",4,"high",0,0,0,0,0,7.37142857142857,4.1,15.2,NA,NA,NA,NA,NA,NA,NA,NA,NA,NA,NA,NA,NA,NA
"2025","high_gate",2,"shrub","C","BRTE",12,"high",0,0,0,0,0,10.5714285714286,6,15.9,NA,NA,NA,NA,NA,NA,NA,NA,NA,NA,NA,NA,NA,NA
"2025","high_gate",2,"shrub","C","BRTE",2,"high",0,0,0,0,0,10.5714285714286,6,15.9,NA,NA,NA,NA,NA,NA,NA,NA,NA,NA,NA,NA,NA,NA
"2025","high_gate",2,"shrub","C","BRTE",9,"high",0,0,0,0,0,10.5714285714286,6,15.9,NA,NA,NA,NA,NA,NA,NA,NA,NA,NA,NA,NA,NA,NA
"2025","high_gate",2,"shrub","C","BRTE",6,"high",0,0,0,0,0,10.5714285714286,6,15.9,NA,NA,NA,NA,NA,NA,NA,NA,NA,NA,NA,NA,NA,NA
"2025","high_gate",2,"shrub","C","BRTE",3,"high",0,0,0,0,0,10.5714285714286,6,15.9,NA,NA,NA,NA,NA,NA,NA,NA,NA,NA,NA,NA,NA,NA
"2025","high_gate",2,"shrub","C","BRTE",1,"high",0,0,0,0,0,10.5714285714286,6,15.9,NA,NA,NA,NA,NA,NA,NA,NA,NA,NA,NA,NA,NA,NA
"2025","high_gate",2,"shrub","C","BRTE",4,"high",0,0,0,0,0,10.5714285714286,6,15.9,NA,NA,NA,NA,NA,NA,NA,NA,NA,NA,NA,NA,NA,NA
"2025","high_gate",2,"shrub","C","BRTE",8,"high",0,0,0,0,0,10.5714285714286,6,15.9,NA,NA,NA,NA,NA,NA,NA,NA,NA,NA,NA,NA,NA,NA
"2025","high_gate",2,"shrub","C","BRTE",5,"high",0,0,0,0,0,10.5714285714286,6,15.9,NA,NA,NA,NA,NA,NA,NA,NA,NA,NA,NA,NA,NA,NA
"2025","high_gate",2,"shrub","C","BRTE",11,"high",0,0,0,0,0,10.5714285714286,6,15.9,NA,NA,NA,NA,NA,NA,NA,NA,NA,NA,NA,NA,NA,NA
"2025","high_gate",2,"shrub","C","BRTE",10,"high",0,0,0,0,0,10.5714285714286,6,15.9,NA,NA,NA,NA,NA,NA,NA,NA,NA,NA,NA,NA,NA,NA
"2025","high_gate",2,"shrub","C","BRTE",7,"high",0,0,0,0,0,10.5714285714286,6,15.9,NA,NA,NA,NA,NA,NA,NA,NA,NA,NA,NA,NA,NA,NA
"2025","high_gate",2,"shrub","R","BRTE",4,"high",0,0,0,0,0,10.5714285714286,6,15.9,NA,NA,NA,NA,NA,NA,NA,NA,NA,NA,NA,NA,NA,NA
"2025","high_gate",2,"shrub","R","BRTE",9,"high",0,0,0,0,0,10.5714285714286,6,15.9,NA,NA,NA,NA,NA,NA,NA,NA,NA,NA,NA,NA,NA,NA
"2025","high_gate",2,"shrub","R","BRTE",1,"high",0,0,0,0,0,10.5714285714286,6,15.9,NA,NA,NA,NA,NA,NA,NA,NA,NA,NA,NA,NA,NA,NA
"2025","high_gate",2,"shrub","R","BRTE",5,"high",0,0,0,0,0,10.5714285714286,6,15.9,NA,NA,NA,NA,NA,NA,NA,NA,NA,NA,NA,NA,NA,NA
"2025","high_gate",2,"shrub","R","BRTE",10,"high",0,0,0,0,0,10.5714285714286,6,15.9,NA,NA,NA,NA,NA,NA,NA,NA,NA,NA,NA,NA,NA,NA
"2025","high_gate",2,"shrub","R","BRTE",11,"high",0,0,0,0,0,10.5714285714286,6,15.9,NA,NA,NA,NA,NA,NA,NA,NA,NA,NA,NA,NA,NA,NA
"2025","high_gate",2,"shrub","R","BRTE",2,"high",0,0,0,0,0,10.5714285714286,6,15.9,NA,NA,NA,NA,NA,NA,NA,NA,NA,NA,NA,NA,NA,NA
"2025","high_gate",2,"shrub","R","BRTE",3,"high",0,0,0,0,0,10.5714285714286,6,15.9,NA,NA,NA,NA,NA,NA,NA,NA,NA,NA,NA,NA,NA,NA
"2025","high_gate",2,"shrub","R","BRTE",6,"high",0,0,0,0,0,10.5714285714286,6,15.9,NA,NA,NA,NA,NA,NA,NA,NA,NA,NA,NA,NA,NA,NA
"2025","high_gate",2,"shrub","R","BRTE",7,"high",0,0,0,0,0,10.5714285714286,6,15.9,NA,NA,NA,NA,NA,NA,NA,NA,NA,NA,NA,NA,NA,NA
"2025","high_gate",2,"shrub","R","BRTE",8,"high",0,0,0,0,0,10.5714285714286,6,15.9,NA,NA,NA,NA,NA,NA,NA,NA,NA,NA,NA,NA,NA,NA
"2025","high_gate",2,"shrub","R","BRTE",12,"high",0,0,0,0,0,10.5714285714286,6,15.9,NA,NA,NA,NA,NA,NA,NA,NA,NA,NA,NA,NA,NA,NA
"2025","high_gate",3,"open","C","BRTE",12,"high",0,0,0,0,0,7.38571428571429,5,11.5,NA,NA,NA,NA,NA,NA,NA,NA,NA,NA,NA,NA,NA,NA
"2025","high_gate",3,"open","C","BRTE",7,"high",0,0,0,0,0,7.38571428571429,5,11.5,NA,NA,NA,NA,NA,NA,NA,NA,NA,NA,NA,NA,NA,NA
"2025","high_gate",3,"open","C","BRTE",10,"high",0,0,0,0,0,7.38571428571429,5,11.5,NA,NA,NA,NA,NA,NA,NA,NA,NA,NA,NA,NA,NA,NA
"2025","high_gate",3,"open","C","BRTE",6,"high",0,0,0,0,0,7.38571428571429,5,11.5,NA,NA,NA,NA,NA,NA,NA,NA,NA,NA,NA,NA,NA,NA
"2025","high_gate",3,"open","C","BRTE",5,"high",0,0,0,0,0,7.38571428571429,5,11.5,NA,NA,NA,NA,NA,NA,NA,NA,NA,NA,NA,NA,NA,NA
"2025","high_gate",3,"open","C","BRTE",8,"high",0,0,0,0,0,7.38571428571429,5,11.5,NA,NA,NA,NA,NA,NA,NA,NA,NA,NA,NA,NA,NA,NA
"2025","high_gate",3,"open","C","BRTE",2,"high",0,0,0,0,0,7.38571428571429,5,11.5,NA,NA,NA,NA,NA,NA,NA,NA,NA,NA,NA,NA,NA,NA
"2025","high_gate",3,"open","C","BRTE",11,"high",0,0,0,0,0,7.38571428571429,5,11.5,NA,NA,NA,NA,NA,NA,NA,NA,NA,NA,NA,NA,NA,NA
"2025","high_gate",3,"open","C","BRTE",9,"high",0,0,0,0,0,7.38571428571429,5,11.5,NA,NA,NA,NA,NA,NA,NA,NA,NA,NA,NA,NA,NA,NA
"2025","high_gate",3,"open","C","BRTE",1,"high",0,0,0,0,0,7.38571428571429,5,11.5,NA,NA,NA,NA,NA,NA,NA,NA,NA,NA,NA,NA,NA,NA
"2025","high_gate",3,"open","C","BRTE",4,"high",0,0,0,0,0,7.38571428571429,5,11.5,NA,NA,NA,NA,NA,NA,NA,NA,NA,NA,NA,NA,NA,NA
"2025","high_gate",3,"open","C","BRTE",3,"high",0,0,0,0,0,7.38571428571429,5,11.5,NA,NA,NA,NA,NA,NA,NA,NA,NA,NA,NA,NA,NA,NA
"2025","high_gate",3,"open","R","BRTE",7,"high",0,0,0,0,0,7.38571428571429,5,11.5,NA,NA,NA,NA,NA,NA,NA,NA,NA,NA,NA,NA,NA,NA
"2025","high_gate",3,"open","R","BRTE",8,"high",0,0,0,0,0,7.38571428571429,5,11.5,NA,NA,NA,NA,NA,NA,NA,NA,NA,NA,NA,NA,NA,NA
"2025","high_gate",3,"open","R","BRTE",2,"high",0,0,0,0,0,7.38571428571429,5,11.5,NA,NA,NA,NA,NA,NA,NA,NA,NA,NA,NA,NA,NA,NA
"2025","high_gate",3,"open","R","BRTE",3,"high",0,0,0,0,0,7.38571428571429,5,11.5,NA,NA,NA,NA,NA,NA,NA,NA,NA,NA,NA,NA,NA,NA
"2025","high_gate",3,"open","R","BRTE",5,"high",0,0,0,0,0,7.38571428571429,5,11.5,NA,NA,NA,NA,NA,NA,NA,NA,NA,NA,NA,NA,NA,NA
"2025","high_gate",3,"open","R","BRTE",6,"high",0,0,0,0,0,7.38571428571429,5,11.5,NA,NA,NA,NA,NA,NA,NA,NA,NA,NA,NA,NA,NA,NA
"2025","high_gate",3,"open","R","BRTE",9,"high",0,0,0,0,0,7.38571428571429,5,11.5,NA,NA,NA,NA,NA,NA,NA,NA,NA,NA,NA,NA,NA,NA
"2025","high_gate",3,"open","R","BRTE",10,"high",0,0,0,0,0,7.38571428571429,5,11.5,NA,NA,NA,NA,NA,NA,NA,NA,NA,NA,NA,NA,NA,NA
"2025","high_gate",3,"open","R","BRTE",11,"high",0,0,0,0,0,7.38571428571429,5,11.5,NA,NA,NA,NA,NA,NA,NA,NA,NA,NA,NA,NA,NA,NA
"2025","high_gate",3,"open","R","BRTE",12,"high",0,0,0,0,0,7.38571428571429,5,11.5,NA,NA,NA,NA,NA,NA,NA,NA,NA,NA,NA,NA,NA,NA
"2025","high_gate",3,"open","R","BRTE",4,"high",0,0,0,0,0,7.38571428571429,5,11.5,NA,NA,NA,NA,NA,NA,NA,NA,NA,NA,NA,NA,NA,NA
"2025","high_gate",3,"open","R","BRTE",1,"high",0,0,0,0,0,7.38571428571429,5,11.5,NA,NA,NA,NA,NA,NA,NA,NA,NA,NA,NA,NA,NA,NA
"2025","high_gate",3,"shrub","C","BRTE",2,"high",0,0,0,0,0,8.65714285714286,6.4,13.6,NA,NA,NA,NA,NA,NA,NA,NA,NA,NA,NA,NA,NA,NA
"2025","high_gate",3,"shrub","C","BRTE",6,"high",0,0,0,0,0,8.65714285714286,6.4,13.6,NA,NA,NA,NA,NA,NA,NA,NA,NA,NA,NA,NA,NA,NA
"2025","high_gate",3,"shrub","C","BRTE",9,"high",0,0,0,0,0,8.65714285714286,6.4,13.6,NA,NA,NA,NA,NA,NA,NA,NA,NA,NA,NA,NA,NA,NA
"2025","high_gate",3,"shrub","C","BRTE",1,"high",0,0,0,0,0,8.65714285714286,6.4,13.6,NA,NA,NA,NA,NA,NA,NA,NA,NA,NA,NA,NA,NA,NA
"2025","high_gate",3,"shrub","C","BRTE",3,"high",0,0,0,0,0,8.65714285714286,6.4,13.6,NA,NA,NA,NA,NA,NA,NA,NA,NA,NA,NA,NA,NA,NA
"2025","high_gate",3,"shrub","C","BRTE",7,"high",0,0,0,0,0,8.65714285714286,6.4,13.6,NA,NA,NA,NA,NA,NA,NA,NA,NA,NA,NA,NA,NA,NA
"2025","high_gate",3,"shrub","C","BRTE",4,"high",0,0,0,0,0,8.65714285714286,6.4,13.6,NA,NA,NA,NA,NA,NA,NA,NA,NA,NA,NA,NA,NA,NA
"2025","high_gate",3,"shrub","C","BRTE",8,"high",0,0,0,0,0,8.65714285714286,6.4,13.6,NA,NA,NA,NA,NA,NA,NA,NA,NA,NA,NA,NA,NA,NA
"2025","high_gate",3,"shrub","C","BRTE",12,"high",0,0,0,0,0,8.65714285714286,6.4,13.6,NA,NA,NA,NA,NA,NA,NA,NA,NA,NA,NA,NA,NA,NA
"2025","high_gate",3,"shrub","C","BRTE",10,"high",0,0,0,0,0,8.65714285714286,6.4,13.6,NA,NA,NA,NA,NA,NA,NA,NA,NA,NA,NA,NA,NA,NA
"2025","high_gate",3,"shrub","C","BRTE",11,"high",0,0,0,0,0,8.65714285714286,6.4,13.6,NA,NA,NA,NA,NA,NA,NA,NA,NA,NA,NA,NA,NA,NA
"2025","high_gate",3,"shrub","C","BRTE",5,"high",0,0,0,0,0,8.65714285714286,6.4,13.6,NA,NA,NA,NA,NA,NA,NA,NA,NA,NA,NA,NA,NA,NA
"2025","high_gate",3,"shrub","R","BRTE",5,"high",0,0,0,0,0,8.65714285714286,6.4,13.6,NA,NA,NA,NA,NA,NA,NA,NA,NA,NA,NA,NA,NA,NA
"2025","high_gate",3,"shrub","R","BRTE",6,"high",0,0,0,0,0,8.65714285714286,6.4,13.6,NA,NA,NA,NA,NA,NA,NA,NA,NA,NA,NA,NA,NA,NA
"2025","high_gate",3,"shrub","R","BRTE",8,"high",0,0,0,0,0,8.65714285714286,6.4,13.6,NA,NA,NA,NA,NA,NA,NA,NA,NA,NA,NA,NA,NA,NA
"2025","high_gate",3,"shrub","R","BRTE",9,"high",0,0,0,0,0,8.65714285714286,6.4,13.6,NA,NA,NA,NA,NA,NA,NA,NA,NA,NA,NA,NA,NA,NA
"2025","high_gate",3,"shrub","R","BRTE",12,"high",0,0,0,0,0,8.65714285714286,6.4,13.6,NA,NA,NA,NA,NA,NA,NA,NA,NA,NA,NA,NA,NA,NA
"2025","high_gate",3,"shrub","R","BRTE",2,"high",0,0,0,0,0,8.65714285714286,6.4,13.6,NA,NA,NA,NA,NA,NA,NA,NA,NA,NA,NA,NA,NA,NA
"2025","high_gate",3,"shrub","R","BRTE",3,"high",0,0,0,0,0,8.65714285714286,6.4,13.6,NA,NA,NA,NA,NA,NA,NA,NA,NA,NA,NA,NA,NA,NA
"2025","high_gate",3,"shrub","R","BRTE",4,"high",0,0,0,0,0,8.65714285714286,6.4,13.6,NA,NA,NA,NA,NA,NA,NA,NA,NA,NA,NA,NA,NA,NA
"2025","high_gate",3,"shrub","R","BRTE",7,"high",0,0,0,0,0,8.65714285714286,6.4,13.6,NA,NA,NA,NA,NA,NA,NA,NA,NA,NA,NA,NA,NA,NA
"2025","high_gate",3,"shrub","R","BRTE",11,"high",0,0,0,0,0,8.65714285714286,6.4,13.6,NA,NA,NA,NA,NA,NA,NA,NA,NA,NA,NA,NA,NA,NA
"2025","high_gate",3,"shrub","R","BRTE",10,"high",0,0,0,0,0,8.65714285714286,6.4,13.6,NA,NA,NA,NA,NA,NA,NA,NA,NA,NA,NA,NA,NA,NA
"2025","high_gate",3,"shrub","R","BRTE",1,"high",0,0,0,0,0,8.65714285714286,6.4,13.6,NA,NA,NA,NA,NA,NA,NA,NA,NA,NA,NA,NA,NA,NA
"2025","high_gate",4,"open","C","BRTE",1,"high",0,0,0,0,0,6.7,2,12.5,NA,NA,NA,NA,NA,NA,NA,NA,NA,NA,NA,NA,NA,NA
"2025","high_gate",4,"open","C","BRTE",10,"high",0,0,0,0,0,6.7,2,12.5,NA,NA,NA,NA,NA,NA,NA,NA,NA,NA,NA,NA,NA,NA
"2025","high_gate",4,"open","C","BRTE",7,"high",0,0,0,0,0,6.7,2,12.5,NA,NA,NA,NA,NA,NA,NA,NA,NA,NA,NA,NA,NA,NA
"2025","high_gate",4,"open","C","BRTE",6,"high",0,0,0,0,0,6.7,2,12.5,NA,NA,NA,NA,NA,NA,NA,NA,NA,NA,NA,NA,NA,NA
"2025","high_gate",4,"open","C","BRTE",5,"high",0,0,0,0,0,6.7,2,12.5,NA,NA,NA,NA,NA,NA,NA,NA,NA,NA,NA,NA,NA,NA
"2025","high_gate",4,"open","C","BRTE",8,"high",0,0,0,0,0,6.7,2,12.5,NA,NA,NA,NA,NA,NA,NA,NA,NA,NA,NA,NA,NA,NA
"2025","high_gate",4,"open","C","BRTE",2,"high",0,0,0,0,0,6.7,2,12.5,NA,NA,NA,NA,NA,NA,NA,NA,NA,NA,NA,NA,NA,NA
"2025","high_gate",4,"open","C","BRTE",3,"high",0,0,0,0,0,6.7,2,12.5,NA,NA,NA,NA,NA,NA,NA,NA,NA,NA,NA,NA,NA,NA
"2025","high_gate",4,"open","C","BRTE",11,"high",0,0,0,0,0,6.7,2,12.5,NA,NA,NA,NA,NA,NA,NA,NA,NA,NA,NA,NA,NA,NA
"2025","high_gate",4,"open","C","BRTE",12,"high",0,0,0,0,0,6.7,2,12.5,NA,NA,NA,NA,NA,NA,NA,NA,NA,NA,NA,NA,NA,NA
"2025","high_gate",4,"open","C","BRTE",9,"high",0,0,0,0,0,6.7,2,12.5,NA,NA,NA,NA,NA,NA,NA,NA,NA,NA,NA,NA,NA,NA
"2025","high_gate",4,"open","C","BRTE",4,"high",0,0,0,0,0,6.7,2,12.5,NA,NA,NA,NA,NA,NA,NA,NA,NA,NA,NA,NA,NA,NA
"2025","high_gate",4,"open","R","BRTE",1,"high",0,0,0,0,0,6.7,2,12.5,NA,NA,NA,NA,NA,NA,NA,NA,NA,NA,NA,NA,NA,NA
"2025","high_gate",4,"open","R","BRTE",5,"high",0,0,0,0,0,6.7,2,12.5,NA,NA,NA,NA,NA,NA,NA,NA,NA,NA,NA,NA,NA,NA
"2025","high_gate",4,"open","R","BRTE",6,"high",0,0,0,0,0,6.7,2,12.5,NA,NA,NA,NA,NA,NA,NA,NA,NA,NA,NA,NA,NA,NA
"2025","high_gate",4,"open","R","BRTE",7,"high",0,0,0,0,0,6.7,2,12.5,NA,NA,NA,NA,NA,NA,NA,NA,NA,NA,NA,NA,NA,NA
"2025","high_gate",4,"open","R","BRTE",8,"high",0,0,0,0,0,6.7,2,12.5,NA,NA,NA,NA,NA,NA,NA,NA,NA,NA,NA,NA,NA,NA
"2025","high_gate",4,"open","R","BRTE",10,"high",0,0,0,0,0,6.7,2,12.5,NA,NA,NA,NA,NA,NA,NA,NA,NA,NA,NA,NA,NA,NA
"2025","high_gate",4,"open","R","BRTE",11,"high",0,0,0,0,0,6.7,2,12.5,NA,NA,NA,NA,NA,NA,NA,NA,NA,NA,NA,NA,NA,NA
"2025","high_gate",4,"open","R","BRTE",12,"high",0,0,0,0,0,6.7,2,12.5,NA,NA,NA,NA,NA,NA,NA,NA,NA,NA,NA,NA,NA,NA
"2025","high_gate",4,"open","R","BRTE",2,"high",0,0,0,0,0,6.7,2,12.5,NA,NA,NA,NA,NA,NA,NA,NA,NA,NA,NA,NA,NA,NA
"2025","high_gate",4,"open","R","BRTE",3,"high",0,0,0,0,0,6.7,2,12.5,NA,NA,NA,NA,NA,NA,NA,NA,NA,NA,NA,NA,NA,NA
"2025","high_gate",4,"open","R","BRTE",4,"high",0,0,0,0,0,6.7,2,12.5,NA,NA,NA,NA,NA,NA,NA,NA,NA,NA,NA,NA,NA,NA
"2025","high_gate",4,"open","R","BRTE",9,"high",0,0,0,0,0,6.7,2,12.5,NA,NA,NA,NA,NA,NA,NA,NA,NA,NA,NA,NA,NA,NA
"2025","high_gate",4,"shrub","C","BRTE",4,"high",0,0,0,0,0,9.8,8,13.2,NA,NA,NA,NA,NA,NA,NA,NA,NA,NA,NA,NA,NA,NA
"2025","high_gate",4,"shrub","C","BRTE",11,"high",0,0,0,0,0,9.8,8,13.2,NA,NA,NA,NA,NA,NA,NA,NA,NA,NA,NA,NA,NA,NA
"2025","high_gate",4,"shrub","C","BRTE",6,"high",0,0,0,0,0,9.8,8,13.2,NA,NA,NA,NA,NA,NA,NA,NA,NA,NA,NA,NA,NA,NA
"2025","high_gate",4,"shrub","C","BRTE",9,"high",0,0,0,0,0,9.8,8,13.2,NA,NA,NA,NA,NA,NA,NA,NA,NA,NA,NA,NA,NA,NA
"2025","high_gate",4,"shrub","C","BRTE",3,"high",0,0,0,0,0,9.8,8,13.2,NA,NA,NA,NA,NA,NA,NA,NA,NA,NA,NA,NA,NA,NA
"2025","high_gate",4,"shrub","C","BRTE",8,"high",0,0,0,0,0,9.8,8,13.2,NA,NA,NA,NA,NA,NA,NA,NA,NA,NA,NA,NA,NA,NA
"2025","high_gate",4,"shrub","C","BRTE",2,"high",0,0,0,0,0,9.8,8,13.2,NA,NA,NA,NA,NA,NA,NA,NA,NA,NA,NA,NA,NA,NA
"2025","high_gate",4,"shrub","C","BRTE",5,"high",0,0,0,0,0,9.8,8,13.2,NA,NA,NA,NA,NA,NA,NA,NA,NA,NA,NA,NA,NA,NA
"2025","high_gate",4,"shrub","C","BRTE",1,"high",0,0,0,0,0,9.8,8,13.2,NA,NA,NA,NA,NA,NA,NA,NA,NA,NA,NA,NA,NA,NA
"2025","high_gate",4,"shrub","C","BRTE",7,"high",0,0,0,0,0,9.8,8,13.2,NA,NA,NA,NA,NA,NA,NA,NA,NA,NA,NA,NA,NA,NA
"2025","high_gate",4,"shrub","C","BRTE",12,"high",0,0,0,0,0,9.8,8,13.2,NA,NA,NA,NA,NA,NA,NA,NA,NA,NA,NA,NA,NA,NA
"2025","high_gate",4,"shrub","C","BRTE",10,"high",0,0,0,0,0,9.8,8,13.2,NA,NA,NA,NA,NA,NA,NA,NA,NA,NA,NA,NA,NA,NA
"2025","high_gate",4,"shrub","R","BRTE",6,"high",0,0,0,0,0,9.8,8,13.2,NA,NA,NA,NA,NA,NA,NA,NA,NA,NA,NA,NA,NA,NA
"2025","high_gate",4,"shrub","R","BRTE",3,"high",0,0,0,0,0,9.8,8,13.2,NA,NA,NA,NA,NA,NA,NA,NA,NA,NA,NA,NA,NA,NA
"2025","high_gate",4,"shrub","R","BRTE",4,"high",0,0,0,0,0,9.8,8,13.2,NA,NA,NA,NA,NA,NA,NA,NA,NA,NA,NA,NA,NA,NA
"2025","high_gate",4,"shrub","R","BRTE",5,"high",0,0,0,0,0,9.8,8,13.2,NA,NA,NA,NA,NA,NA,NA,NA,NA,NA,NA,NA,NA,NA
"2025","high_gate",4,"shrub","R","BRTE",7,"high",0,0,0,0,0,9.8,8,13.2,NA,NA,NA,NA,NA,NA,NA,NA,NA,NA,NA,NA,NA,NA
"2025","high_gate",4,"shrub","R","BRTE",8,"high",0,0,0,0,0,9.8,8,13.2,NA,NA,NA,NA,NA,NA,NA,NA,NA,NA,NA,NA,NA,NA
"2025","high_gate",4,"shrub","R","BRTE",10,"high",0,0,0,0,0,9.8,8,13.2,NA,NA,NA,NA,NA,NA,NA,NA,NA,NA,NA,NA,NA,NA
"2025","high_gate",4,"shrub","R","BRTE",12,"high",0,0,0,0,0,9.8,8,13.2,NA,NA,NA,NA,NA,NA,NA,NA,NA,NA,NA,NA,NA,NA
"2025","high_gate",4,"shrub","R","BRTE",1,"high",0,0,0,0,0,9.8,8,13.2,NA,NA,NA,NA,NA,NA,NA,NA,NA,NA,NA,NA,NA,NA
"2025","high_gate",4,"shrub","R","BRTE",2,"high",0,0,0,0,0,9.8,8,13.2,NA,NA,NA,NA,NA,NA,NA,NA,NA,NA,NA,NA,NA,NA
"2025","high_gate",4,"shrub","R","BRTE",9,"high",0,0,0,0,0,9.8,8,13.2,NA,NA,NA,NA,NA,NA,NA,NA,NA,NA,NA,NA,NA,NA
"2025","high_gate",4,"shrub","R","BRTE",11,"high",0,0,0,0,0,9.8,8,13.2,NA,NA,NA,NA,NA,NA,NA,NA,NA,NA,NA,NA,NA,NA
"2025","high_north",1,"open","C","BRTE",12,"high",0,0.004,0.0024,2,1,8.95714285714286,4.1,16.3,NA,NA,NA,NA,NA,NA,NA,NA,NA,NA,NA,NA,NA,NA
"2025","high_north",1,"open","C","BRTE",5,"high",0,0.004,0.0024,2,1,8.95714285714286,4.1,16.3,NA,NA,NA,NA,NA,NA,NA,NA,NA,NA,NA,NA,NA,NA
"2025","high_north",1,"open","C","BRTE",7,"high",1,0.004,0.0024,2,1,8.95714285714286,4.1,16.3,NA,NA,NA,119,2.6,NA,NA,0.0024,6.4121,3e-04,0,0,21.686,"8e-04"
"2025","high_north",1,"open","C","BRTE",11,"high",0,0.004,0.0024,2,1,8.95714285714286,4.1,16.3,NA,NA,NA,NA,NA,NA,NA,NA,NA,NA,NA,NA,NA,NA
"2025","high_north",1,"open","C","BRTE",9,"high",0,0.004,0.0024,2,1,8.95714285714286,4.1,16.3,NA,NA,NA,NA,NA,NA,NA,NA,NA,NA,NA,NA,NA,NA
"2025","high_north",1,"open","C","BRTE",2,"high",0,0.004,0.0024,2,1,8.95714285714286,4.1,16.3,NA,NA,NA,NA,NA,NA,NA,NA,NA,NA,NA,NA,NA,NA
"2025","high_north",1,"open","C","BRTE",1,"high",0,0.004,0.0024,2,1,8.95714285714286,4.1,16.3,NA,NA,NA,NA,NA,NA,NA,NA,NA,NA,NA,NA,NA,NA
"2025","high_north",1,"open","C","BRTE",4,"high",0,0.004,0.0024,2,1,8.95714285714286,4.1,16.3,NA,NA,NA,NA,NA,NA,NA,NA,NA,NA,NA,NA,NA,NA
"2025","high_north",1,"open","C","BRTE",3,"high",0,0.004,0.0024,2,1,8.95714285714286,4.1,16.3,NA,NA,NA,NA,NA,NA,NA,NA,NA,NA,NA,NA,NA,NA
"2025","high_north",1,"open","C","BRTE",8,"high",0,0.004,0.0024,2,1,8.95714285714286,4.1,16.3,NA,NA,NA,NA,NA,NA,NA,NA,NA,NA,NA,NA,NA,NA
"2025","high_north",1,"open","C","BRTE",6,"high",0,0.004,0.0024,2,1,8.95714285714286,4.1,16.3,NA,NA,NA,NA,NA,NA,NA,NA,NA,NA,NA,NA,NA,NA
"2025","high_north",1,"open","C","BRTE",10,"high",0,0.004,0.0024,2,1,8.95714285714286,4.1,16.3,NA,NA,NA,NA,NA,NA,NA,NA,NA,NA,NA,NA,NA,NA
"2025","high_north",1,"open","R","BRTE",2,"high",0,0,0,0,0,8.95714285714286,4.1,16.3,NA,NA,NA,NA,NA,NA,NA,NA,NA,NA,NA,NA,NA,NA
"2025","high_north",1,"open","R","BRTE",3,"high",0,0,0,0,0,8.95714285714286,4.1,16.3,NA,NA,NA,NA,NA,NA,NA,NA,NA,NA,NA,NA,NA,NA
"2025","high_north",1,"open","R","BRTE",4,"high",0,0,0,0,0,8.95714285714286,4.1,16.3,NA,NA,NA,NA,NA,NA,NA,NA,NA,NA,NA,NA,NA,NA
"2025","high_north",1,"open","R","BRTE",5,"high",0,0,0,0,0,8.95714285714286,4.1,16.3,NA,NA,NA,NA,NA,NA,NA,NA,NA,NA,NA,NA,NA,NA
"2025","high_north",1,"open","R","BRTE",6,"high",0,0,0,0,0,8.95714285714286,4.1,16.3,NA,NA,NA,NA,NA,NA,NA,NA,NA,NA,NA,NA,NA,NA
"2025","high_north",1,"open","R","BRTE",10,"high",0,0,0,0,0,8.95714285714286,4.1,16.3,NA,NA,NA,NA,NA,NA,NA,NA,NA,NA,NA,NA,NA,NA
"2025","high_north",1,"open","R","BRTE",12,"high",1,0,0,0,0,8.95714285714286,4.1,16.3,NA,NA,NA,119,0,NA,NA,NA,NA,NA,NA,NA,NA,NA
"2025","high_north",1,"open","R","BRTE",1,"high",0,0,0,0,0,8.95714285714286,4.1,16.3,NA,NA,NA,NA,NA,NA,NA,NA,NA,NA,NA,NA,NA,NA
"2025","high_north",1,"open","R","BRTE",7,"high",0,0,0,0,0,8.95714285714286,4.1,16.3,NA,NA,NA,NA,NA,NA,NA,NA,NA,NA,NA,NA,NA,NA
"2025","high_north",1,"open","R","BRTE",9,"high",0,0,0,0,0,8.95714285714286,4.1,16.3,NA,NA,NA,NA,NA,NA,NA,NA,NA,NA,NA,NA,NA,NA
"2025","high_north",1,"open","R","BRTE",8,"high",0,0,0,0,0,8.95714285714286,4.1,16.3,NA,NA,NA,NA,NA,NA,NA,NA,NA,NA,NA,NA,NA,NA
"2025","high_north",1,"open","R","BRTE",11,"high",0,0,0,0,0,8.95714285714286,4.1,16.3,NA,NA,NA,NA,NA,NA,NA,NA,NA,NA,NA,NA,NA,NA
"2025","high_north",1,"shrub","C","BRTE",6,"high",0,0,0,0,0,12.6428571428571,5.8,25.1,NA,NA,NA,NA,NA,NA,NA,NA,NA,NA,NA,NA,NA,NA
"2025","high_north",1,"shrub","C","BRTE",9,"high",0,0,0,0,0,12.6428571428571,5.8,25.1,NA,NA,NA,NA,NA,NA,NA,NA,NA,NA,NA,NA,NA,NA
"2025","high_north",1,"shrub","C","BRTE",5,"high",0,0,0,0,0,12.6428571428571,5.8,25.1,NA,NA,NA,NA,NA,NA,NA,NA,NA,NA,NA,NA,NA,NA
"2025","high_north",1,"shrub","C","BRTE",8,"high",0,0,0,0,0,12.6428571428571,5.8,25.1,NA,NA,NA,NA,NA,NA,NA,NA,NA,NA,NA,NA,NA,NA
"2025","high_north",1,"shrub","C","BRTE",12,"high",0,0,0,0,0,12.6428571428571,5.8,25.1,NA,NA,NA,NA,NA,NA,NA,NA,NA,NA,NA,NA,NA,NA
"2025","high_north",1,"shrub","C","BRTE",2,"high",0,0,0,0,0,12.6428571428571,5.8,25.1,NA,NA,NA,NA,NA,NA,NA,NA,NA,NA,NA,NA,NA,NA
"2025","high_north",1,"shrub","C","BRTE",10,"high",0,0,0,0,0,12.6428571428571,5.8,25.1,NA,NA,NA,NA,NA,NA,NA,NA,NA,NA,NA,NA,NA,NA
"2025","high_north",1,"shrub","C","BRTE",11,"high",0,0,0,0,0,12.6428571428571,5.8,25.1,NA,NA,NA,NA,NA,NA,NA,NA,NA,NA,NA,NA,NA,NA
"2025","high_north",1,"shrub","C","BRTE",3,"high",0,0,0,0,0,12.6428571428571,5.8,25.1,NA,NA,NA,NA,NA,NA,NA,NA,NA,NA,NA,NA,NA,NA
"2025","high_north",1,"shrub","C","BRTE",4,"high",0,0,0,0,0,12.6428571428571,5.8,25.1,NA,NA,NA,NA,NA,NA,NA,NA,NA,NA,NA,NA,NA,NA
"2025","high_north",1,"shrub","C","BRTE",7,"high",0,0,0,0,0,12.6428571428571,5.8,25.1,NA,NA,NA,NA,NA,NA,NA,NA,NA,NA,NA,NA,NA,NA
"2025","high_north",1,"shrub","C","BRTE",1,"high",0,0,0,0,0,12.6428571428571,5.8,25.1,NA,NA,NA,NA,NA,NA,NA,NA,NA,NA,NA,NA,NA,NA
"2025","high_north",1,"shrub","R","BRTE",9,"high",0,0,0,0,0,12.6428571428571,5.8,25.1,NA,NA,NA,NA,NA,NA,NA,NA,NA,NA,NA,NA,NA,NA
"2025","high_north",1,"shrub","R","BRTE",11,"high",0,0,0,0,0,12.6428571428571,5.8,25.1,NA,NA,NA,NA,NA,NA,NA,NA,NA,NA,NA,NA,NA,NA
"2025","high_north",1,"shrub","R","BRTE",12,"high",0,0,0,0,0,12.6428571428571,5.8,25.1,NA,NA,NA,NA,NA,NA,NA,NA,NA,NA,NA,NA,NA,NA
"2025","high_north",1,"shrub","R","BRTE",3,"high",0,0,0,0,0,12.6428571428571,5.8,25.1,NA,NA,NA,NA,NA,NA,NA,NA,NA,NA,NA,NA,NA,NA
"2025","high_north",1,"shrub","R","BRTE",4,"high",0,0,0,0,0,12.6428571428571,5.8,25.1,NA,NA,NA,NA,NA,NA,NA,NA,NA,NA,NA,NA,NA,NA
"2025","high_north",1,"shrub","R","BRTE",6,"high",0,0,0,0,0,12.6428571428571,5.8,25.1,NA,NA,NA,NA,NA,NA,NA,NA,NA,NA,NA,NA,NA,NA
"2025","high_north",1,"shrub","R","BRTE",7,"high",0,0,0,0,0,12.6428571428571,5.8,25.1,NA,NA,NA,NA,NA,NA,NA,NA,NA,NA,NA,NA,NA,NA
"2025","high_north",1,"shrub","R","BRTE",10,"high",1,0,0,0,0,12.6428571428571,5.8,25.1,NA,NA,NA,119,0,NA,NA,NA,NA,NA,NA,NA,NA,NA
"2025","high_north",1,"shrub","R","BRTE",2,"high",0,0,0,0,0,12.6428571428571,5.8,25.1,NA,NA,NA,NA,NA,NA,NA,NA,NA,NA,NA,NA,NA,NA
"2025","high_north",1,"shrub","R","BRTE",5,"high",0,0,0,0,0,12.6428571428571,5.8,25.1,NA,NA,NA,NA,NA,NA,NA,NA,NA,NA,NA,NA,NA,NA
"2025","high_north",1,"shrub","R","BRTE",1,"high",0,0,0,0,0,12.6428571428571,5.8,25.1,NA,NA,NA,NA,NA,NA,NA,NA,NA,NA,NA,NA,NA,NA
"2025","high_north",1,"shrub","R","BRTE",8,"high",0,0,0,0,0,12.6428571428571,5.8,25.1,NA,NA,NA,NA,NA,NA,NA,NA,NA,NA,NA,NA,NA,NA
"2025","high_north",2,"open","C","BRTE",1,"high",0,0,0,0,0,8.67142857142857,5.2,15.4,NA,NA,NA,NA,NA,NA,NA,NA,NA,NA,NA,NA,NA,NA
"2025","high_north",2,"open","C","BRTE",2,"high",0,0,0,0,0,8.67142857142857,5.2,15.4,NA,NA,NA,NA,NA,NA,NA,NA,NA,NA,NA,NA,NA,NA
"2025","high_north",2,"open","C","BRTE",11,"high",0,0,0,0,0,8.67142857142857,5.2,15.4,NA,NA,NA,NA,NA,NA,NA,NA,NA,NA,NA,NA,NA,NA
"2025","high_north",2,"open","C","BRTE",3,"high",0,0,0,0,0,8.67142857142857,5.2,15.4,NA,NA,NA,NA,NA,NA,NA,NA,NA,NA,NA,NA,NA,NA
"2025","high_north",2,"open","C","BRTE",12,"high",0,0,0,0,0,8.67142857142857,5.2,15.4,NA,NA,NA,NA,NA,NA,NA,NA,NA,NA,NA,NA,NA,NA
"2025","high_north",2,"open","C","BRTE",10,"high",0,0,0,0,0,8.67142857142857,5.2,15.4,NA,NA,NA,NA,NA,NA,NA,NA,NA,NA,NA,NA,NA,NA
"2025","high_north",2,"open","C","BRTE",5,"high",0,0,0,0,0,8.67142857142857,5.2,15.4,NA,NA,NA,NA,NA,NA,NA,NA,NA,NA,NA,NA,NA,NA
"2025","high_north",2,"open","C","BRTE",9,"high",0,0,0,0,0,8.67142857142857,5.2,15.4,NA,NA,NA,NA,NA,NA,NA,NA,NA,NA,NA,NA,NA,NA
"2025","high_north",2,"open","C","BRTE",8,"high",0,0,0,0,0,8.67142857142857,5.2,15.4,NA,NA,NA,NA,NA,NA,NA,NA,NA,NA,NA,NA,NA,NA
"2025","high_north",2,"open","C","BRTE",6,"high",0,0,0,0,0,8.67142857142857,5.2,15.4,NA,NA,NA,NA,NA,NA,NA,NA,NA,NA,NA,NA,NA,NA
"2025","high_north",2,"open","C","BRTE",4,"high",0,0,0,0,0,8.67142857142857,5.2,15.4,NA,NA,NA,NA,NA,NA,NA,NA,NA,NA,NA,NA,NA,NA
"2025","high_north",2,"open","C","BRTE",7,"high",0,0,0,0,0,8.67142857142857,5.2,15.4,NA,NA,NA,NA,NA,NA,NA,NA,NA,NA,NA,NA,NA,NA
"2025","high_north",2,"open","R","BRTE",12,"high",0,0,0,0,0,8.67142857142857,5.2,15.4,NA,NA,NA,NA,NA,NA,NA,NA,NA,NA,NA,NA,NA,NA
"2025","high_north",2,"open","R","BRTE",2,"high",0,0,0,0,0,8.67142857142857,5.2,15.4,NA,NA,NA,NA,NA,NA,NA,NA,NA,NA,NA,NA,NA,NA
"2025","high_north",2,"open","R","BRTE",3,"high",0,0,0,0,0,8.67142857142857,5.2,15.4,NA,NA,NA,NA,NA,NA,NA,NA,NA,NA,NA,NA,NA,NA
"2025","high_north",2,"open","R","BRTE",8,"high",0,0,0,0,0,8.67142857142857,5.2,15.4,NA,NA,NA,NA,NA,NA,NA,NA,NA,NA,NA,NA,NA,NA
"2025","high_north",2,"open","R","BRTE",11,"high",0,0,0,0,0,8.67142857142857,5.2,15.4,NA,NA,NA,NA,NA,NA,NA,NA,NA,NA,NA,NA,NA,NA
"2025","high_north",2,"open","R","BRTE",1,"high",0,0,0,0,0,8.67142857142857,5.2,15.4,NA,NA,NA,NA,NA,NA,NA,NA,NA,NA,NA,NA,NA,NA
"2025","high_north",2,"open","R","BRTE",5,"high",0,0,0,0,0,8.67142857142857,5.2,15.4,NA,NA,NA,NA,NA,NA,NA,NA,NA,NA,NA,NA,NA,NA
"2025","high_north",2,"open","R","BRTE",7,"high",0,0,0,0,0,8.67142857142857,5.2,15.4,NA,NA,NA,NA,NA,NA,NA,NA,NA,NA,NA,NA,NA,NA
"2025","high_north",2,"open","R","BRTE",9,"high",0,0,0,0,0,8.67142857142857,5.2,15.4,NA,NA,NA,NA,NA,NA,NA,NA,NA,NA,NA,NA,NA,NA
"2025","high_north",2,"open","R","BRTE",10,"high",0,0,0,0,0,8.67142857142857,5.2,15.4,NA,NA,NA,NA,NA,NA,NA,NA,NA,NA,NA,NA,NA,NA
"2025","high_north",2,"open","R","BRTE",6,"high",0,0,0,0,0,8.67142857142857,5.2,15.4,NA,NA,NA,NA,NA,NA,NA,NA,NA,NA,NA,NA,NA,NA
"2025","high_north",2,"open","R","BRTE",4,"high",0,0,0,0,0,8.67142857142857,5.2,15.4,NA,NA,NA,NA,NA,NA,NA,NA,NA,NA,NA,NA,NA,NA
"2025","high_north",2,"shrub","C","BRTE",3,"high",0,0,0,0,0,10.6,6,22,NA,NA,NA,NA,NA,NA,NA,NA,NA,NA,NA,NA,NA,NA
"2025","high_north",2,"shrub","C","BRTE",7,"high",0,0,0,0,0,10.6,6,22,NA,NA,NA,NA,NA,NA,NA,NA,NA,NA,NA,NA,NA,NA
"2025","high_north",2,"shrub","C","BRTE",11,"high",0,0,0,0,0,10.6,6,22,NA,NA,NA,NA,NA,NA,NA,NA,NA,NA,NA,NA,NA,NA
"2025","high_north",2,"shrub","C","BRTE",8,"high",0,0,0,0,0,10.6,6,22,NA,NA,NA,NA,NA,NA,NA,NA,NA,NA,NA,NA,NA,NA
"2025","high_north",2,"shrub","C","BRTE",5,"high",0,0,0,0,0,10.6,6,22,NA,NA,NA,NA,NA,NA,NA,NA,NA,NA,NA,NA,NA,NA
"2025","high_north",2,"shrub","C","BRTE",4,"high",0,0,0,0,0,10.6,6,22,NA,NA,NA,NA,NA,NA,NA,NA,NA,NA,NA,NA,NA,NA
"2025","high_north",2,"shrub","C","BRTE",6,"high",0,0,0,0,0,10.6,6,22,NA,NA,NA,NA,NA,NA,NA,NA,NA,NA,NA,NA,NA,NA
"2025","high_north",2,"shrub","C","BRTE",12,"high",0,0,0,0,0,10.6,6,22,NA,NA,NA,NA,NA,NA,NA,NA,NA,NA,NA,NA,NA,NA
"2025","high_north",2,"shrub","C","BRTE",1,"high",0,0,0,0,0,10.6,6,22,NA,NA,NA,NA,NA,NA,NA,NA,NA,NA,NA,NA,NA,NA
"2025","high_north",2,"shrub","C","BRTE",9,"high",0,0,0,0,0,10.6,6,22,NA,NA,NA,NA,NA,NA,NA,NA,NA,NA,NA,NA,NA,NA
"2025","high_north",2,"shrub","C","BRTE",10,"high",0,0,0,0,0,10.6,6,22,NA,NA,NA,NA,NA,NA,NA,NA,NA,NA,NA,NA,NA,NA
"2025","high_north",2,"shrub","C","BRTE",2,"high",0,0,0,0,0,10.6,6,22,NA,NA,NA,NA,NA,NA,NA,NA,NA,NA,NA,NA,NA,NA
"2025","high_north",2,"shrub","R","BRTE",1,"high",0,0,0,0,0,10.6,6,22,NA,NA,NA,NA,NA,NA,NA,NA,NA,NA,NA,NA,NA,NA
"2025","high_north",2,"shrub","R","BRTE",2,"high",0,0,0,0,0,10.6,6,22,NA,NA,NA,NA,NA,NA,NA,NA,NA,NA,NA,NA,NA,NA
"2025","high_north",2,"shrub","R","BRTE",5,"high",1,0,0,0,0,10.6,6,22,NA,NA,NA,119,0,NA,NA,NA,NA,NA,NA,NA,NA,NA
"2025","high_north",2,"shrub","R","BRTE",7,"high",0,0,0,0,0,10.6,6,22,NA,NA,NA,NA,NA,NA,NA,NA,NA,NA,NA,NA,NA,NA
"2025","high_north",2,"shrub","R","BRTE",8,"high",0,0,0,0,0,10.6,6,22,NA,NA,NA,NA,NA,NA,NA,NA,NA,NA,NA,NA,NA,NA
"2025","high_north",2,"shrub","R","BRTE",3,"high",0,0,0,0,0,10.6,6,22,NA,NA,NA,NA,NA,NA,NA,NA,NA,NA,NA,NA,NA,NA
"2025","high_north",2,"shrub","R","BRTE",9,"high",0,0,0,0,0,10.6,6,22,NA,NA,NA,NA,NA,NA,NA,NA,NA,NA,NA,NA,NA,NA
"2025","high_north",2,"shrub","R","BRTE",10,"high",0,0,0,0,0,10.6,6,22,NA,NA,NA,NA,NA,NA,NA,NA,NA,NA,NA,NA,NA,NA
"2025","high_north",2,"shrub","R","BRTE",12,"high",0,0,0,0,0,10.6,6,22,NA,NA,NA,NA,NA,NA,NA,NA,NA,NA,NA,NA,NA,NA
"2025","high_north",2,"shrub","R","BRTE",4,"high",0,0,0,0,0,10.6,6,22,NA,NA,NA,NA,NA,NA,NA,NA,NA,NA,NA,NA,NA,NA
"2025","high_north",2,"shrub","R","BRTE",6,"high",0,0,0,0,0,10.6,6,22,NA,NA,NA,NA,NA,NA,NA,NA,NA,NA,NA,NA,NA,NA
"2025","high_north",2,"shrub","R","BRTE",11,"high",0,0,0,0,0,10.6,6,22,NA,NA,NA,NA,NA,NA,NA,NA,NA,NA,NA,NA,NA,NA
"2025","high_north",3,"open","C","BRTE",2,"high",0,0,0,0,0,8.18571428571429,4.8,16.6,NA,NA,NA,NA,NA,NA,NA,NA,NA,NA,NA,NA,NA,NA
"2025","high_north",3,"open","C","BRTE",5,"high",0,0,0,0,0,8.18571428571429,4.8,16.6,NA,NA,NA,NA,NA,NA,NA,NA,NA,NA,NA,NA,NA,NA
"2025","high_north",3,"open","C","BRTE",6,"high",0,0,0,0,0,8.18571428571429,4.8,16.6,NA,NA,NA,NA,NA,NA,NA,NA,NA,NA,NA,NA,NA,NA
"2025","high_north",3,"open","C","BRTE",12,"high",0,0,0,0,0,8.18571428571429,4.8,16.6,NA,NA,NA,NA,NA,NA,NA,NA,NA,NA,NA,NA,NA,NA
"2025","high_north",3,"open","C","BRTE",11,"high",0,0,0,0,0,8.18571428571429,4.8,16.6,NA,NA,NA,NA,NA,NA,NA,NA,NA,NA,NA,NA,NA,NA
"2025","high_north",3,"open","C","BRTE",10,"high",0,0,0,0,0,8.18571428571429,4.8,16.6,NA,NA,NA,NA,NA,NA,NA,NA,NA,NA,NA,NA,NA,NA
"2025","high_north",3,"open","C","BRTE",3,"high",0,0,0,0,0,8.18571428571429,4.8,16.6,NA,NA,NA,NA,NA,NA,NA,NA,NA,NA,NA,NA,NA,NA
"2025","high_north",3,"open","C","BRTE",4,"high",0,0,0,0,0,8.18571428571429,4.8,16.6,NA,NA,NA,NA,NA,NA,NA,NA,NA,NA,NA,NA,NA,NA
"2025","high_north",3,"open","C","BRTE",9,"high",0,0,0,0,0,8.18571428571429,4.8,16.6,NA,NA,NA,NA,NA,NA,NA,NA,NA,NA,NA,NA,NA,NA
"2025","high_north",3,"open","C","BRTE",7,"high",0,0,0,0,0,8.18571428571429,4.8,16.6,NA,NA,NA,NA,NA,NA,NA,NA,NA,NA,NA,NA,NA,NA
"2025","high_north",3,"open","C","BRTE",8,"high",0,0,0,0,0,8.18571428571429,4.8,16.6,NA,NA,NA,NA,NA,NA,NA,NA,NA,NA,NA,NA,NA,NA
"2025","high_north",3,"open","C","BRTE",1,"high",0,0,0,0,0,8.18571428571429,4.8,16.6,NA,NA,NA,NA,NA,NA,NA,NA,NA,NA,NA,NA,NA,NA
"2025","high_north",3,"open","R","BRTE",1,"high",0,0,0,0,0,8.18571428571429,4.8,16.6,NA,NA,NA,NA,NA,NA,NA,NA,NA,NA,NA,NA,NA,NA
"2025","high_north",3,"open","R","BRTE",2,"high",0,0,0,0,0,8.18571428571429,4.8,16.6,NA,NA,NA,NA,NA,NA,NA,NA,NA,NA,NA,NA,NA,NA
"2025","high_north",3,"open","R","BRTE",4,"high",0,0,0,0,0,8.18571428571429,4.8,16.6,NA,NA,NA,NA,NA,NA,NA,NA,NA,NA,NA,NA,NA,NA
"2025","high_north",3,"open","R","BRTE",5,"high",0,0,0,0,0,8.18571428571429,4.8,16.6,NA,NA,NA,NA,NA,NA,NA,NA,NA,NA,NA,NA,NA,NA
"2025","high_north",3,"open","R","BRTE",7,"high",0,0,0,0,0,8.18571428571429,4.8,16.6,NA,NA,NA,NA,NA,NA,NA,NA,NA,NA,NA,NA,NA,NA
"2025","high_north",3,"open","R","BRTE",8,"high",0,0,0,0,0,8.18571428571429,4.8,16.6,NA,NA,NA,NA,NA,NA,NA,NA,NA,NA,NA,NA,NA,NA
"2025","high_north",3,"open","R","BRTE",11,"high",0,0,0,0,0,8.18571428571429,4.8,16.6,NA,NA,NA,NA,NA,NA,NA,NA,NA,NA,NA,NA,NA,NA
"2025","high_north",3,"open","R","BRTE",12,"high",0,0,0,0,0,8.18571428571429,4.8,16.6,NA,NA,NA,NA,NA,NA,NA,NA,NA,NA,NA,NA,NA,NA
"2025","high_north",3,"open","R","BRTE",3,"high",0,0,0,0,0,8.18571428571429,4.8,16.6,NA,NA,NA,NA,NA,NA,NA,NA,NA,NA,NA,NA,NA,NA
"2025","high_north",3,"open","R","BRTE",6,"high",0,0,0,0,0,8.18571428571429,4.8,16.6,NA,NA,NA,NA,NA,NA,NA,NA,NA,NA,NA,NA,NA,NA
"2025","high_north",3,"open","R","BRTE",9,"high",0,0,0,0,0,8.18571428571429,4.8,16.6,NA,NA,NA,NA,NA,NA,NA,NA,NA,NA,NA,NA,NA,NA
"2025","high_north",3,"open","R","BRTE",10,"high",0,0,0,0,0,8.18571428571429,4.8,16.6,NA,NA,NA,NA,NA,NA,NA,NA,NA,NA,NA,NA,NA,NA
"2025","high_north",3,"shrub","C","BRTE",5,"high",0,0,0,0,0,9.64285714285714,6.4,17,NA,NA,NA,NA,NA,NA,NA,NA,NA,NA,NA,NA,NA,NA
"2025","high_north",3,"shrub","C","BRTE",6,"high",0,0,0,0,0,9.64285714285714,6.4,17,NA,NA,NA,NA,NA,NA,NA,NA,NA,NA,NA,NA,NA,NA
"2025","high_north",3,"shrub","C","BRTE",1,"high",0,0,0,0,0,9.64285714285714,6.4,17,NA,NA,NA,NA,NA,NA,NA,NA,NA,NA,NA,NA,NA,NA
"2025","high_north",3,"shrub","C","BRTE",10,"high",0,0,0,0,0,9.64285714285714,6.4,17,NA,NA,NA,NA,NA,NA,NA,NA,NA,NA,NA,NA,NA,NA
"2025","high_north",3,"shrub","C","BRTE",2,"high",0,0,0,0,0,9.64285714285714,6.4,17,NA,NA,NA,NA,NA,NA,NA,NA,NA,NA,NA,NA,NA,NA
"2025","high_north",3,"shrub","C","BRTE",7,"high",0,0,0,0,0,9.64285714285714,6.4,17,NA,NA,NA,NA,NA,NA,NA,NA,NA,NA,NA,NA,NA,NA
"2025","high_north",3,"shrub","C","BRTE",9,"high",0,0,0,0,0,9.64285714285714,6.4,17,NA,NA,NA,NA,NA,NA,NA,NA,NA,NA,NA,NA,NA,NA
"2025","high_north",3,"shrub","C","BRTE",4,"high",0,0,0,0,0,9.64285714285714,6.4,17,NA,NA,NA,NA,NA,NA,NA,NA,NA,NA,NA,NA,NA,NA
"2025","high_north",3,"shrub","C","BRTE",3,"high",0,0,0,0,0,9.64285714285714,6.4,17,NA,NA,NA,NA,NA,NA,NA,NA,NA,NA,NA,NA,NA,NA
"2025","high_north",3,"shrub","C","BRTE",11,"high",0,0,0,0,0,9.64285714285714,6.4,17,NA,NA,NA,NA,NA,NA,NA,NA,NA,NA,NA,NA,NA,NA
"2025","high_north",3,"shrub","C","BRTE",12,"high",0,0,0,0,0,9.64285714285714,6.4,17,NA,NA,NA,NA,NA,NA,NA,NA,NA,NA,NA,NA,NA,NA
"2025","high_north",3,"shrub","C","BRTE",8,"high",0,0,0,0,0,9.64285714285714,6.4,17,NA,NA,NA,NA,NA,NA,NA,NA,NA,NA,NA,NA,NA,NA
"2025","high_north",3,"shrub","R","BRTE",10,"high",0,0,0,0,0,9.64285714285714,6.4,17,NA,NA,NA,NA,NA,NA,NA,NA,NA,NA,NA,NA,NA,NA
"2025","high_north",3,"shrub","R","BRTE",11,"high",0,0,0,0,0,9.64285714285714,6.4,17,NA,NA,NA,NA,NA,NA,NA,NA,NA,NA,NA,NA,NA,NA
"2025","high_north",3,"shrub","R","BRTE",12,"high",0,0,0,0,0,9.64285714285714,6.4,17,NA,NA,NA,NA,NA,NA,NA,NA,NA,NA,NA,NA,NA,NA
"2025","high_north",3,"shrub","R","BRTE",9,"high",0,0,0,0,0,9.64285714285714,6.4,17,NA,NA,NA,NA,NA,NA,NA,NA,NA,NA,NA,NA,NA,NA
"2025","high_north",3,"shrub","R","BRTE",3,"high",0,0,0,0,0,9.64285714285714,6.4,17,NA,NA,NA,NA,NA,NA,NA,NA,NA,NA,NA,NA,NA,NA
"2025","high_north",3,"shrub","R","BRTE",8,"high",0,0,0,0,0,9.64285714285714,6.4,17,NA,NA,NA,NA,NA,NA,NA,NA,NA,NA,NA,NA,NA,NA
"2025","high_north",3,"shrub","R","BRTE",1,"high",0,0,0,0,0,9.64285714285714,6.4,17,NA,NA,NA,NA,NA,NA,NA,NA,NA,NA,NA,NA,NA,NA
"2025","high_north",3,"shrub","R","BRTE",2,"high",0,0,0,0,0,9.64285714285714,6.4,17,NA,NA,NA,NA,NA,NA,NA,NA,NA,NA,NA,NA,NA,NA
"2025","high_north",3,"shrub","R","BRTE",4,"high",0,0,0,0,0,9.64285714285714,6.4,17,NA,NA,NA,NA,NA,NA,NA,NA,NA,NA,NA,NA,NA,NA
"2025","high_north",3,"shrub","R","BRTE",5,"high",0,0,0,0,0,9.64285714285714,6.4,17,NA,NA,NA,NA,NA,NA,NA,NA,NA,NA,NA,NA,NA,NA
"2025","high_north",3,"shrub","R","BRTE",7,"high",0,0,0,0,0,9.64285714285714,6.4,17,NA,NA,NA,NA,NA,NA,NA,NA,NA,NA,NA,NA,NA,NA
"2025","high_north",3,"shrub","R","BRTE",6,"high",0,0,0,0,0,9.64285714285714,6.4,17,NA,NA,NA,NA,NA,NA,NA,NA,NA,NA,NA,NA,NA,NA
"2025","high_north",4,"open","C","BRTE",8,"high",0,0,0,0,0,7.05714285714286,3.4,15.5,NA,NA,NA,NA,NA,NA,NA,NA,NA,NA,NA,NA,NA,NA
"2025","high_north",4,"open","C","BRTE",11,"high",0,0,0,0,0,7.05714285714286,3.4,15.5,NA,NA,NA,NA,NA,NA,NA,NA,NA,NA,NA,NA,NA,NA
"2025","high_north",4,"open","C","BRTE",10,"high",0,0,0,0,0,7.05714285714286,3.4,15.5,NA,NA,NA,NA,NA,NA,NA,NA,NA,NA,NA,NA,NA,NA
"2025","high_north",4,"open","C","BRTE",6,"high",0,0,0,0,0,7.05714285714286,3.4,15.5,NA,NA,NA,NA,NA,NA,NA,NA,NA,NA,NA,NA,NA,NA
"2025","high_north",4,"open","C","BRTE",9,"high",0,0,0,0,0,7.05714285714286,3.4,15.5,NA,NA,NA,NA,NA,NA,NA,NA,NA,NA,NA,NA,NA,NA
"2025","high_north",4,"open","C","BRTE",7,"high",0,0,0,0,0,7.05714285714286,3.4,15.5,NA,NA,NA,NA,NA,NA,NA,NA,NA,NA,NA,NA,NA,NA
"2025","high_north",4,"open","C","BRTE",4,"high",0,0,0,0,0,7.05714285714286,3.4,15.5,NA,NA,NA,NA,NA,NA,NA,NA,NA,NA,NA,NA,NA,NA
"2025","high_north",4,"open","C","BRTE",1,"high",0,0,0,0,0,7.05714285714286,3.4,15.5,NA,NA,NA,NA,NA,NA,NA,NA,NA,NA,NA,NA,NA,NA
"2025","high_north",4,"open","C","BRTE",2,"high",0,0,0,0,0,7.05714285714286,3.4,15.5,NA,NA,NA,NA,NA,NA,NA,NA,NA,NA,NA,NA,NA,NA
"2025","high_north",4,"open","C","BRTE",5,"high",0,0,0,0,0,7.05714285714286,3.4,15.5,NA,NA,NA,NA,NA,NA,NA,NA,NA,NA,NA,NA,NA,NA
"2025","high_north",4,"open","C","BRTE",12,"high",0,0,0,0,0,7.05714285714286,3.4,15.5,NA,NA,NA,NA,NA,NA,NA,NA,NA,NA,NA,NA,NA,NA
"2025","high_north",4,"open","C","BRTE",3,"high",0,0,0,0,0,7.05714285714286,3.4,15.5,NA,NA,NA,NA,NA,NA,NA,NA,NA,NA,NA,NA,NA,NA
"2025","high_north",4,"open","R","BRTE",4,"high",0,0,0,0,0,7.05714285714286,3.4,15.5,NA,NA,NA,NA,NA,NA,NA,NA,NA,NA,NA,NA,NA,NA
"2025","high_north",4,"open","R","BRTE",10,"high",0,0,0,0,0,7.05714285714286,3.4,15.5,NA,NA,NA,NA,NA,NA,NA,NA,NA,NA,NA,NA,NA,NA
"2025","high_north",4,"open","R","BRTE",1,"high",0,0,0,0,0,7.05714285714286,3.4,15.5,NA,NA,NA,NA,NA,NA,NA,NA,NA,NA,NA,NA,NA,NA
"2025","high_north",4,"open","R","BRTE",2,"high",0,0,0,0,0,7.05714285714286,3.4,15.5,NA,NA,NA,NA,NA,NA,NA,NA,NA,NA,NA,NA,NA,NA
"2025","high_north",4,"open","R","BRTE",5,"high",0,0,0,0,0,7.05714285714286,3.4,15.5,NA,NA,NA,NA,NA,NA,NA,NA,NA,NA,NA,NA,NA,NA
"2025","high_north",4,"open","R","BRTE",6,"high",0,0,0,0,0,7.05714285714286,3.4,15.5,NA,NA,NA,NA,NA,NA,NA,NA,NA,NA,NA,NA,NA,NA
"2025","high_north",4,"open","R","BRTE",7,"high",0,0,0,0,0,7.05714285714286,3.4,15.5,NA,NA,NA,NA,NA,NA,NA,NA,NA,NA,NA,NA,NA,NA
"2025","high_north",4,"open","R","BRTE",8,"high",0,0,0,0,0,7.05714285714286,3.4,15.5,NA,NA,NA,NA,NA,NA,NA,NA,NA,NA,NA,NA,NA,NA
"2025","high_north",4,"open","R","BRTE",9,"high",0,0,0,0,0,7.05714285714286,3.4,15.5,NA,NA,NA,NA,NA,NA,NA,NA,NA,NA,NA,NA,NA,NA
"2025","high_north",4,"open","R","BRTE",11,"high",0,0,0,0,0,7.05714285714286,3.4,15.5,NA,NA,NA,NA,NA,NA,NA,NA,NA,NA,NA,NA,NA,NA
"2025","high_north",4,"open","R","BRTE",12,"high",0,0,0,0,0,7.05714285714286,3.4,15.5,NA,NA,NA,NA,NA,NA,NA,NA,NA,NA,NA,NA,NA,NA
"2025","high_north",4,"open","R","BRTE",3,"high",0,0,0,0,0,7.05714285714286,3.4,15.5,NA,NA,NA,NA,NA,NA,NA,NA,NA,NA,NA,NA,NA,NA
"2025","high_north",4,"shrub","C","BRTE",10,"high",0,0,0,0,0,8.78571428571429,5.5,15.9,NA,NA,NA,NA,NA,NA,NA,NA,NA,NA,NA,NA,NA,NA
"2025","high_north",4,"shrub","C","BRTE",9,"high",1,0,0,0,0,8.78571428571429,5.5,15.9,NA,NA,NA,119,3.1,NA,NA,0.0011,1.6798,0,0,0,12.845,"1e-04"
"2025","high_north",4,"shrub","C","BRTE",8,"high",0,0,0,0,0,8.78571428571429,5.5,15.9,NA,NA,NA,NA,NA,NA,NA,NA,NA,NA,NA,NA,NA,NA
"2025","high_north",4,"shrub","C","BRTE",11,"high",0,0,0,0,0,8.78571428571429,5.5,15.9,NA,NA,NA,NA,NA,NA,NA,NA,NA,NA,NA,NA,NA,NA
"2025","high_north",4,"shrub","C","BRTE",1,"high",0,0,0,0,0,8.78571428571429,5.5,15.9,NA,NA,NA,NA,NA,NA,NA,NA,NA,NA,NA,NA,NA,NA
"2025","high_north",4,"shrub","C","BRTE",2,"high",0,0,0,0,0,8.78571428571429,5.5,15.9,NA,NA,NA,NA,NA,NA,NA,NA,NA,NA,NA,NA,NA,NA
"2025","high_north",4,"shrub","C","BRTE",4,"high",0,0,0,0,0,8.78571428571429,5.5,15.9,NA,NA,NA,NA,NA,NA,NA,NA,NA,NA,NA,NA,NA,NA
"2025","high_north",4,"shrub","C","BRTE",5,"high",0,0,0,0,0,8.78571428571429,5.5,15.9,NA,NA,NA,NA,NA,NA,NA,NA,NA,NA,NA,NA,NA,NA
"2025","high_north",4,"shrub","C","BRTE",7,"high",0,0,0,0,0,8.78571428571429,5.5,15.9,NA,NA,NA,NA,NA,NA,NA,NA,NA,NA,NA,NA,NA,NA
"2025","high_north",4,"shrub","C","BRTE",3,"high",0,0,0,0,0,8.78571428571429,5.5,15.9,NA,NA,NA,NA,NA,NA,NA,NA,NA,NA,NA,NA,NA,NA
"2025","high_north",4,"shrub","C","BRTE",12,"high",0,0,0,0,0,8.78571428571429,5.5,15.9,NA,NA,NA,NA,NA,NA,NA,NA,NA,NA,NA,NA,NA,NA
"2025","high_north",4,"shrub","C","BRTE",6,"high",0,0,0,0,0,8.78571428571429,5.5,15.9,NA,NA,NA,NA,NA,NA,NA,NA,NA,NA,NA,NA,NA,NA
"2025","high_north",4,"shrub","R","BRTE",12,"high",0,0,0,0,0,8.78571428571429,5.5,15.9,NA,NA,NA,NA,NA,NA,NA,NA,NA,NA,NA,NA,NA,NA
"2025","high_north",4,"shrub","R","BRTE",1,"high",0,0,0,0,0,8.78571428571429,5.5,15.9,NA,NA,NA,NA,NA,NA,NA,NA,NA,NA,NA,NA,NA,NA
"2025","high_north",4,"shrub","R","BRTE",5,"high",0,0,0,0,0,8.78571428571429,5.5,15.9,NA,NA,NA,NA,NA,NA,NA,NA,NA,NA,NA,NA,NA,NA
"2025","high_north",4,"shrub","R","BRTE",11,"high",0,0,0,0,0,8.78571428571429,5.5,15.9,NA,NA,NA,NA,NA,NA,NA,NA,NA,NA,NA,NA,NA,NA
"2025","high_north",4,"shrub","R","BRTE",4,"high",0,0,0,0,0,8.78571428571429,5.5,15.9,NA,NA,NA,NA,NA,NA,NA,NA,NA,NA,NA,NA,NA,NA
"2025","high_north",4,"shrub","R","BRTE",8,"high",0,0,0,0,0,8.78571428571429,5.5,15.9,NA,NA,NA,NA,NA,NA,NA,NA,NA,NA,NA,NA,NA,NA
"2025","high_north",4,"shrub","R","BRTE",10,"high",0,0,0,0,0,8.78571428571429,5.5,15.9,NA,NA,NA,NA,NA,NA,NA,NA,NA,NA,NA,NA,NA,NA
"2025","high_north",4,"shrub","R","BRTE",9,"high",0,0,0,0,0,8.78571428571429,5.5,15.9,NA,NA,NA,NA,NA,NA,NA,NA,NA,NA,NA,NA,NA,NA
"2025","high_north",4,"shrub","R","BRTE",7,"high",0,0,0,0,0,8.78571428571429,5.5,15.9,NA,NA,NA,NA,NA,NA,NA,NA,NA,NA,NA,NA,NA,NA
"2025","high_north",4,"shrub","R","BRTE",2,"high",0,0,0,0,0,8.78571428571429,5.5,15.9,NA,NA,NA,NA,NA,NA,NA,NA,NA,NA,NA,NA,NA,NA
"2025","high_north",4,"shrub","R","BRTE",6,"high",0,0,0,0,0,8.78571428571429,5.5,15.9,NA,NA,NA,NA,NA,NA,NA,NA,NA,NA,NA,NA,NA,NA
"2025","high_north",4,"shrub","R","BRTE",3,"high",0,0,0,0,0,8.78571428571429,5.5,15.9,NA,NA,NA,NA,NA,NA,NA,NA,NA,NA,NA,NA,NA,NA
"2025","low_east",1,"open","C","BRTE",6,"low",0,0.0015,0.0079,2,3,10.1333333333333,4,17.6,NA,NA,NA,NA,NA,NA,NA,NA,NA,NA,NA,NA,NA,NA
"2025","low_east",1,"open","C","BRTE",2,"low",0,0.0015,0.0079,2,3,10.1333333333333,4,17.6,NA,NA,NA,NA,NA,NA,NA,NA,NA,NA,NA,NA,NA,NA
"2025","low_east",1,"open","C","BRTE",3,"low",0,0.0015,0.0079,2,3,10.1333333333333,4,17.6,NA,NA,NA,NA,NA,NA,NA,NA,NA,NA,NA,NA,NA,NA
"2025","low_east",1,"open","C","BRTE",11,"low",0,0.0015,0.0079,2,3,10.1333333333333,4,17.6,NA,NA,NA,NA,NA,NA,NA,NA,NA,NA,NA,NA,NA,NA
"2025","low_east",1,"open","C","BRTE",5,"low",0,0.0015,0.0079,2,3,10.1333333333333,4,17.6,NA,NA,NA,NA,NA,NA,NA,NA,NA,NA,NA,NA,NA,NA
"2025","low_east",1,"open","C","BRTE",10,"low",1,0.0015,0.0079,2,3,10.1333333333333,4,17.6,NA,NA,NA,104,2.2,NA,NA,NA,NA,NA,NA,NA,NA,NA
"2025","low_east",1,"open","C","BRTE",8,"low",0,0.0015,0.0079,2,3,10.1333333333333,4,17.6,NA,NA,NA,NA,NA,NA,NA,NA,NA,NA,NA,NA,NA,NA
"2025","low_east",1,"open","C","BRTE",9,"low",1,0.0015,0.0079,2,3,10.1333333333333,4,17.6,NA,NA,NA,118,0.9,NA,NA,NA,NA,NA,NA,NA,NA,NA
"2025","low_east",1,"open","C","BRTE",4,"low",0,0.0015,0.0079,2,3,10.1333333333333,4,17.6,NA,NA,NA,NA,NA,NA,NA,NA,NA,NA,NA,NA,NA,NA
"2025","low_east",1,"open","C","BRTE",1,"low",1,0.0015,0.0079,2,3,10.1333333333333,4,17.6,NA,NA,NA,104,3.3,149,NA,0.0019,NA,NA,1,4e-04,15.691,"1e-04"
"2025","low_east",1,"open","C","BRTE",7,"low",0,0.0015,0.0079,2,3,10.1333333333333,4,17.6,NA,NA,NA,NA,NA,NA,NA,NA,NA,NA,NA,NA,NA,NA
"2025","low_east",1,"open","C","BRTE",12,"low",0,0.0015,0.0079,2,3,10.1333333333333,4,17.6,NA,NA,NA,NA,NA,NA,NA,NA,NA,NA,NA,NA,NA,NA
"2025","low_east",1,"open","R","BRTE",2,"low",0,0,0,0,0,10.1333333333333,4,17.6,NA,NA,NA,NA,NA,NA,NA,NA,NA,NA,NA,NA,NA,NA
"2025","low_east",1,"open","R","BRTE",3,"low",0,0,0,0,0,10.1333333333333,4,17.6,NA,NA,NA,NA,NA,NA,NA,NA,NA,NA,NA,NA,NA,NA
"2025","low_east",1,"open","R","BRTE",1,"low",0,0,0,0,0,10.1333333333333,4,17.6,NA,NA,NA,NA,NA,NA,NA,NA,NA,NA,NA,NA,NA,NA
"2025","low_east",1,"open","R","BRTE",7,"low",0,0,0,0,0,10.1333333333333,4,17.6,NA,NA,NA,NA,NA,NA,NA,NA,NA,NA,NA,NA,NA,NA
"2025","low_east",1,"open","R","BRTE",9,"low",0,0,0,0,0,10.1333333333333,4,17.6,NA,NA,NA,NA,NA,NA,NA,NA,NA,NA,NA,NA,NA,NA
"2025","low_east",1,"open","R","BRTE",12,"low",0,0,0,0,0,10.1333333333333,4,17.6,NA,NA,NA,NA,NA,NA,NA,NA,NA,NA,NA,NA,NA,NA
"2025","low_east",1,"open","R","BRTE",4,"low",0,0,0,0,0,10.1333333333333,4,17.6,NA,NA,NA,NA,NA,NA,NA,NA,NA,NA,NA,NA,NA,NA
"2025","low_east",1,"open","R","BRTE",5,"low",0,0,0,0,0,10.1333333333333,4,17.6,NA,NA,NA,NA,NA,NA,NA,NA,NA,NA,NA,NA,NA,NA
"2025","low_east",1,"open","R","BRTE",8,"low",0,0,0,0,0,10.1333333333333,4,17.6,NA,NA,NA,NA,NA,NA,NA,NA,NA,NA,NA,NA,NA,NA
"2025","low_east",1,"open","R","BRTE",10,"low",0,0,0,0,0,10.1333333333333,4,17.6,NA,NA,NA,NA,NA,NA,NA,NA,NA,NA,NA,NA,NA,NA
"2025","low_east",1,"open","R","BRTE",11,"low",0,0,0,0,0,10.1333333333333,4,17.6,NA,NA,NA,NA,NA,NA,NA,NA,NA,NA,NA,NA,NA,NA
"2025","low_east",1,"open","R","BRTE",6,"low",0,0,0,0,0,10.1333333333333,4,17.6,NA,NA,NA,NA,NA,NA,NA,NA,NA,NA,NA,NA,NA,NA
"2025","low_east",1,"shrub","C","BRTE",2,"low",1,0.0226,0.0461,7,6,10.7333333333333,6,16.4,NA,NA,NA,118,5,161,NA,0.0017,3.6152,0,0,0,31.723,"6e-04"
"2025","low_east",1,"shrub","C","BRTE",3,"low",1,0.0226,0.0461,7,6,10.7333333333333,6,16.4,NA,NA,NA,104,3.8,NA,NA,0.0018,NA,NA,0,0,33.737,"7e-04"
"2025","low_east",1,"shrub","C","BRTE",1,"low",0,0.0226,0.0461,7,6,10.7333333333333,6,16.4,NA,NA,NA,NA,NA,NA,NA,NA,NA,NA,NA,NA,NA,NA
"2025","low_east",1,"shrub","C","BRTE",9,"low",0,0.0226,0.0461,7,6,10.7333333333333,6,16.4,NA,NA,NA,NA,NA,NA,NA,NA,NA,NA,NA,NA,NA,NA
"2025","low_east",1,"shrub","C","BRTE",6,"low",0,0.0226,0.0461,7,6,10.7333333333333,6,16.4,NA,NA,NA,NA,NA,NA,NA,NA,NA,NA,NA,NA,NA,NA
"2025","low_east",1,"shrub","C","BRTE",5,"low",1,0.0226,0.0461,7,6,10.7333333333333,6,16.4,NA,NA,NA,104,2,NA,NA,NA,NA,NA,NA,NA,NA,NA
"2025","low_east",1,"shrub","C","BRTE",8,"low",1,0.0226,0.0461,7,6,10.7333333333333,6,16.4,NA,NA,NA,104,0,NA,NA,NA,NA,NA,NA,NA,NA,NA
"2025","low_east",1,"shrub","C","BRTE",7,"low",1,0.0226,0.0461,7,6,10.7333333333333,6,16.4,NA,NA,NA,104,4,NA,NA,0.0022,NA,NA,0,0,20.438,"6e-04"
"2025","low_east",1,"shrub","C","BRTE",11,"low",0,0.0226,0.0461,7,6,10.7333333333333,6,16.4,NA,NA,NA,NA,NA,NA,NA,NA,NA,NA,NA,NA,NA,NA
"2025","low_east",1,"shrub","C","BRTE",10,"low",0,0.0226,0.0461,7,6,10.7333333333333,6,16.4,NA,NA,NA,NA,NA,NA,NA,NA,NA,NA,NA,NA,NA,NA
"2025","low_east",1,"shrub","C","BRTE",12,"low",0,0.0226,0.0461,7,6,10.7333333333333,6,16.4,NA,NA,NA,NA,NA,NA,NA,NA,NA,NA,NA,NA,NA,NA
"2025","low_east",1,"shrub","C","BRTE",4,"low",0,0.0226,0.0461,7,6,10.7333333333333,6,16.4,NA,NA,NA,NA,NA,NA,NA,NA,NA,NA,NA,NA,NA,NA
"2025","low_east",1,"shrub","R","BRTE",9,"low",1,0,0,0,0,10.7333333333333,6,16.4,NA,NA,NA,104,2.4,NA,NA,NA,NA,NA,NA,NA,NA,NA
"2025","low_east",1,"shrub","R","BRTE",10,"low",0,0,0,0,0,10.7333333333333,6,16.4,NA,NA,NA,NA,NA,NA,NA,NA,NA,NA,NA,NA,NA,NA
"2025","low_east",1,"shrub","R","BRTE",5,"low",0,0,0,0,0,10.7333333333333,6,16.4,NA,NA,NA,NA,NA,NA,NA,NA,NA,NA,NA,NA,NA,NA
"2025","low_east",1,"shrub","R","BRTE",8,"low",1,0,0,0,0,10.7333333333333,6,16.4,NA,NA,NA,104,0,NA,NA,NA,NA,NA,NA,NA,NA,NA
"2025","low_east",1,"shrub","R","BRTE",6,"low",0,0,0,0,0,10.7333333333333,6,16.4,NA,NA,NA,NA,NA,NA,NA,NA,NA,NA,NA,NA,NA,NA
"2025","low_east",1,"shrub","R","BRTE",7,"low",0,0,0,0,0,10.7333333333333,6,16.4,NA,NA,NA,NA,NA,NA,NA,NA,NA,NA,NA,NA,NA,NA
"2025","low_east",1,"shrub","R","BRTE",1,"low",0,0,0,0,0,10.7333333333333,6,16.4,NA,NA,NA,NA,NA,NA,NA,NA,NA,NA,NA,NA,NA,NA
"2025","low_east",1,"shrub","R","BRTE",11,"low",0,0,0,0,0,10.7333333333333,6,16.4,NA,NA,NA,NA,NA,NA,NA,NA,NA,NA,NA,NA,NA,NA
"2025","low_east",1,"shrub","R","BRTE",2,"low",1,0,0,0,0,10.7333333333333,6,16.4,NA,NA,NA,104,1.7,NA,NA,NA,NA,NA,NA,NA,NA,NA
"2025","low_east",1,"shrub","R","BRTE",4,"low",1,0,0,0,0,10.7333333333333,6,16.4,NA,NA,NA,104,2.1,NA,NA,NA,NA,NA,NA,NA,NA,NA
"2025","low_east",1,"shrub","R","BRTE",12,"low",0,0,0,0,0,10.7333333333333,6,16.4,NA,NA,NA,NA,NA,NA,NA,NA,NA,NA,NA,NA,NA,NA
"2025","low_east",1,"shrub","R","BRTE",3,"low",0,0,0,0,0,10.7333333333333,6,16.4,NA,NA,NA,NA,NA,NA,NA,NA,NA,NA,NA,NA,NA,NA
"2025","low_east",2,"open","C","BRTE",8,"low",1,0.0484,0.0226,10,8,9.86666666666667,3.8,19.5,NA,NA,NA,104,0,NA,NA,NA,NA,NA,NA,NA,NA,NA
"2025","low_east",2,"open","C","BRTE",12,"low",0,0.0484,0.0226,10,8,9.86666666666667,3.8,19.5,NA,NA,NA,NA,NA,NA,NA,NA,NA,NA,NA,NA,NA,NA
"2025","low_east",2,"open","C","BRTE",11,"low",1,0.0484,0.0226,10,8,9.86666666666667,3.8,19.5,NA,NA,NA,104,0,NA,NA,NA,NA,NA,NA,NA,NA,NA
"2025","low_east",2,"open","C","BRTE",9,"low",1,0.0484,0.0226,10,8,9.86666666666667,3.8,19.5,NA,NA,NA,118,3.8,149,NA,0.0044,11.6426,5e-04,0,0,23.488,"4e-04"
"2025","low_east",2,"open","C","BRTE",4,"low",1,0.0484,0.0226,10,8,9.86666666666667,3.8,19.5,NA,NA,NA,104,4,149,NA,0.0029,1.0552,0,0,0,15.448,"4e-04"
"2025","low_east",2,"open","C","BRTE",1,"low",1,0.0484,0.0226,10,8,9.86666666666667,3.8,19.5,NA,NA,NA,104,2.4,NA,NA,0.0013,2.7428,0,0,0,17.363,"1e-04"
"2025","low_east",2,"open","C","BRTE",6,"low",1,0.0484,0.0226,10,8,9.86666666666667,3.8,19.5,NA,NA,NA,104,5.4,149,NA,0.0048,NA,NA,0,0,26.648,"6e-04"
"2025","low_east",2,"open","C","BRTE",5,"low",1,0.0484,0.0226,10,8,9.86666666666667,3.8,19.5,NA,NA,NA,118,2.5,161,NA,0.0021,3.9971,2e-04,0,0,2.496,"4e-04"
"2025","low_east",2,"open","C","BRTE",2,"low",1,0.0484,0.0226,10,8,9.86666666666667,3.8,19.5,NA,NA,NA,118,2.1,NA,NA,0.0019,2.8448,1e-04,0,0,11.444,"4e-04"
"2025","low_east",2,"open","C","BRTE",7,"low",1,0.0484,0.0226,10,8,9.86666666666667,3.8,19.5,NA,NA,NA,118,4.6,149,NA,0.0047,2.2139,0,0,0,16.867,"4e-04"
"2025","low_east",2,"open","C","BRTE",3,"low",1,0.0484,0.0226,10,8,9.86666666666667,3.8,19.5,NA,NA,NA,104,2,161,NA,5e-04,NA,NA,0,0,14.887,"1e-04"
"2025","low_east",2,"open","C","BRTE",10,"low",1,0.0484,0.0226,10,8,9.86666666666667,3.8,19.5,NA,NA,NA,104,1.5,NA,NA,NA,NA,NA,NA,NA,NA,NA
"2025","low_east",2,"open","R","BRTE",7,"low",0,0,0,0,0,9.86666666666667,3.8,19.5,NA,NA,NA,NA,NA,NA,NA,NA,NA,NA,NA,NA,NA,NA
"2025","low_east",2,"open","R","BRTE",4,"low",1,0,0,0,0,9.86666666666667,3.8,19.5,NA,NA,NA,133,2.5,NA,NA,NA,NA,NA,NA,NA,NA,NA
"2025","low_east",2,"open","R","BRTE",6,"low",0,0,0,0,0,9.86666666666667,3.8,19.5,NA,NA,NA,NA,NA,NA,NA,NA,NA,NA,NA,NA,NA,NA
"2025","low_east",2,"open","R","BRTE",10,"low",1,0,0,0,0,9.86666666666667,3.8,19.5,NA,NA,NA,104,2.6,NA,NA,NA,NA,NA,NA,NA,NA,NA
"2025","low_east",2,"open","R","BRTE",5,"low",1,0,0,0,0,9.86666666666667,3.8,19.5,NA,NA,NA,104,2.3,NA,NA,NA,NA,NA,NA,NA,NA,NA
"2025","low_east",2,"open","R","BRTE",3,"low",0,0,0,0,0,9.86666666666667,3.8,19.5,NA,NA,NA,NA,NA,NA,NA,NA,NA,NA,NA,NA,NA,NA
"2025","low_east",2,"open","R","BRTE",1,"low",0,0,0,0,0,9.86666666666667,3.8,19.5,NA,NA,NA,NA,NA,NA,NA,NA,NA,NA,NA,NA,NA,NA
"2025","low_east",2,"open","R","BRTE",9,"low",0,0,0,0,0,9.86666666666667,3.8,19.5,NA,NA,NA,NA,NA,NA,NA,NA,NA,NA,NA,NA,NA,NA
"2025","low_east",2,"open","R","BRTE",2,"low",1,0,0,0,0,9.86666666666667,3.8,19.5,NA,NA,NA,104,3,NA,NA,NA,NA,NA,NA,NA,NA,NA
"2025","low_east",2,"open","R","BRTE",8,"low",1,0,0,0,0,9.86666666666667,3.8,19.5,NA,NA,NA,104,0,NA,NA,NA,NA,NA,NA,NA,NA,NA
"2025","low_east",2,"open","R","BRTE",11,"low",1,0,0,0,0,9.86666666666667,3.8,19.5,NA,NA,NA,104,3.1,NA,NA,0.0026,4.3532,1e-04,0,0,25.746,"5e-04"
"2025","low_east",2,"open","R","BRTE",12,"low",0,0,0,0,0,9.86666666666667,3.8,19.5,NA,NA,NA,NA,NA,NA,NA,NA,NA,NA,NA,NA,NA,NA
"2025","low_east",2,"shrub","C","BRTE",6,"low",1,0,0.1528,0,22,10.7444444444444,4.6,18.7,NA,NA,NA,104,9.4,149,NA,0.0076,2.7021,1e-04,1,5e-04,19.65,"7e-04"
"2025","low_east",2,"shrub","C","BRTE",8,"low",0,0,0.1528,0,22,10.7444444444444,4.6,18.7,NA,NA,NA,NA,NA,NA,NA,NA,NA,NA,NA,NA,NA,NA
"2025","low_east",2,"shrub","C","BRTE",1,"low",0,0,0.1528,0,22,10.7444444444444,4.6,18.7,NA,NA,NA,NA,NA,NA,NA,NA,NA,NA,NA,NA,NA,NA
"2025","low_east",2,"shrub","C","BRTE",5,"low",0,0,0.1528,0,22,10.7444444444444,4.6,18.7,NA,NA,NA,NA,NA,NA,NA,NA,NA,NA,NA,NA,NA,NA
"2025","low_east",2,"shrub","C","BRTE",9,"low",0,0,0.1528,0,22,10.7444444444444,4.6,18.7,NA,NA,NA,NA,NA,NA,NA,NA,NA,NA,NA,NA,NA,NA
"2025","low_east",2,"shrub","C","BRTE",7,"low",0,0,0.1528,0,22,10.7444444444444,4.6,18.7,NA,NA,NA,NA,NA,NA,NA,NA,NA,NA,NA,NA,NA,NA
"2025","low_east",2,"shrub","C","BRTE",2,"low",0,0,0.1528,0,22,10.7444444444444,4.6,18.7,NA,NA,NA,NA,NA,NA,NA,NA,NA,NA,NA,NA,NA,NA
"2025","low_east",2,"shrub","C","BRTE",12,"low",1,0,0.1528,0,22,10.7444444444444,4.6,18.7,NA,NA,NA,104,5.2,149,NA,0.0035,8.2707,5e-04,0,0,13.184,"3e-04"
"2025","low_east",2,"shrub","C","BRTE",3,"low",0,0,0.1528,0,22,10.7444444444444,4.6,18.7,NA,NA,NA,NA,NA,NA,NA,NA,NA,NA,NA,NA,NA,NA
"2025","low_east",2,"shrub","C","BRTE",11,"low",1,0,0.1528,0,22,10.7444444444444,4.6,18.7,NA,NA,NA,104,4.5,NA,NA,0.0036,0.7264,0,0,0,33.671,"4e-04"
"2025","low_east",2,"shrub","C","BRTE",4,"low",1,0,0.1528,0,22,10.7444444444444,4.6,18.7,NA,NA,NA,104,3.2,NA,NA,NA,NA,NA,NA,NA,NA,NA
"2025","low_east",2,"shrub","C","BRTE",10,"low",0,0,0.1528,0,22,10.7444444444444,4.6,18.7,NA,NA,NA,NA,NA,NA,NA,NA,NA,NA,NA,NA,NA,NA
"2025","low_east",2,"shrub","R","BRTE",11,"low",0,0,0,0,0,10.7444444444444,4.6,18.7,NA,NA,NA,NA,NA,NA,NA,NA,NA,NA,NA,NA,NA,NA
"2025","low_east",2,"shrub","R","BRTE",6,"low",0,0,0,0,0,10.7444444444444,4.6,18.7,NA,NA,NA,NA,NA,NA,NA,NA,NA,NA,NA,NA,NA,NA
"2025","low_east",2,"shrub","R","BRTE",8,"low",1,0,0,0,0,10.7444444444444,4.6,18.7,NA,NA,NA,104,3,NA,NA,NA,NA,NA,NA,NA,NA,NA
"2025","low_east",2,"shrub","R","BRTE",9,"low",1,0,0,0,0,10.7444444444444,4.6,18.7,NA,NA,NA,104,5.2,NA,NA,0.0059,12.4103,8e-04,0,0,26.883,"6e-04"
"2025","low_east",2,"shrub","R","BRTE",10,"low",1,0,0,0,0,10.7444444444444,4.6,18.7,NA,NA,NA,104,3.8,NA,NA,0.0022,9.6072,3e-04,0,0,37.084,"9e-04"
"2025","low_east",2,"shrub","R","BRTE",12,"low",0,0,0,0,0,10.7444444444444,4.6,18.7,NA,NA,NA,NA,NA,NA,NA,NA,NA,NA,NA,NA,NA,NA
"2025","low_east",2,"shrub","R","BRTE",7,"low",0,0,0,0,0,10.7444444444444,4.6,18.7,NA,NA,NA,NA,NA,NA,NA,NA,NA,NA,NA,NA,NA,NA
"2025","low_east",2,"shrub","R","BRTE",5,"low",0,0,0,0,0,10.7444444444444,4.6,18.7,NA,NA,NA,NA,NA,NA,NA,NA,NA,NA,NA,NA,NA,NA
"2025","low_east",2,"shrub","R","BRTE",4,"low",1,0,0,0,0,10.7444444444444,4.6,18.7,NA,NA,NA,118,2.2,NA,NA,NA,NA,NA,NA,NA,NA,NA
"2025","low_east",2,"shrub","R","BRTE",1,"low",1,0,0,0,0,10.7444444444444,4.6,18.7,NA,NA,NA,104,7.4,161,NA,0.0045,2.8667,1e-04,0,0,31.741,"3e-04"
"2025","low_east",2,"shrub","R","BRTE",2,"low",0,0,0,0,0,10.7444444444444,4.6,18.7,NA,NA,NA,NA,NA,NA,NA,NA,NA,NA,NA,NA,NA,NA
"2025","low_east",2,"shrub","R","BRTE",3,"low",0,0,0,0,0,10.7444444444444,4.6,18.7,NA,NA,NA,NA,NA,NA,NA,NA,NA,NA,NA,NA,NA,NA
"2025","low_east",3,"open","C","BRTE",6,"low",0,0.0133,0.0089,3,2,10.4333333333333,3.4,17.4,NA,NA,NA,NA,NA,NA,NA,NA,NA,NA,NA,NA,NA,NA
"2025","low_east",3,"open","C","BRTE",12,"low",1,0.0133,0.0089,3,2,10.4333333333333,3.4,17.4,NA,NA,NA,133,2,NA,NA,NA,NA,NA,NA,NA,NA,NA
"2025","low_east",3,"open","C","BRTE",11,"low",1,0.0133,0.0089,3,2,10.4333333333333,3.4,17.4,NA,NA,NA,104,2.8,149,NA,0.0031,3.0367,1e-04,0,0,17.386,"7e-04"
"2025","low_east",3,"open","C","BRTE",8,"low",0,0.0133,0.0089,3,2,10.4333333333333,3.4,17.4,NA,NA,NA,NA,NA,NA,NA,NA,NA,NA,NA,NA,NA,NA
"2025","low_east",3,"open","C","BRTE",3,"low",0,0.0133,0.0089,3,2,10.4333333333333,3.4,17.4,NA,NA,NA,NA,NA,NA,NA,NA,NA,NA,NA,NA,NA,NA
"2025","low_east",3,"open","C","BRTE",9,"low",0,0.0133,0.0089,3,2,10.4333333333333,3.4,17.4,NA,NA,NA,NA,NA,NA,NA,NA,NA,NA,NA,NA,NA,NA
"2025","low_east",3,"open","C","BRTE",7,"low",0,0.0133,0.0089,3,2,10.4333333333333,3.4,17.4,NA,NA,NA,NA,NA,NA,NA,NA,NA,NA,NA,NA,NA,NA
"2025","low_east",3,"open","C","BRTE",10,"low",1,0.0133,0.0089,3,2,10.4333333333333,3.4,17.4,NA,NA,NA,104,3.5,149,NA,0.0058,NA,NA,0,0,23.739,"7e-04"
"2025","low_east",3,"open","C","BRTE",5,"low",0,0.0133,0.0089,3,2,10.4333333333333,3.4,17.4,NA,NA,NA,NA,NA,NA,NA,NA,NA,NA,NA,NA,NA,NA
"2025","low_east",3,"open","C","BRTE",4,"low",0,0.0133,0.0089,3,2,10.4333333333333,3.4,17.4,NA,NA,NA,NA,NA,NA,NA,NA,NA,NA,NA,NA,NA,NA
"2025","low_east",3,"open","C","BRTE",2,"low",0,0.0133,0.0089,3,2,10.4333333333333,3.4,17.4,NA,NA,NA,NA,NA,NA,NA,NA,NA,NA,NA,NA,NA,NA
"2025","low_east",3,"open","C","BRTE",1,"low",0,0.0133,0.0089,3,2,10.4333333333333,3.4,17.4,NA,NA,NA,NA,NA,NA,NA,NA,NA,NA,NA,NA,NA,NA
"2025","low_east",3,"open","R","BRTE",5,"low",1,0,0,0,0,10.4333333333333,3.4,17.4,NA,NA,NA,104,2.9,NA,NA,0.0021,13.6842,4e-04,0,0,17.712,"3e-04"
"2025","low_east",3,"open","R","BRTE",6,"low",1,0,0,0,0,10.4333333333333,3.4,17.4,NA,NA,NA,104,4.2,NA,NA,NA,NA,NA,NA,NA,NA,NA
"2025","low_east",3,"open","R","BRTE",2,"low",1,0,0,0,0,10.4333333333333,3.4,17.4,NA,NA,NA,104,3.9,161,167,0.0032,2.8078,1e-04,1,1e-04,16.756,"4e-04"
"2025","low_east",3,"open","R","BRTE",12,"low",1,0,0,0,0,10.4333333333333,3.4,17.4,NA,NA,NA,104,3.1,161,NA,0.0018,1.0722,0,0,0,6.733,"4e-04"
"2025","low_east",3,"open","R","BRTE",1,"low",0,0,0,0,0,10.4333333333333,3.4,17.4,NA,NA,NA,NA,NA,NA,NA,NA,NA,NA,NA,NA,NA,NA
"2025","low_east",3,"open","R","BRTE",4,"low",1,0,0,0,0,10.4333333333333,3.4,17.4,NA,NA,NA,104,2.2,NA,NA,0.0035,5.5179,1e-04,0,0,14.599,"6e-04"
"2025","low_east",3,"open","R","BRTE",11,"low",0,0,0,0,0,10.4333333333333,3.4,17.4,NA,NA,NA,NA,NA,NA,NA,NA,NA,NA,NA,NA,NA,NA
"2025","low_east",3,"open","R","BRTE",9,"low",0,0,0,0,0,10.4333333333333,3.4,17.4,NA,NA,NA,NA,NA,NA,NA,NA,NA,NA,NA,NA,NA,NA
"2025","low_east",3,"open","R","BRTE",8,"low",0,0,0,0,0,10.4333333333333,3.4,17.4,NA,NA,NA,NA,NA,NA,NA,NA,NA,NA,NA,NA,NA,NA
"2025","low_east",3,"open","R","BRTE",10,"low",1,0,0,0,0,10.4333333333333,3.4,17.4,NA,NA,NA,104,3.6,NA,NA,NA,NA,NA,NA,NA,NA,NA
"2025","low_east",3,"open","R","BRTE",3,"low",0,0,0,0,0,10.4333333333333,3.4,17.4,NA,NA,NA,NA,NA,NA,NA,NA,NA,NA,NA,NA,NA,NA
"2025","low_east",3,"open","R","BRTE",7,"low",0,0,0,0,0,10.4333333333333,3.4,17.4,NA,NA,NA,NA,NA,NA,NA,NA,NA,NA,NA,NA,NA,NA
"2025","low_east",3,"shrub","C","BRTE",8,"low",0,0.0014,0.0082,1,3,9.73333333333333,3,17.2,NA,NA,NA,NA,NA,NA,NA,NA,NA,NA,NA,NA,NA,NA
"2025","low_east",3,"shrub","C","BRTE",10,"low",0,0.0014,0.0082,1,3,9.73333333333333,3,17.2,NA,NA,NA,NA,NA,NA,NA,NA,NA,NA,NA,NA,NA,NA
"2025","low_east",3,"shrub","C","BRTE",3,"low",0,0.0014,0.0082,1,3,9.73333333333333,3,17.2,NA,NA,NA,NA,NA,NA,NA,NA,NA,NA,NA,NA,NA,NA
"2025","low_east",3,"shrub","C","BRTE",1,"low",0,0.0014,0.0082,1,3,9.73333333333333,3,17.2,NA,NA,NA,NA,NA,NA,NA,NA,NA,NA,NA,NA,NA,NA
"2025","low_east",3,"shrub","C","BRTE",9,"low",0,0.0014,0.0082,1,3,9.73333333333333,3,17.2,NA,NA,NA,NA,NA,NA,NA,NA,NA,NA,NA,NA,NA,NA
"2025","low_east",3,"shrub","C","BRTE",7,"low",0,0.0014,0.0082,1,3,9.73333333333333,3,17.2,NA,NA,NA,NA,NA,NA,NA,NA,NA,NA,NA,NA,NA,NA
"2025","low_east",3,"shrub","C","BRTE",6,"low",1,0.0014,0.0082,1,3,9.73333333333333,3,17.2,NA,NA,NA,133,2,NA,NA,0.0043,20.6929,0.0014,0,0,12.395,"7e-04"
"2025","low_east",3,"shrub","C","BRTE",2,"low",0,0.0014,0.0082,1,3,9.73333333333333,3,17.2,NA,NA,NA,NA,NA,NA,NA,NA,NA,NA,NA,NA,NA,NA
"2025","low_east",3,"shrub","C","BRTE",12,"low",0,0.0014,0.0082,1,3,9.73333333333333,3,17.2,NA,NA,NA,NA,NA,NA,NA,NA,NA,NA,NA,NA,NA,NA
"2025","low_east",3,"shrub","C","BRTE",11,"low",1,0.0014,0.0082,1,3,9.73333333333333,3,17.2,NA,NA,NA,104,4.2,NA,NA,0.0022,6.1898,5e-04,0,0,30.236,"3e-04"
"2025","low_east",3,"shrub","C","BRTE",4,"low",0,0.0014,0.0082,1,3,9.73333333333333,3,17.2,NA,NA,NA,NA,NA,NA,NA,NA,NA,NA,NA,NA,NA,NA
"2025","low_east",3,"shrub","C","BRTE",5,"low",0,0.0014,0.0082,1,3,9.73333333333333,3,17.2,NA,NA,NA,NA,NA,NA,NA,NA,NA,NA,NA,NA,NA,NA
"2025","low_east",3,"shrub","R","BRTE",11,"low",0,0,0,0,0,9.73333333333333,3,17.2,NA,NA,NA,NA,NA,NA,NA,NA,NA,NA,NA,NA,NA,NA
"2025","low_east",3,"shrub","R","BRTE",10,"low",0,0,0,0,0,9.73333333333333,3,17.2,NA,NA,NA,NA,NA,NA,NA,NA,NA,NA,NA,NA,NA,NA
"2025","low_east",3,"shrub","R","BRTE",12,"low",0,0,0,0,0,9.73333333333333,3,17.2,NA,NA,NA,NA,NA,NA,NA,NA,NA,NA,NA,NA,NA,NA
"2025","low_east",3,"shrub","R","BRTE",2,"low",0,0,0,0,0,9.73333333333333,3,17.2,NA,NA,NA,NA,NA,NA,NA,NA,NA,NA,NA,NA,NA,NA
"2025","low_east",3,"shrub","R","BRTE",3,"low",0,0,0,0,0,9.73333333333333,3,17.2,NA,NA,NA,NA,NA,NA,NA,NA,NA,NA,NA,NA,NA,NA
"2025","low_east",3,"shrub","R","BRTE",5,"low",1,0,0,0,0,9.73333333333333,3,17.2,NA,NA,NA,133,2.8,NA,NA,NA,NA,NA,NA,NA,NA,NA
"2025","low_east",3,"shrub","R","BRTE",6,"low",0,0,0,0,0,9.73333333333333,3,17.2,NA,NA,NA,NA,NA,NA,NA,NA,NA,NA,NA,NA,NA,NA
"2025","low_east",3,"shrub","R","BRTE",9,"low",1,0,0,0,0,9.73333333333333,3,17.2,NA,NA,NA,104,3.1,NA,NA,0.0023,NA,NA,0,0,22.018,"7e-04"
"2025","low_east",3,"shrub","R","BRTE",7,"low",0,0,0,0,0,9.73333333333333,3,17.2,NA,NA,NA,NA,NA,NA,NA,NA,NA,NA,NA,NA,NA,NA
"2025","low_east",3,"shrub","R","BRTE",8,"low",0,0,0,0,0,9.73333333333333,3,17.2,NA,NA,NA,NA,NA,NA,NA,NA,NA,NA,NA,NA,NA,NA
"2025","low_east",3,"shrub","R","BRTE",4,"low",1,0,0,0,0,9.73333333333333,3,17.2,NA,NA,NA,139,2.7,NA,NA,NA,NA,NA,NA,NA,NA,NA
"2025","low_east",3,"shrub","R","BRTE",1,"low",0,0,0,0,0,9.73333333333333,3,17.2,NA,NA,NA,NA,NA,NA,NA,NA,NA,NA,NA,NA,NA,NA
"2025","low_east",4,"open","C","BRTE",5,"low",1,0.0083,0.0126,4,5,9.87777777777778,3.1,19.2,NA,NA,NA,104,1.5,NA,NA,NA,NA,NA,NA,NA,NA,NA
"2025","low_east",4,"open","C","BRTE",12,"low",1,0.0083,0.0126,4,5,9.87777777777778,3.1,19.2,NA,NA,NA,104,3.4,NA,NA,0.0024,5.5371,4e-04,0,0,24.896,"7e-04"
"2025","low_east",4,"open","C","BRTE",7,"low",1,0.0083,0.0126,4,5,9.87777777777778,3.1,19.2,NA,NA,NA,104,2.9,NA,NA,NA,NA,NA,NA,NA,NA,NA
"2025","low_east",4,"open","C","BRTE",1,"low",0,0.0083,0.0126,4,5,9.87777777777778,3.1,19.2,NA,NA,NA,NA,NA,NA,NA,NA,NA,NA,NA,NA,NA,NA
"2025","low_east",4,"open","C","BRTE",11,"low",1,0.0083,0.0126,4,5,9.87777777777778,3.1,19.2,NA,NA,NA,118,4.1,161,NA,0.0031,7.7479,4e-04,0,0,27.592,"6e-04"
"2025","low_east",4,"open","C","BRTE",3,"low",1,0.0083,0.0126,4,5,9.87777777777778,3.1,19.2,NA,NA,NA,104,4,161,NA,0.0019,NA,NA,0,0,11.942,"5e-04"
"2025","low_east",4,"open","C","BRTE",4,"low",1,0.0083,0.0126,4,5,9.87777777777778,3.1,19.2,NA,NA,NA,139,3.1,NA,NA,NA,NA,NA,NA,NA,NA,NA
"2025","low_east",4,"open","C","BRTE",9,"low",0,0.0083,0.0126,4,5,9.87777777777778,3.1,19.2,NA,NA,NA,NA,NA,NA,NA,NA,NA,NA,NA,NA,NA,NA
"2025","low_east",4,"open","C","BRTE",2,"low",0,0.0083,0.0126,4,5,9.87777777777778,3.1,19.2,NA,NA,NA,NA,NA,NA,NA,NA,NA,NA,NA,NA,NA,NA
"2025","low_east",4,"open","C","BRTE",6,"low",1,0.0083,0.0126,4,5,9.87777777777778,3.1,19.2,NA,NA,NA,139,3,NA,NA,0.0014,NA,NA,0,0,16.987,"2e-04"
"2025","low_east",4,"open","C","BRTE",10,"low",0,0.0083,0.0126,4,5,9.87777777777778,3.1,19.2,NA,NA,NA,NA,NA,NA,NA,NA,NA,NA,NA,NA,NA,NA
"2025","low_east",4,"open","C","BRTE",8,"low",1,0.0083,0.0126,4,5,9.87777777777778,3.1,19.2,NA,NA,NA,104,3.5,149,NA,0.0038,11.8599,6e-04,0,0,24.262,"5e-04"
"2025","low_east",4,"open","R","BRTE",6,"low",0,0,0,0,0,9.87777777777778,3.1,19.2,NA,NA,NA,NA,NA,NA,NA,NA,NA,NA,NA,NA,NA,NA
"2025","low_east",4,"open","R","BRTE",4,"low",1,0,0,0,0,9.87777777777778,3.1,19.2,NA,NA,NA,104,3.1,161,NA,0.003,6.3865,1e-04,0,0,14.124,"5e-04"
"2025","low_east",4,"open","R","BRTE",5,"low",0,0,0,0,0,9.87777777777778,3.1,19.2,NA,NA,NA,NA,NA,NA,NA,NA,NA,NA,NA,NA,NA,NA
"2025","low_east",4,"open","R","BRTE",7,"low",0,0,0,0,0,9.87777777777778,3.1,19.2,NA,NA,NA,NA,NA,NA,NA,NA,NA,NA,NA,NA,NA,NA
"2025","low_east",4,"open","R","BRTE",8,"low",0,0,0,0,0,9.87777777777778,3.1,19.2,NA,NA,NA,NA,NA,NA,NA,NA,NA,NA,NA,NA,NA,NA
"2025","low_east",4,"open","R","BRTE",12,"low",0,0,0,0,0,9.87777777777778,3.1,19.2,NA,NA,NA,NA,NA,NA,NA,NA,NA,NA,NA,NA,NA,NA
"2025","low_east",4,"open","R","BRTE",1,"low",1,0,0,0,0,9.87777777777778,3.1,19.2,NA,NA,NA,104,3.8,NA,NA,0.0012,2.0549,0,0,0,16.444,"1e-04"
"2025","low_east",4,"open","R","BRTE",11,"low",0,0,0,0,0,9.87777777777778,3.1,19.2,NA,NA,NA,NA,NA,NA,NA,NA,NA,NA,NA,NA,NA,NA
"2025","low_east",4,"open","R","BRTE",2,"low",0,0,0,0,0,9.87777777777778,3.1,19.2,NA,NA,NA,NA,NA,NA,NA,NA,NA,NA,NA,NA,NA,NA
"2025","low_east",4,"open","R","BRTE",9,"low",0,0,0,0,0,9.87777777777778,3.1,19.2,NA,NA,NA,NA,NA,NA,NA,NA,NA,NA,NA,NA,NA,NA
"2025","low_east",4,"open","R","BRTE",10,"low",1,0,0,0,0,9.87777777777778,3.1,19.2,NA,NA,NA,104,0,NA,NA,NA,NA,NA,NA,NA,NA,NA
"2025","low_east",4,"open","R","BRTE",3,"low",0,0,0,0,0,9.87777777777778,3.1,19.2,NA,NA,NA,NA,NA,NA,NA,NA,NA,NA,NA,NA,NA,NA
"2025","low_east",4,"shrub","C","BRTE",6,"low",0,0.0048,0.0801,2,14,9.01111111111111,3.6,17.2,NA,NA,NA,NA,NA,NA,NA,NA,NA,NA,NA,NA,NA,NA
"2025","low_east",4,"shrub","C","BRTE",1,"low",0,0.0048,0.0801,2,14,9.01111111111111,3.6,17.2,NA,NA,NA,NA,NA,NA,NA,NA,NA,NA,NA,NA,NA,NA
"2025","low_east",4,"shrub","C","BRTE",5,"low",0,0.0048,0.0801,2,14,9.01111111111111,3.6,17.2,NA,NA,NA,NA,NA,NA,NA,NA,NA,NA,NA,NA,NA,NA
"2025","low_east",4,"shrub","C","BRTE",7,"low",1,0.0048,0.0801,2,14,9.01111111111111,3.6,17.2,NA,NA,NA,104,3,NA,NA,0.0019,NA,NA,0,0,32.301,"4e-04"
"2025","low_east",4,"shrub","C","BRTE",11,"low",1,0.0048,0.0801,2,14,9.01111111111111,3.6,17.2,NA,NA,NA,104,1.7,NA,NA,NA,NA,NA,NA,NA,NA,NA
"2025","low_east",4,"shrub","C","BRTE",8,"low",1,0.0048,0.0801,2,14,9.01111111111111,3.6,17.2,NA,NA,NA,104,3.1,NA,NA,NA,NA,NA,NA,NA,NA,NA
"2025","low_east",4,"shrub","C","BRTE",3,"low",0,0.0048,0.0801,2,14,9.01111111111111,3.6,17.2,NA,NA,NA,NA,NA,NA,NA,NA,NA,NA,NA,NA,NA,NA
"2025","low_east",4,"shrub","C","BRTE",9,"low",0,0.0048,0.0801,2,14,9.01111111111111,3.6,17.2,NA,NA,NA,NA,NA,NA,NA,NA,NA,NA,NA,NA,NA,NA
"2025","low_east",4,"shrub","C","BRTE",12,"low",1,0.0048,0.0801,2,14,9.01111111111111,3.6,17.2,NA,NA,NA,118,3.9,NA,NA,0.0038,3.4194,0,0,0,18.844,"4e-04"
"2025","low_east",4,"shrub","C","BRTE",10,"low",0,0.0048,0.0801,2,14,9.01111111111111,3.6,17.2,NA,NA,NA,NA,NA,NA,NA,NA,NA,NA,NA,NA,NA,NA
"2025","low_east",4,"shrub","C","BRTE",2,"low",0,0.0048,0.0801,2,14,9.01111111111111,3.6,17.2,NA,NA,NA,NA,NA,NA,NA,NA,NA,NA,NA,NA,NA,NA
"2025","low_east",4,"shrub","C","BRTE",4,"low",1,0.0048,0.0801,2,14,9.01111111111111,3.6,17.2,NA,NA,NA,104,1,NA,NA,NA,NA,NA,NA,NA,NA,NA
"2025","low_east",4,"shrub","R","BRTE",8,"low",0,0,0,0,0,9.01111111111111,3.6,17.2,NA,NA,NA,NA,NA,NA,NA,NA,NA,NA,NA,NA,NA,NA
"2025","low_east",4,"shrub","R","BRTE",9,"low",1,0,0,0,0,9.01111111111111,3.6,17.2,NA,NA,NA,104,0,NA,NA,NA,NA,NA,NA,NA,NA,NA
"2025","low_east",4,"shrub","R","BRTE",11,"low",0,0,0,0,0,9.01111111111111,3.6,17.2,NA,NA,NA,NA,NA,NA,NA,NA,NA,NA,NA,NA,NA,NA
"2025","low_east",4,"shrub","R","BRTE",4,"low",0,0,0,0,0,9.01111111111111,3.6,17.2,NA,NA,NA,NA,NA,NA,NA,NA,NA,NA,NA,NA,NA,NA
"2025","low_east",4,"shrub","R","BRTE",5,"low",0,0,0,0,0,9.01111111111111,3.6,17.2,NA,NA,NA,NA,NA,NA,NA,NA,NA,NA,NA,NA,NA,NA
"2025","low_east",4,"shrub","R","BRTE",6,"low",1,0,0,0,0,9.01111111111111,3.6,17.2,NA,NA,NA,104,4.9,149,NA,0.0036,1.6409,1e-04,0,0,17.098,"5e-04"
"2025","low_east",4,"shrub","R","BRTE",7,"low",1,0,0,0,0,9.01111111111111,3.6,17.2,NA,NA,NA,104,3.1,NA,NA,NA,NA,NA,NA,NA,NA,NA
"2025","low_east",4,"shrub","R","BRTE",10,"low",0,0,0,0,0,9.01111111111111,3.6,17.2,NA,NA,NA,NA,NA,NA,NA,NA,NA,NA,NA,NA,NA,NA
"2025","low_east",4,"shrub","R","BRTE",12,"low",1,0,0,0,0,9.01111111111111,3.6,17.2,NA,NA,NA,104,6.8,149,161,0.0072,1.5812,1e-04,0,0,14.476,"5e-04"
"2025","low_east",4,"shrub","R","BRTE",2,"low",0,0,0,0,0,9.01111111111111,3.6,17.2,NA,NA,NA,NA,NA,NA,NA,NA,NA,NA,NA,NA,NA,NA
"2025","low_east",4,"shrub","R","BRTE",3,"low",1,0,0,0,0,9.01111111111111,3.6,17.2,NA,NA,NA,104,3.9,NA,NA,0.0013,2.0557,0,0,0,19.347,"5e-04"
"2025","low_east",4,"shrub","R","BRTE",1,"low",0,0,0,0,0,9.01111111111111,3.6,17.2,NA,NA,NA,NA,NA,NA,NA,NA,NA,NA,NA,NA,NA,NA
"2025","low_gate",1,"open","C","BRTE",10,"low",0,0,0.0853,0,9,8.16666666666667,2.3,17.4,NA,NA,NA,NA,NA,NA,NA,NA,NA,NA,NA,NA,NA,NA
"2025","low_gate",1,"open","C","BRTE",9,"low",0,0,0.0853,0,9,8.16666666666667,2.3,17.4,NA,NA,NA,NA,NA,NA,NA,NA,NA,NA,NA,NA,NA,NA
"2025","low_gate",1,"open","C","BRTE",11,"low",0,0,0.0853,0,9,8.16666666666667,2.3,17.4,NA,NA,NA,NA,NA,NA,NA,NA,NA,NA,NA,NA,NA,NA
"2025","low_gate",1,"open","C","BRTE",6,"low",1,0,0.0853,0,9,8.16666666666667,2.3,17.4,NA,NA,NA,105,9.7,NA,NA,0.0252,11.9521,0.0026,0,0,87.065,"0.0019"
"2025","low_gate",1,"open","C","BRTE",5,"low",0,0,0.0853,0,9,8.16666666666667,2.3,17.4,NA,NA,NA,NA,NA,NA,NA,NA,NA,NA,NA,NA,NA,NA
"2025","low_gate",1,"open","C","BRTE",1,"low",1,0,0.0853,0,9,8.16666666666667,2.3,17.4,NA,NA,NA,105,0,NA,NA,NA,NA,NA,NA,NA,NA,NA
"2025","low_gate",1,"open","C","BRTE",12,"low",0,0,0.0853,0,9,8.16666666666667,2.3,17.4,NA,NA,NA,NA,NA,NA,NA,NA,NA,NA,NA,NA,NA,NA
"2025","low_gate",1,"open","C","BRTE",8,"low",1,0,0.0853,0,9,8.16666666666667,2.3,17.4,NA,NA,NA,105,5.3,NA,NA,0.0012,NA,NA,0,0,NA,NA
"2025","low_gate",1,"open","C","BRTE",2,"low",0,0,0.0853,0,9,8.16666666666667,2.3,17.4,NA,NA,NA,NA,NA,NA,NA,NA,NA,NA,NA,NA,NA,NA
"2025","low_gate",1,"open","C","BRTE",4,"low",0,0,0.0853,0,9,8.16666666666667,2.3,17.4,NA,NA,NA,NA,NA,NA,NA,NA,NA,NA,NA,NA,NA,NA
"2025","low_gate",1,"open","C","BRTE",3,"low",0,0,0.0853,0,9,8.16666666666667,2.3,17.4,NA,NA,NA,NA,NA,NA,NA,NA,NA,NA,NA,NA,NA,NA
"2025","low_gate",1,"open","C","BRTE",7,"low",0,0,0.0853,0,9,8.16666666666667,2.3,17.4,NA,NA,NA,NA,NA,NA,NA,NA,NA,NA,NA,NA,NA,NA
"2025","low_gate",1,"open","R","BRTE",6,"low",0,0,0,0,0,8.16666666666667,2.3,17.4,NA,NA,NA,NA,NA,NA,NA,NA,NA,NA,NA,NA,NA,NA
"2025","low_gate",1,"open","R","BRTE",10,"low",0,0,0,0,0,8.16666666666667,2.3,17.4,NA,NA,NA,NA,NA,NA,NA,NA,NA,NA,NA,NA,NA,NA
"2025","low_gate",1,"open","R","BRTE",11,"low",0,0,0,0,0,8.16666666666667,2.3,17.4,NA,NA,NA,NA,NA,NA,NA,NA,NA,NA,NA,NA,NA,NA
"2025","low_gate",1,"open","R","BRTE",2,"low",0,0,0,0,0,8.16666666666667,2.3,17.4,NA,NA,NA,NA,NA,NA,NA,NA,NA,NA,NA,NA,NA,NA
"2025","low_gate",1,"open","R","BRTE",3,"low",0,0,0,0,0,8.16666666666667,2.3,17.4,NA,NA,NA,NA,NA,NA,NA,NA,NA,NA,NA,NA,NA,NA
"2025","low_gate",1,"open","R","BRTE",4,"low",0,0,0,0,0,8.16666666666667,2.3,17.4,NA,NA,NA,NA,NA,NA,NA,NA,NA,NA,NA,NA,NA,NA
"2025","low_gate",1,"open","R","BRTE",5,"low",1,0,0,0,0,8.16666666666667,2.3,17.4,NA,NA,NA,105,1.1,NA,NA,NA,NA,NA,NA,NA,NA,NA
"2025","low_gate",1,"open","R","BRTE",8,"low",0,0,0,0,0,8.16666666666667,2.3,17.4,NA,NA,NA,NA,NA,NA,NA,NA,NA,NA,NA,NA,NA,NA
"2025","low_gate",1,"open","R","BRTE",9,"low",0,0,0,0,0,8.16666666666667,2.3,17.4,NA,NA,NA,NA,NA,NA,NA,NA,NA,NA,NA,NA,NA,NA
"2025","low_gate",1,"open","R","BRTE",12,"low",0,0,0,0,0,8.16666666666667,2.3,17.4,NA,NA,NA,NA,NA,NA,NA,NA,NA,NA,NA,NA,NA,NA
"2025","low_gate",1,"open","R","BRTE",7,"low",0,0,0,0,0,8.16666666666667,2.3,17.4,NA,NA,NA,NA,NA,NA,NA,NA,NA,NA,NA,NA,NA,NA
"2025","low_gate",1,"open","R","BRTE",1,"low",0,0,0,0,0,8.16666666666667,2.3,17.4,NA,NA,NA,NA,NA,NA,NA,NA,NA,NA,NA,NA,NA,NA
"2025","low_gate",1,"shrub","C","BRTE",6,"low",0,0.0067,0.0244,1,3,10.8444444444444,3.5,19,NA,NA,NA,NA,NA,NA,NA,NA,NA,NA,NA,NA,NA,NA
"2025","low_gate",1,"shrub","C","BRTE",4,"low",1,0.0067,0.0244,1,3,10.8444444444444,3.5,19,NA,NA,NA,105,0,NA,NA,NA,NA,NA,NA,NA,NA,NA
"2025","low_gate",1,"shrub","C","BRTE",3,"low",0,0.0067,0.0244,1,3,10.8444444444444,3.5,19,NA,NA,NA,NA,NA,NA,NA,NA,NA,NA,NA,NA,NA,NA
"2025","low_gate",1,"shrub","C","BRTE",5,"low",1,0.0067,0.0244,1,3,10.8444444444444,3.5,19,NA,NA,NA,105,7.6,NA,NA,0.0034,14.0538,8e-04,0,0,37.546,"0.0012"
"2025","low_gate",1,"shrub","C","BRTE",8,"low",0,0.0067,0.0244,1,3,10.8444444444444,3.5,19,NA,NA,NA,NA,NA,NA,NA,NA,NA,NA,NA,NA,NA,NA
"2025","low_gate",1,"shrub","C","BRTE",9,"low",0,0.0067,0.0244,1,3,10.8444444444444,3.5,19,NA,NA,NA,NA,NA,NA,NA,NA,NA,NA,NA,NA,NA,NA
"2025","low_gate",1,"shrub","C","BRTE",7,"low",0,0.0067,0.0244,1,3,10.8444444444444,3.5,19,NA,NA,NA,NA,NA,NA,NA,NA,NA,NA,NA,NA,NA,NA
"2025","low_gate",1,"shrub","C","BRTE",1,"low",1,0.0067,0.0244,1,3,10.8444444444444,3.5,19,NA,NA,NA,118,0,NA,NA,NA,NA,NA,NA,NA,NA,NA
"2025","low_gate",1,"shrub","C","BRTE",11,"low",0,0.0067,0.0244,1,3,10.8444444444444,3.5,19,NA,NA,NA,NA,NA,NA,NA,NA,NA,NA,NA,NA,NA,NA
"2025","low_gate",1,"shrub","C","BRTE",2,"low",1,0.0067,0.0244,1,3,10.8444444444444,3.5,19,NA,NA,NA,105,0,NA,NA,NA,NA,NA,NA,NA,NA,NA
"2025","low_gate",1,"shrub","C","BRTE",10,"low",0,0.0067,0.0244,1,3,10.8444444444444,3.5,19,NA,NA,NA,NA,NA,NA,NA,NA,NA,NA,NA,NA,NA,NA
"2025","low_gate",1,"shrub","C","BRTE",12,"low",0,0.0067,0.0244,1,3,10.8444444444444,3.5,19,NA,NA,NA,NA,NA,NA,NA,NA,NA,NA,NA,NA,NA,NA
"2025","low_gate",1,"shrub","R","BRTE",2,"low",0,0,0,0,0,10.8444444444444,3.5,19,NA,NA,NA,NA,NA,NA,NA,NA,NA,NA,NA,NA,NA,NA
"2025","low_gate",1,"shrub","R","BRTE",8,"low",0,0,0,0,0,10.8444444444444,3.5,19,NA,NA,NA,NA,NA,NA,NA,NA,NA,NA,NA,NA,NA,NA
"2025","low_gate",1,"shrub","R","BRTE",3,"low",0,0,0,0,0,10.8444444444444,3.5,19,NA,NA,NA,NA,NA,NA,NA,NA,NA,NA,NA,NA,NA,NA
"2025","low_gate",1,"shrub","R","BRTE",11,"low",0,0,0,0,0,10.8444444444444,3.5,19,NA,NA,NA,NA,NA,NA,NA,NA,NA,NA,NA,NA,NA,NA
"2025","low_gate",1,"shrub","R","BRTE",9,"low",0,0,0,0,0,10.8444444444444,3.5,19,NA,NA,NA,NA,NA,NA,NA,NA,NA,NA,NA,NA,NA,NA
"2025","low_gate",1,"shrub","R","BRTE",10,"low",0,0,0,0,0,10.8444444444444,3.5,19,NA,NA,NA,NA,NA,NA,NA,NA,NA,NA,NA,NA,NA,NA
"2025","low_gate",1,"shrub","R","BRTE",4,"low",0,0,0,0,0,10.8444444444444,3.5,19,NA,NA,NA,NA,NA,NA,NA,NA,NA,NA,NA,NA,NA,NA
"2025","low_gate",1,"shrub","R","BRTE",12,"low",0,0,0,0,0,10.8444444444444,3.5,19,NA,NA,NA,NA,NA,NA,NA,NA,NA,NA,NA,NA,NA,NA
"2025","low_gate",1,"shrub","R","BRTE",6,"low",0,0,0,0,0,10.8444444444444,3.5,19,NA,NA,NA,NA,NA,NA,NA,NA,NA,NA,NA,NA,NA,NA
"2025","low_gate",1,"shrub","R","BRTE",5,"low",1,0,0,0,0,10.8444444444444,3.5,19,NA,NA,NA,105,7.9,NA,NA,0.0087,19.6614,0.0013,0,0,40.467,"7e-04"
"2025","low_gate",1,"shrub","R","BRTE",1,"low",0,0,0,0,0,10.8444444444444,3.5,19,NA,NA,NA,NA,NA,NA,NA,NA,NA,NA,NA,NA,NA,NA
"2025","low_gate",1,"shrub","R","BRTE",7,"low",0,0,0,0,0,10.8444444444444,3.5,19,NA,NA,NA,NA,NA,NA,NA,NA,NA,NA,NA,NA,NA,NA
"2025","low_gate",2,"open","C","BRTE",12,"low",0,0,0.1242,0,5,8.07777777777778,1.5,17,NA,NA,NA,NA,NA,NA,NA,NA,NA,NA,NA,NA,NA,NA
"2025","low_gate",2,"open","C","BRTE",11,"low",0,0,0.1242,0,5,8.07777777777778,1.5,17,NA,NA,NA,NA,NA,NA,NA,NA,NA,NA,NA,NA,NA,NA
"2025","low_gate",2,"open","C","BRTE",10,"low",0,0,0.1242,0,5,8.07777777777778,1.5,17,NA,NA,NA,NA,NA,NA,NA,NA,NA,NA,NA,NA,NA,NA
"2025","low_gate",2,"open","C","BRTE",5,"low",0,0,0.1242,0,5,8.07777777777778,1.5,17,NA,NA,NA,NA,NA,NA,NA,NA,NA,NA,NA,NA,NA,NA
"2025","low_gate",2,"open","C","BRTE",3,"low",0,0,0.1242,0,5,8.07777777777778,1.5,17,NA,NA,NA,NA,NA,NA,NA,NA,NA,NA,NA,NA,NA,NA
"2025","low_gate",2,"open","C","BRTE",2,"low",1,0,0.1242,0,5,8.07777777777778,1.5,17,NA,NA,NA,105,7.1,148,NA,0.0252,8.4575,0.0012,0,0,68.265,"0.0031"
"2025","low_gate",2,"open","C","BRTE",1,"low",0,0,0.1242,0,5,8.07777777777778,1.5,17,NA,NA,NA,NA,NA,NA,NA,NA,NA,NA,NA,NA,NA,NA
"2025","low_gate",2,"open","C","BRTE",8,"low",0,0,0.1242,0,5,8.07777777777778,1.5,17,NA,NA,NA,NA,NA,NA,NA,NA,NA,NA,NA,NA,NA,NA
"2025","low_gate",2,"open","C","BRTE",4,"low",0,0,0.1242,0,5,8.07777777777778,1.5,17,NA,NA,NA,NA,NA,NA,NA,NA,NA,NA,NA,NA,NA,NA
"2025","low_gate",2,"open","C","BRTE",7,"low",0,0,0.1242,0,5,8.07777777777778,1.5,17,NA,NA,NA,NA,NA,NA,NA,NA,NA,NA,NA,NA,NA,NA
"2025","low_gate",2,"open","C","BRTE",9,"low",0,0,0.1242,0,5,8.07777777777778,1.5,17,NA,NA,NA,NA,NA,NA,NA,NA,NA,NA,NA,NA,NA,NA
"2025","low_gate",2,"open","C","BRTE",6,"low",1,0,0.1242,0,5,8.07777777777778,1.5,17,NA,NA,NA,105,3,NA,NA,NA,NA,NA,NA,NA,NA,NA
"2025","low_gate",2,"open","R","BRTE",12,"low",0,0,0,0,0,8.07777777777778,1.5,17,NA,NA,NA,NA,NA,NA,NA,NA,NA,NA,NA,NA,NA,NA
"2025","low_gate",2,"open","R","BRTE",1,"low",0,0,0,0,0,8.07777777777778,1.5,17,NA,NA,NA,NA,NA,NA,NA,NA,NA,NA,NA,NA,NA,NA
"2025","low_gate",2,"open","R","BRTE",5,"low",0,0,0,0,0,8.07777777777778,1.5,17,NA,NA,NA,NA,NA,NA,NA,NA,NA,NA,NA,NA,NA,NA
"2025","low_gate",2,"open","R","BRTE",2,"low",0,0,0,0,0,8.07777777777778,1.5,17,NA,NA,NA,NA,NA,NA,NA,NA,NA,NA,NA,NA,NA,NA
"2025","low_gate",2,"open","R","BRTE",10,"low",0,0,0,0,0,8.07777777777778,1.5,17,NA,NA,NA,NA,NA,NA,NA,NA,NA,NA,NA,NA,NA,NA
"2025","low_gate",2,"open","R","BRTE",11,"low",1,0,0,0,0,8.07777777777778,1.5,17,NA,NA,NA,118,6,NA,NA,0.0082,6.1611,7e-04,0,0,50.028,"0.0024"
"2025","low_gate",2,"open","R","BRTE",9,"low",0,0,0,0,0,8.07777777777778,1.5,17,NA,NA,NA,NA,NA,NA,NA,NA,NA,NA,NA,NA,NA,NA
"2025","low_gate",2,"open","R","BRTE",3,"low",0,0,0,0,0,8.07777777777778,1.5,17,NA,NA,NA,NA,NA,NA,NA,NA,NA,NA,NA,NA,NA,NA
"2025","low_gate",2,"open","R","BRTE",4,"low",0,0,0,0,0,8.07777777777778,1.5,17,NA,NA,NA,NA,NA,NA,NA,NA,NA,NA,NA,NA,NA,NA
"2025","low_gate",2,"open","R","BRTE",8,"low",0,0,0,0,0,8.07777777777778,1.5,17,NA,NA,NA,NA,NA,NA,NA,NA,NA,NA,NA,NA,NA,NA
"2025","low_gate",2,"open","R","BRTE",6,"low",0,0,0,0,0,8.07777777777778,1.5,17,NA,NA,NA,NA,NA,NA,NA,NA,NA,NA,NA,NA,NA,NA
"2025","low_gate",2,"open","R","BRTE",7,"low",0,0,0,0,0,8.07777777777778,1.5,17,NA,NA,NA,NA,NA,NA,NA,NA,NA,NA,NA,NA,NA,NA
"2025","low_gate",2,"shrub","C","BRTE",9,"low",0,0.0107,0.0312,1,3,9.24444444444445,2.9,18,NA,NA,NA,NA,NA,NA,NA,NA,NA,NA,NA,NA,NA,NA
"2025","low_gate",2,"shrub","C","BRTE",8,"low",0,0.0107,0.0312,1,3,9.24444444444445,2.9,18,NA,NA,NA,NA,NA,NA,NA,NA,NA,NA,NA,NA,NA,NA
"2025","low_gate",2,"shrub","C","BRTE",10,"low",1,0.0107,0.0312,1,3,9.24444444444445,2.9,18,NA,NA,NA,105,3,NA,NA,NA,NA,NA,NA,NA,NA,NA
"2025","low_gate",2,"shrub","C","BRTE",6,"low",0,0.0107,0.0312,1,3,9.24444444444445,2.9,18,NA,NA,NA,NA,NA,NA,NA,NA,NA,NA,NA,NA,NA,NA
"2025","low_gate",2,"shrub","C","BRTE",11,"low",0,0.0107,0.0312,1,3,9.24444444444445,2.9,18,NA,NA,NA,NA,NA,NA,NA,NA,NA,NA,NA,NA,NA,NA
"2025","low_gate",2,"shrub","C","BRTE",7,"low",1,0.0107,0.0312,1,3,9.24444444444445,2.9,18,NA,NA,NA,105,9.7,NA,NA,0.0026,6.0528,6e-04,0,0,12.491,"4e-04"
"2025","low_gate",2,"shrub","C","BRTE",1,"low",0,0.0107,0.0312,1,3,9.24444444444445,2.9,18,NA,NA,NA,NA,NA,NA,NA,NA,NA,NA,NA,NA,NA,NA
"2025","low_gate",2,"shrub","C","BRTE",2,"low",0,0.0107,0.0312,1,3,9.24444444444445,2.9,18,NA,NA,NA,NA,NA,NA,NA,NA,NA,NA,NA,NA,NA,NA
"2025","low_gate",2,"shrub","C","BRTE",4,"low",0,0.0107,0.0312,1,3,9.24444444444445,2.9,18,NA,NA,NA,NA,NA,NA,NA,NA,NA,NA,NA,NA,NA,NA
"2025","low_gate",2,"shrub","C","BRTE",5,"low",0,0.0107,0.0312,1,3,9.24444444444445,2.9,18,NA,NA,NA,NA,NA,NA,NA,NA,NA,NA,NA,NA,NA,NA
"2025","low_gate",2,"shrub","C","BRTE",12,"low",0,0.0107,0.0312,1,3,9.24444444444445,2.9,18,NA,NA,NA,NA,NA,NA,NA,NA,NA,NA,NA,NA,NA,NA
"2025","low_gate",2,"shrub","C","BRTE",3,"low",0,0.0107,0.0312,1,3,9.24444444444445,2.9,18,NA,NA,NA,NA,NA,NA,NA,NA,NA,NA,NA,NA,NA,NA
"2025","low_gate",2,"shrub","R","BRTE",11,"low",0,0,0,0,0,9.24444444444445,2.9,18,NA,NA,NA,NA,NA,NA,NA,NA,NA,NA,NA,NA,NA,NA
"2025","low_gate",2,"shrub","R","BRTE",10,"low",1,0,0,0,0,9.24444444444445,2.9,18,NA,NA,NA,118,3.4,NA,NA,NA,NA,NA,NA,NA,NA,NA
"2025","low_gate",2,"shrub","R","BRTE",12,"low",1,0,0,0,0,9.24444444444445,2.9,18,NA,NA,NA,118,1.1,NA,NA,NA,NA,NA,NA,NA,NA,NA
"2025","low_gate",2,"shrub","R","BRTE",9,"low",0,0,0,0,0,9.24444444444445,2.9,18,NA,NA,NA,NA,NA,NA,NA,NA,NA,NA,NA,NA,NA,NA
"2025","low_gate",2,"shrub","R","BRTE",8,"low",0,0,0,0,0,9.24444444444445,2.9,18,NA,NA,NA,NA,NA,NA,NA,NA,NA,NA,NA,NA,NA,NA
"2025","low_gate",2,"shrub","R","BRTE",4,"low",1,0,0,0,0,9.24444444444445,2.9,18,NA,NA,NA,105,7.9,NA,NA,0.0034,15.4726,9e-04,0,0,37.175,"8e-04"
"2025","low_gate",2,"shrub","R","BRTE",5,"low",0,0,0,0,0,9.24444444444445,2.9,18,NA,NA,NA,NA,NA,NA,NA,NA,NA,NA,NA,NA,NA,NA
"2025","low_gate",2,"shrub","R","BRTE",3,"low",0,0,0,0,0,9.24444444444445,2.9,18,NA,NA,NA,NA,NA,NA,NA,NA,NA,NA,NA,NA,NA,NA
"2025","low_gate",2,"shrub","R","BRTE",7,"low",0,0,0,0,0,9.24444444444445,2.9,18,NA,NA,NA,NA,NA,NA,NA,NA,NA,NA,NA,NA,NA,NA
"2025","low_gate",2,"shrub","R","BRTE",2,"low",1,0,0,0,0,9.24444444444445,2.9,18,NA,NA,NA,118,1.6,NA,NA,NA,NA,NA,NA,NA,NA,NA
"2025","low_gate",2,"shrub","R","BRTE",1,"low",1,0,0,0,0,9.24444444444445,2.9,18,NA,NA,NA,105,0,NA,NA,NA,NA,NA,NA,NA,NA,NA
"2025","low_gate",2,"shrub","R","BRTE",6,"low",0,0,0,0,0,9.24444444444445,2.9,18,NA,NA,NA,NA,NA,NA,NA,NA,NA,NA,NA,NA,NA,NA
"2025","low_gate",3,"open","C","BRTE",11,"low",1,0,0.1598,0,7,8.6,2.6,16.9,NA,NA,NA,132,3.6,NA,NA,NA,NA,NA,NA,NA,NA,NA
"2025","low_gate",3,"open","C","BRTE",1,"low",0,0,0.1598,0,7,8.6,2.6,16.9,NA,NA,NA,NA,NA,NA,NA,NA,NA,NA,NA,NA,NA,NA
"2025","low_gate",3,"open","C","BRTE",10,"low",0,0,0.1598,0,7,8.6,2.6,16.9,NA,NA,NA,NA,NA,NA,NA,NA,NA,NA,NA,NA,NA,NA
"2025","low_gate",3,"open","C","BRTE",4,"low",0,0,0.1598,0,7,8.6,2.6,16.9,NA,NA,NA,NA,NA,NA,NA,NA,NA,NA,NA,NA,NA,NA
"2025","low_gate",3,"open","C","BRTE",2,"low",0,0,0.1598,0,7,8.6,2.6,16.9,NA,NA,NA,NA,NA,NA,NA,NA,NA,NA,NA,NA,NA,NA
"2025","low_gate",3,"open","C","BRTE",9,"low",0,0,0.1598,0,7,8.6,2.6,16.9,NA,NA,NA,NA,NA,NA,NA,NA,NA,NA,NA,NA,NA,NA
"2025","low_gate",3,"open","C","BRTE",7,"low",0,0,0.1598,0,7,8.6,2.6,16.9,NA,NA,NA,NA,NA,NA,NA,NA,NA,NA,NA,NA,NA,NA
"2025","low_gate",3,"open","C","BRTE",3,"low",0,0,0.1598,0,7,8.6,2.6,16.9,NA,NA,NA,NA,NA,NA,NA,NA,NA,NA,NA,NA,NA,NA
"2025","low_gate",3,"open","C","BRTE",5,"low",0,0,0.1598,0,7,8.6,2.6,16.9,NA,NA,NA,NA,NA,NA,NA,NA,NA,NA,NA,NA,NA,NA
"2025","low_gate",3,"open","C","BRTE",12,"low",0,0,0.1598,0,7,8.6,2.6,16.9,NA,NA,NA,NA,NA,NA,NA,NA,NA,NA,NA,NA,NA,NA
"2025","low_gate",3,"open","C","BRTE",8,"low",0,0,0.1598,0,7,8.6,2.6,16.9,NA,NA,NA,NA,NA,NA,NA,NA,NA,NA,NA,NA,NA,NA
"2025","low_gate",3,"open","C","BRTE",6,"low",1,0,0.1598,0,7,8.6,2.6,16.9,NA,NA,NA,105,15.6,148,161,0.0202,6.1867,0.0017,0,0,94.032,"0.0038"
"2025","low_gate",3,"open","R","BRTE",3,"low",0,0,0,0,0,8.6,2.6,16.9,NA,NA,NA,NA,NA,NA,NA,NA,NA,NA,NA,NA,NA,NA
"2025","low_gate",3,"open","R","BRTE",4,"low",0,0,0,0,0,8.6,2.6,16.9,NA,NA,NA,NA,NA,NA,NA,NA,NA,NA,NA,NA,NA,NA
"2025","low_gate",3,"open","R","BRTE",5,"low",0,0,0,0,0,8.6,2.6,16.9,NA,NA,NA,NA,NA,NA,NA,NA,NA,NA,NA,NA,NA,NA
"2025","low_gate",3,"open","R","BRTE",7,"low",0,0,0,0,0,8.6,2.6,16.9,NA,NA,NA,NA,NA,NA,NA,NA,NA,NA,NA,NA,NA,NA
"2025","low_gate",3,"open","R","BRTE",10,"low",0,0,0,0,0,8.6,2.6,16.9,NA,NA,NA,NA,NA,NA,NA,NA,NA,NA,NA,NA,NA,NA
"2025","low_gate",3,"open","R","BRTE",11,"low",0,0,0,0,0,8.6,2.6,16.9,NA,NA,NA,NA,NA,NA,NA,NA,NA,NA,NA,NA,NA,NA
"2025","low_gate",3,"open","R","BRTE",6,"low",0,0,0,0,0,8.6,2.6,16.9,NA,NA,NA,NA,NA,NA,NA,NA,NA,NA,NA,NA,NA,NA
"2025","low_gate",3,"open","R","BRTE",8,"low",0,0,0,0,0,8.6,2.6,16.9,NA,NA,NA,NA,NA,NA,NA,NA,NA,NA,NA,NA,NA,NA
"2025","low_gate",3,"open","R","BRTE",9,"low",0,0,0,0,0,8.6,2.6,16.9,NA,NA,NA,NA,NA,NA,NA,NA,NA,NA,NA,NA,NA,NA
"2025","low_gate",3,"open","R","BRTE",12,"low",0,0,0,0,0,8.6,2.6,16.9,NA,NA,NA,NA,NA,NA,NA,NA,NA,NA,NA,NA,NA,NA
"2025","low_gate",3,"open","R","BRTE",1,"low",1,0,0,0,0,8.6,2.6,16.9,NA,NA,NA,139,9.9,NA,NA,0.0199,53.4772,0.0063,0,0,84.188,"0.0021"
"2025","low_gate",3,"open","R","BRTE",2,"low",1,0,0,0,0,8.6,2.6,16.9,NA,NA,NA,105,9.2,NA,NA,NA,NA,NA,NA,NA,NA,NA
"2025","low_gate",3,"shrub","C","BRTE",9,"low",0,0.0077,0.0484,5,5,9.32222222222222,3,17,NA,NA,NA,NA,NA,NA,NA,NA,NA,NA,NA,NA,NA,NA
"2025","low_gate",3,"shrub","C","BRTE",11,"low",0,0.0077,0.0484,5,5,9.32222222222222,3,17,NA,NA,NA,NA,NA,NA,NA,NA,NA,NA,NA,NA,NA,NA
"2025","low_gate",3,"shrub","C","BRTE",4,"low",0,0.0077,0.0484,5,5,9.32222222222222,3,17,NA,NA,NA,NA,NA,NA,NA,NA,NA,NA,NA,NA,NA,NA
"2025","low_gate",3,"shrub","C","BRTE",10,"low",1,0.0077,0.0484,5,5,9.32222222222222,3,17,NA,NA,NA,118,7.3,NA,NA,0.005,5.9716,4e-04,0,0,67.302,"0.0018"
"2025","low_gate",3,"shrub","C","BRTE",8,"low",0,0.0077,0.0484,5,5,9.32222222222222,3,17,NA,NA,NA,NA,NA,NA,NA,NA,NA,NA,NA,NA,NA,NA
"2025","low_gate",3,"shrub","C","BRTE",6,"low",0,0.0077,0.0484,5,5,9.32222222222222,3,17,NA,NA,NA,NA,NA,NA,NA,NA,NA,NA,NA,NA,NA,NA
"2025","low_gate",3,"shrub","C","BRTE",3,"low",0,0.0077,0.0484,5,5,9.32222222222222,3,17,NA,NA,NA,NA,NA,NA,NA,NA,NA,NA,NA,NA,NA,NA
"2025","low_gate",3,"shrub","C","BRTE",5,"low",0,0.0077,0.0484,5,5,9.32222222222222,3,17,NA,NA,NA,NA,NA,NA,NA,NA,NA,NA,NA,NA,NA,NA
"2025","low_gate",3,"shrub","C","BRTE",1,"low",0,0.0077,0.0484,5,5,9.32222222222222,3,17,NA,NA,NA,NA,NA,NA,NA,NA,NA,NA,NA,NA,NA,NA
"2025","low_gate",3,"shrub","C","BRTE",7,"low",0,0.0077,0.0484,5,5,9.32222222222222,3,17,NA,NA,NA,NA,NA,NA,NA,NA,NA,NA,NA,NA,NA,NA
"2025","low_gate",3,"shrub","C","BRTE",12,"low",0,0.0077,0.0484,5,5,9.32222222222222,3,17,NA,NA,NA,NA,NA,NA,NA,NA,NA,NA,NA,NA,NA,NA
"2025","low_gate",3,"shrub","C","BRTE",2,"low",0,0.0077,0.0484,5,5,9.32222222222222,3,17,NA,NA,NA,NA,NA,NA,NA,NA,NA,NA,NA,NA,NA,NA
"2025","low_gate",3,"shrub","R","BRTE",12,"low",0,0,0,0,0,9.32222222222222,3,17,NA,NA,NA,NA,NA,NA,NA,NA,NA,NA,NA,NA,NA,NA
"2025","low_gate",3,"shrub","R","BRTE",11,"low",1,0,0,0,0,9.32222222222222,3,17,NA,NA,NA,105,0,NA,NA,NA,NA,NA,NA,NA,NA,NA
"2025","low_gate",3,"shrub","R","BRTE",4,"low",0,0,0,0,0,9.32222222222222,3,17,NA,NA,NA,NA,NA,NA,NA,NA,NA,NA,NA,NA,NA,NA
"2025","low_gate",3,"shrub","R","BRTE",7,"low",0,0,0,0,0,9.32222222222222,3,17,NA,NA,NA,NA,NA,NA,NA,NA,NA,NA,NA,NA,NA,NA
"2025","low_gate",3,"shrub","R","BRTE",6,"low",0,0,0,0,0,9.32222222222222,3,17,NA,NA,NA,NA,NA,NA,NA,NA,NA,NA,NA,NA,NA,NA
"2025","low_gate",3,"shrub","R","BRTE",10,"low",0,0,0,0,0,9.32222222222222,3,17,NA,NA,NA,NA,NA,NA,NA,NA,NA,NA,NA,NA,NA,NA
"2025","low_gate",3,"shrub","R","BRTE",1,"low",0,0,0,0,0,9.32222222222222,3,17,NA,NA,NA,NA,NA,NA,NA,NA,NA,NA,NA,NA,NA,NA
"2025","low_gate",3,"shrub","R","BRTE",5,"low",0,0,0,0,0,9.32222222222222,3,17,NA,NA,NA,NA,NA,NA,NA,NA,NA,NA,NA,NA,NA,NA
"2025","low_gate",3,"shrub","R","BRTE",3,"low",0,0,0,0,0,9.32222222222222,3,17,NA,NA,NA,NA,NA,NA,NA,NA,NA,NA,NA,NA,NA,NA
"2025","low_gate",3,"shrub","R","BRTE",8,"low",0,0,0,0,0,9.32222222222222,3,17,NA,NA,NA,NA,NA,NA,NA,NA,NA,NA,NA,NA,NA,NA
"2025","low_gate",3,"shrub","R","BRTE",9,"low",0,0,0,0,0,9.32222222222222,3,17,NA,NA,NA,NA,NA,NA,NA,NA,NA,NA,NA,NA,NA,NA
"2025","low_gate",3,"shrub","R","BRTE",2,"low",0,0,0,0,0,9.32222222222222,3,17,NA,NA,NA,NA,NA,NA,NA,NA,NA,NA,NA,NA,NA,NA
"2025","low_gate",4,"open","C","BRTE",1,"low",0,0.0394,0.0897,2,4,7.56666666666667,1.7,17.2,NA,NA,NA,NA,NA,NA,NA,NA,NA,NA,NA,NA,NA,NA
"2025","low_gate",4,"open","C","BRTE",2,"low",0,0.0394,0.0897,2,4,7.56666666666667,1.7,17.2,NA,NA,NA,NA,NA,NA,NA,NA,NA,NA,NA,NA,NA,NA
"2025","low_gate",4,"open","C","BRTE",3,"low",0,0.0394,0.0897,2,4,7.56666666666667,1.7,17.2,NA,NA,NA,NA,NA,NA,NA,NA,NA,NA,NA,NA,NA,NA
"2025","low_gate",4,"open","C","BRTE",6,"low",0,0.0394,0.0897,2,4,7.56666666666667,1.7,17.2,NA,NA,NA,NA,NA,NA,NA,NA,NA,NA,NA,NA,NA,NA
"2025","low_gate",4,"open","C","BRTE",11,"low",0,0.0394,0.0897,2,4,7.56666666666667,1.7,17.2,NA,NA,NA,NA,NA,NA,NA,NA,NA,NA,NA,NA,NA,NA
"2025","low_gate",4,"open","C","BRTE",5,"low",0,0.0394,0.0897,2,4,7.56666666666667,1.7,17.2,NA,NA,NA,NA,NA,NA,NA,NA,NA,NA,NA,NA,NA,NA
"2025","low_gate",4,"open","C","BRTE",12,"low",0,0.0394,0.0897,2,4,7.56666666666667,1.7,17.2,NA,NA,NA,NA,NA,NA,NA,NA,NA,NA,NA,NA,NA,NA
"2025","low_gate",4,"open","C","BRTE",10,"low",0,0.0394,0.0897,2,4,7.56666666666667,1.7,17.2,NA,NA,NA,NA,NA,NA,NA,NA,NA,NA,NA,NA,NA,NA
"2025","low_gate",4,"open","C","BRTE",4,"low",0,0.0394,0.0897,2,4,7.56666666666667,1.7,17.2,NA,NA,NA,NA,NA,NA,NA,NA,NA,NA,NA,NA,NA,NA
"2025","low_gate",4,"open","C","BRTE",9,"low",0,0.0394,0.0897,2,4,7.56666666666667,1.7,17.2,NA,NA,NA,NA,NA,NA,NA,NA,NA,NA,NA,NA,NA,NA
"2025","low_gate",4,"open","C","BRTE",7,"low",0,0.0394,0.0897,2,4,7.56666666666667,1.7,17.2,NA,NA,NA,NA,NA,NA,NA,NA,NA,NA,NA,NA,NA,NA
"2025","low_gate",4,"open","C","BRTE",8,"low",0,0.0394,0.0897,2,4,7.56666666666667,1.7,17.2,NA,NA,NA,NA,NA,NA,NA,NA,NA,NA,NA,NA,NA,NA
"2025","low_gate",4,"open","R","BRTE",5,"low",0,0,0,0,0,7.56666666666667,1.7,17.2,NA,NA,NA,NA,NA,NA,NA,NA,NA,NA,NA,NA,NA,NA
"2025","low_gate",4,"open","R","BRTE",3,"low",0,0,0,0,0,7.56666666666667,1.7,17.2,NA,NA,NA,NA,NA,NA,NA,NA,NA,NA,NA,NA,NA,NA
"2025","low_gate",4,"open","R","BRTE",7,"low",0,0,0,0,0,7.56666666666667,1.7,17.2,NA,NA,NA,NA,NA,NA,NA,NA,NA,NA,NA,NA,NA,NA
"2025","low_gate",4,"open","R","BRTE",4,"low",0,0,0,0,0,7.56666666666667,1.7,17.2,NA,NA,NA,NA,NA,NA,NA,NA,NA,NA,NA,NA,NA,NA
"2025","low_gate",4,"open","R","BRTE",6,"low",0,0,0,0,0,7.56666666666667,1.7,17.2,NA,NA,NA,NA,NA,NA,NA,NA,NA,NA,NA,NA,NA,NA
"2025","low_gate",4,"open","R","BRTE",8,"low",0,0,0,0,0,7.56666666666667,1.7,17.2,NA,NA,NA,NA,NA,NA,NA,NA,NA,NA,NA,NA,NA,NA
"2025","low_gate",4,"open","R","BRTE",2,"low",0,0,0,0,0,7.56666666666667,1.7,17.2,NA,NA,NA,NA,NA,NA,NA,NA,NA,NA,NA,NA,NA,NA
"2025","low_gate",4,"open","R","BRTE",10,"low",0,0,0,0,0,7.56666666666667,1.7,17.2,NA,NA,NA,NA,NA,NA,NA,NA,NA,NA,NA,NA,NA,NA
"2025","low_gate",4,"open","R","BRTE",9,"low",0,0,0,0,0,7.56666666666667,1.7,17.2,NA,NA,NA,NA,NA,NA,NA,NA,NA,NA,NA,NA,NA,NA
"2025","low_gate",4,"open","R","BRTE",12,"low",1,0,0,0,0,7.56666666666667,1.7,17.2,NA,NA,NA,105,3.5,NA,NA,NA,NA,NA,NA,NA,NA,NA
"2025","low_gate",4,"open","R","BRTE",11,"low",0,0,0,0,0,7.56666666666667,1.7,17.2,NA,NA,NA,NA,NA,NA,NA,NA,NA,NA,NA,NA,NA,NA
"2025","low_gate",4,"open","R","BRTE",1,"low",0,0,0,0,0,7.56666666666667,1.7,17.2,NA,NA,NA,NA,NA,NA,NA,NA,NA,NA,NA,NA,NA,NA
"2025","low_gate",4,"shrub","C","BRTE",7,"low",1,0.0196,0.0495,9,4,9.04444444444444,4,17.1,NA,NA,NA,105,15.2,148,167,0.0302,21.9196,0.0046,2,0.0011,86.797,"0.0029"
"2025","low_gate",4,"shrub","C","BRTE",4,"low",0,0.0196,0.0495,9,4,9.04444444444444,4,17.1,NA,NA,NA,NA,NA,NA,NA,NA,NA,NA,NA,NA,NA,NA
"2025","low_gate",4,"shrub","C","BRTE",1,"low",0,0.0196,0.0495,9,4,9.04444444444444,4,17.1,NA,NA,NA,NA,NA,NA,NA,NA,NA,NA,NA,NA,NA,NA
"2025","low_gate",4,"shrub","C","BRTE",5,"low",0,0.0196,0.0495,9,4,9.04444444444444,4,17.1,NA,NA,NA,NA,NA,NA,NA,NA,NA,NA,NA,NA,NA,NA
"2025","low_gate",4,"shrub","C","BRTE",10,"low",0,0.0196,0.0495,9,4,9.04444444444444,4,17.1,NA,NA,NA,NA,NA,NA,NA,NA,NA,NA,NA,NA,NA,NA
"2025","low_gate",4,"shrub","C","BRTE",11,"low",0,0.0196,0.0495,9,4,9.04444444444444,4,17.1,NA,NA,NA,NA,NA,NA,NA,NA,NA,NA,NA,NA,NA,NA
"2025","low_gate",4,"shrub","C","BRTE",3,"low",1,0.0196,0.0495,9,4,9.04444444444444,4,17.1,NA,NA,NA,105,3.3,NA,NA,NA,NA,NA,NA,NA,NA,NA
"2025","low_gate",4,"shrub","C","BRTE",6,"low",0,0.0196,0.0495,9,4,9.04444444444444,4,17.1,NA,NA,NA,NA,NA,NA,NA,NA,NA,NA,NA,NA,NA,NA
"2025","low_gate",4,"shrub","C","BRTE",8,"low",0,0.0196,0.0495,9,4,9.04444444444444,4,17.1,NA,NA,NA,NA,NA,NA,NA,NA,NA,NA,NA,NA,NA,NA
"2025","low_gate",4,"shrub","C","BRTE",12,"low",0,0.0196,0.0495,9,4,9.04444444444444,4,17.1,NA,NA,NA,NA,NA,NA,NA,NA,NA,NA,NA,NA,NA,NA
"2025","low_gate",4,"shrub","C","BRTE",2,"low",0,0.0196,0.0495,9,4,9.04444444444444,4,17.1,NA,NA,NA,NA,NA,NA,NA,NA,NA,NA,NA,NA,NA,NA
"2025","low_gate",4,"shrub","C","BRTE",9,"low",0,0.0196,0.0495,9,4,9.04444444444444,4,17.1,NA,NA,NA,NA,NA,NA,NA,NA,NA,NA,NA,NA,NA,NA
"2025","low_gate",4,"shrub","R","BRTE",7,"low",1,0,0,0,0,9.04444444444444,4,17.1,NA,NA,NA,105,3,NA,NA,NA,NA,NA,NA,NA,NA,NA
"2025","low_gate",4,"shrub","R","BRTE",2,"low",1,0,0,0,0,9.04444444444444,4,17.1,NA,NA,NA,105,0,NA,NA,NA,NA,NA,NA,NA,NA,NA
"2025","low_gate",4,"shrub","R","BRTE",5,"low",0,0,0,0,0,9.04444444444444,4,17.1,NA,NA,NA,NA,NA,NA,NA,NA,NA,NA,NA,NA,NA,NA
"2025","low_gate",4,"shrub","R","BRTE",8,"low",1,0,0,0,0,9.04444444444444,4,17.1,NA,NA,NA,105,3.5,NA,NA,0.0025,4.5365,1e-04,0,0,21.991,"6e-04"
"2025","low_gate",4,"shrub","R","BRTE",9,"low",0,0,0,0,0,9.04444444444444,4,17.1,NA,NA,NA,NA,NA,NA,NA,NA,NA,NA,NA,NA,NA,NA
"2025","low_gate",4,"shrub","R","BRTE",6,"low",0,0,0,0,0,9.04444444444444,4,17.1,NA,NA,NA,NA,NA,NA,NA,NA,NA,NA,NA,NA,NA,NA
"2025","low_gate",4,"shrub","R","BRTE",4,"low",0,0,0,0,0,9.04444444444444,4,17.1,NA,NA,NA,NA,NA,NA,NA,NA,NA,NA,NA,NA,NA,NA
"2025","low_gate",4,"shrub","R","BRTE",10,"low",0,0,0,0,0,9.04444444444444,4,17.1,NA,NA,NA,NA,NA,NA,NA,NA,NA,NA,NA,NA,NA,NA
"2025","low_gate",4,"shrub","R","BRTE",1,"low",0,0,0,0,0,9.04444444444444,4,17.1,NA,NA,NA,NA,NA,NA,NA,NA,NA,NA,NA,NA,NA,NA
"2025","low_gate",4,"shrub","R","BRTE",3,"low",0,0,0,0,0,9.04444444444444,4,17.1,NA,NA,NA,NA,NA,NA,NA,NA,NA,NA,NA,NA,NA,NA
"2025","low_gate",4,"shrub","R","BRTE",12,"low",1,0,0,0,0,9.04444444444444,4,17.1,NA,NA,NA,105,21.1,148,167,0.0747,11.3507,0.0012,18,0.0312,75.769,"0.0024"
"2025","low_gate",4,"shrub","R","BRTE",11,"low",0,0,0,0,0,9.04444444444444,4,17.1,NA,NA,NA,NA,NA,NA,NA,NA,NA,NA,NA,NA,NA,NA
"2025","low_north",1,"open","C","BRTE",9,"low",0,0.0026,0.0328,1,7,8.9,3.4,17.1,63.7277772727273,41.625,100.083,NA,NA,NA,NA,NA,NA,NA,NA,NA,NA,NA
"2025","low_north",1,"open","C","BRTE",10,"low",0,0.0026,0.0328,1,7,8.9,3.4,17.1,63.7277772727273,41.625,100.083,NA,NA,NA,NA,NA,NA,NA,NA,NA,NA,NA
"2025","low_north",1,"open","C","BRTE",5,"low",0,0.0026,0.0328,1,7,8.9,3.4,17.1,63.7277772727273,41.625,100.083,NA,NA,NA,NA,NA,NA,NA,NA,NA,NA,NA
"2025","low_north",1,"open","C","BRTE",6,"low",0,0.0026,0.0328,1,7,8.9,3.4,17.1,63.7277772727273,41.625,100.083,NA,NA,NA,NA,NA,NA,NA,NA,NA,NA,NA
"2025","low_north",1,"open","C","BRTE",2,"low",0,0.0026,0.0328,1,7,8.9,3.4,17.1,63.7277772727273,41.625,100.083,NA,NA,NA,NA,NA,NA,NA,NA,NA,NA,NA
"2025","low_north",1,"open","C","BRTE",3,"low",1,0.0026,0.0328,1,7,8.9,3.4,17.1,63.7277772727273,41.625,100.083,104,2.1,NA,NA,0.0036,1.8634,1e-04,0,0,18.591,"3e-04"
"2025","low_north",1,"open","C","BRTE",11,"low",0,0.0026,0.0328,1,7,8.9,3.4,17.1,63.7277772727273,41.625,100.083,NA,NA,NA,NA,NA,NA,NA,NA,NA,NA,NA
"2025","low_north",1,"open","C","BRTE",12,"low",1,0.0026,0.0328,1,7,8.9,3.4,17.1,63.7277772727273,41.625,100.083,104,3.4,NA,NA,NA,NA,NA,NA,NA,NA,NA
"2025","low_north",1,"open","C","BRTE",1,"low",1,0.0026,0.0328,1,7,8.9,3.4,17.1,63.7277772727273,41.625,100.083,104,2,NA,NA,NA,NA,NA,NA,NA,NA,NA
"2025","low_north",1,"open","C","BRTE",7,"low",0,0.0026,0.0328,1,7,8.9,3.4,17.1,63.7277772727273,41.625,100.083,NA,NA,NA,NA,NA,NA,NA,NA,NA,NA,NA
"2025","low_north",1,"open","C","BRTE",4,"low",1,0.0026,0.0328,1,7,8.9,3.4,17.1,63.7277772727273,41.625,100.083,104,4,NA,NA,0.0038,2.4858,2e-04,0,0,35.165,"9e-04"
"2025","low_north",1,"open","C","BRTE",8,"low",0,0.0026,0.0328,1,7,8.9,3.4,17.1,63.7277772727273,41.625,100.083,NA,NA,NA,NA,NA,NA,NA,NA,NA,NA,NA
"2025","low_north",1,"open","R","BRTE",10,"low",0,0,0,0,0,8.9,3.4,17.1,63.7277772727273,41.625,100.083,NA,NA,NA,NA,NA,NA,NA,NA,NA,NA,NA
"2025","low_north",1,"open","R","BRTE",8,"low",0,0,0,0,0,8.9,3.4,17.1,63.7277772727273,41.625,100.083,NA,NA,NA,NA,NA,NA,NA,NA,NA,NA,NA
"2025","low_north",1,"open","R","BRTE",11,"low",0,0,0,0,0,8.9,3.4,17.1,63.7277772727273,41.625,100.083,NA,NA,NA,NA,NA,NA,NA,NA,NA,NA,NA
"2025","low_north",1,"open","R","BRTE",5,"low",1,0,0,0,0,8.9,3.4,17.1,63.7277772727273,41.625,100.083,104,3.2,NA,NA,NA,NA,NA,NA,NA,NA,NA
"2025","low_north",1,"open","R","BRTE",6,"low",1,0,0,0,0,8.9,3.4,17.1,63.7277772727273,41.625,100.083,104,1.4,NA,NA,NA,NA,NA,NA,NA,NA,NA
"2025","low_north",1,"open","R","BRTE",1,"low",0,0,0,0,0,8.9,3.4,17.1,63.7277772727273,41.625,100.083,NA,NA,NA,NA,NA,NA,NA,NA,NA,NA,NA
"2025","low_north",1,"open","R","BRTE",7,"low",0,0,0,0,0,8.9,3.4,17.1,63.7277772727273,41.625,100.083,NA,NA,NA,NA,NA,NA,NA,NA,NA,NA,NA
"2025","low_north",1,"open","R","BRTE",12,"low",1,0,0,0,0,8.9,3.4,17.1,63.7277772727273,41.625,100.083,104,0,NA,NA,NA,NA,NA,NA,NA,NA,NA
"2025","low_north",1,"open","R","BRTE",9,"low",0,0,0,0,0,8.9,3.4,17.1,63.7277772727273,41.625,100.083,NA,NA,NA,NA,NA,NA,NA,NA,NA,NA,NA
"2025","low_north",1,"open","R","BRTE",3,"low",1,0,0,0,0,8.9,3.4,17.1,63.7277772727273,41.625,100.083,133,2.4,NA,NA,NA,NA,NA,NA,NA,NA,NA
"2025","low_north",1,"open","R","BRTE",4,"low",0,0,0,0,0,8.9,3.4,17.1,63.7277772727273,41.625,100.083,NA,NA,NA,NA,NA,NA,NA,NA,NA,NA,NA
"2025","low_north",1,"open","R","BRTE",2,"low",0,0,0,0,0,8.9,3.4,17.1,63.7277772727273,41.625,100.083,NA,NA,NA,NA,NA,NA,NA,NA,NA,NA,NA
"2025","low_north",1,"shrub","C","BRTE",8,"low",1,8e-04,0.1051,2,15,10.1333333333333,5.5,17.1,58.197880733945,42.179,82.686,104,11.6,148,NA,0.0074,10.4206,1e-04,0,0,38.941,"6e-04"
"2025","low_north",1,"shrub","C","BRTE",11,"low",1,8e-04,0.1051,2,15,10.1333333333333,5.5,17.1,58.197880733945,42.179,82.686,104,8.2,161,NA,0.0041,10.4821,4e-04,0,0,18.777,"1e-04"
"2025","low_north",1,"shrub","C","BRTE",12,"low",0,8e-04,0.1051,2,15,10.1333333333333,5.5,17.1,58.197880733945,42.179,82.686,NA,NA,NA,NA,NA,NA,NA,NA,NA,NA,NA
"2025","low_north",1,"shrub","C","BRTE",9,"low",1,8e-04,0.1051,2,15,10.1333333333333,5.5,17.1,58.197880733945,42.179,82.686,104,6.4,161,NA,0.0044,8.8242,3e-04,0,0,25.105,"6e-04"
"2025","low_north",1,"shrub","C","BRTE",1,"low",0,8e-04,0.1051,2,15,10.1333333333333,5.5,17.1,58.197880733945,42.179,82.686,NA,NA,NA,NA,NA,NA,NA,NA,NA,NA,NA
"2025","low_north",1,"shrub","C","BRTE",2,"low",1,8e-04,0.1051,2,15,10.1333333333333,5.5,17.1,58.197880733945,42.179,82.686,104,5.8,NA,NA,0.0028,7.5263,3e-04,0,0,42.352,"8e-04"
"2025","low_north",1,"shrub","C","BRTE",3,"low",1,8e-04,0.1051,2,15,10.1333333333333,5.5,17.1,58.197880733945,42.179,82.686,133,3.8,NA,NA,0.0027,11.1392,3e-04,0,0,21.34,"4e-04"
"2025","low_north",1,"shrub","C","BRTE",4,"low",0,8e-04,0.1051,2,15,10.1333333333333,5.5,17.1,58.197880733945,42.179,82.686,NA,NA,NA,NA,NA,NA,NA,NA,NA,NA,NA
"2025","low_north",1,"shrub","C","BRTE",5,"low",0,8e-04,0.1051,2,15,10.1333333333333,5.5,17.1,58.197880733945,42.179,82.686,NA,NA,NA,NA,NA,NA,NA,NA,NA,NA,NA
"2025","low_north",1,"shrub","C","BRTE",6,"low",1,8e-04,0.1051,2,15,10.1333333333333,5.5,17.1,58.197880733945,42.179,82.686,104,3.4,NA,NA,0.0015,1.9691,1e-04,0,0,9.369,"3e-04"
"2025","low_north",1,"shrub","C","BRTE",7,"low",0,8e-04,0.1051,2,15,10.1333333333333,5.5,17.1,58.197880733945,42.179,82.686,NA,NA,NA,NA,NA,NA,NA,NA,NA,NA,NA
"2025","low_north",1,"shrub","C","BRTE",10,"low",0,8e-04,0.1051,2,15,10.1333333333333,5.5,17.1,58.197880733945,42.179,82.686,NA,NA,NA,NA,NA,NA,NA,NA,NA,NA,NA
"2025","low_north",1,"shrub","R","BRTE",11,"low",1,0,0,0,0,10.1333333333333,5.5,17.1,58.197880733945,42.179,82.686,133,2.1,NA,NA,NA,NA,NA,NA,NA,NA,NA
"2025","low_north",1,"shrub","R","BRTE",12,"low",0,0,0,0,0,10.1333333333333,5.5,17.1,58.197880733945,42.179,82.686,NA,NA,NA,NA,NA,NA,NA,NA,NA,NA,NA
"2025","low_north",1,"shrub","R","BRTE",4,"low",0,0,0,0,0,10.1333333333333,5.5,17.1,58.197880733945,42.179,82.686,NA,NA,NA,NA,NA,NA,NA,NA,NA,NA,NA
"2025","low_north",1,"shrub","R","BRTE",10,"low",1,0,0,0,0,10.1333333333333,5.5,17.1,58.197880733945,42.179,82.686,104,5.1,NA,NA,0.0024,3.9559,3e-04,0,0,41.833,"8e-04"
"2025","low_north",1,"shrub","R","BRTE",9,"low",0,0,0,0,0,10.1333333333333,5.5,17.1,58.197880733945,42.179,82.686,NA,NA,NA,NA,NA,NA,NA,NA,NA,NA,NA
"2025","low_north",1,"shrub","R","BRTE",8,"low",1,0,0,0,0,10.1333333333333,5.5,17.1,58.197880733945,42.179,82.686,104,3.6,NA,NA,NA,NA,NA,NA,NA,NA,NA
"2025","low_north",1,"shrub","R","BRTE",7,"low",1,0,0,0,0,10.1333333333333,5.5,17.1,58.197880733945,42.179,82.686,104,0.8,NA,NA,NA,NA,NA,NA,NA,NA,NA
"2025","low_north",1,"shrub","R","BRTE",6,"low",0,0,0,0,0,10.1333333333333,5.5,17.1,58.197880733945,42.179,82.686,NA,NA,NA,NA,NA,NA,NA,NA,NA,NA,NA
"2025","low_north",1,"shrub","R","BRTE",5,"low",1,0,0,0,0,10.1333333333333,5.5,17.1,58.197880733945,42.179,82.686,118,3.5,NA,NA,NA,NA,NA,NA,NA,NA,NA
"2025","low_north",1,"shrub","R","BRTE",3,"low",1,0,0,0,0,10.1333333333333,5.5,17.1,58.197880733945,42.179,82.686,104,2.6,NA,NA,0.0035,11.7985,6e-04,0,0,23.283,"5e-04"
"2025","low_north",1,"shrub","R","BRTE",1,"low",0,0,0,0,0,10.1333333333333,5.5,17.1,58.197880733945,42.179,82.686,NA,NA,NA,NA,NA,NA,NA,NA,NA,NA,NA
"2025","low_north",1,"shrub","R","BRTE",2,"low",0,0,0,0,0,10.1333333333333,5.5,17.1,58.197880733945,42.179,82.686,NA,NA,NA,NA,NA,NA,NA,NA,NA,NA,NA
"2025","low_north",2,"open","C","BRTE",2,"low",0,0.1323,0.3627,13,15,7.97777777777778,2.8,17,63.7277772727273,41.625,100.083,NA,NA,NA,NA,NA,NA,NA,NA,NA,NA,NA
"2025","low_north",2,"open","C","BRTE",10,"low",0,0.1323,0.3627,13,15,7.97777777777778,2.8,17,63.7277772727273,41.625,100.083,NA,NA,NA,NA,NA,NA,NA,NA,NA,NA,NA
"2025","low_north",2,"open","C","BRTE",3,"low",0,0.1323,0.3627,13,15,7.97777777777778,2.8,17,63.7277772727273,41.625,100.083,NA,NA,NA,NA,NA,NA,NA,NA,NA,NA,NA
"2025","low_north",2,"open","C","BRTE",1,"low",0,0.1323,0.3627,13,15,7.97777777777778,2.8,17,63.7277772727273,41.625,100.083,NA,NA,NA,NA,NA,NA,NA,NA,NA,NA,NA
"2025","low_north",2,"open","C","BRTE",12,"low",0,0.1323,0.3627,13,15,7.97777777777778,2.8,17,63.7277772727273,41.625,100.083,NA,NA,NA,NA,NA,NA,NA,NA,NA,NA,NA
"2025","low_north",2,"open","C","BRTE",11,"low",0,0.1323,0.3627,13,15,7.97777777777778,2.8,17,63.7277772727273,41.625,100.083,NA,NA,NA,NA,NA,NA,NA,NA,NA,NA,NA
"2025","low_north",2,"open","C","BRTE",6,"low",1,0.1323,0.3627,13,15,7.97777777777778,2.8,17,63.7277772727273,41.625,100.083,133,7.4,139,NA,NA,NA,NA,NA,NA,NA,NA
"2025","low_north",2,"open","C","BRTE",4,"low",1,0.1323,0.3627,13,15,7.97777777777778,2.8,17,63.7277772727273,41.625,100.083,118,1.6,NA,NA,NA,NA,NA,NA,NA,NA,NA
"2025","low_north",2,"open","C","BRTE",9,"low",0,0.1323,0.3627,13,15,7.97777777777778,2.8,17,63.7277772727273,41.625,100.083,NA,NA,NA,NA,NA,NA,NA,NA,NA,NA,NA
"2025","low_north",2,"open","C","BRTE",5,"low",0,0.1323,0.3627,13,15,7.97777777777778,2.8,17,63.7277772727273,41.625,100.083,NA,NA,NA,NA,NA,NA,NA,NA,NA,NA,NA
"2025","low_north",2,"open","C","BRTE",7,"low",0,0.1323,0.3627,13,15,7.97777777777778,2.8,17,63.7277772727273,41.625,100.083,NA,NA,NA,NA,NA,NA,NA,NA,NA,NA,NA
"2025","low_north",2,"open","C","BRTE",8,"low",0,0.1323,0.3627,13,15,7.97777777777778,2.8,17,63.7277772727273,41.625,100.083,NA,NA,NA,NA,NA,NA,NA,NA,NA,NA,NA
"2025","low_north",2,"open","R","BRTE",11,"low",0,0,0,0,0,7.97777777777778,2.8,17,63.7277772727273,41.625,100.083,NA,NA,NA,NA,NA,NA,NA,NA,NA,NA,NA
"2025","low_north",2,"open","R","BRTE",2,"low",0,0,0,0,0,7.97777777777778,2.8,17,63.7277772727273,41.625,100.083,NA,NA,NA,NA,NA,NA,NA,NA,NA,NA,NA
"2025","low_north",2,"open","R","BRTE",3,"low",0,0,0,0,0,7.97777777777778,2.8,17,63.7277772727273,41.625,100.083,NA,NA,NA,NA,NA,NA,NA,NA,NA,NA,NA
"2025","low_north",2,"open","R","BRTE",6,"low",0,0,0,0,0,7.97777777777778,2.8,17,63.7277772727273,41.625,100.083,NA,NA,NA,NA,NA,NA,NA,NA,NA,NA,NA
"2025","low_north",2,"open","R","BRTE",10,"low",0,0,0,0,0,7.97777777777778,2.8,17,63.7277772727273,41.625,100.083,NA,NA,NA,NA,NA,NA,NA,NA,NA,NA,NA
"2025","low_north",2,"open","R","BRTE",9,"low",0,0,0,0,0,7.97777777777778,2.8,17,63.7277772727273,41.625,100.083,NA,NA,NA,NA,NA,NA,NA,NA,NA,NA,NA
"2025","low_north",2,"open","R","BRTE",12,"low",0,0,0,0,0,7.97777777777778,2.8,17,63.7277772727273,41.625,100.083,NA,NA,NA,NA,NA,NA,NA,NA,NA,NA,NA
"2025","low_north",2,"open","R","BRTE",4,"low",0,0,0,0,0,7.97777777777778,2.8,17,63.7277772727273,41.625,100.083,NA,NA,NA,NA,NA,NA,NA,NA,NA,NA,NA
"2025","low_north",2,"open","R","BRTE",8,"low",0,0,0,0,0,7.97777777777778,2.8,17,63.7277772727273,41.625,100.083,NA,NA,NA,NA,NA,NA,NA,NA,NA,NA,NA
"2025","low_north",2,"open","R","BRTE",1,"low",0,0,0,0,0,7.97777777777778,2.8,17,63.7277772727273,41.625,100.083,NA,NA,NA,NA,NA,NA,NA,NA,NA,NA,NA
"2025","low_north",2,"open","R","BRTE",7,"low",0,0,0,0,0,7.97777777777778,2.8,17,63.7277772727273,41.625,100.083,NA,NA,NA,NA,NA,NA,NA,NA,NA,NA,NA
"2025","low_north",2,"open","R","BRTE",5,"low",0,0,0,0,0,7.97777777777778,2.8,17,63.7277772727273,41.625,100.083,NA,NA,NA,NA,NA,NA,NA,NA,NA,NA,NA
"2025","low_north",2,"shrub","C","BRTE",5,"low",0,0.0031,0.0403,2,10,9.06666666666667,4,17.2,58.197880733945,42.179,82.686,NA,NA,NA,NA,NA,NA,NA,NA,NA,NA,NA
"2025","low_north",2,"shrub","C","BRTE",4,"low",0,0.0031,0.0403,2,10,9.06666666666667,4,17.2,58.197880733945,42.179,82.686,NA,NA,NA,NA,NA,NA,NA,NA,NA,NA,NA
"2025","low_north",2,"shrub","C","BRTE",1,"low",1,0.0031,0.0403,2,10,9.06666666666667,4,17.2,58.197880733945,42.179,82.686,118,6.6,NA,NA,0.0044,9.3802,3e-04,0,0,33,"4e-04"
"2025","low_north",2,"shrub","C","BRTE",2,"low",1,0.0031,0.0403,2,10,9.06666666666667,4,17.2,58.197880733945,42.179,82.686,104,5.7,NA,NA,0.0016,4.7274,1e-04,0,0,24.094,"3e-04"
"2025","low_north",2,"shrub","C","BRTE",3,"low",1,0.0031,0.0403,2,10,9.06666666666667,4,17.2,58.197880733945,42.179,82.686,118,5,NA,NA,0.0019,6.255,5e-04,0,0,15.441,"3e-04"
"2025","low_north",2,"shrub","C","BRTE",12,"low",0,0.0031,0.0403,2,10,9.06666666666667,4,17.2,58.197880733945,42.179,82.686,NA,NA,NA,NA,NA,NA,NA,NA,NA,NA,NA
"2025","low_north",2,"shrub","C","BRTE",9,"low",0,0.0031,0.0403,2,10,9.06666666666667,4,17.2,58.197880733945,42.179,82.686,NA,NA,NA,NA,NA,NA,NA,NA,NA,NA,NA
"2025","low_north",2,"shrub","C","BRTE",10,"low",1,0.0031,0.0403,2,10,9.06666666666667,4,17.2,58.197880733945,42.179,82.686,104,6.7,161,NA,0.0047,7.7179,1e-04,0,0,30.977,"5e-04"
"2025","low_north",2,"shrub","C","BRTE",7,"low",1,0.0031,0.0403,2,10,9.06666666666667,4,17.2,58.197880733945,42.179,82.686,104,4.1,NA,NA,0.002,1.031,NA,0,0,31.981,"8e-04"
"2025","low_north",2,"shrub","C","BRTE",11,"low",1,0.0031,0.0403,2,10,9.06666666666667,4,17.2,58.197880733945,42.179,82.686,104,4.1,NA,NA,0.0012,1.5598,0,0,0,9.584,"1e-04"
"2025","low_north",2,"shrub","C","BRTE",8,"low",0,0.0031,0.0403,2,10,9.06666666666667,4,17.2,58.197880733945,42.179,82.686,NA,NA,NA,NA,NA,NA,NA,NA,NA,NA,NA
"2025","low_north",2,"shrub","C","BRTE",6,"low",0,0.0031,0.0403,2,10,9.06666666666667,4,17.2,58.197880733945,42.179,82.686,NA,NA,NA,NA,NA,NA,NA,NA,NA,NA,NA
"2025","low_north",2,"shrub","R","BRTE",3,"low",1,0,0,0,0,9.06666666666667,4,17.2,58.197880733945,42.179,82.686,104,2.5,NA,NA,NA,NA,NA,NA,NA,NA,NA
"2025","low_north",2,"shrub","R","BRTE",1,"low",0,0,0,0,0,9.06666666666667,4,17.2,58.197880733945,42.179,82.686,NA,NA,NA,NA,NA,NA,NA,NA,NA,NA,NA
"2025","low_north",2,"shrub","R","BRTE",2,"low",1,0,0,0,0,9.06666666666667,4,17.2,58.197880733945,42.179,82.686,104,6.1,NA,NA,0.0034,21.4645,9e-04,0,0,29.404,"6e-04"
"2025","low_north",2,"shrub","R","BRTE",9,"low",1,0,0,0,0,9.06666666666667,4,17.2,58.197880733945,42.179,82.686,104,1.3,NA,NA,NA,NA,NA,NA,NA,NA,NA
"2025","low_north",2,"shrub","R","BRTE",4,"low",0,0,0,0,0,9.06666666666667,4,17.2,58.197880733945,42.179,82.686,NA,NA,NA,NA,NA,NA,NA,NA,NA,NA,NA
"2025","low_north",2,"shrub","R","BRTE",10,"low",0,0,0,0,0,9.06666666666667,4,17.2,58.197880733945,42.179,82.686,NA,NA,NA,NA,NA,NA,NA,NA,NA,NA,NA
"2025","low_north",2,"shrub","R","BRTE",12,"low",0,0,0,0,0,9.06666666666667,4,17.2,58.197880733945,42.179,82.686,NA,NA,NA,NA,NA,NA,NA,NA,NA,NA,NA
"2025","low_north",2,"shrub","R","BRTE",11,"low",1,0,0,0,0,9.06666666666667,4,17.2,58.197880733945,42.179,82.686,104,5,NA,NA,0.0025,2.9208,1e-04,0,0,18.742,"2e-04"
"2025","low_north",2,"shrub","R","BRTE",5,"low",0,0,0,0,0,9.06666666666667,4,17.2,58.197880733945,42.179,82.686,NA,NA,NA,NA,NA,NA,NA,NA,NA,NA,NA
"2025","low_north",2,"shrub","R","BRTE",6,"low",0,0,0,0,0,9.06666666666667,4,17.2,58.197880733945,42.179,82.686,NA,NA,NA,NA,NA,NA,NA,NA,NA,NA,NA
"2025","low_north",2,"shrub","R","BRTE",8,"low",0,0,0,0,0,9.06666666666667,4,17.2,58.197880733945,42.179,82.686,NA,NA,NA,NA,NA,NA,NA,NA,NA,NA,NA
"2025","low_north",2,"shrub","R","BRTE",7,"low",0,0,0,0,0,9.06666666666667,4,17.2,58.197880733945,42.179,82.686,NA,NA,NA,NA,NA,NA,NA,NA,NA,NA,NA
"2025","low_north",3,"open","C","BRTE",4,"low",1,0,0,0,0,8.67777777777778,2.8,17.1,63.7277772727273,41.625,100.083,104,3.1,NA,NA,NA,NA,NA,NA,NA,NA,NA
"2025","low_north",3,"open","C","BRTE",8,"low",0,0,0,0,0,8.67777777777778,2.8,17.1,63.7277772727273,41.625,100.083,NA,NA,NA,NA,NA,NA,NA,NA,NA,NA,NA
"2025","low_north",3,"open","C","BRTE",5,"low",1,0,0,0,0,8.67777777777778,2.8,17.1,63.7277772727273,41.625,100.083,104,15,NA,NA,NA,NA,NA,NA,NA,NA,NA
"2025","low_north",3,"open","C","BRTE",9,"low",1,0,0,0,0,8.67777777777778,2.8,17.1,63.7277772727273,41.625,100.083,104,1.2,NA,NA,NA,NA,NA,NA,NA,NA,NA
"2025","low_north",3,"open","C","BRTE",10,"low",0,0,0,0,0,8.67777777777778,2.8,17.1,63.7277772727273,41.625,100.083,NA,NA,NA,NA,NA,NA,NA,NA,NA,NA,NA
"2025","low_north",3,"open","C","BRTE",12,"low",1,0,0,0,0,8.67777777777778,2.8,17.1,63.7277772727273,41.625,100.083,118,2.8,NA,NA,0.0018,12.7933,6e-04,0,0,17.489,"5e-04"
"2025","low_north",3,"open","C","BRTE",1,"low",0,0,0,0,0,8.67777777777778,2.8,17.1,63.7277772727273,41.625,100.083,NA,NA,NA,NA,NA,NA,NA,NA,NA,NA,NA
"2025","low_north",3,"open","C","BRTE",3,"low",0,0,0,0,0,8.67777777777778,2.8,17.1,63.7277772727273,41.625,100.083,NA,NA,NA,NA,NA,NA,NA,NA,NA,NA,NA
"2025","low_north",3,"open","C","BRTE",2,"low",0,0,0,0,0,8.67777777777778,2.8,17.1,63.7277772727273,41.625,100.083,NA,NA,NA,NA,NA,NA,NA,NA,NA,NA,NA
"2025","low_north",3,"open","C","BRTE",6,"low",1,0,0,0,0,8.67777777777778,2.8,17.1,63.7277772727273,41.625,100.083,104,2.9,NA,NA,NA,NA,NA,NA,NA,NA,NA
"2025","low_north",3,"open","C","BRTE",11,"low",0,0,0,0,0,8.67777777777778,2.8,17.1,63.7277772727273,41.625,100.083,NA,NA,NA,NA,NA,NA,NA,NA,NA,NA,NA
"2025","low_north",3,"open","C","BRTE",7,"low",0,0,0,0,0,8.67777777777778,2.8,17.1,63.7277772727273,41.625,100.083,NA,NA,NA,NA,NA,NA,NA,NA,NA,NA,NA
"2025","low_north",3,"open","R","BRTE",10,"low",0,0,0,0,0,8.67777777777778,2.8,17.1,63.7277772727273,41.625,100.083,NA,NA,NA,NA,NA,NA,NA,NA,NA,NA,NA
"2025","low_north",3,"open","R","BRTE",1,"low",0,0,0,0,0,8.67777777777778,2.8,17.1,63.7277772727273,41.625,100.083,NA,NA,NA,NA,NA,NA,NA,NA,NA,NA,NA
"2025","low_north",3,"open","R","BRTE",4,"low",0,0,0,0,0,8.67777777777778,2.8,17.1,63.7277772727273,41.625,100.083,NA,NA,NA,NA,NA,NA,NA,NA,NA,NA,NA
"2025","low_north",3,"open","R","BRTE",2,"low",0,0,0,0,0,8.67777777777778,2.8,17.1,63.7277772727273,41.625,100.083,NA,NA,NA,NA,NA,NA,NA,NA,NA,NA,NA
"2025","low_north",3,"open","R","BRTE",5,"low",0,0,0,0,0,8.67777777777778,2.8,17.1,63.7277772727273,41.625,100.083,NA,NA,NA,NA,NA,NA,NA,NA,NA,NA,NA
"2025","low_north",3,"open","R","BRTE",3,"low",0,0,0,0,0,8.67777777777778,2.8,17.1,63.7277772727273,41.625,100.083,NA,NA,NA,NA,NA,NA,NA,NA,NA,NA,NA
"2025","low_north",3,"open","R","BRTE",6,"low",0,0,0,0,0,8.67777777777778,2.8,17.1,63.7277772727273,41.625,100.083,NA,NA,NA,NA,NA,NA,NA,NA,NA,NA,NA
"2025","low_north",3,"open","R","BRTE",12,"low",1,0,0,0,0,8.67777777777778,2.8,17.1,63.7277772727273,41.625,100.083,118,1.6,NA,NA,NA,NA,NA,NA,NA,NA,NA
"2025","low_north",3,"open","R","BRTE",9,"low",0,0,0,0,0,8.67777777777778,2.8,17.1,63.7277772727273,41.625,100.083,NA,NA,NA,NA,NA,NA,NA,NA,NA,NA,NA
"2025","low_north",3,"open","R","BRTE",8,"low",0,0,0,0,0,8.67777777777778,2.8,17.1,63.7277772727273,41.625,100.083,NA,NA,NA,NA,NA,NA,NA,NA,NA,NA,NA
"2025","low_north",3,"open","R","BRTE",11,"low",1,0,0,0,0,8.67777777777778,2.8,17.1,63.7277772727273,41.625,100.083,104,3.5,NA,NA,0.0011,1.9056,1e-04,0,0,9.622,"4e-04"
"2025","low_north",3,"open","R","BRTE",7,"low",1,0,0,0,0,8.67777777777778,2.8,17.1,63.7277772727273,41.625,100.083,104,0,NA,NA,NA,NA,NA,NA,NA,NA,NA
"2025","low_north",3,"shrub","C","BRTE",6,"low",0,0.0043,0.025,3,4,8.42222222222222,3.5,16.9,58.197880733945,42.179,82.686,NA,NA,NA,NA,NA,NA,NA,NA,NA,NA,NA
"2025","low_north",3,"shrub","C","BRTE",11,"low",1,0.0043,0.025,3,4,8.42222222222222,3.5,16.9,58.197880733945,42.179,82.686,118,6.9,NA,NA,NA,NA,NA,NA,NA,NA,NA
"2025","low_north",3,"shrub","C","BRTE",7,"low",1,0.0043,0.025,3,4,8.42222222222222,3.5,16.9,58.197880733945,42.179,82.686,104,4.5,NA,NA,0.0012,7.1851,3e-04,0,0,14.64,"5e-04"
"2025","low_north",3,"shrub","C","BRTE",10,"low",0,0.0043,0.025,3,4,8.42222222222222,3.5,16.9,58.197880733945,42.179,82.686,NA,NA,NA,NA,NA,NA,NA,NA,NA,NA,NA
"2025","low_north",3,"shrub","C","BRTE",1,"low",1,0.0043,0.025,3,4,8.42222222222222,3.5,16.9,58.197880733945,42.179,82.686,104,0,NA,NA,NA,NA,NA,NA,NA,NA,NA
"2025","low_north",3,"shrub","C","BRTE",2,"low",0,0.0043,0.025,3,4,8.42222222222222,3.5,16.9,58.197880733945,42.179,82.686,NA,NA,NA,NA,NA,NA,NA,NA,NA,NA,NA
"2025","low_north",3,"shrub","C","BRTE",9,"low",0,0.0043,0.025,3,4,8.42222222222222,3.5,16.9,58.197880733945,42.179,82.686,NA,NA,NA,NA,NA,NA,NA,NA,NA,NA,NA
"2025","low_north",3,"shrub","C","BRTE",4,"low",0,0.0043,0.025,3,4,8.42222222222222,3.5,16.9,58.197880733945,42.179,82.686,NA,NA,NA,NA,NA,NA,NA,NA,NA,NA,NA
"2025","low_north",3,"shrub","C","BRTE",5,"low",0,0.0043,0.025,3,4,8.42222222222222,3.5,16.9,58.197880733945,42.179,82.686,NA,NA,NA,NA,NA,NA,NA,NA,NA,NA,NA
"2025","low_north",3,"shrub","C","BRTE",3,"low",0,0.0043,0.025,3,4,8.42222222222222,3.5,16.9,58.197880733945,42.179,82.686,NA,NA,NA,NA,NA,NA,NA,NA,NA,NA,NA
"2025","low_north",3,"shrub","C","BRTE",8,"low",1,0.0043,0.025,3,4,8.42222222222222,3.5,16.9,58.197880733945,42.179,82.686,104,6.4,148,NA,0.0075,9.3074,0.001,0,0,43.264,"0.001"
"2025","low_north",3,"shrub","C","BRTE",12,"low",0,0.0043,0.025,3,4,8.42222222222222,3.5,16.9,58.197880733945,42.179,82.686,NA,NA,NA,NA,NA,NA,NA,NA,NA,NA,NA
"2025","low_north",3,"shrub","R","BRTE",3,"low",0,0,0,0,0,8.42222222222222,3.5,16.9,58.197880733945,42.179,82.686,NA,NA,NA,NA,NA,NA,NA,NA,NA,NA,NA
"2025","low_north",3,"shrub","R","BRTE",12,"low",0,0,0,0,0,8.42222222222222,3.5,16.9,58.197880733945,42.179,82.686,NA,NA,NA,NA,NA,NA,NA,NA,NA,NA,NA
"2025","low_north",3,"shrub","R","BRTE",1,"low",0,0,0,0,0,8.42222222222222,3.5,16.9,58.197880733945,42.179,82.686,NA,NA,NA,NA,NA,NA,NA,NA,NA,NA,NA
"2025","low_north",3,"shrub","R","BRTE",5,"low",0,0,0,0,0,8.42222222222222,3.5,16.9,58.197880733945,42.179,82.686,NA,NA,NA,NA,NA,NA,NA,NA,NA,NA,NA
"2025","low_north",3,"shrub","R","BRTE",9,"low",1,0,0,0,0,8.42222222222222,3.5,16.9,58.197880733945,42.179,82.686,118,1.5,NA,NA,NA,NA,NA,NA,NA,NA,NA
"2025","low_north",3,"shrub","R","BRTE",11,"low",0,0,0,0,0,8.42222222222222,3.5,16.9,58.197880733945,42.179,82.686,NA,NA,NA,NA,NA,NA,NA,NA,NA,NA,NA
"2025","low_north",3,"shrub","R","BRTE",7,"low",0,0,0,0,0,8.42222222222222,3.5,16.9,58.197880733945,42.179,82.686,NA,NA,NA,NA,NA,NA,NA,NA,NA,NA,NA
"2025","low_north",3,"shrub","R","BRTE",6,"low",0,0,0,0,0,8.42222222222222,3.5,16.9,58.197880733945,42.179,82.686,NA,NA,NA,NA,NA,NA,NA,NA,NA,NA,NA
"2025","low_north",3,"shrub","R","BRTE",10,"low",0,0,0,0,0,8.42222222222222,3.5,16.9,58.197880733945,42.179,82.686,NA,NA,NA,NA,NA,NA,NA,NA,NA,NA,NA
"2025","low_north",3,"shrub","R","BRTE",2,"low",0,0,0,0,0,8.42222222222222,3.5,16.9,58.197880733945,42.179,82.686,NA,NA,NA,NA,NA,NA,NA,NA,NA,NA,NA
"2025","low_north",3,"shrub","R","BRTE",8,"low",0,0,0,0,0,8.42222222222222,3.5,16.9,58.197880733945,42.179,82.686,NA,NA,NA,NA,NA,NA,NA,NA,NA,NA,NA
"2025","low_north",3,"shrub","R","BRTE",4,"low",1,0,0,0,0,8.42222222222222,3.5,16.9,58.197880733945,42.179,82.686,104,2.4,NA,NA,4e-04,NA,NA,0,0,25.034,"5e-04"
"2025","low_north",4,"open","C","BRTE",10,"low",0,0.0024,0.0025,2,1,8.44444444444444,3.4,16.9,63.7277772727273,41.625,100.083,NA,NA,NA,NA,NA,NA,NA,NA,NA,NA,NA
"2025","low_north",4,"open","C","BRTE",11,"low",0,0.0024,0.0025,2,1,8.44444444444444,3.4,16.9,63.7277772727273,41.625,100.083,NA,NA,NA,NA,NA,NA,NA,NA,NA,NA,NA
"2025","low_north",4,"open","C","BRTE",1,"low",0,0.0024,0.0025,2,1,8.44444444444444,3.4,16.9,63.7277772727273,41.625,100.083,NA,NA,NA,NA,NA,NA,NA,NA,NA,NA,NA
"2025","low_north",4,"open","C","BRTE",6,"low",0,0.0024,0.0025,2,1,8.44444444444444,3.4,16.9,63.7277772727273,41.625,100.083,NA,NA,NA,NA,NA,NA,NA,NA,NA,NA,NA
"2025","low_north",4,"open","C","BRTE",8,"low",0,0.0024,0.0025,2,1,8.44444444444444,3.4,16.9,63.7277772727273,41.625,100.083,NA,NA,NA,NA,NA,NA,NA,NA,NA,NA,NA
"2025","low_north",4,"open","C","BRTE",9,"low",1,0.0024,0.0025,2,1,8.44444444444444,3.4,16.9,63.7277772727273,41.625,100.083,104,0,NA,NA,NA,NA,NA,NA,NA,NA,NA
"2025","low_north",4,"open","C","BRTE",7,"low",0,0.0024,0.0025,2,1,8.44444444444444,3.4,16.9,63.7277772727273,41.625,100.083,NA,NA,NA,NA,NA,NA,NA,NA,NA,NA,NA
"2025","low_north",4,"open","C","BRTE",2,"low",0,0.0024,0.0025,2,1,8.44444444444444,3.4,16.9,63.7277772727273,41.625,100.083,NA,NA,NA,NA,NA,NA,NA,NA,NA,NA,NA
"2025","low_north",4,"open","C","BRTE",4,"low",0,0.0024,0.0025,2,1,8.44444444444444,3.4,16.9,63.7277772727273,41.625,100.083,NA,NA,NA,NA,NA,NA,NA,NA,NA,NA,NA
"2025","low_north",4,"open","C","BRTE",12,"low",0,0.0024,0.0025,2,1,8.44444444444444,3.4,16.9,63.7277772727273,41.625,100.083,NA,NA,NA,NA,NA,NA,NA,NA,NA,NA,NA
"2025","low_north",4,"open","C","BRTE",3,"low",0,0.0024,0.0025,2,1,8.44444444444444,3.4,16.9,63.7277772727273,41.625,100.083,NA,NA,NA,NA,NA,NA,NA,NA,NA,NA,NA
"2025","low_north",4,"open","C","BRTE",5,"low",0,0.0024,0.0025,2,1,8.44444444444444,3.4,16.9,63.7277772727273,41.625,100.083,NA,NA,NA,NA,NA,NA,NA,NA,NA,NA,NA
"2025","low_north",4,"open","R","BRTE",12,"low",1,0,0,0,0,8.44444444444444,3.4,16.9,63.7277772727273,41.625,100.083,104,2.2,NA,NA,NA,NA,NA,NA,NA,NA,NA
"2025","low_north",4,"open","R","BRTE",7,"low",0,0,0,0,0,8.44444444444444,3.4,16.9,63.7277772727273,41.625,100.083,NA,NA,NA,NA,NA,NA,NA,NA,NA,NA,NA
"2025","low_north",4,"open","R","BRTE",10,"low",0,0,0,0,0,8.44444444444444,3.4,16.9,63.7277772727273,41.625,100.083,NA,NA,NA,NA,NA,NA,NA,NA,NA,NA,NA
"2025","low_north",4,"open","R","BRTE",11,"low",0,0,0,0,0,8.44444444444444,3.4,16.9,63.7277772727273,41.625,100.083,NA,NA,NA,NA,NA,NA,NA,NA,NA,NA,NA
"2025","low_north",4,"open","R","BRTE",4,"low",0,0,0,0,0,8.44444444444444,3.4,16.9,63.7277772727273,41.625,100.083,NA,NA,NA,NA,NA,NA,NA,NA,NA,NA,NA
"2025","low_north",4,"open","R","BRTE",8,"low",0,0,0,0,0,8.44444444444444,3.4,16.9,63.7277772727273,41.625,100.083,NA,NA,NA,NA,NA,NA,NA,NA,NA,NA,NA
"2025","low_north",4,"open","R","BRTE",9,"low",0,0,0,0,0,8.44444444444444,3.4,16.9,63.7277772727273,41.625,100.083,NA,NA,NA,NA,NA,NA,NA,NA,NA,NA,NA
"2025","low_north",4,"open","R","BRTE",2,"low",0,0,0,0,0,8.44444444444444,3.4,16.9,63.7277772727273,41.625,100.083,NA,NA,NA,NA,NA,NA,NA,NA,NA,NA,NA
"2025","low_north",4,"open","R","BRTE",5,"low",0,0,0,0,0,8.44444444444444,3.4,16.9,63.7277772727273,41.625,100.083,NA,NA,NA,NA,NA,NA,NA,NA,NA,NA,NA
"2025","low_north",4,"open","R","BRTE",6,"low",0,0,0,0,0,8.44444444444444,3.4,16.9,63.7277772727273,41.625,100.083,NA,NA,NA,NA,NA,NA,NA,NA,NA,NA,NA
"2025","low_north",4,"open","R","BRTE",3,"low",0,0,0,0,0,8.44444444444444,3.4,16.9,63.7277772727273,41.625,100.083,NA,NA,NA,NA,NA,NA,NA,NA,NA,NA,NA
"2025","low_north",4,"open","R","BRTE",1,"low",0,0,0,0,0,8.44444444444444,3.4,16.9,63.7277772727273,41.625,100.083,NA,NA,NA,NA,NA,NA,NA,NA,NA,NA,NA
"2025","low_north",4,"shrub","C","BRTE",12,"low",1,0.0018,0.0397,1,8,9.54444444444444,6.4,17.6,58.197880733945,42.179,82.686,133,2.6,NA,NA,NA,NA,NA,NA,NA,NA,NA
"2025","low_north",4,"shrub","C","BRTE",1,"low",1,0.0018,0.0397,1,8,9.54444444444444,6.4,17.6,58.197880733945,42.179,82.686,104,4.4,NA,NA,0.0019,0.7685,0,0,0,9.32,"4e-04"
"2025","low_north",4,"shrub","C","BRTE",2,"low",0,0.0018,0.0397,1,8,9.54444444444444,6.4,17.6,58.197880733945,42.179,82.686,NA,NA,NA,NA,NA,NA,NA,NA,NA,NA,NA
"2025","low_north",4,"shrub","C","BRTE",3,"low",0,0.0018,0.0397,1,8,9.54444444444444,6.4,17.6,58.197880733945,42.179,82.686,NA,NA,NA,NA,NA,NA,NA,NA,NA,NA,NA
"2025","low_north",4,"shrub","C","BRTE",4,"low",0,0.0018,0.0397,1,8,9.54444444444444,6.4,17.6,58.197880733945,42.179,82.686,NA,NA,NA,NA,NA,NA,NA,NA,NA,NA,NA
"2025","low_north",4,"shrub","C","BRTE",5,"low",0,0.0018,0.0397,1,8,9.54444444444444,6.4,17.6,58.197880733945,42.179,82.686,NA,NA,NA,NA,NA,NA,NA,NA,NA,NA,NA
"2025","low_north",4,"shrub","C","BRTE",6,"low",0,0.0018,0.0397,1,8,9.54444444444444,6.4,17.6,58.197880733945,42.179,82.686,NA,NA,NA,NA,NA,NA,NA,NA,NA,NA,NA
"2025","low_north",4,"shrub","C","BRTE",7,"low",0,0.0018,0.0397,1,8,9.54444444444444,6.4,17.6,58.197880733945,42.179,82.686,NA,NA,NA,NA,NA,NA,NA,NA,NA,NA,NA
"2025","low_north",4,"shrub","C","BRTE",8,"low",0,0.0018,0.0397,1,8,9.54444444444444,6.4,17.6,58.197880733945,42.179,82.686,NA,NA,NA,NA,NA,NA,NA,NA,NA,NA,NA
"2025","low_north",4,"shrub","C","BRTE",9,"low",0,0.0018,0.0397,1,8,9.54444444444444,6.4,17.6,58.197880733945,42.179,82.686,NA,NA,NA,NA,NA,NA,NA,NA,NA,NA,NA
"2025","low_north",4,"shrub","C","BRTE",10,"low",1,0.0018,0.0397,1,8,9.54444444444444,6.4,17.6,58.197880733945,42.179,82.686,104,3.5,161,NA,0.0028,10.9308,5e-04,0,0,20.816,"3e-04"
"2025","low_north",4,"shrub","C","BRTE",11,"low",0,0.0018,0.0397,1,8,9.54444444444444,6.4,17.6,58.197880733945,42.179,82.686,NA,NA,NA,NA,NA,NA,NA,NA,NA,NA,NA
"2025","low_north",4,"shrub","R","BRTE",11,"low",0,0,0,0,0,9.54444444444444,6.4,17.6,58.197880733945,42.179,82.686,NA,NA,NA,NA,NA,NA,NA,NA,NA,NA,NA
"2025","low_north",4,"shrub","R","BRTE",1,"low",0,0,0,0,0,9.54444444444444,6.4,17.6,58.197880733945,42.179,82.686,NA,NA,NA,NA,NA,NA,NA,NA,NA,NA,NA
"2025","low_north",4,"shrub","R","BRTE",2,"low",0,0,0,0,0,9.54444444444444,6.4,17.6,58.197880733945,42.179,82.686,NA,NA,NA,NA,NA,NA,NA,NA,NA,NA,NA
"2025","low_north",4,"shrub","R","BRTE",3,"low",0,0,0,0,0,9.54444444444444,6.4,17.6,58.197880733945,42.179,82.686,NA,NA,NA,NA,NA,NA,NA,NA,NA,NA,NA
"2025","low_north",4,"shrub","R","BRTE",4,"low",0,0,0,0,0,9.54444444444444,6.4,17.6,58.197880733945,42.179,82.686,NA,NA,NA,NA,NA,NA,NA,NA,NA,NA,NA
"2025","low_north",4,"shrub","R","BRTE",6,"low",0,0,0,0,0,9.54444444444444,6.4,17.6,58.197880733945,42.179,82.686,NA,NA,NA,NA,NA,NA,NA,NA,NA,NA,NA
"2025","low_north",4,"shrub","R","BRTE",9,"low",1,0,0,0,0,9.54444444444444,6.4,17.6,58.197880733945,42.179,82.686,104,0,NA,NA,NA,NA,NA,NA,NA,NA,NA
"2025","low_north",4,"shrub","R","BRTE",10,"low",0,0,0,0,0,9.54444444444444,6.4,17.6,58.197880733945,42.179,82.686,NA,NA,NA,NA,NA,NA,NA,NA,NA,NA,NA
"2025","low_north",4,"shrub","R","BRTE",12,"low",1,0,0,0,0,9.54444444444444,6.4,17.6,58.197880733945,42.179,82.686,104,3.7,NA,NA,NA,NA,NA,NA,NA,NA,NA
"2025","low_north",4,"shrub","R","BRTE",7,"low",0,0,0,0,0,9.54444444444444,6.4,17.6,58.197880733945,42.179,82.686,NA,NA,NA,NA,NA,NA,NA,NA,NA,NA,NA
"2025","low_north",4,"shrub","R","BRTE",8,"low",0,0,0,0,0,9.54444444444444,6.4,17.6,58.197880733945,42.179,82.686,NA,NA,NA,NA,NA,NA,NA,NA,NA,NA,NA
"2025","low_north",4,"shrub","R","BRTE",5,"low",0,0,0,0,0,9.54444444444444,6.4,17.6,58.197880733945,42.179,82.686,NA,NA,NA,NA,NA,NA,NA,NA,NA,NA,NA
