"lon","lat","MAP","MinAT","MaxAT","MAT","avg.cover","MAT.F"
-120.8960037,41.8181992,0.937260273972603,273.475616438356,288.756438356164,281.11602739726,0.3,46.3388493150685
-120.8960037,41.8191986,0.937260273972603,273.475616438356,288.756438356164,281.11602739726,1,46.3388493150685
-120.8949966,41.8195992,0.937260273972603,273.475616438356,288.756438356164,281.11602739726,0,46.3388493150685
-120.8929977,41.8185997,0.937260273972603,273.475616438356,288.756438356164,281.11602739726,1,46.3388493150685
-120.8929977,41.8189011,0.937260273972603,273.475616438356,288.756438356164,281.11602739726,3,46.3388493150685
-120.8929977,41.8199005,0.937260273972603,273.475616438356,288.756438356164,281.11602739726,3.7,46.3388493150685
-120.6709976,43.5251999,0.672602739726027,271.891780821918,288.499726027397,280.195753424657,0,44.6823561643835
-120.6699982,43.5236015,0.672602739726027,271.891780821918,288.499726027397,280.195753424657,0,44.6823561643835
-120.6689987,43.5236015,0.672602739726027,271.891780821918,288.499726027397,280.195753424657,0,44.6823561643835
-120.6689987,43.5250015,0.672602739726027,271.891780821918,288.499726027397,280.195753424657,0,44.6823561643835
-120.6679993,43.524601,0.672602739726027,271.891780821918,288.499726027397,280.195753424657,0,44.6823561643835
-120.6669998,43.5228996,0.672602739726027,271.891780821918,288.499726027397,280.195753424657,0,44.6823561643835
-120.400445,39.823563,1.1441095890411,273.741095890411,290.930684931507,282.335890410959,37.5,48.534602739726
-120.316364,42.082932,1.14767123287671,274.589315068493,289.241917808219,281.915616438356,37.5,47.7781095890411
-120.197998,44.6030998,0.915068493150685,276.240821917808,290.532328767123,283.386575342466,0,50.4258356164384
-120.1949997,44.6029015,0.915068493150685,276.240821917808,290.532328767123,283.386575342466,4,50.4258356164384
-120.1940002,44.6029015,0.915068493150685,276.240821917808,290.532328767123,283.386575342466,2.3,50.4258356164384
-120.1920013,44.6043015,0.915068493150685,276.240821917808,290.532328767123,283.386575342466,21.3,50.4258356164384
-120.1910019,44.6046982,0.915068493150685,276.240821917808,290.532328767123,283.386575342466,1.7,50.4258356164384
-120.1910019,44.6053009,0.915068493150685,276.240821917808,290.532328767123,283.386575342466,2,50.4258356164384
-120.080858,39.786155,0.923561643835616,275.642739726027,291.258904109589,283.450821917808,15,50.5414794520548
-120.047607,39.777155,0.763013698630137,275.933424657534,292.185205479452,284.059315068493,2.5,51.6367671232877
-120.036723,42.323364,1.0813698630137,274.729589041096,288.785753424658,281.757671232877,2.5,47.4938082191781
-119.969361,46.974738,0.561917808219178,279.791780821918,292.421917808219,286.106849315069,37.5,55.3223287671234
-119.964994,43.123103,0.738630136986301,273.188493150685,291.247123287671,282.217808219178,37.5,48.3220547945206
-119.959023,42.405035,0.93041095890411,274.754520547945,289.70301369863,282.228767123288,2.5,48.3417808219178
-119.948265,46.880017,0.543013698630136,279.557808219178,292.444931506849,286.001369863014,37.5,55.1324657534247
-119.9380035,40.0121002,2.14972677595629,277.574316939891,291.008469945355,284.291393442623,51.333333,52.0545081967214
-119.935997,40.0085983,2.14972677595629,277.574316939891,291.008469945355,284.291393442623,54.666667,52.0545081967214
-119.9319992,40.0126991,2.14972677595629,277.574316939891,291.008469945355,284.291393442623,44.666667,52.0545081967214
-119.930987,43.174985,0.783287671232876,273.429589041096,290.383561643836,281.906575342466,37.5,47.7618356164384
-119.930813,43.172336,0.783287671232876,273.429589041096,290.383561643836,281.906575342466,37.5,47.7618356164384
-119.9260025,39.9933014,1.5948087431694,277.301366120219,291.751366120219,284.526366120219,46.666667,52.4774590163934
-119.9250031,39.9964981,1.5948087431694,277.301366120219,291.751366120219,284.526366120219,43.333333,52.4774590163934
-119.9179993,39.9822006,1.5948087431694,277.301366120219,291.751366120219,284.526366120219,46,52.4774590163934
-119.913002,39.9735985,1.5948087431694,277.301366120219,291.751366120219,284.526366120219,34,52.4774590163934
-119.9079971,39.9828987,1.46448087431694,277.777049180328,291.518852459016,284.647950819672,64.666667,52.6963114754099
-119.9049988,39.9501991,1.33661202185792,276.779508196721,291.437704918033,284.108606557377,23.333333,51.7254918032788
-119.9039993,39.9912987,1.46448087431694,277.777049180328,291.518852459016,284.647950819672,70,52.6963114754099
-119.9029999,39.9353981,1.33661202185792,276.779508196721,291.437704918033,284.108606557377,12.666667,51.7254918032788
-119.9029999,39.9877014,1.46448087431694,277.777049180328,291.518852459016,284.647950819672,58,52.6963114754099
-119.9020004,39.9398003,1.33661202185792,276.779508196721,291.437704918033,284.108606557377,46.666667,51.7254918032788
-119.9000015,39.9784012,1.46448087431694,277.777049180328,291.518852459016,284.647950819672,27.333333,52.6963114754099
-119.9000015,40.0042992,2.21010928961748,277.432240437158,290.831147540984,284.131693989071,45.333333,51.767049180328
-119.8970032,40.0050011,2.21010928961748,277.432240437158,290.831147540984,284.131693989071,30,51.767049180328
-119.8960037,39.9700012,1.46448087431694,277.777049180328,291.518852459016,284.647950819672,3.333333,52.6963114754099
-119.893399,46.662399,0.501643835616438,281.096438356164,293.717808219178,287.407123287671,37.5,57.6628219178083
-119.8909988,39.9768982,1.46448087431694,277.777049180328,291.518852459016,284.647950819672,17.333333,52.6963114754099
-119.887349,42.323618,0.933698630136986,274.859726027397,290,282.429863013699,37.5,48.7037534246576
-119.8740005,39.5569,1.23306010928962,275.752459016393,290.681693989071,283.217076502732,16.666667,50.1207377049181
-119.8730011,39.5586014,1.23306010928962,275.752459016393,290.681693989071,283.217076502732,20,50.1207377049181
-119.8730011,39.5880013,0.795342465753425,277.138356164384,291.807123287671,284.472739726027,8.666667,52.3809315068493
-119.8720016,39.5877991,0.863518227412232,276.448139830826,291.714080769519,284.081110300172,20.666667,51.6759985403099
-119.8700027,39.9841995,1.56092896174863,277.187978142076,290.995081967213,284.091530054645,5.333333,51.6947540983607
-119.864977,47.302635,0.653972602739725,278.145205479452,290.020547945205,284.082876712329,0,51.6791780821918
-119.8610001,39.5836983,0.661475409836065,276.743169398907,292.474043715847,284.608606557377,34.666667,52.6254918032788
-119.8600006,39.574501,0.661475409836065,276.743169398907,292.474043715847,284.608606557377,30,52.6254918032788
-119.8580017,40.0009995,1.56092896174863,277.187978142076,290.995081967213,284.091530054645,34.666667,51.6947540983607
-119.8570023,39.5844994,0.661475409836065,276.743169398907,292.474043715847,284.608606557377,24,52.6254918032788
-119.856927,47.090865,0.578630136986302,278.3,291.829315068493,285.064657534247,62.5,53.4463835616439
-119.8560028,39.5619011,0.661475409836065,276.743169398907,292.474043715847,284.608606557377,24,52.6254918032788
-119.855514,47.288209,0.54986301369863,278.762191780822,291.21095890411,284.986575342466,2.5,53.3058356164384
-119.8529968,39.5800018,0.661475409836065,276.743169398907,292.474043715847,284.608606557377,42.666667,52.6254918032788
-119.8519974,39.9954987,1.56092896174863,277.187978142076,290.995081967213,284.091530054645,25.333333,51.6947540983607
-119.848999,39.5746994,0.661475409836065,276.743169398907,292.474043715847,284.608606557377,38,52.6254918032788
-119.8450012,41.7667999,0.820684931506849,273.934109589041,287.949315068493,280.941712328767,0,46.0250821917809
-119.8440018,41.7700005,1.01802380417696,274.684592783891,288.388166030392,281.536379407141,0,47.0954829328542
-119.8420029,41.7625999,0.861330937944457,274.038495645882,287.945809317065,280.992152481473,0,46.1158744666516
-119.8410034,41.7549019,0.820684931506849,273.934109589041,287.949315068493,280.941712328767,0,46.0250821917809
-119.8410034,41.7570992,0.834045961524066,274.110512388652,288.683294033985,281.396903211318,0,46.8444257803728
-119.8410034,41.7593994,0.861330937944457,274.038495645882,287.945809317065,280.992152481473,0,46.1158744666516
-119.8410034,41.7617989,0.834045961524066,274.110512388652,288.683294033985,281.396903211318,0,46.8444257803728
-119.8410034,41.7649002,0.821643835616438,274.695068493151,288.871232876712,281.783150684932,0,47.5396712328768
-119.8399963,41.7622986,0.547945205479452,272.746301369863,287.061095890411,279.903698630137,0,44.1566575342466
-119.8379974,41.7528992,0.862711655064002,274.824948723707,288.961655812561,281.893302268134,0,47.737944082641
-119.8379974,41.7541008,1.05671232876712,275.622739726027,289.383287671233,282.50301369863,0,48.8354246575344
-119.836998,41.7559013,0.942622950819673,274.247267759563,287.938797814208,281.093032786885,0,46.2974590163935
-119.8349991,41.7450981,0.930821917808219,275.292602739726,289.407671232877,282.350136986301,0,48.5602465753425
-119.8349991,41.7475014,0.52986301369863,273.120273972603,287.552876712329,280.336575342466,0,44.9358356164383
-119.8349991,41.7559013,0.861330937944457,274.038495645882,287.945809317065,280.992152481473,0,46.1158744666516
-119.831013,39.396867,1.26109589041096,274.020821917808,286.813150684931,280.41698630137,2.5,45.0805753424658
-119.829446,39.393269,1.26109589041096,274.020821917808,286.813150684931,280.41698630137,37.5,45.0805753424658
-119.820535,42.440911,0.847945205479452,274.548493150685,289.754794520548,282.151643835616,37.5,48.2029589041096
-119.812631,46.632521,0.493150684931507,280.422465753425,293.598630136986,287.010547945205,37.5,56.9489863013699
-119.793047,42.525167,0.764931506849315,274.620821917808,291.228767123288,282.924794520548,37.5,49.5946301369864
-119.7900009,41.6599007,0.524383561643836,273.133150684931,287.664109589041,280.398630136986,0,45.0475342465754
-119.7890015,41.6585007,0.850981111360631,274.865351448462,289.414518052748,282.139934750605,0,48.1818825510892
-119.7870026,41.6571007,0.874383561643836,275.118219178082,289.080273972603,282.099246575342,0,48.1086438356165
-119.7860031,41.6563988,0.894776804651046,274.3536499738,288.629773186616,281.491711580208,0,47.0150808443746
-119.7860031,41.6580009,0.859699453551912,273.926639344262,288.399180327869,281.162909836066,0,46.4232377049181
-119.774249,39.119414,0.528767123287671,276.352328767123,293.573424657534,284.962876712329,0,53.2631780821919
-119.768016,39.101471,0.528767123287671,276.352328767123,293.573424657534,284.962876712329,37.5,53.2631780821919
-119.755357,42.555332,0.791780821917809,274.51698630137,291.31698630137,282.91698630137,62.5,49.5805753424658
-119.741831,43.311067,0.78,273.738082191781,289.737534246575,281.737808219178,37.5,47.4580547945206
-119.740177,43.309902,0.78,273.738082191781,289.737534246575,281.737808219178,37.5,47.4580547945206
-119.726556,46.597767,0.498356164383562,279.897808219178,293.527123287671,286.712465753425,37.5,56.4124383561645
-119.704996,39.425781,0.443561643835616,277.880547945205,294.359178082192,286.119863013699,37.5,55.3457534246575
-119.699326,42.094464,0.775068493150685,274.594246575342,288.345753424658,281.47,2.5,46.9760000000001
-119.6869965,47.6226006,0.474520547945206,276.573150684931,288.205479452055,282.389315068493,42,48.6307671232877
-119.6849976,47.6195984,0.474520547945206,276.573150684931,288.205479452055,282.389315068493,13.7,48.6307671232877
-119.6849976,47.6220016,0.474520547945206,276.573150684931,288.205479452055,282.389315068493,24,48.6307671232877
-119.6849976,47.6228981,0.474520547945206,276.573150684931,288.205479452055,282.389315068493,27,48.6307671232877
-119.6839981,47.6178017,0.474520547945206,276.573150684931,288.205479452055,282.389315068493,17.7,48.6307671232877
-119.6839981,47.6195984,0.474520547945206,276.573150684931,288.205479452055,282.389315068493,21.7,48.6307671232877
-119.6839981,47.6208,0.474520547945206,276.573150684931,288.205479452055,282.389315068493,23,48.6307671232877
-119.6829987,47.6190987,0.474520547945206,276.573150684931,288.205479452055,282.389315068493,17,48.6307671232877
-119.6829987,47.6198997,0.474520547945206,276.573150684931,288.205479452055,282.389315068493,21.3,48.6307671232877
-119.6829987,47.6203995,0.474520547945206,276.573150684931,288.205479452055,282.389315068493,30.3,48.6307671232877
-119.6819992,47.6179008,0.474520547945206,276.573150684931,288.205479452055,282.389315068493,7,48.6307671232877
-119.6819992,47.6184998,0.474520547945206,276.573150684931,288.205479452055,282.389315068493,27.7,48.6307671232877
-119.6819992,47.6194,0.474520547945206,276.573150684931,288.205479452055,282.389315068493,25.3,48.6307671232877
-119.6819992,47.6197014,0.474520547945206,276.573150684931,288.205479452055,282.389315068493,31.3,48.6307671232877
-119.675367,43.364288,0.794794520547945,273.954794520548,290.142739726027,282.048767123288,37.5,48.0177808219179
-119.674295,43.362018,0.794794520547945,273.954794520548,290.142739726027,282.048767123288,2.5,48.0177808219179
-119.660705,39.437335,0.725753424657535,278.277808219178,291.628767123288,284.953287671233,37.5,53.2459178082192
-119.621006,47.599829,0.721095890410959,277.96301369863,289.888493150685,283.925753424658,0,51.3963561643836
-119.6039963,39.1943016,0.59013698630137,278.266575342466,293.049863013699,285.658219178082,4,54.5147945205479
-119.6009979,39.1344986,0.84054794520548,278.351232876712,290.883561643836,284.617397260274,3.333333,52.6413150684931
-119.598999,39.1271019,1.00328767123288,277.196438356164,289.777808219178,283.487123287671,5.333333,50.6068219178083
-119.5979996,39.1935997,0.59013698630137,278.266575342466,293.049863013699,285.658219178082,2.666667,54.5147945205479
-119.5930023,39.1904984,1.00901639344262,278.013387978142,292.363387978142,285.188387978142,0.666667,53.6690983606558
-119.590176,42.078141,0.760547945205479,273.993698630137,289.053424657534,281.523561643836,2.5,47.0724109589041
-119.580625,46.484403,0.492876712328767,279.453424657534,292.274794520548,285.864109589041,62.5,54.885397260274
-119.5800018,39.1889992,1.00901639344262,278.013387978142,292.363387978142,285.188387978142,0.666667,53.6690983606558
-119.5780029,39.1404991,0.701095890410959,277.770136986301,291.870684931507,284.820410958904,2,53.0067397260275
-119.5770035,39.2002983,0.563835616438356,278.301095890411,293.258630136986,285.779863013699,7.333333,54.7337534246576
-119.5749969,39.1562004,0.701095890410959,277.770136986301,291.870684931507,284.820410958904,4.666667,53.0067397260275
-119.5739975,38.3778992,2.79426229508197,272.71912568306,285.19781420765,278.958469945355,0,42.4552459016394
-119.572859,38.652893,0.770684931506849,276.952054794521,291.805753424658,284.378904109589,0,52.2120273972603
-119.5719986,38.3647995,2.79426229508197,272.71912568306,285.19781420765,278.958469945355,0,42.4552459016394
-119.569961,38.651185,0.770684931506849,276.952054794521,291.805753424658,284.378904109589,0,52.2120273972603
-119.5660019,39.1685982,0.701095890410959,277.770136986301,291.870684931507,284.820410958904,2,53.0067397260275
-119.5650024,39.1041985,1.65327868852459,275.830601092896,289.797267759563,282.81393442623,6.666667,49.3950819672131
-119.5619965,39.096199,1.65327868852459,275.830601092896,289.797267759563,282.81393442623,17.333333,49.3950819672131
-119.5599976,39.1831017,0.971857923497268,277.795355191257,292.580601092896,285.187978142077,8.666667,53.6683606557378
-119.5599976,39.1898994,0.971857923497268,277.795355191257,292.580601092896,285.187978142077,18,53.6683606557378
-119.5589981,38.5143013,2.58715846994535,273.039890710383,286.257923497268,279.648907103825,0,43.6980327868853
-119.5589981,39.1778984,0.563835616438356,278.301095890411,293.258630136986,285.779863013699,2.666667,54.7337534246576
-119.5579987,39.1318016,0.701095890410959,277.770136986301,291.870684931507,284.820410958904,1.333333,53.0067397260275
-119.5569992,39.1063004,1.65327868852459,275.830601092896,289.797267759563,282.81393442623,20,49.3950819672131
-119.5559998,39.1329002,0.701095890410959,277.770136986301,291.870684931507,284.820410958904,4,53.0067397260275
-119.5540009,39.1007004,1.65327868852459,275.830601092896,289.797267759563,282.81393442623,6,49.3950819672131
-119.552002,39.0952988,1.65327868852459,275.830601092896,289.797267759563,282.81393442623,6,49.3950819672131
-119.5510025,39.0931015,1.25581742645408,276.385848491654,290.211099633206,283.29847406243,2.666667,50.2672533123737
-119.5490036,38.5247993,2.58715846994535,273.039890710383,286.257923497268,279.648907103825,52.2,43.6980327868853
-119.5490036,39.1300011,0.701095890410959,277.770136986301,291.870684931507,284.820410958904,3.333333,53.0067397260275
-119.5469971,38.5280991,2.58715846994535,273.039890710383,286.257923497268,279.648907103825,20,43.6980327868853
-119.5469971,38.5293007,2.58715846994535,273.039890710383,286.257923497268,279.648907103825,20,43.6980327868853
-119.5469971,38.5297012,2.58715846994535,273.039890710383,286.257923497268,279.648907103825,31.6,43.6980327868853
-119.5459976,39.1032982,0.85835616438356,276.941095890411,290.624931506849,283.78301369863,3.333333,51.1394246575343
-119.5449982,38.5223007,2.58715846994535,273.039890710383,286.257923497268,279.648907103825,0,43.6980327868853
-119.5439987,39.0873985,1.6763324350625,275.435548693765,288.398124111086,281.916836402425,13.6666665,47.7803055243657
-119.5419998,38.5173988,2.58715846994535,273.039890710383,286.257923497268,279.648907103825,2.439024,43.6980327868853
-119.5370026,39.0866013,2.18142076502732,275.339071038251,288.025409836066,281.682240437158,2,47.3580327868853
-119.5339966,38.3492012,1.56520547945205,273.629863013699,288.70904109589,281.169452054795,0,46.4350136986302
-119.533543,43.519835,0.708767123287671,273.798356164384,290.145479452055,281.971917808219,62.5,47.8794520547946
-119.533221,39.232414,0.853698630136985,276.707397260274,291.387671232877,284.047534246575,37.5,51.6155616438356
-119.5319977,38.5139008,1.56584699453552,276.004371584699,290.981967213115,283.493169398907,12.195122,50.6177049180328
-119.526445,43.512241,0.708767123287671,273.798356164384,290.145479452055,281.971917808219,62.5,47.8794520547946
-119.5240021,39.0848999,1.11424657534247,276.312602739726,288.766575342466,282.539589041096,0,48.9012602739726
-119.5220032,38.8786011,1.35890410958904,273.908493150685,286.596712328767,280.252602739726,0,44.7846849315069
-119.5159988,38.8741989,1.35890410958904,273.908493150685,286.596712328767,280.252602739726,0,44.7846849315069
-119.5110016,38.3483009,1.56520547945205,273.629863013699,288.70904109589,281.169452054795,0,46.4350136986302
-119.5090027,38.887001,1.32027397260274,274.15095890411,287.281643835616,280.716301369863,0,45.6193424657534
-119.5080032,38.9233017,1.54383561643836,275.586301369863,288.199178082192,281.892739726027,13.333333,47.7369315068494
-119.5080032,38.9325981,1.54383561643836,275.586301369863,288.199178082192,281.892739726027,38.666667,47.7369315068494
-119.5019989,42.7261009,0.709589041095891,274.271506849315,288.958082191781,281.614794520548,31.3,47.2366301369863
-119.5009995,38.9247017,1.06630136986301,275.323287671233,288.707397260274,282.015342465753,0,47.9576164383562
-119.5009995,42.7254982,0.709589041095891,274.271506849315,288.958082191781,281.614794520548,12.3,47.2366301369863
-119.500446,46.446818,0.507945205479452,279.140547945205,292.117808219178,285.629178082192,62.5,54.4625205479452
-119.5,42.7234001,0.709589041095891,274.271506849315,288.958082191781,281.614794520548,22.3,47.2366301369863
-119.4990005,38.9211006,1.30506849315069,275.454794520548,288.453287671233,281.95404109589,28,47.8472739726027
-119.4990005,38.9407005,1.30506849315069,275.454794520548,288.453287671233,281.95404109589,12.6666665,47.8472739726027
-119.4950027,38.9370003,1.60356164383562,276.156438356164,287.559452054795,281.857945205479,3.333333,47.674301369863
-119.4950027,38.9486008,1.60356164383562,276.156438356164,287.559452054795,281.857945205479,18.666667,47.674301369863
-119.4909973,42.7237015,0.694520547945206,273.764931506849,289.075616438356,281.420273972603,0.7,46.8864931506851
-119.489858,42.056627,0.728219178082192,274.269863013699,288.992328767123,281.631095890411,15,47.2659726027398
-119.487999,38.9296989,1.60356164383562,276.156438356164,287.559452054795,281.857945205479,46.666667,47.674301369863
-119.487999,38.9313011,1.60356164383562,276.156438356164,287.559452054795,281.857945205479,25.333333,47.674301369863
-119.4860001,42.7229996,0.694520547945206,273.764931506849,289.075616438356,281.420273972603,1.3,46.8864931506851
-119.4850006,38.9466019,1.60356164383562,276.156438356164,287.559452054795,281.857945205479,28,47.674301369863
-119.4810028,38.966301,1.72904109589041,275.518356164384,287.007671232877,281.26301369863,38,46.6034246575343
-119.477601,46.243714,0.563013698630137,279.456438356164,292.376438356164,285.916438356164,37.5,54.9795890410959
-119.4769974,38.9695015,1.72904109589041,275.518356164384,287.007671232877,281.26301369863,38,46.6034246575343
-119.476891,46.242434,0.563013698630137,279.456438356164,292.376438356164,285.916438356164,37.5,54.9795890410959
-119.4759979,38.3658981,1.29671232876712,273.754246575342,289.043561643836,281.398904109589,0.666667,46.8480273972603
-119.4720001,38.9620018,1.60356164383562,276.156438356164,287.559452054795,281.857945205479,4,47.674301369863
-119.4629974,38.358799,1.29671232876712,273.754246575342,289.043561643836,281.398904109589,3.333333,46.8480273972603
-119.462835,46.351671,0.517260273972602,278.906575342466,291.796712328767,285.351643835616,62.5,53.9629589041096
-119.461899,46.349777,0.517260273972602,278.906575342466,291.796712328767,285.351643835616,62.5,53.9629589041096
-119.4599991,38.3697014,1.29671232876712,273.754246575342,289.043561643836,281.398904109589,0,46.8480273972603
-119.459054,43.538607,0.706027397260275,273.788219178082,290.311232876712,282.049726027397,37.5,48.0195068493151
-119.457175,46.181845,0.568493150684932,279.917260273973,291.731780821918,285.824520547945,37.5,54.8141369863014
-119.4570007,39.0812988,2.39754098360656,274.196721311475,286.945901639344,280.57131147541,20,45.3583606557378
-119.4560013,39.0836983,1.6726049854031,274.141098884647,286.612560820421,280.376829852534,7.55555566666667,45.008293734561
-119.4540024,38.3893013,1.1172602739726,274.568767123288,287.669315068493,281.11904109589,0,46.3442739726029
-119.4530029,38.3862,1.1172602739726,274.568767123288,287.669315068493,281.11904109589,0,46.3442739726029
-119.4509964,39.0863991,0.838087930733339,276.506918432018,290.800321630861,283.653620031439,15.9999996666667,50.9065160565911
-119.4499969,39.0220985,0.879206714574445,277.069557601617,291.001908638371,284.035733119994,37.1666665,51.5943196159892
-119.4449997,39.0195999,0.879206714574445,277.069557601617,291.001908638371,284.035733119994,43.33333325,51.5943196159892
-119.4420013,38.9935989,1.32814207650273,276.246721311475,289.910382513661,283.078551912568,70,49.871393442623
-119.4420013,39.0141983,0.824695710756794,276.750369039599,290.8863804676,283.818374753599,35.3333333333333,51.2030745564788
-119.439003,39.0163994,0.824695710756794,276.750369039599,290.8863804676,283.818374753599,30.6666663333333,51.2030745564788
-119.4380035,38.9961014,1.16773685655114,276.014203907478,289.339351248846,282.676777578162,49.4331066666667,49.1481996406917
-119.4380035,42.7230988,0.683835616438356,273.505205479452,289.122465753425,281.313835616438,34.7,46.6949041095891
-119.4380035,42.7237015,0.683835616438356,273.505205479452,289.122465753425,281.313835616438,6.3,46.6949041095891
-119.435997,42.7221985,0.683835616438356,273.505205479452,289.122465753425,281.313835616438,3.7,46.6949041095891
-119.435997,42.7228012,0.683835616438356,273.505205479452,289.122465753425,281.313835616438,15,46.6949041095891
-119.435997,42.723999,0.683835616438356,273.505205479452,289.122465753425,281.313835616438,8.7,46.6949041095891
-119.435997,42.725399,0.683835616438356,273.505205479452,289.122465753425,281.313835616438,2,46.6949041095891
-119.4339981,39.0808983,0.710273972602741,276.398219178082,290.626575342466,283.512397260274,12,50.6523150684932
-119.4339981,42.7235985,0.683835616438356,273.505205479452,289.122465753425,281.313835616438,19.7,46.6949041095891
-119.4319992,38.9887009,1.16773685655114,276.014203907478,289.339351248846,282.676777578162,37.777778,49.1481996406917
-119.4319992,39.092701,1.10093145694538,275.746369987774,289.112054794521,282.429212391147,22,48.7025823040647
-119.4319992,42.7243996,0.683835616438356,273.505205479452,289.122465753425,281.313835616438,1,46.6949041095891
-119.4309998,38.9908981,1.12831761359383,275.356922299573,289.022588517105,282.189755408339,45.6666665,48.2715597350102
-119.4309998,39.0035019,1.06571487386781,276.717470244779,290.239848791077,283.478659517928,48,50.5915871322705
-119.4300003,38.9471016,0.893863500261995,276.197501122839,290.407386031889,283.302443577364,37.16666675,50.2743984392544
-119.4300003,39.020401,0.916476532674601,277.672378172019,291.501083663947,284.586730917983,27.7777776666667,52.5861156523692
-119.4300003,42.7210999,0.683835616438356,273.505205479452,289.122465753425,281.313835616438,6,46.6949041095891
-119.4290009,38.9590988,0.965790603089054,276.004887341867,290.120167677221,283.062527509544,47.3333333333333,49.8425495171794
-119.4290009,38.9637985,1.07662456022157,276.307707725129,289.646842203758,282.977274964443,30.49999975,49.6890949359982
-119.4290009,39.0928993,1.10093145694538,275.746369987774,289.112054794521,282.429212391147,38.2222223333333,48.7025823040647
-119.4280014,42.7230988,0.683835616438356,273.505205479452,289.122465753425,281.313835616438,8.7,46.6949041095891
-119.4250031,38.9230995,0.893863500261995,276.197501122839,290.407386031889,283.302443577364,38.33333325,50.2743984392544
-119.4250031,39.0074005,0.824695710756794,276.750369039599,290.8863804676,283.818374753599,16.222222,51.2030745564788
-119.4250031,42.7229996,0.683835616438356,273.505205479452,289.122465753425,281.313835616438,5,46.6949041095891
-119.4240036,38.9466019,0.965790603089054,276.004887341867,290.120167677221,283.062527509544,43.1111113333333,49.8425495171794
-119.4240036,42.7224007,0.683835616438356,273.505205479452,289.122465753425,281.313835616438,8.3,46.6949041095891
-119.4229965,38.983799,1.06571487386781,276.717470244779,290.239848791077,283.478659517928,34,50.5915871322705
-119.4229965,39.0096016,0.905068493150686,276.644109589041,290.426438356164,283.535273972603,4.3333335,50.693493150685
-119.4229965,42.7224007,0.683835616438356,273.505205479452,289.122465753425,281.313835616438,1.7,46.6949041095891
-119.4209976,38.908699,1.07404371584699,275.866393442623,290.641530054645,283.253961748634,51.333333,50.187131147541
-119.4199982,38.8465004,0.61754135788607,275.636662175312,292.358131596676,283.997396885994,8.6666665,51.5253143947901
-119.4199982,38.9273987,0.836840831399555,275.839590538214,290.29404895576,283.066819746987,9.111111,49.8502755445767
-119.4199982,38.9594994,0.965790603089054,276.004887341867,290.120167677221,283.062527509544,30.8888886666667,49.8425495171794
-119.4199982,38.967701,0.928493150684933,274.467123287671,288.134794520548,281.30095890411,25.333333,46.6717260273974
-119.4199982,39.0130005,0.919528906854305,277.320334356364,291.476729046585,284.398531701475,1.55555566666667,52.2473570626544
-119.4179993,38.9296989,0.893863500261995,276.197501122839,290.407386031889,283.302443577364,11.5,50.2743984392544
-119.4179993,38.9824982,1.13173640741573,276.57534496095,290.106168375876,283.340756668413,23.5555556666667,50.343362003144
-119.4169998,39.0004997,1.12831761359383,275.356922299573,289.022588517105,282.189755408339,26,48.2715597350102
-119.4169998,39.0363998,0.824695710756794,276.750369039599,290.8863804676,283.818374753599,10,51.2030745564788
-119.4160004,39.0751991,0.876912568306011,276.84193989071,291.504098360656,284.173019125683,6.666667,51.8414344262295
-119.4160004,39.0848007,0.958635875938819,276.452580532475,290.626623000724,283.539601766599,28.2222223333333,50.7012831798787
-119.4140015,39.0225983,0.648493150684932,278.044109589041,291.941369863014,284.992739726027,0,53.3169315068493
-119.4140015,39.0284996,0.707945205479453,276.652602739726,290.722876712329,283.687739726027,12.3333335,50.9679315068494
-119.413002,39.019001,0.657650273224043,276.987978142076,291.868306010929,284.428142076503,1.333333,52.3006557377049
-119.413002,39.0414009,0.956111235870949,276.744706939142,290.688754896824,283.716730917983,14.2222223333333,51.0201156523692
-119.413002,39.0623016,0.646301369863014,277.614794520548,291.825479452055,284.720136986301,0,52.8262465753425
-119.4120026,39.0783997,0.812602739726027,276.464520547945,290.967945205479,283.716232876712,10.666667,51.0192191780822
-119.4120026,39.0803986,0.741511340669212,276.595095191756,291.413809416873,284.004452304314,16,51.5380141477656
-119.4110031,39.0264015,0.970873942660379,277.225146717569,291.518362527135,284.371754622352,12.3333335,52.1991583202336
-119.4100037,39.073101,0.936438356164384,277.544383561644,291.911506849315,284.727945205479,0,52.840301369863
-119.4069977,38.9417992,0.488802305561794,275.646087781022,294.182616463308,284.914352122165,13.777778,53.1758338198967
-119.4049988,39.0611,0.590684931506849,277.729863013699,292.438356164384,285.084109589041,0,53.481397260274
-119.4039993,38.9407005,0.415068493150685,273.410684931507,292.129315068493,282.77,17.333333,49.316
-119.3919983,38.5866013,1.68032786885246,273.771584699454,286.707650273224,280.239617486339,26.666667,44.7613114754099
-119.3909988,38.5864983,1.68032786885246,273.771584699454,286.707650273224,280.239617486339,19.259259,44.7613114754099
-119.3909988,38.587101,1.68032786885246,273.771584699454,286.707650273224,280.239617486339,2.222222,44.7613114754099
-119.3889999,38.5863991,1.68032786885246,273.771584699454,286.707650273224,280.239617486339,16.296296,44.7613114754099
-119.3880005,38.5864983,1.68032786885246,273.771584699454,286.707650273224,280.239617486339,27.407407,44.7613114754099
-119.3880005,38.5872002,1.68032786885246,273.771584699454,286.707650273224,280.239617486339,4.444444,44.7613114754099
-119.3679962,46.7498016,0.428767123287671,278.013424657534,290.758904109589,284.386164383562,50,52.225095890411
-119.3679962,46.7509995,0.428767123287671,278.013424657534,290.758904109589,284.386164383562,63.7,52.225095890411
-119.3679962,46.7514992,0.428767123287671,278.013424657534,290.758904109589,284.386164383562,63.3,52.225095890411
-119.3669968,46.7495003,0.428767123287671,278.013424657534,290.758904109589,284.386164383562,28.7,52.225095890411
-119.3669968,46.7509995,0.428767123287671,278.013424657534,290.758904109589,284.386164383562,20,52.225095890411
-119.3659973,46.7498016,0.428767123287671,278.013424657534,290.758904109589,284.386164383562,23,52.225095890411
-119.365653,39.820654,0.35972602739726,274.560547945205,291.630684931507,283.095616438356,62.5,49.9021095890411
-119.3649979,46.7508011,0.428767123287671,278.013424657534,290.758904109589,284.386164383562,18,52.225095890411
-119.3649979,46.7509995,0.428767123287671,278.013424657534,290.758904109589,284.386164383562,17.3,52.225095890411
-119.362999,46.7504005,0.428767123287671,278.013424657534,290.758904109589,284.386164383562,12.3,52.225095890411
-119.362999,46.7509995,0.428767123287671,278.013424657534,290.758904109589,284.386164383562,50,52.225095890411
-119.3619995,46.7492981,0.428767123287671,278.013424657534,290.758904109589,284.386164383562,21,52.225095890411
-119.3610001,46.7494011,0.428767123287671,278.013424657534,290.758904109589,284.386164383562,51,52.225095890411
-119.3600006,46.7495995,0.428767123287671,278.013424657534,290.758904109589,284.386164383562,75.3,52.225095890411
-119.3590012,46.7490997,0.428767123287671,278.013424657534,290.758904109589,284.386164383562,63.3,52.225095890411
-119.3580017,46.75,0.428767123287671,278.013424657534,290.758904109589,284.386164383562,47.3,52.225095890411
-119.3580017,46.7505989,0.428767123287671,278.013424657534,290.758904109589,284.386164383562,18.3,52.225095890411
-119.351589,43.535835,0.787123287671233,273.887397260274,289.521643835616,281.704520547945,15,47.3981369863014
-119.340382,45.961429,0.513698630136987,279.912054794521,291.846575342466,285.879315068493,2.5,54.9127671232877
-119.309245,47.619991,0.641643835616439,278.726575342466,291.486575342466,285.106575342466,15,53.5218356164384
-119.309105,47.619331,0.641643835616439,278.726575342466,291.486575342466,285.106575342466,15,53.5218356164384
-119.3069992,38.5833015,1.30109289617486,273.189890710383,287.091530054645,280.140710382514,6,44.5832786885247
-119.3050003,38.158699,1.82103825136612,272.88825136612,286.560109289618,279.724180327869,17.073171,43.8335245901641
-119.303021,46.562968,0.578630136986302,280.188219178082,292.875616438356,286.531917808219,62.5,56.0874520547946
-119.302948,38.695333,0.896712328767124,277.077534246575,292.981369863014,285.029452054795,0,53.3830136986302
-119.3000031,38.1594009,1.82103825136612,272.88825136612,286.560109289618,279.724180327869,33,43.8335245901641
-119.3000031,38.1596985,1.82103825136612,272.88825136612,286.560109289618,279.724180327869,21.95122,43.8335245901641
-119.2979965,38.5788002,1.30109289617486,273.189890710383,287.091530054645,280.140710382514,0,44.5832786885247
-119.2959976,38.1601982,1.82103825136612,272.88825136612,286.560109289618,279.724180327869,33,43.8335245901641
-119.2959976,38.5764008,1.30109289617486,273.189890710383,287.091530054645,280.140710382514,5,44.5832786885247
-119.2959976,38.5772018,1.30109289617486,273.189890710383,287.091530054645,280.140710382514,31.2,44.5832786885247
-119.2959976,38.5774002,1.30109289617486,273.189890710383,287.091530054645,280.140710382514,20,44.5832786885247
-119.2949982,38.5764008,1.30109289617486,273.189890710383,287.091530054645,280.140710382514,36.585366,44.5832786885247
-119.294548,41.940068,0.846849315068493,273.636712328767,287.416438356164,280.526575342466,2.5,45.2778356164384
-119.2919998,38.5746002,1.30109289617486,273.189890710383,287.091530054645,280.140710382514,18.2,44.5832786885247
-119.291592,43.530726,0.808219178082192,273.916712328767,289.448493150685,281.682602739726,2.5,47.3586849315069
-119.290126,46.312888,0.454794520547945,279.830684931507,292.102739726027,285.966712328767,37.5,55.0700821917809
-119.2870026,38.5675011,0.974043715846995,273.846721311475,288.525956284153,281.186338797814,18.4,46.4654098360656
-119.2870026,38.5676994,0.974043715846995,273.846721311475,288.525956284153,281.186338797814,17.2,46.4654098360656
-119.2829971,38.1613998,1.54562841530055,272.944262295082,288.379234972678,280.66174863388,21.95122,45.5211475409836
-119.2829971,38.1615982,1.54562841530055,272.944262295082,288.379234972678,280.66174863388,8,45.5211475409836
-119.276001,38.1553001,1.54562841530055,272.944262295082,288.379234972678,280.66174863388,8.2,45.5211475409836
-119.276001,38.1556015,1.54562841530055,272.944262295082,288.379234972678,280.66174863388,16,45.5211475409836
-119.2720032,38.1534004,1.54562841530055,272.944262295082,288.379234972678,280.66174863388,2.439024,45.5211475409836
-119.2610016,38.1523018,1.54562841530055,272.944262295082,288.379234972678,280.66174863388,26.829268,45.5211475409836
-119.2549973,38.5523987,0.974043715846995,273.846721311475,288.525956284153,281.186338797814,8.2,46.4654098360656
-119.2519989,38.5567017,0.974043715846995,273.846721311475,288.525956284153,281.186338797814,0,46.4654098360656
-119.2509995,38.5601997,0.974043715846995,273.846721311475,288.525956284153,281.186338797814,13.333333,46.4654098360656
-119.25,38.5807991,0.974043715846995,273.846721311475,288.525956284153,281.186338797814,0,46.4654098360656
-119.25,38.6175003,1.05013698630137,275.738630136986,289.967123287671,282.852876712329,20,49.4651780821919
-119.2490005,38.5698013,0.974043715846995,273.846721311475,288.525956284153,281.186338797814,0,46.4654098360656
-119.2470016,38.5741997,0.974043715846995,273.846721311475,288.525956284153,281.186338797814,0,46.4654098360656
-119.2460022,38.5469017,1.08794520547945,274.563561643836,288.581643835616,281.572602739726,0,47.1606849315068
-119.2460022,38.6206017,0.857377049180328,274.706284153005,289.944808743169,282.325546448087,14.6,48.5159836065574
-119.2450027,38.5629005,0.835792349726776,274.700819672131,290.080327868852,282.390573770492,0,48.6330327868853
-119.2429962,38.4986992,1.01534246575343,274.672876712329,289.701095890411,282.18698630137,0,48.2665753424658
-119.2429962,38.4995995,0.814657534246575,274.86794520548,289.970136986301,282.41904109589,0.3333335,48.6842739726028
-119.2419968,38.5623016,0.835792349726776,274.700819672131,290.080327868852,282.390573770492,1.333333,48.6330327868853
-119.2399979,38.5598984,0.835792349726776,274.700819672131,290.080327868852,282.390573770492,1.333333,48.6330327868853
-119.2389984,38.5054016,0.726666666666667,274.022831050228,289.346118721461,281.684474885845,1.111111,47.3620547945207
-119.237999,38.5009995,0.774931506849315,273.062602739726,288.742739726027,280.902671232877,0.666667,45.9548082191781
-119.237999,38.5032997,1.01534246575343,274.672876712329,289.701095890411,282.18698630137,0.666667,48.2665753424658
-119.2369995,39.2296982,0.277260273972603,277.014246575342,293.877534246575,285.445890410959,0.1,54.1326027397261
-119.2360001,38.4968987,0.534520547945205,271.452328767123,287.784383561644,279.618356164384,0,43.6430410958904
-119.2360001,38.8111,0.485479452054795,277.23397260274,293.916164383562,285.575068493151,0,54.3651232876713
-119.232873,46.176636,0.494794520547945,279.213698630137,291.910410958904,285.562054794521,37.5,54.3416986301371
-119.2320023,38.4883995,0.467534246575342,273.658904109589,289.727123287671,281.69301369863,0,47.3774246575343
-119.2320023,38.4976997,0.467534246575342,273.658904109589,289.727123287671,281.69301369863,6.333333,47.3774246575343
-119.2289963,38.4929008,0.774931506849315,273.062602739726,288.742739726027,280.902671232877,3,45.9548082191781
-119.2279968,38.4855003,0.534520547945205,271.452328767123,287.784383561644,279.618356164384,0,43.6430410958904
-119.2279968,38.5017014,0.574246575342465,273.257671232877,289.011780821918,281.134726027397,1.6666665,46.3725068493151
-119.2269974,38.4878006,0.668219178082192,273.463835616438,289.458082191781,281.46095890411,0,46.9597260273973
-119.2259979,38.5400009,0.59917808219178,275.361917808219,290.340273972603,282.851095890411,0,49.4619726027398
-119.223999,38.546299,0.755616438356164,275.862328767123,290.392739726027,283.127534246575,0,49.9595616438357
-119.2170029,38.2388,0.804931506849316,271.539452054795,290.869589041096,281.204520547945,0,46.4981369863014
-119.2149963,38.4877014,0.814657534246575,274.86794520548,289.970136986301,282.41904109589,0,48.6842739726028
-119.2129974,38.4971008,0.814657534246575,274.86794520548,289.970136986301,282.41904109589,0,48.6842739726028
-119.2129974,38.5077019,0.419726027397261,272.093561643836,288.596301369863,280.344931506849,0.666667,44.9508767123288
-119.211998,38.2905998,0.784109589041097,271.784109589041,290.981917808219,281.38301369863,0,46.8194246575344
-119.211998,38.3000984,0.848767123287671,272.971232876712,290.406301369863,281.688767123288,0,47.3697808219179
-119.211998,38.8129997,0.485479452054795,277.23397260274,293.916164383562,285.575068493151,4.666667,54.3651232876713
-119.2109985,38.2809982,0.784109589041097,271.784109589041,290.981917808219,281.38301369863,0,46.8194246575344
-119.2099991,38.3037987,0.848767123287671,272.971232876712,290.406301369863,281.688767123288,0,47.3697808219179
-119.2080002,38.4925995,0.574246575342465,273.257671232877,289.011780821918,281.134726027397,0,46.3725068493151
-119.2070007,38.2691994,0.784109589041097,271.784109589041,290.981917808219,281.38301369863,0,46.8194246575344
-119.2070007,38.3470993,0.785205479452055,273.571780821918,288.657260273973,281.114520547945,6.666667,46.3361369863014
-119.2060013,38.3396988,0.785205479452055,273.571780821918,288.657260273973,281.114520547945,2.666667,46.3361369863014
-119.2060013,38.5103989,0.59917808219178,275.361917808219,290.340273972603,282.851095890411,0,49.4619726027398
-119.2040024,38.5037003,0.569315068493151,275.341095890411,290.53397260274,282.937534246575,0,49.6175616438356
-119.2040024,38.5121002,0.754109589041095,272.972876712329,287.891095890411,280.43198630137,0.6666665,45.1075753424658
-119.2030029,38.2547989,0.984657534246576,273.281917808219,289.434520547945,281.358219178082,0,46.774794520548
-119.2009964,38.3264008,0.646575342465754,273.732602739726,289.455068493151,281.593835616438,0,47.1989041095891
-119.200311,46.120079,0.565479452054794,279.584109589041,290.687671232877,285.135890410959,37.5,53.574602739726
-119.200169,46.120059,0.565479452054794,279.584109589041,290.687671232877,285.135890410959,37.5,53.574602739726
-119.197998,38.2769012,0.984657534246576,273.281917808219,289.434520547945,281.358219178082,0,46.774794520548
-119.1920013,38.3740005,0.632602739726027,273.982739726027,289.439178082192,281.71095890411,6,47.4097260273973
-119.1760025,40.1845016,0.909016393442623,275.742349726776,289.592896174863,282.66762295082,21,49.1317213114755
-119.1750031,38.401001,0.515616438356164,274.801643835616,291.220821917808,283.011232876712,0,49.7502191780823
-119.1719971,40.1761017,0.909016393442623,275.742349726776,289.592896174863,282.66762295082,26,49.1317213114755
-119.1600037,38.1590004,1.25792349726776,272.634699453552,288.469672131148,280.55218579235,0,45.3239344262296
-119.1600037,38.1618004,1.19745489931881,272.497897671981,288.495520997081,280.496709334531,0.6666665,45.2240768021559
-119.1579971,38.1590996,1.25792349726776,272.634699453552,288.469672131148,280.55218579235,0,45.3239344262296
-119.1569977,38.1479988,1.13698630136986,272.361095890411,288.521369863014,280.441232876712,0.666667,45.1242191780822
-119.1569977,38.1557007,1.25792349726776,272.634699453552,288.469672131148,280.55218579235,0.666667,45.3239344262296
-119.1569977,38.1613998,1.19745489931881,272.497897671981,288.495520997081,280.496709334531,0.666667,45.2240768021559
-119.1559982,38.1497993,1.13698630136986,272.361095890411,288.521369863014,280.441232876712,0,45.1242191780822
-119.1549988,38.1587982,1.13698630136986,272.361095890411,288.521369863014,280.441232876712,0,45.1242191780822
-119.1529999,38.1473999,1.25792349726776,272.634699453552,288.469672131148,280.55218579235,1.333333,45.3239344262296
-119.1529999,38.1503983,1.25792349726776,272.634699453552,288.469672131148,280.55218579235,0,45.3239344262296
-119.1520004,38.1585007,1.25792349726776,272.634699453552,288.469672131148,280.55218579235,0,45.3239344262296
-119.151001,38.1548004,1.13698630136986,272.361095890411,288.521369863014,280.441232876712,0,45.1242191780822
-119.1480026,38.0732002,1.13825136612022,274.470218579235,290.280601092896,282.375409836066,2,48.6057377049181
-119.1460037,38.0839005,1.13825136612022,274.470218579235,290.280601092896,282.375409836066,10,48.6057377049181
-119.1449966,38.0868988,1.08063253237518,274.451136686878,290.212081368366,282.331609027622,4,48.5268962497193
-119.1449966,39.0275002,0.381369863013698,276.452602739726,295.373150684931,285.912876712329,0,54.9731780821918
-119.1439972,39.0251999,0.381369863013698,276.452602739726,295.373150684931,285.912876712329,0,54.9731780821918
-119.1429977,39.0321007,0.381369863013698,276.452602739726,295.373150684931,285.912876712329,0,54.9731780821918
-119.1419983,38.0898018,1.18219178082192,273.248493150685,287.524109589041,280.386301369863,1.333333,45.0253424657534
-119.1419983,39.0231018,0.381369863013698,276.452602739726,295.373150684931,285.912876712329,0,54.9731780821918
-119.140481,45.918281,0.523561643835617,279.488767123288,293.090136986301,286.289452054795,62.5,55.6510136986302
-119.1389999,38.4528008,0.678142076502732,275.194262295082,291.682240437158,283.43825136612,1.333333,50.5188524590164
-119.137001,38.0848007,1.13825136612022,274.470218579235,290.280601092896,282.375409836066,7.333333,48.6057377049181
-119.1360016,38.6478996,1.08879781420765,273.76174863388,286.496721311475,280.129234972678,4,44.5626229508198
-119.1350021,38.071701,1.13825136612022,274.470218579235,290.280601092896,282.375409836066,0.666667,48.6057377049181
-119.1340027,38.4525986,0.717427202634928,275.257268133842,291.680846245977,283.469057189909,9.6666665,50.574302941837
-119.1330032,38.6367989,1.08879781420765,273.76174863388,286.496721311475,280.129234972678,0,44.5626229508198
-119.1320038,38.1547012,1.13698630136986,272.361095890411,288.521369863014,280.441232876712,0,45.1242191780822
-119.1289978,38.0807991,1.08063253237518,274.451136686878,290.212081368366,282.331609027622,0.6666665,48.5268962497193
-119.1289978,38.1539993,1.25792349726776,272.634699453552,288.469672131148,280.55218579235,0,45.3239344262296
-119.1269989,38.6230011,0.905737704918033,273.846994535519,287.515573770492,280.681284153005,0,45.5563114754098
-119.125,38.6273994,0.905737704918033,273.846994535519,287.515573770492,280.681284153005,0,45.5563114754098
-119.125,39.0859985,0.401369863013699,275.740821917808,295.384383561644,285.562602739726,0,54.3426849315069
-119.125,40.7705994,0.354520547945206,276.061095890411,293.834520547945,284.947808219178,0,53.2360547945206
-119.1240005,38.1645012,1.13698630136986,272.361095890411,288.521369863014,280.441232876712,0,45.1242191780822
-119.123433,45.921541,0.505479452054795,279.869863013699,293.071780821918,286.470821917808,62.5,55.9774794520548
-119.1230011,38.4533005,0.678142076502732,275.194262295082,291.682240437158,283.43825136612,4,50.5188524590164
-119.1230011,38.6405983,1.08879781420765,273.76174863388,286.496721311475,280.129234972678,0,44.5626229508198
-119.1210022,38.460701,0.678142076502732,275.194262295082,291.682240437158,283.43825136612,3.333333,50.5188524590164
-119.1210022,40.7621994,0.354520547945206,276.061095890411,293.834520547945,284.947808219178,10,53.2360547945206
-119.1200027,38.4556007,0.689071038251366,275.256284153005,292.024316939891,283.640300546448,0,50.8825409836066
-119.1200027,39.1170006,0.38027397260274,275.810684931507,295.267397260274,285.53904109589,0,54.3002739726028
-119.1190033,38.1660004,1.20901639344262,272.341803278689,287.61912568306,279.980464480874,0.666667,44.2948360655738
-119.1179962,38.4338989,0.483835616438357,275.765205479452,292.51397260274,284.139589041096,0,51.7812602739726
-119.1149979,38.0649986,0.969589041095892,273.79698630137,290.677808219178,282.237397260274,0,48.3573150684932
-119.1149979,38.4506989,0.758356164383562,275.358904109589,291.978630136986,283.668767123288,1.333333,50.9337808219179
-119.1149979,38.4840012,0.301643835616438,272.602739726027,289.68,281.141369863014,3.333333,46.3844657534246
-119.1139984,38.1632996,1.06602739726027,272.126575342466,287.75397260274,279.940273972603,0,44.222493150685
-119.112999,38.480999,0.655537091099633,274.339446814881,289.714504329166,282.026975572024,0.666666666666667,47.978556029643
-119.1119995,38.0649986,1.07322404371585,274.226775956284,290.945628415301,282.586202185792,0,48.9851639344262
-119.1119995,38.1515999,1.13752189535145,272.234189310577,287.6865491429,279.960369226739,0.666667,44.2586646081294
-119.1110001,38.426899,0.723713601317464,275.307594131297,292.001473538439,283.654533834868,0.3333335,50.9081609027622
-119.1100006,38.5023003,0.301643835616438,272.602739726027,289.68,281.141369863014,0,46.3844657534246
-119.1090012,38.1535988,1.20901639344262,272.341803278689,287.61912568306,279.980464480874,0,44.2948360655738
-119.1090012,38.1573982,1.20901639344262,272.341803278689,287.61912568306,279.980464480874,0.666667,44.2948360655738
-119.1090012,38.4870987,0.301643835616438,272.602739726027,289.68,281.141369863014,0.666667,46.3844657534246
-119.1080017,38.6492996,1.05163934426229,273.552732240437,287.302459016393,280.427595628415,0,45.0996721311476
-119.106916,43.520901,0.780821917808219,273.575068493151,289.931780821918,281.753424657534,37.5,47.4861643835617
-119.106181,39.578833,0.243561643835617,276.48,293.523561643836,285.001780821918,62.5,53.3332054794521
-119.1060028,38.1413002,1.20901639344262,272.341803278689,287.61912568306,279.980464480874,4,44.2948360655738
-119.1050034,38.4216003,0.723713601317464,275.307594131297,292.001473538439,283.654533834868,0.666667,50.9081609027622
-119.1029968,38.1596985,1.06602739726027,272.126575342466,287.75397260274,279.940273972603,0.666667,44.222493150685
-119.1029968,38.4375,0.483835616438357,275.765205479452,292.51397260274,284.139589041096,0,51.7812602739726
-119.1019974,38.7946014,0.415616438356165,276.186849315069,293.755342465753,284.971095890411,0,53.2779726027398
-119.1009979,38.1335983,1.20901639344262,272.341803278689,287.61912568306,279.980464480874,9.333333,44.2948360655738
-119.1009979,38.1651993,1.20901639344262,272.341803278689,287.61912568306,279.980464480874,0,44.2948360655738
-119.1009979,38.6463013,1.05163934426229,273.552732240437,287.302459016393,280.427595628415,0,45.0996721311476
-119.0999985,38.1314011,1.20901639344262,272.341803278689,287.61912568306,279.980464480874,4,44.2948360655738
-119.0999985,38.4345016,0.758356164383562,275.358904109589,291.978630136986,283.668767123288,0,50.9337808219179
-119.0970001,38.1355019,1.20901639344262,272.341803278689,287.61912568306,279.980464480874,16.666667,44.2948360655738
-119.0970001,38.1445007,1.20901639344262,272.341803278689,287.61912568306,279.980464480874,10,44.2948360655738
-119.0960007,38.1692009,1.20901639344262,272.341803278689,287.61912568306,279.980464480874,0,44.2948360655738
-119.0960007,38.4765015,0.878082191780823,275.609863013699,289.845753424658,282.727808219178,0,49.2400547945206
-119.0950012,38.4701004,0.878082191780823,275.609863013699,289.845753424658,282.727808219178,0,49.2400547945206
-119.0940018,38.1390991,1.20901639344262,272.341803278689,287.61912568306,279.980464480874,58.666667,44.2948360655738
-119.0930023,38.1169014,1.05642637922,273.131848940789,288.821298375627,280.976573658208,1.3333335,46.0878325847743
-119.0930023,38.1291008,1.10874316939891,273.150273224044,288.85218579235,281.001229508197,4,46.1322131147542
-119.0930023,38.1375008,1.20901639344262,272.341803278689,287.61912568306,279.980464480874,81.333333,44.2948360655738
-119.0930023,38.1375999,1.20901639344262,272.341803278689,287.61912568306,279.980464480874,74.666667,44.2948360655738
-119.0930023,38.1394005,1.20901639344262,272.341803278689,287.61912568306,279.980464480874,26.666667,44.2948360655738
-119.0930023,38.1674004,1.20901639344262,272.341803278689,287.61912568306,279.980464480874,0,44.2948360655738
-119.0879974,38.1251984,1.0041095890411,273.113424657534,288.790410958904,280.951917808219,0.666667,46.0434520547945
-119.0879974,38.1282997,1.10874316939891,273.150273224044,288.85218579235,281.001229508197,1.333333,46.1322131147542
-119.0879974,38.4257011,0.689071038251366,275.256284153005,292.024316939891,283.640300546448,0,50.8825409836066
-119.0830002,38.1170998,1.10874316939891,273.150273224044,288.85218579235,281.001229508197,0.666667,46.1322131147542
-119.0790024,38.1193008,0.963988322479228,273.578247623325,290.366101130324,281.972174376825,1.3333335,47.8799138782843
-119.0770035,38.1155014,0.93945205479452,273.477260273973,290.28602739726,281.881643835616,0,47.7169589041096
-119.0709991,38.4208984,0.738524590163935,275.715846994536,291.850546448087,283.783196721311,8.666667,51.1397540983607
-119.0680008,38.4137993,0.851092896174864,274.575956284153,290.728961748634,282.652459016393,4,49.1044262295082
-119.0670013,38.4136009,0.871780821917808,274.658356164384,290.648493150685,282.653424657534,0,49.1061643835618
-119.0660019,40.7776985,0.337808219178082,275.785205479452,293.378356164384,284.581780821918,10,52.5772054794521
-119.0650024,38.4164009,0.851092896174864,274.575956284153,290.728961748634,282.652459016393,7.333333,49.1044262295082
-119.0599976,38.4155006,0.871780821917808,274.658356164384,290.648493150685,282.653424657534,0,49.1061643835618
-119.052929,37.908544,1.1641095890411,274.355342465753,290.634794520548,282.495068493151,0,48.8211232876713
-119.0459976,40.1328011,0.533879781420765,277.801366120219,291.739890710382,284.7706284153,12,52.917131147541
-119.0199966,38.4263992,0.517260273972603,274.71698630137,292.042465753425,283.379726027397,3,50.4135068493152
-119.018437,43.451322,0.935890410958904,273.37698630137,290.293150684932,281.835068493151,37.5,47.6331232876713
-119.0110016,38.3499985,0.913661202185792,273.684699453552,289.796174863388,281.74043715847,0,47.4627868852459
-119.0110016,38.3516006,0.745832272874716,272.983301644335,289.060551438481,281.021926541408,0.444444666666667,46.169467774534
-119.0059967,38.3515015,0.622465753424658,274.39397260274,290.268767123288,282.331369863014,3.333333,48.5264657534247
-119.0049973,38.4676018,0.661643835616439,276.164383561644,290.961095890411,283.562739726027,0,50.7429315068494
-119.0039978,38.3534012,0.74945205479452,274.329315068493,289.929178082192,282.129246575342,1,48.1626438356164
-119.0019989,38.4785004,0.661643835616439,276.164383561644,290.961095890411,283.562739726027,0.666667,50.7429315068494
-119.0009995,38.351799,0.913661202185792,273.684699453552,289.796174863388,281.74043715847,0,47.4627868852459
-119,38.3566017,0.768063477805225,274.039336028146,290.032470993338,282.035903510742,0.3333335,47.9946263193353
-118.9980011,38.3432007,0.447397260273972,271.000547945205,287.795890410959,279.398219178082,0,43.246794520548
-118.9980011,38.3507004,0.74945205479452,274.329315068493,289.929178082192,282.129246575342,1.666667,48.1626438356164
-118.9980011,38.3623009,0.745832272874716,272.983301644335,289.060551438481,281.021926541408,0,46.169467774534
-118.997993,42.719719,0.832054794520548,274.053698630137,290.966849315068,282.510273972603,37.5,48.8484931506849
-118.9960022,38.3497009,0.661917808219177,272.632602739726,288.692739726027,280.662671232877,0,45.5228082191782
-118.9960022,38.3567009,0.661917808219177,272.632602739726,288.692739726027,280.662671232877,0,45.5228082191782
-118.9950027,38.3581009,0.575890410958904,275.122739726027,291.427397260274,283.275068493151,1.333333,50.2251232876713
-118.9950027,38.360199,0.717945205479452,274.974520547945,291.087945205479,283.031232876712,0.3333335,49.7862191780822
-118.9940033,38.3451004,0.761508096913442,274.827367068393,291.042965291813,282.935166180103,0,49.613299124186
-118.9940033,38.3522987,0.575890410958904,275.122739726027,291.427397260274,283.275068493151,0.666667,50.2251232876713
-118.9929962,38.3568993,0.62486488509619,273.25502320533,289.904173965117,281.579598585223,0.3333335,47.1732774534022
-118.9919968,38.3480988,0.848633879781421,274.53306010929,290.953005464481,282.743032786885,0,49.2674590163935
-118.9919968,38.3558006,0.63054794520548,273.401643835616,289.801917808219,281.601780821918,0,47.2132054794521
-118.991262,42.720604,0.92904109589041,275.470136986301,290.473698630137,282.971917808219,15,49.6794520547946
-118.9909973,38.3526001,0.488493150684931,273.549863013699,290.141369863014,281.845616438356,0,47.6521095890411
-118.9899979,38.3582001,0.848633879781421,274.53306010929,290.953005464481,282.743032786885,0,49.2674590163935
-118.983653,43.438269,0.952876712328766,273.294520547945,290.277534246575,281.78602739726,15,47.5448493150684
-118.9800034,40.0387001,0.438524590163934,277.234699453552,292.730054644809,284.98237704918,2,53.2982786885246
-118.970203,41.912898,0.604383561643836,275.157260273973,291.44602739726,283.301643835616,15,50.2729589041097
-118.9599991,43.7137985,1.19479452054795,272.375068493151,287.593150684932,279.984109589041,7,44.301397260274
-118.9589996,43.7109985,0.945205479452054,272.632602739726,288.099726027397,280.366164383562,0.3,44.9890958904111
-118.9589996,43.7140999,1.19479452054795,272.375068493151,287.593150684932,279.984109589041,2.3,44.301397260274
-118.9589996,43.7151985,1.19479452054795,272.375068493151,287.593150684932,279.984109589041,9.3,44.301397260274
-118.9589996,43.7174988,1.19479452054795,272.375068493151,287.593150684932,279.984109589041,5,44.301397260274
-118.9580002,43.7126999,1.19479452054795,272.375068493151,287.593150684932,279.984109589041,1.7,44.301397260274
-118.9459991,40.1055984,0.40792349726776,276.795081967213,293.229781420765,285.012431693989,7,53.3523770491804
-118.9449997,40.0694008,0.413934426229508,276.977595628415,293.107650273224,285.04262295082,1,53.4067213114755
-118.9440002,41.5684013,0.744808743169398,275.248360655738,286.975956284153,281.112158469945,0,46.3318852459017
-118.9440002,41.5712013,0.744808743169398,275.248360655738,286.975956284153,281.112158469945,0,46.3318852459017
-118.9430008,41.5695,0.744808743169398,275.248360655738,286.975956284153,281.112158469945,0,46.3318852459017
-118.9430008,41.571701,0.744808743169398,275.248360655738,286.975956284153,281.112158469945,0,46.3318852459017
-118.9420013,41.5704002,0.744808743169398,275.248360655738,286.975956284153,281.112158469945,0,46.3318852459017
-118.941603,43.139899,0.783835616438357,273.527123287671,290.419452054795,281.973287671233,37.5,47.8819178082193
-118.9319992,40.0803986,0.413934426229508,276.977595628415,293.107650273224,285.04262295082,0,53.4067213114755
-118.9189987,40.0920982,0.40792349726776,276.795081967213,293.229781420765,285.012431693989,0,53.3523770491804
-118.9140015,38.4389,0.494520547945205,274.733424657534,291.457534246575,283.095479452055,0,49.9018630136987
-118.908092,46.053531,0.586849315068493,279.650136986301,293.367397260274,286.508767123288,62.5,56.0457808219179
-118.9059982,38.4556999,0.481917808219178,276.595342465753,290.695616438356,283.645479452055,0,50.8918630136987
-118.9049988,38.4177017,0.712841530054644,275.693989071038,291.495901639344,283.594945355191,0,50.8009016393443
-118.901001,38.4446983,0.479508196721312,274.60732390149,290.097718017816,282.352520959653,0,48.5645377273749
-118.8990021,37.7492981,1.43342465753424,272.814794520548,290.321095890411,281.567945205479,0,47.152301369863
-118.889207,42.934271,1.04301369863014,274.88301369863,290.581369863014,282.732191780822,37.5,49.2479452054796
-118.8889999,37.7505989,1.43342465753424,272.814794520548,290.321095890411,281.567945205479,0,47.152301369863
-118.8889999,38.266201,1.10493150684932,275.123287671233,287.184109589041,281.153698630137,0,46.4066575342466
-118.8889999,38.2719002,0.668493150684932,275.388493150685,287.698904109589,281.543698630137,0,47.1086575342466
-118.888899,42.488843,0.856986301369863,275.561369863014,290.636438356164,283.098904109589,37.5,49.9080273972603
-118.887913,42.489821,0.856986301369863,275.561369863014,290.636438356164,283.098904109589,37.5,49.9080273972603
-118.8850021,38.4411011,0.481917808219178,276.595342465753,290.695616438356,283.645479452055,0,50.8918630136987
-118.8840027,38.2722015,0.886712328767124,275.255890410959,287.441506849315,281.348698630137,2,46.7576575342466
-118.8820038,38.4183998,0.408356164383562,274.925890410959,291.36095890411,283.143424657534,0,49.9881643835617
-118.8809967,38.2775002,1.10493150684932,275.123287671233,287.184109589041,281.153698630137,21.333333,46.4066575342466
-118.8799973,39.8666992,0.297534246575343,277.385479452055,294.252876712329,285.819178082192,1,54.8045205479453
-118.8779984,38.2504997,0.645479452054795,274.683561643836,287.666849315068,281.175205479452,8,46.4453698630138
-118.8759995,38.2793007,0.668493150684932,275.388493150685,287.698904109589,281.543698630137,0,47.1086575342466
-118.8740005,38.2728004,1.10493150684932,275.123287671233,287.184109589041,281.153698630137,0,46.4066575342466
-118.8710022,37.7338982,1.43342465753424,272.814794520548,290.321095890411,281.567945205479,0,47.152301369863
-118.8710022,37.7388,1.43342465753424,272.814794520548,290.321095890411,281.567945205479,0,47.152301369863
-118.8690033,38.4434013,0.512876712328767,276.040547945206,289.780273972603,282.910410958904,0,49.5687397260274
-118.8639984,38.2462997,0.595890410958904,274.596438356164,289.36,281.978219178082,5.333333,47.890794520548
-118.862999,38.4309998,0.317534246575343,272.554794520548,289.109589041096,280.832191780822,0,45.8279452054795
-118.8610001,41.428299,0.547671232876712,276.794794520548,292.099452054795,284.447123287671,10,52.3348219178083
-118.8600006,38.4500999,0.512876712328767,276.040547945206,289.780273972603,282.910410958904,0,49.5687397260274
-118.8580017,37.7198982,1.23013698630137,273.276438356164,290.777534246575,282.02698630137,0,47.9785753424658
-118.8539963,38.4542999,0.691803278688525,275.169945355191,289.21912568306,282.194535519126,0,48.2801639344263
-118.848999,38.4578018,0.504668762631934,273.86236993787,289.164357362078,281.513363649974,0,47.0540545699529
-118.8430023,38.2509003,0.595890410958904,274.596438356164,289.36,281.978219178082,0,47.890794520548
-118.8420029,38.2414017,0.595890410958904,274.596438356164,289.36,281.978219178082,0,47.890794520548
-118.8410034,38.2849998,0.38958904109589,271.877260273973,286.66,279.268630136986,0,43.0135342465754
-118.8410034,40.7901001,0.270684931506849,275.242191780822,293.17095890411,284.206575342466,6,51.9018356164383
-118.8399963,38.3675003,0.490290066621753,274.451954861891,290.642951942511,282.547453402201,0,48.9154161239614
-118.8379974,38.2456017,0.595890410958904,274.596438356164,289.36,281.978219178082,0,47.890794520548
-118.8349991,37.722599,1.23013698630137,273.276438356164,290.777534246575,282.02698630137,0,47.9785753424658
-118.8290024,38.5970993,1.26120218579235,273.739344262295,286.585245901639,280.162295081967,58,44.622131147541
-118.8290024,38.6207008,1.26120218579235,273.739344262295,286.585245901639,280.162295081967,27.1341465,44.622131147541
-118.8290024,38.6225014,1.34575342465754,274.595890410959,286.658356164384,280.627123287671,6,45.4588219178082
-118.8290024,38.6240005,1.34575342465754,274.595890410959,286.658356164384,280.627123287671,14,45.4588219178082
-118.8290024,38.6241989,1.26120218579235,273.739344262295,286.585245901639,280.162295081967,42,44.622131147541
-118.8280029,38.5713005,1.41890410958904,272.424383561644,284.359452054795,278.391917808219,0,41.4354520547946
-118.8270035,38.5704994,1.41890410958904,272.424383561644,284.359452054795,278.391917808219,0,41.4354520547946
-118.8270035,38.5904007,1.26120218579235,273.739344262295,286.585245901639,280.162295081967,2.439024,44.622131147541
-118.8270035,38.5937996,1.26120218579235,273.739344262295,286.585245901639,280.162295081967,0,44.622131147541
-118.8270035,38.5942993,1.26120218579235,273.739344262295,286.585245901639,280.162295081967,0,44.622131147541
-118.8270035,38.6236,1.26120218579235,273.739344262295,286.585245901639,280.162295081967,0,44.622131147541
-118.8259964,38.5708008,1.36092896174863,271.151639344262,284.334426229508,277.743032786885,0,40.2674590163935
-118.8259964,38.5718002,1.36092896174863,271.151639344262,284.334426229508,277.743032786885,33,40.2674590163935
-118.8259964,38.5718994,1.36092896174863,271.151639344262,284.334426229508,277.743032786885,29.268293,40.2674590163935
-118.8259964,38.5942001,1.26120218579235,273.739344262295,286.585245901639,280.162295081967,0,44.622131147541
-118.8239975,38.5778999,1.36092896174863,271.151639344262,284.334426229508,277.743032786885,0,40.2674590163935
-118.8239975,38.5789986,1.36092896174863,271.151639344262,284.334426229508,277.743032786885,21.95122,40.2674590163935
-118.8239975,38.5817986,1.36092896174863,271.151639344262,284.334426229508,277.743032786885,0,40.2674590163935
-118.8219986,40.0619011,0.524316939890711,278.933333333333,291.601912568306,285.26762295082,0,53.8117213114755
-118.8199997,38.5491982,1.36092896174863,271.151639344262,284.334426229508,277.743032786885,25.695122,40.2674590163935
-118.819035,42.343761,1.14246575342466,276.713424657534,289.710684931507,283.212054794521,37.5,50.111698630137
-118.813706,42.345743,1.14246575342466,276.713424657534,289.710684931507,283.212054794521,37.5,50.111698630137
-118.813608,41.880538,0.673698630136987,276.140273972603,292.572054794521,284.356164383562,0,52.1710958904111
-118.810997,38.5253983,1.38904109589041,273.049863013699,284.907123287671,278.978493150685,0,42.4912876712329
-118.810997,38.5265007,1.38904109589041,273.049863013699,284.907123287671,278.978493150685,0,42.4912876712329
-118.810997,38.5265999,1.3792349726776,271.908469945355,284.874863387978,278.391666666667,0,41.435
-118.8089981,38.5318985,1.38904109589041,273.049863013699,284.907123287671,278.978493150685,0,42.4912876712329
-118.8089981,38.5325012,1.3792349726776,271.908469945355,284.874863387978,278.391666666667,0,41.435
-118.8089981,38.5327988,1.38904109589041,273.049863013699,284.907123287671,278.978493150685,0,42.4912876712329
-118.8079987,38.5335007,1.3792349726776,271.908469945355,284.874863387978,278.391666666667,0,41.435
-118.8040009,38.6455994,0.741530054644808,276.018579234973,289.968852459016,282.993715846995,62,49.7186885245902
-118.802002,38.6455002,0.741530054644808,276.018579234973,289.968852459016,282.993715846995,48,49.7186885245902
-118.8010025,37.7588997,1.3586301369863,274.418904109589,286.696712328767,280.557808219178,0,45.3340547945207
-118.8010025,38.6455002,0.741530054644808,276.018579234973,289.968852459016,282.993715846995,0,49.7186885245902
-118.8000031,38.5606995,1.36092896174863,271.151639344262,284.334426229508,277.743032786885,0,40.2674590163935
-118.7959976,38.5396996,1.3792349726776,271.908469945355,284.874863387978,278.391666666667,0,41.435
-118.7939987,38.5656013,1.36092896174863,271.151639344262,284.334426229508,277.743032786885,0,40.2674590163935
-118.7929993,37.7580986,1.3586301369863,274.418904109589,286.696712328767,280.557808219178,0.666667,45.3340547945207
-118.7929993,38.5662003,1.36092896174863,271.151639344262,284.334426229508,277.743032786885,0,40.2674590163935
-118.7860031,40.8241005,0.256986301369863,275.304109589041,293.021095890411,284.162602739726,15,51.8226849315069
-118.7850037,37.7610016,1.25808219178082,274.658904109589,285.999726027397,280.329315068493,0,44.9227671232878
-118.7549973,38.4450989,1.31939890710382,272.749180327869,285.71912568306,279.234153005464,0,42.9514754098361
-118.7549973,40.081501,0.438904109589041,278.337260273973,290.744109589041,284.540684931507,3,52.5032328767124
-118.7509995,38.4426003,1.31939890710382,272.749180327869,285.71912568306,279.234153005464,0,42.9514754098361
-118.7440033,39.8451996,0.188493150684931,275.710136986301,293.865479452055,284.787808219178,0,52.9480547945206
-118.7440033,39.8525009,0.188493150684931,275.710136986301,293.865479452055,284.787808219178,1,52.9480547945206
-118.7360001,40.0723,0.527049180327869,279.519945355191,291.339617486339,285.429781420765,2,54.1036065573771
-118.7330017,38.6114006,0.422131147540984,278.357650273224,295.491256830601,286.924453551913,2,56.7940163934428
-118.7129974,40.073101,0.356164383561644,278.449315068493,291.764657534247,285.10698630137,25,53.5225753424657
-118.7099991,37.7229996,1.02027397260274,274.153424657534,289.399178082192,281.776301369863,0,47.5273424657534
-118.6989975,40.0709,0.466939890710382,277.079234972678,292.706557377049,284.892896174863,3,53.1372131147541
-118.684004,41.943896,0.795068493150685,277.050410958904,292.013424657534,284.531917808219,37.5,52.4874520547946
-118.6640015,39.8758011,0.183013698630137,275.511506849315,293.952328767123,284.731917808219,30,52.8474520547946
-118.663666,42.253278,0.792602739726027,277.631232876712,291.113150684931,284.372191780822,37.5,52.1999452054795
-118.663002,39.8731003,0.183013698630137,275.511506849315,293.952328767123,284.731917808219,0,52.8474520547946
-118.659454,42.254545,0.608767123287671,277.47698630137,292.143561643836,284.810273972603,37.5,52.9884931506849
-118.6500015,38.3333015,0.739071038251366,274.548907103825,288.623770491803,281.586338797814,7,47.1854098360655
-118.6380005,38.3294983,0.739071038251366,274.548907103825,288.623770491803,281.586338797814,14.634146,47.1854098360655
-118.631989,42.004661,1.15780821917808,277.415342465753,289.306575342466,283.36095890411,37.5,50.3797260273973
-118.6220016,41.9355011,0.370958904109589,274.934520547945,290.92904109589,282.931780821918,60,49.6072054794521
-118.6149979,40.8942986,0.251232876712329,275.262465753425,292.614794520548,283.938630136986,5,51.4195342465753
-118.6100006,40.8947983,0.251232876712329,275.262465753425,292.614794520548,283.938630136986,15,51.4195342465753
-118.5830002,41.8704987,0.434520547945206,275.038356164384,290.010410958904,282.524383561644,30,48.873890410959
-118.5820007,41.847599,0.434520547945206,275.038356164384,290.010410958904,282.524383561644,40,48.873890410959
-118.5820007,41.8704987,0.434520547945206,275.038356164384,290.010410958904,282.524383561644,35,48.873890410959
-118.5790024,41.8702011,0.458904109589041,274.869315068493,290.048493150685,282.458904109589,20,48.7560273972604
-118.5780029,41.8471985,0.458904109589041,274.869315068493,290.048493150685,282.458904109589,25,48.7560273972604
-118.538415,43.693511,0.977534246575342,275.341643835616,289.032876712329,282.187260273973,2.5,48.2670684931507
-118.5250015,41.7355003,0.347671232876712,274.261095890411,291.105479452055,282.683287671233,35,49.1599178082192
-118.4950027,41.6907997,0.376438356164383,274.581643835616,291.091506849315,282.836575342466,30,49.4358356164383
-118.4940033,41.6910019,0.376438356164383,274.581643835616,291.091506849315,282.836575342466,25,49.4358356164383
-118.4690018,41.6599007,0.290958904109589,273.969315068493,291.844657534247,282.90698630137,15,49.5625753424658
-118.4550018,41.5311012,0.403561643835617,275.08301369863,292.781917808219,283.932465753425,15,51.4084383561644
-118.4489975,40.0155983,0.349041095890411,276.57095890411,292.56602739726,284.568493150685,7,52.553287671233
-118.3919983,41.0159988,0.309589041095891,274.607945205479,292.870684931507,283.739315068493,0,51.0607671232877
-118.3720016,41.2019005,0.315068493150685,274.319452054795,292.300273972603,283.309863013699,12,50.2877534246576
-118.371581,43.794911,0.851232876712328,274.243561643836,290.882739726027,282.563150684932,37.5,48.9436712328768
-118.3710022,41.1985016,0.315068493150685,274.319452054795,292.300273972603,283.309863013699,10,50.2877534246576
-118.357421,40.239661,0.344383561643836,275.819178082192,291.299726027397,283.559452054795,37.5,50.7370136986302
-118.350207,39.274605,0.245753424657534,274.33397260274,292.090136986301,283.212054794521,37.5,50.111698630137
-118.3000031,40.2192993,0.51917808219178,277.9,291.438082191781,284.66904109589,5,52.7342739726028
-118.2860031,40.2130013,0.602739726027397,277.393424657534,291.107397260274,284.250410958904,60,51.9807397260275
-118.2860031,40.2131996,0.602739726027397,277.393424657534,291.107397260274,284.250410958904,20,51.9807397260275
-118.2809982,40.3269005,0.419178082191781,275.622191780822,292.764383561644,284.193287671233,30,51.8779178082193
-118.2799988,40.4653015,0.453972602739726,275.117808219178,293.04301369863,284.080410958904,15,51.6747397260274
-118.2789993,40.5125008,0.431232876712329,275.437808219178,292.863287671233,284.150547945205,80,51.8009863013699
-118.2710037,41.2975998,0.325753424657534,273.924657534247,292.316438356164,283.120547945205,17,49.9469863013699
-118.2669983,40.4510994,0.447123287671233,274.680547945205,293.246301369863,283.963424657534,50,51.4641643835617
-118.2639999,41.3846016,0.332602739726027,273.849315068493,292.184383561644,283.016849315068,18,49.7603287671233
-118.262001,41.3847008,0.332602739726027,273.849315068493,292.184383561644,283.016849315068,35,49.7603287671233
-118.2409973,37.8595009,0.282465753424657,273.104383561644,289.736712328767,281.420547945205,0,46.8869863013699
-118.2300034,37.8778992,0.282465753424657,273.104383561644,289.736712328767,281.420547945205,0,46.8869863013699
-118.225672,43.785901,0.921917808219178,275.275890410959,290.91397260274,283.094931506849,37.5,49.9008767123288
-118.2160034,37.8693008,0.282465753424657,273.104383561644,289.736712328767,281.420547945205,0,46.8869863013699
-118.1809998,40.1077003,0.320821917808219,274.549589041096,293.418356164384,283.98397260274,15,51.5011506849316
-118.1529999,37.8459015,0.248219178082192,276.392328767123,293.675068493151,285.033698630137,0,53.3906575342466
-118.131886,43.768858,0.852876712328768,276.045753424658,292.347123287671,284.196438356164,37.5,51.8835890410959
-118.130663,43.768719,0.852876712328768,276.045753424658,292.347123287671,284.196438356164,37.5,51.8835890410959
-118.1289978,40.0307007,0.527322404371585,276.93306010929,292.374043715847,284.653551912568,18,52.706393442623
-118.1019974,39.9911995,0.36027397260274,277.20301369863,292.435890410959,284.819452054795,10,53.0050136986302
-118.0889969,38.6399002,0.506027397260274,276.639452054795,292.287397260274,284.463424657534,4,52.3641643835617
-118.0709991,41.7008018,0.774794520547946,277.007397260274,290.52904109589,283.768219178082,25,51.112794520548
-118.0579987,41.5667992,0.864109589041096,274.404931506849,287.539452054795,280.972191780822,57.333333,46.0799452054796
-118.0569992,41.5988007,1.00684931506849,274.279452054794,287.005753424658,280.642602739726,56,45.4866849315069
-118.0569992,41.5998993,1.00684931506849,274.279452054794,287.005753424658,280.642602739726,42.666667,45.4866849315069
-118.0559998,41.5489006,0.864109589041096,274.404931506849,287.539452054795,280.972191780822,79.333333,46.0799452054796
-118.0559998,41.5675011,0.864109589041096,274.404931506849,287.539452054795,280.972191780822,46.666667,46.0799452054796
-118.0559998,41.5694008,0.864109589041096,274.404931506849,287.539452054795,280.972191780822,50,46.0799452054796
-118.0559998,41.6016006,1.00684931506849,274.279452054794,287.005753424658,280.642602739726,48,45.4866849315069
-118.055575,40.623847,0.42,274.542191780822,291.007397260274,282.774794520548,37.5,49.3246301369864
-118.0550003,41.5657997,0.864109589041096,274.404931506849,287.539452054795,280.972191780822,33.333333,46.0799452054796
-118.0550003,41.5979996,1.00684931506849,274.279452054794,287.005753424658,280.642602739726,48.666667,45.4866849315069
-118.0550003,41.5992012,1.00684931506849,274.279452054794,287.005753424658,280.642602739726,64.666667,45.4866849315069
-118.0550003,41.6006012,1.00684931506849,274.279452054794,287.005753424658,280.642602739726,64,45.4866849315069
-118.0540009,41.5480003,0.864109589041096,274.404931506849,287.539452054795,280.972191780822,33.333333,46.0799452054796
-118.0540009,41.5802994,0.864109589041096,274.404931506849,287.539452054795,280.972191780822,47.333333,46.0799452054796
-118.0540009,41.5811996,0.864109589041096,274.404931506849,287.539452054795,280.972191780822,61.333333,46.0799452054796
-118.053033,39.290372,0.278356164383561,272.20301369863,291.983561643836,282.093287671233,37.5,48.0979178082192
-118.0530014,41.5667,0.864109589041096,274.404931506849,287.539452054795,280.972191780822,50.666667,46.0799452054796
-118.052002,41.5685005,0.864109589041096,274.404931506849,287.539452054795,280.972191780822,59.333333,46.0799452054796
-118.052002,41.5822983,0.864109589041096,274.404931506849,287.539452054795,280.972191780822,62.666667,46.0799452054796
-118.052002,41.6026993,1.00684931506849,274.279452054794,287.005753424658,280.642602739726,32.666667,45.4866849315069
-118.0510025,41.5588989,0.864109589041096,274.404931506849,287.539452054795,280.972191780822,52.666667,46.0799452054796
-118.0510025,41.580101,0.864109589041096,274.404931506849,287.539452054795,280.972191780822,10,46.0799452054796
-118.0510025,41.5811996,0.864109589041096,274.404931506849,287.539452054795,280.972191780822,24,46.0799452054796
-118.0510025,41.6212006,1.00684931506849,274.279452054794,287.005753424658,280.642602739726,31.333333,45.4866849315069
-118.0500031,41.5867996,0.864109589041096,274.404931506849,287.539452054795,280.972191780822,48.666667,46.0799452054796
-118.0490036,41.5578003,0.864109589041096,274.404931506849,287.539452054795,280.972191780822,50,46.0799452054796
-118.0490036,41.5597992,0.864109589041096,274.404931506849,287.539452054795,280.972191780822,28.666667,46.0799452054796
-118.0490036,41.5730019,0.864109589041096,274.404931506849,287.539452054795,280.972191780822,44,46.0799452054796
-118.0490036,41.5756989,0.864109589041096,274.404931506849,287.539452054795,280.972191780822,44.666667,46.0799452054796
-118.048323,40.698484,0.415342465753425,273.658904109589,291.465205479452,282.562054794521,15,48.9416986301371
-118.0469971,41.6109009,1.00684931506849,274.279452054794,287.005753424658,280.642602739726,23.333333,45.4866849315069
-118.0459976,41.5830002,0.864109589041096,274.404931506849,287.539452054795,280.972191780822,52.666667,46.0799452054796
-118.0449982,41.6170998,1.00684931506849,274.279452054794,287.005753424658,280.642602739726,25.333333,45.4866849315069
-118.0449982,41.6297989,1.15150684931507,274.746575342466,285.998082191781,280.372328767123,0.666667,45.000191780822
-118.0400009,40.6939011,0.396438356164383,274.46301369863,292.971506849315,283.717260273973,40,51.0210684931508
-118.0390015,40.6907997,0.396438356164383,274.46301369863,292.971506849315,283.717260273973,50,51.0210684931508
-118.038002,40.6952019,0.396438356164383,274.46301369863,292.971506849315,283.717260273973,75,51.0210684931508
-118.0360031,41.549099,0.826849315068495,275.352054794521,287.801369863014,281.576712328767,58,47.1680821917809
-118.0360031,41.6189995,0.97945205479452,275.203835616438,286.962739726027,281.083287671233,28,46.2799178082192
-118.0350037,41.5479012,0.826849315068495,275.352054794521,287.801369863014,281.576712328767,15.333333,47.1680821917809
-118.0350037,41.6318016,1.13452054794521,275.059178082192,286.168767123288,280.61397260274,28,45.4351506849316
-118.0329971,41.6323013,1.13452054794521,275.059178082192,286.168767123288,280.61397260274,16,45.4351506849316
-118.0289993,41.6162987,0.97945205479452,275.203835616438,286.962739726027,281.083287671233,26,46.2799178082192
-118.0220032,41.5461998,0.826849315068495,275.352054794521,287.801369863014,281.576712328767,36.666667,47.1680821917809
-118.0220032,41.5474014,0.826849315068495,275.352054794521,287.801369863014,281.576712328767,22.666667,47.1680821917809
-118.0199966,41.5469017,0.826849315068495,275.352054794521,287.801369863014,281.576712328767,36,47.1680821917809
-118.0199966,41.5477982,0.826849315068495,275.352054794521,287.801369863014,281.576712328767,29.333333,47.1680821917809
-118.0189972,41.5477982,0.826849315068495,275.352054794521,287.801369863014,281.576712328767,31.333333,47.1680821917809
-118.0179977,41.5458984,0.826849315068495,275.352054794521,287.801369863014,281.576712328767,52,47.1680821917809
-118.0130005,40.0735016,0.515846994535519,276.36912568306,292.678142076503,284.523633879781,29,52.4725409836066
-118.012001,40.0868988,0.515846994535519,276.36912568306,292.678142076503,284.523633879781,22,52.4725409836066
-117.9860001,40.6860008,0.42082191780822,274.551780821918,292.451780821918,283.501780821918,35,50.6332054794521
-117.9850006,40.6888008,0.42082191780822,274.551780821918,292.451780821918,283.501780821918,25,50.6332054794521
-117.9810028,40.8236008,0.423561643835617,275.308219178082,292.081369863014,283.694794520548,60,50.9806301369863
-117.9789963,40.0999985,0.492622950819672,275.761475409836,293.099180327869,284.430327868852,32,52.3045901639345
-117.9769974,40.8226013,0.423561643835617,275.308219178082,292.081369863014,283.694794520548,40,50.9806301369863
-117.9700012,38.7585983,0.447397260273972,277.509589041096,293.776164383562,285.642876712329,6,54.4871780821918
-117.9690018,40.104599,0.32027397260274,274.571506849315,293.794794520548,284.183150684932,25,51.8596712328768
-117.9570007,40.1297989,0.323287671232877,274.664657534247,293.862739726027,284.263698630137,5,52.0046575342467
-117.9380035,41.6166,0.664931506849315,274.636164383562,292.645205479452,283.640684931507,2,50.8832328767123
-117.9250031,40.0410995,0.514246575342466,275.666849315068,290.147397260274,282.907123287671,20,49.5628219178082
-117.9229965,40.0908012,0.387397260273973,275.458356164384,293.37205479452,284.415205479452,17,52.2773698630137
-117.9179993,40.0475006,0.537808219178082,277.063561643836,291.538904109589,284.301232876712,10,52.0722191780822
-117.9140015,40.0792999,0.537808219178082,277.063561643836,291.538904109589,284.301232876712,20,52.0722191780822
-117.9110031,40.0588989,0.482465753424657,276.750136986301,291.298356164384,284.024246575342,15,51.5736438356164
-117.9100037,40.0643005,0.482465753424657,276.750136986301,291.298356164384,284.024246575342,0,51.5736438356164
-117.9079971,40.0663986,0.482465753424657,276.750136986301,291.298356164384,284.024246575342,50,51.5736438356164
-117.8980026,40.1819992,0.39013698630137,274.648767123288,293.654794520548,284.151780821918,35,51.803205479452
-117.8799973,39.9469986,0.45013698630137,277.163561643836,295.554520547945,286.35904109589,2,55.7762739726029
-117.876906,42.559775,0.452602739726027,273.639452054795,290.252602739726,281.94602739726,37.5,47.8328493150686
-117.875444,42.559075,0.452602739726027,273.639452054795,290.252602739726,281.94602739726,37.5,47.8328493150686
-117.8730011,40.1952019,0.39013698630137,274.648767123288,293.654794520548,284.151780821918,20,51.803205479452
-117.866389,42.660928,0.44,273.659178082192,290.682739726027,282.17095890411,62.5,48.2377260273973
-117.865351,42.715504,0.437808219178082,273.767123287671,291.086849315068,282.42698630137,37.5,48.6985753424658
-117.865294,42.660711,0.44,273.659178082192,290.682739726027,282.17095890411,62.5,48.2377260273973
-117.8649979,39.5074997,0.421917808219178,274.458630136986,290.786301369863,282.622465753425,15,49.0504383561644
-117.8649979,39.5084991,0.421917808219178,274.458630136986,290.786301369863,282.622465753425,35,49.0504383561644
-117.862193,42.421451,0.459726027397261,273.870410958904,290.584383561644,282.227397260274,37.5,48.3393150684932
-117.861598,42.421289,0.459726027397261,273.870410958904,290.584383561644,282.227397260274,37.5,48.3393150684932
-117.860477,42.730458,0.437808219178082,273.767123287671,291.086849315068,282.42698630137,62.5,48.6985753424658
-117.859821,42.730092,0.437808219178082,273.767123287671,291.086849315068,282.42698630137,37.5,48.6985753424658
-117.850498,39.391875,0.500273972602739,272.462191780822,290.706301369863,281.584246575342,37.5,47.1816438356165
-117.8379974,40.2125015,0.488493150684932,277.874520547945,292.088493150685,284.981506849315,50,53.2967123287672
-117.822054,42.318422,0.508767123287671,274.95095890411,288.952602739726,281.951780821918,37.5,47.8432054794522
-117.821108,42.319137,0.508767123287671,274.95095890411,288.952602739726,281.951780821918,37.5,47.8432054794522
-117.8130035,39.4053001,0.614520547945206,273.787123287671,289.295068493151,281.541095890411,0,47.1039726027397
-117.8119965,40.2214012,0.48986301369863,276.696712328767,290.981917808219,283.839315068493,20,51.2407671232878
-117.810997,39.4080009,0.614520547945206,273.787123287671,289.295068493151,281.541095890411,2.666667,47.1039726027397
-117.810997,40.2192993,0.48986301369863,276.696712328767,290.981917808219,283.839315068493,15,51.2407671232878
-117.8099976,39.4034996,0.614520547945206,273.787123287671,289.295068493151,281.541095890411,2.666667,47.1039726027397
-117.8099976,39.4085007,0.614520547945206,273.787123287671,289.295068493151,281.541095890411,16,47.1039726027397
-117.8079987,39.4071007,0.614520547945206,273.787123287671,289.295068493151,281.541095890411,10,47.1039726027397
-117.7929993,40.2220001,0.48986301369863,276.696712328767,290.981917808219,283.839315068493,0,51.2407671232878
-117.7770004,39.2363014,0.852054794520548,275.181369863014,290.398904109589,282.790136986301,0,49.3522465753425
-117.7750015,41.6744003,0.70027397260274,275.21095890411,291.725205479452,283.468082191781,65,50.5725479452055
-117.771308,42.784004,0.424383561643836,273.436712328767,291.110410958904,282.273561643836,37.5,48.4224109589041
-117.770722,42.208026,0.454246575342466,271.95095890411,289.32,280.635479452055,62.5,45.4738630136987
-117.769783,41.539986,0.787704918032787,274.687158469945,291.58825136612,283.137704918033,7,49.9778688524591
-117.7649994,40.1939011,0.677808219178082,279.006849315069,292.68301369863,285.844931506849,0,54.8508767123288
-117.762083,41.535894,0.787704918032787,274.687158469945,291.58825136612,283.137704918033,13.6,49.9778688524591
-117.751901,42.140603,0.446849315068493,271.728767123288,289.583287671233,280.65602739726,62.5,45.5108493150686
-117.739633,40.986924,0.56,272.968767123288,290.56794520548,281.768356164384,37.5,47.5130410958905
-117.738682,41.024475,0.568493150684933,273.039452054795,290.408767123288,281.724109589041,37.5,47.433397260274
-117.731033,42.804351,0.442191780821918,273.319178082192,290.825753424658,282.072465753425,37.5,48.0604383561645
-117.7259979,39.2419014,0.677260273972604,271.847671232877,287.644383561644,279.74602739726,0.666667,43.8728493150685
-117.7259979,39.3744011,0.92054794520548,275.196438356164,286.805890410959,281.001164383562,6,46.132095890411
-117.7229996,39.2420998,0.677260273972604,271.847671232877,287.644383561644,279.74602739726,11.333333,43.8728493150685
-117.7220001,39.3717995,0.862739726027398,273.890410958904,286.027808219178,279.959109589041,0,44.256397260274
-117.7220001,40.9977989,0.451506849315068,274.204657534247,291.961095890411,283.082876712329,20,49.8791780821918
-117.7180023,41.8292007,0.596164383561644,275.126849315069,291.871506849315,283.499178082192,6,50.6285205479452
-117.7170029,39.3606987,1.03934426229508,272.564754098361,285.819672131148,279.192213114754,0,42.8759836065573
-117.7170029,39.3694992,1.03934426229508,272.564754098361,285.819672131148,279.192213114754,5.333333,42.8759836065573
-117.716996,42.009332,0.437534246575342,271.359452054795,289.656712328767,280.508082191781,37.5,45.2445479452055
-117.7160034,40.7664986,0.445753424657534,274.396438356164,291.996164383562,283.196301369863,95,50.0833424657535
-117.715695,42.010198,0.437534246575342,271.359452054795,289.656712328767,280.508082191781,37.5,45.2445479452055
-117.7149963,39.3661995,0.825479452054795,272.180273972603,284.597808219178,278.38904109589,0.666667,41.4302739726028
-117.711998,40.8134995,0.474794520547945,275.469863013699,291.319178082192,283.394520547945,70,50.4401369863014
-117.7109985,40.8116989,0.474794520547945,275.469863013699,291.319178082192,283.394520547945,0,50.4401369863014
-117.7089996,39.3806,1.07814207650273,272.574043715847,286.475683060109,279.524863387978,6,43.4747540983607
-117.7050018,39.3834991,0.970410958904109,274.832328767123,286.690410958904,280.761369863014,6.666667,45.7004657534246
-117.7050018,40.7335014,0.41945205479452,274.023835616438,292.348767123288,283.186301369863,25,50.0653424657535
-117.7050018,41.8814011,0.546575342465753,274.703561643836,291.945753424658,283.324657534247,25,50.3143835616439
-117.7020035,41.2905998,0.526301369863014,275.435342465753,292.230136986301,283.832739726027,30,51.2289315068494
-117.6989975,39.3819008,0.788767123287672,275.772876712329,287.834520547945,281.803698630137,0,47.5766575342466
-117.6989975,39.4501991,0.76708024552736,275.924083389475,289.21590500786,282.569994198668,14.6666665,48.9559895576017
-117.6969986,39.4533005,0.888767123287671,277.398082191781,289.848493150685,283.623287671233,0,50.8519178082193
-117.6940002,39.446701,0.810093944157497,276.45860393742,290.06891870649,283.263761321955,21.3333335,50.2047703795194
-117.6940002,39.4502983,0.810093944157497,276.45860393742,290.06891870649,283.263761321955,29,50.2047703795194
-117.6940002,39.4595985,0.888767123287671,277.398082191781,289.848493150685,283.623287671233,0,50.8519178082193
-117.6920013,41.2616005,0.373424657534246,274.050410958904,291.686301369863,282.868356164384,25,49.4930410958905
-117.6900024,37.4366989,0.315068493150685,276.152876712329,290.593424657534,283.373150684931,0,50.4016712328767
-117.6900024,39.4397011,0.843972602739726,275.432328767123,288.522739726027,281.977534246575,10.3333335,47.8895616438357
-117.6900024,39.4524994,0.888767123287671,277.398082191781,289.848493150685,283.623287671233,1.333333,50.8519178082193
-117.6880035,37.4244995,0.315068493150685,276.152876712329,290.593424657534,283.373150684931,0,50.4016712328767
-117.6880035,39.3814011,0.762602739726027,274.474383561644,287.25602739726,280.865205479452,0,45.8873698630137
-117.6880035,39.4439011,0.731420765027322,275.51912568306,290.289344262295,282.904234972678,6.666667,49.5576229508197
-117.6869965,39.3595009,0.786301369863014,274.59397260274,288.382465753425,281.488219178082,0,47.008794520548
-117.6869965,39.3669014,0.786301369863014,274.59397260274,288.382465753425,281.488219178082,0,47.008794520548
-117.6869965,39.4379005,0.843972602739726,275.432328767123,288.522739726027,281.977534246575,5,47.8895616438357
-117.685997,39.4580994,0.845753424657534,276.863561643836,288.995479452055,282.929520547945,0.3333335,49.6031369863015
-117.685997,39.4614983,0.888767123287671,277.398082191781,289.848493150685,283.623287671233,1.333333,50.8519178082193
-117.6819992,39.3608017,0.723835616438357,273.410273972603,287.517945205479,280.464109589041,0,45.165397260274
-117.6819992,39.4401016,0.843972602739726,275.432328767123,288.522739726027,281.977534246575,35.3333335,47.8895616438357
-117.6819992,39.4566002,0.76708024552736,275.924083389475,289.21590500786,282.569994198668,1.3333335,48.9559895576017
-117.677842,42.821765,0.448219178082192,273.209589041096,290.621369863014,281.915479452055,37.5,47.7778630136987
-117.677002,39.4454994,0.843972602739726,275.432328767123,288.522739726027,281.977534246575,16.3333335,47.8895616438357
-117.6729965,39.4513016,0.888767123287671,277.398082191781,289.848493150685,283.623287671233,0,50.8519178082193
-117.6679993,40.1459007,0.384657534246576,275.052602739726,294.065205479452,284.558904109589,20,52.5360273972603
-117.6669998,39.2480011,0.557534246575342,272.561095890411,288.716438356164,280.638767123288,2,45.4797808219178
-117.6669998,39.2509003,0.557534246575342,272.561095890411,288.716438356164,280.638767123288,0,45.4797808219178
-117.6650009,39.2461014,0.557534246575342,272.561095890411,288.716438356164,280.638767123288,13.333333,45.4797808219178
-117.663002,39.3879013,0.736438356164383,273.175890410959,286.677534246575,279.926712328767,27.333333,44.1980821917809
-117.6589966,39.3646011,0.683096788681787,274.796691743394,289.686697731866,282.24169473763,0.3333335,48.3650505277341
-117.6559982,38.7060013,0.394520547945205,274.917260273973,289.956712328767,282.43698630137,0,48.7165753424658
-117.6549988,39.3580017,0.558630136986301,272.263561643836,287.301095890411,279.782328767123,0,43.938191780822
-117.6549988,39.3796997,0.613424657534247,272.676438356164,287.089315068493,279.882876712329,9.333333,44.1191780821918
-117.6549988,39.3797989,0.764754098360656,273.009836065574,288.077322404372,280.543579234973,22.666667,45.3084426229508
-117.6520004,39.357399,0.592739726027397,273.92095890411,288.931917808219,281.426438356164,0,46.897589041096
-117.6520004,39.4501991,0.770136986301371,273.752054794521,285.224931506849,279.488493150685,2.666667,43.4092876712329
-117.651972,40.967611,0.720765027322404,277.113114754098,291.382513661202,284.24781420765,0.5,51.9760655737706
-117.651001,39.3557014,0.739344262295082,274.015027322404,288.810655737705,281.412841530055,0.666667,46.8731147540983
-117.6449966,40.5934982,0.446027397260274,274.451780821918,292.147123287671,283.299452054795,30,50.2690136986302
-117.6439972,39.4812012,0.734153005464481,276.254098360656,289.959836065574,283.106967213115,6.666667,49.9225409836067
-117.6439972,39.4830017,0.734153005464481,276.254098360656,289.959836065574,283.106967213115,16.666667,49.9225409836067
-117.6439972,39.4911003,0.734153005464481,276.254098360656,289.959836065574,283.106967213115,6,49.9225409836067
-117.6429977,39.4873009,0.926027397260274,277.474794520548,289.449589041096,283.462191780822,0,50.5619452054796
-117.6419983,39.4919014,0.734153005464481,276.254098360656,289.959836065574,283.106967213115,18.666667,49.9225409836067
-117.6409988,39.4886017,0.926027397260274,277.474794520548,289.449589041096,283.462191780822,5.333333,50.5619452054796
-117.6399994,39.3572998,0.592739726027397,273.92095890411,288.931917808219,281.426438356164,1,46.897589041096
-117.6380005,39.3670006,0.626849315068493,275.578356164384,290.562739726027,283.070547945205,0,49.8569863013699
-117.6360016,40.5768013,0.438356164383561,274.000273972603,292.443287671233,283.221780821918,7,50.1292054794521
-117.6320038,39.4137993,0.613424657534247,272.676438356164,287.089315068493,279.882876712329,9.333333,44.1191780821918
-117.6299973,39.2997017,0.538904109589041,273.503835616438,287.892876712329,280.698356164384,2,45.5870410958904
-117.623185,39.568352,0.421917808219178,272.157260273973,290.984657534247,281.57095890411,0,47.1577260273973
-117.6230011,39.3769989,0.626849315068493,275.578356164384,290.562739726027,283.070547945205,0,49.8569863013699
-117.6220016,39.3694,0.558630136986301,272.263561643836,287.301095890411,279.782328767123,4,43.938191780822
-117.620454,42.834881,0.452876712328767,273.185753424658,290.281917808219,281.733835616438,62.5,47.4509041095891
-117.6179962,38.6069984,0.373972602739726,275.620821917808,290.349589041096,282.985205479452,0.666667,49.7033698630137
-117.6159973,38.9076004,0.426575342465754,272.332054794521,288.895068493151,280.613561643836,0.666667,45.4344109589042
-117.607938,42.850751,0.468219178082192,273.180821917808,290.138356164384,281.659589041096,37.5,47.3172602739726
-117.6060028,40.5485001,0.488219178082191,275.548493150685,291.698082191781,283.623287671233,50,50.8519178082193
-117.603704,42.854334,0.468219178082192,273.180821917808,290.138356164384,281.659589041096,37.5,47.3172602739726
-117.6029968,40.5050011,0.467671232876713,274.250136986301,292.198904109589,283.224520547945,25,50.1341369863014
-117.5970001,40.4631004,0.472054794520548,274.554520547945,292.206301369863,283.380410958904,0,50.4147397260275
-117.5930023,39.4548988,0.48876712328767,272.598904109589,287.818630136986,280.208767123288,10.666667,44.7057808219178
-117.5920029,39.4505005,0.525753424657534,274.258219178082,289.282739726027,281.770479452055,16.3333335,47.5168630136987
-117.5910034,39.4598007,0.48876712328767,272.598904109589,287.818630136986,280.208767123288,33.333333,44.7057808219178
-117.5910034,39.4819984,0.786301369863015,274.301369863014,286.288767123288,280.295068493151,3.333333,44.8611232876712
-117.5849991,40.5480003,0.488219178082191,275.548493150685,291.698082191781,283.623287671233,40,50.8519178082193
-117.575019,40.982792,0.627322404371585,276.103278688525,292.087978142077,284.095628415301,13.2,51.702131147541
-117.5739975,39.5077019,0.692602739726028,275.350821917808,289.392876712329,282.371849315069,16,48.5993287671234
-117.5660019,40.5546989,0.531780821917808,276.912328767123,290.938630136986,283.925479452055,30,51.3958630136987
-117.565471,42.858653,0.486301369863014,273.225479452055,289.851232876712,281.538356164384,0,47.0990410958905
-117.5579987,39.5087013,0.773972602739726,277.093698630137,290.770684931507,283.932191780822,1.333333,51.4079452054795
-117.5550003,39.4990997,0.549863013698629,272.206849315068,288.257534246575,280.232191780822,14.666667,44.7479452054796
-117.5540009,39.5119019,0.773972602739726,277.093698630137,290.770684931507,283.932191780822,0,51.4079452054795
-117.5479965,39.5117989,0.611232876712329,273.607945205479,288.015068493151,280.811506849315,2.666667,45.7907123287671
-117.5459976,41.6399994,1.65808219178082,273.382739726027,284.120547945205,278.751643835616,50,42.0829589041096
-117.5459976,41.6699982,1.65808219178082,273.382739726027,284.120547945205,278.751643835616,0,42.0829589041096
-117.5439987,39.1058998,0.984871434987649,274.807348042518,286.088339134666,280.447843588592,60,45.1361184594655
-117.5439987,41.6329994,1.65808219178082,273.382739726027,284.120547945205,278.751643835616,35,42.0829589041096
-117.5439987,41.6337013,1.65808219178082,273.382739726027,284.120547945205,278.751643835616,0,42.0829589041096
-117.5439987,41.6377983,1.65808219178082,273.382739726027,284.120547945205,278.751643835616,0,42.0829589041096
-117.5429993,39.1054001,0.960924470394491,274.193176385458,285.93102752202,280.062101953739,73.3333333333333,44.4417835167304
-117.5429993,40.5699997,0.531780821917808,276.912328767123,290.938630136986,283.925479452055,50,51.3958630136987
-117.5429993,41.5764999,0.806301369863013,274.162465753425,290.043287671233,282.102876712329,40,48.1151780821919
-117.5410004,40.5648003,0.531780821917808,276.912328767123,290.938630136986,283.925479452055,0,51.3958630136987
-117.5400009,39.1030006,0.984871434987649,274.807348042518,286.088339134666,280.447843588592,52.5,45.1361184594655
-117.538002,39.1020012,0.960924470394491,274.193176385458,285.93102752202,280.062101953739,56.6666666666667,44.4417835167304
-117.5339966,39.098999,0.98383917209372,275.481083164908,286.2066715323,280.843877348604,7.5,45.8489792274871
-117.5329971,39.0976982,0.894808743169399,274.718579234973,286.95956284153,280.839071038251,70,45.8403278688525
-117.527078,42.894607,0.488767123287671,272.998904109589,290.05698630137,281.527945205479,37.5,47.0803013698631
-117.526001,39.0966988,0.959000174663772,274.842266137685,286.064329166355,280.45329765202,73.3333333333333,45.1459357736358
-117.5240021,41.6890984,1.40438356164384,273.372328767123,285.251506849315,279.311917808219,20,43.0914520547945
-117.5230026,41.0199013,0.39041095890411,274.681095890411,292.158904109589,283.42,0,50.4860000000001
-117.5220032,39.0965996,0.933338074207151,275.197882576041,286.303233275944,280.750557925992,16.6666666666667,45.6810042667864
-117.5139999,38.6725998,0.757534246575342,274.361643835616,288.84301369863,281.602328767123,0,47.214191780822
-117.5100021,39.0965996,1.01507560446141,275.52463208324,286.43827457145,280.981453327345,35,46.0966159892208
-117.5100021,40.1459007,0.58,276.374520547945,294.231506849315,285.30301369863,65,53.8754246575343
-117.5070038,39.0955009,0.98383917209372,275.481083164908,286.2066715323,280.843877348604,50,45.8489792274871
-117.4980011,38.7719994,0.658630136986301,272.239178082192,287.118356164384,279.678767123288,0,43.7517808219179
-117.4950027,38.7798996,0.70054794520548,272.191232876712,287.129315068493,279.660273972603,10.666667,43.718493150685
-117.4919968,39.0928001,0.879475821543529,275.457391833221,286.774250505277,281.115821169249,42.5,46.3384781046486
-117.487999,40.1450996,0.42958904109589,276.443287671233,291.562465753425,284.002876712329,50,51.5351780821918
-117.4869995,39.0906982,0.757307807470619,274.271222022606,286.751788681788,280.511505352197,35,45.2507096339546
-117.4869995,40.7369995,0.646575342465754,276.094794520548,292.142465753425,284.118630136986,20,51.7435342465754
-117.4869995,41.7046013,1.07178082191781,274.283287671233,287.116712328767,280.7,0,45.59
-117.485294,39.543243,0.507397260273972,271.608493150685,289.71095890411,280.659726027397,0,45.5175068493151
-117.4820023,38.7877007,0.70054794520548,272.191232876712,287.129315068493,279.660273972603,0,43.718493150685
-117.4820023,41.0299988,0.415342465753424,275.174794520548,291.627671232877,283.401232876712,30,50.4522191780823
-117.4779968,38.7635002,0.70054794520548,272.191232876712,287.129315068493,279.660273972603,0,43.718493150685
-117.473999,38.7574997,0.70054794520548,272.191232876712,287.129315068493,279.660273972603,0,43.718493150685
-117.4710007,39.1127014,0.757307807470619,274.271222022606,286.751788681788,280.511505352197,10,45.2507096339546
-117.4710007,39.1138992,0.757307807470619,274.271222022606,286.751788681788,280.511505352197,35,45.2507096339546
-117.4700012,39.1039009,0.757307807470619,274.271222022606,286.751788681788,280.511505352197,0,45.2507096339546
-117.4680023,39.0998993,0.749315068493151,273.634520547945,285.909315068493,279.771917808219,20,43.9194520547946
-117.4649963,39.1240005,0.749315068493151,273.634520547945,285.909315068493,279.771917808219,0,43.9194520547946
-117.4649963,39.1248016,0.765300546448087,274.907923497268,287.594262295082,281.251092896175,0,46.5819672131149
-117.4609985,41.7573013,1.28164383561644,272.964657534247,286.219726027397,279.592191780822,0,43.5959452054795
-117.4609985,41.7584,1.28164383561644,272.964657534247,286.219726027397,279.592191780822,0,43.5959452054795
-117.454673,44.584112,0.921643835616439,275.390684931507,289.811232876712,282.60095890411,37.5,49.0117260273973
-117.452767,44.584138,0.888493150684932,275.878356164384,290.256438356164,283.067397260274,37.5,49.8513150684932
-117.4509964,39.1596985,0.95484167976645,275.691958230406,286.523795194251,281.107876712329,23.3333333333333,46.3241780821919
-117.4509964,41.4855003,0.587397260273972,273.240273972603,291.422739726027,282.331506849315,30,48.5267123287671
-117.4499969,39.1590004,1.11123287671233,277.435205479452,286.625479452055,282.030342465753,0,47.9846164383562
-117.447998,39.1590996,0.848360655737705,275.805737704918,287.544262295082,281.675,0,47.3450000000001
-117.4420013,39.162899,1.00808219178082,275.635068493151,286.013561643836,280.824315068493,0,45.8137671232877
-117.4420013,39.1688004,1.02360880305412,276.892049554607,286.93174039973,281.911894977169,0,47.7714109589041
-117.4400024,39.1613998,1.00808219178082,275.635068493151,286.013561643836,280.824315068493,0,45.8137671232877
-117.4380035,39.1730003,1.00888576989296,276.96696347032,287.210276592559,282.08862003144,30,48.0895160565912
-117.436148,43.898403,0.814520547945205,276.520547945205,292.337260273973,284.428904109589,37.5,52.3020273972603
-117.435997,38.955101,0.521917808219178,271.538630136986,288.179178082192,279.858904109589,0,44.0760273972603
-117.4349976,39.1268005,0.597905531851187,273.994216632982,289.281660303915,281.637938468448,10,47.2782892432068
-117.4349976,39.1549988,1.02360880305412,276.892049554607,286.93174039973,281.911894977169,13.3333333333333,47.7714109589041
-117.4349976,39.1626015,0.83609813608803,275.139855153829,286.657884572199,280.898869863014,0,45.9479657534247
-117.4339981,39.1491013,0.95484167976645,275.691958230406,286.523795194251,281.107876712329,16.6666666666667,46.3241780821919
-117.4329987,39.1216011,0.597905531851187,273.994216632982,289.281660303915,281.637938468448,10,47.2782892432068
-117.4329987,39.1372986,0.939248821019537,276.93999214013,287.269802380418,282.104897260274,0,48.1188150684932
-117.431954,43.900331,0.814520547945205,276.520547945205,292.337260273973,284.428904109589,37.5,52.3020273972603
-117.4309998,39.1164017,0.640596601542032,273.423478179504,288.673638371136,281.04855827532,55,46.2174048955761
-117.4309998,39.1413994,0.848360655737705,275.805737704918,287.544262295082,281.675,0,47.3450000000001
-117.4280014,39.1683998,0.97366550640018,276.28753031664,286.641682012127,281.464606164384,57.5,46.9662910958904
-117.427002,39.0471992,0.564383561643835,270.543835616438,290.223835616438,280.383835616438,0,45.020904109589
-117.4250031,39.1120987,0.640596601542032,273.423478179504,288.673638371136,281.04855827532,72.5,46.2174048955761
-117.4169998,38.9892998,0.4,269.88904109589,288.648767123288,279.268904109589,0,43.0140273972603
-117.4110031,38.9421005,0.696712328767124,272.041095890411,286.913698630137,279.477397260274,0,43.3893150684932
-117.4079971,40.9637985,0.422465753424658,275.23095890411,291.681643835616,283.456301369863,0,50.5513424657535
-117.3960037,39.0359001,0.378630136986301,269.864383561644,288.684383561644,279.274383561644,0.666667,43.023890410959
-117.3949966,39.1609993,0.82986301369863,274.862191780822,288.999589041096,281.930890410959,10,47.8056027397261
-117.391056,41.212389,0.715027322404372,276.948360655738,290.499180327869,283.723770491803,8.6,51.032786885246
-117.388824,40.922281,0.547671232876712,275.326301369863,289.977808219178,282.652054794521,37.5,49.103698630137
-117.3880005,39.1575012,0.645342465753425,273.743835616438,288.628630136986,281.186232876712,0,46.4652191780822
-117.3820038,39.1570015,0.754264166479527,274.211125084213,289.2100767273,281.710600905756,0,47.4090816303615
-117.3799973,38.9017982,1.19780821917808,273.00397260274,285.461917808219,279.23294520548,10,42.9493013698631
-117.3779833,41.28255,0.796994535519126,276.365300546448,290.558196721312,283.46174863388,6,50.5611475409836
-117.3769989,38.8997993,1.18714799011902,272.591028769619,285.621804526287,279.106416647953,0,42.7215499663149
-117.375,38.8967018,1.26962609476757,273.639145894154,286.245857474362,279.942501684258,0,44.2265030316641
-117.3720016,38.8944016,1.02931506849315,271.253150684931,284.956164383562,278.104657534247,0,40.9183835616439
-117.3700027,38.8923988,1.37630136986301,272.851917808219,282.401917808219,277.626917808219,0,40.0584520547945
-117.3649979,38.8911018,1.39804426479028,272.614028994186,282.834520797465,277.724274895825,0,40.2336948124859
-117.3619995,38.8888016,1.43685705017841,272.693572373182,282.999634952716,277.846603662949,13.3333333333333,40.453886593308
-117.3580017,38.8871002,1.44153005464481,272.13825136612,283.699726775956,277.918989071038,0,40.5841803278689
-117.3560028,38.8862991,1.5386301369863,274.877808219178,282.721369863014,278.799589041096,0,42.1692602739726
-117.3539963,38.8855019,1.37630136986301,272.851917808219,282.401917808219,277.626917808219,5,40.0584520547945
-117.3529968,38.8828011,1.43452054794521,272.971232876712,282.649589041096,277.810410958904,45,40.3887397260274
-117.3519974,38.8800011,1.32775132869227,271.48213938169,282.89109626469,277.18661782319,0,39.2659120817426
-117.3410034,39.0965004,0.352054794520548,270.300273972603,289.202465753425,279.751369863014,0,43.8824657534247
-117.338726,42.903274,0.553972602739726,272.312602739726,288.799452054795,280.55602739726,37.5,45.3308493150685
-117.3150024,38.9412994,1.3813698630137,273.377397260274,282.643150684931,278.010273972603,0,40.7484931506849
-117.3099976,38.9416008,1.16657534246575,271.250410958904,282.047671232877,276.64904109589,0,38.2982739726028
-117.3079987,38.9412994,1.28506362751703,271.951844823714,282.922879332285,277.437362078,0,39.7172517403998
-117.3010025,38.9440002,1.16657534246575,271.250410958904,282.047671232877,276.64904109589,20,38.2982739726028
-117.2959976,38.9454002,1.49985814806498,274.078831125084,283.51835878434,278.798594954712,30,42.1674709184819
-117.288002,39.146801,0.54543603563141,273.427299698081,289.880983606557,281.654141652319,46.6666666666667,47.3074549741747
-117.288002,40.898201,0.501912568306011,275.790710382514,290.907923497268,283.349316939891,0,50.3587704918034
-117.2870026,39.1436005,0.858215061007561,275.632184669511,288.526110113032,282.079147391272,20,48.0724653042892
-117.2839966,38.9445992,0.769540135239664,275.827985877186,287.213474810989,281.520730344088,43.3333333333333,47.0673146193577
-117.2829971,39.1353989,0.806755246151159,274.892689323053,288.117954687227,281.50532200514,20,47.0395796092522
-117.282693,42.907711,0.569041095890411,272.064109589041,288.733424657534,280.398767123288,0,45.0477808219179
-117.2819977,40.8874016,0.40054794520548,274.278630136986,292.311506849315,283.295068493151,0,50.2611232876712
-117.281754,42.908135,0.569041095890411,272.064109589041,288.733424657534,280.398767123288,62.5,45.0477808219179
-117.2809982,38.9844017,1.17383561643836,275.206712328767,284.669178082192,279.937945205479,5,44.2183013698631
-117.280373,44.361172,0.906301369863013,278.584109589041,290.924109589041,284.754109589041,62.5,52.887397260274
-117.2799988,38.9828987,1.17383561643836,275.206712328767,284.669178082192,279.937945205479,20,44.2183013698631
-117.278359,44.360984,0.906301369863013,278.584109589041,290.924109589041,284.754109589041,62.5,52.887397260274
-117.2779999,38.7036018,0.73253200089827,274.31480069616,288.027265513886,281.171033105023,75,46.4378595890412
-117.2779999,38.9444008,0.769540135239664,275.827985877186,287.213474810989,281.520730344088,30,47.0673146193577
-117.2779999,38.9836006,1.18907203633006,274.952648152307,284.904996132445,279.928822142376,20,44.2018798562767
-117.276001,38.9804001,1.22769443820645,275.495787484093,284.990459428101,280.243123456097,40,44.7676222209747
-117.2750015,39.1204987,1.06750605085211,275.33689397909,286.12964717918,280.733270579135,20,45.6498870424434
-117.2750015,39.1231003,1.11082191780822,275.404794520548,285.576301369863,280.490547945205,40,45.2129863013699
-117.2730026,39.1590004,0.703420540459615,274.159444943484,288.270630660978,281.215037802231,80,46.5170680440153
-117.2720032,38.9761009,1.16612021857923,274.750273224044,285.929234972678,280.339754098361,0,44.9415573770493
-117.2679977,38.9453011,0.717460887791002,275.027595254136,287.142267011004,281.08493113257,15,46.2828760386257
-117.2669983,38.9754982,1.25484093120743,275.937739351748,285.588042143873,280.76289074781,0,45.7032033460589
-117.2669983,39.1209984,1.06750605085211,275.33689397909,286.12964717918,280.733270579135,40,45.6498870424434
-117.2639999,38.9431992,0.717460887791002,275.027595254136,287.142267011004,281.08493113257,10,46.2828760386257
-117.2639999,39.1249008,0.923835616438356,273.70602739726,285.30602739726,279.50602739726,0,43.4408493150685
-117.2630005,39.1278992,1.11082191780822,275.404794520548,285.576301369863,280.490547945205,20,45.2129863013699
-117.2630005,39.1568985,0.703420540459615,274.159444943484,288.270630660978,281.215037802231,50,46.5170680440153
-117.262001,38.9757996,1.20054794520548,275.053835616438,284.392876712329,279.723356164384,0,43.8320410958905
-117.262001,39.1268005,1.29780821917808,277.103561643836,285.846575342466,281.475068493151,0,46.9851232876714
-117.2610016,39.1292,0.858630136986302,274.886438356164,287.557123287671,281.221780821918,25,46.5292054794521
-117.2590027,38.9416008,0.753551912568306,275.755464480874,288.045081967213,281.900273224044,40,47.7504918032787
-117.2580032,38.975399,1.17383561643836,275.206712328767,284.669178082192,279.937945205479,25,44.2183013698631
-117.2580032,39.1292,0.703835616438356,273.413698630137,287.301643835616,280.357671232877,0,44.9738082191781
-117.2570038,39.1562996,0.703420540459615,274.159444943484,288.270630660978,281.215037802231,60,46.5170680440153
-117.2559967,38.9424019,0.681369863013698,274.299726027397,286.239452054795,280.269589041096,0,44.8152602739726
-117.2529984,38.6884003,0.74068493150685,272.937397260274,287.212739726027,280.075068493151,0,44.4651232876713
-117.2509995,38.9420013,0.813625271352646,276.592115802081,287.700486189086,282.146300995583,25,48.1933417920503
-117.2509995,38.9724007,1.18907203633006,274.952648152307,284.904996132445,279.928822142376,26.6666666666667,44.2018798562767
-117.25,38.7400017,0.808767123287671,272.084383561644,286.812876712329,279.448630136986,20,43.3375342465754
-117.25,38.9724998,1.25484093120743,275.937739351748,285.588042143873,280.76289074781,50,45.7032033460589
-117.25,39.1534996,0.806755246151159,274.892689323053,288.117954687227,281.50532200514,63.3333333333333,47.0395796092522
-117.2480011,39.1529999,0.703420540459615,274.159444943484,288.270630660978,281.215037802231,60,46.5170680440153
-117.2470016,38.7373009,0.808767123287671,272.084383561644,286.812876712329,279.448630136986,20,43.3375342465754
-117.2470016,38.9401016,0.813625271352646,276.592115802081,287.700486189086,282.146300995583,50,48.1933417920503
-117.2460022,38.9705009,1.18907203633006,274.952648152307,284.904996132445,279.928822142376,6.66666666666667,44.2018798562767
-117.2450027,38.7368011,0.694969683359533,274.403034159243,288.66600469097,281.534519425107,6.66666666666667,47.0921349651921
-117.2429962,38.6856995,0.517808219178082,274.938904109589,289.962328767123,282.450616438356,5,48.7411095890412
-117.2429962,39.1528015,1.13028594954712,274.230005614193,285.43010741822,279.830056516206,50,44.0241017291714
-117.241178,44.330191,0.932054794520548,278.132602739726,291.233698630137,284.683150684932,62.5,52.7596712328768
-117.2409973,38.7346001,0.688356164383562,274.415753424658,288.336575342466,281.376164383562,0,46.807095890411
-117.2389984,38.9688988,0.51115016094019,275.836346283404,291.533693015944,283.685019649674,25,50.9630353694139
-117.238529,44.330243,0.932054794520548,278.132602739726,291.233698630137,284.683150684932,37.5,52.7596712328768
-117.2360001,39.1545982,1.24506849315068,275.623835616438,284.785342465753,280.204589041096,30,44.6982602739727
-117.2350006,38.7322006,0.708196721311476,274.377595628415,289.324863387978,281.851229508197,0,47.6622131147542
-117.2330017,38.6833,0.53,274.996438356164,290.220273972603,282.608356164384,0,49.0250410958905
-117.2320023,39.1551018,1.24506849315068,275.623835616438,284.785342465753,280.204589041096,45,44.6982602739727
-117.2300034,38.7307014,0.749029867505053,275.061400553934,289.086130324126,282.07376543903,20,48.0627777902539
-117.2259979,39.1559982,1.49821917808219,276.454520547945,285.274109589041,280.864315068493,0,45.8857671232877
-117.2229996,38.6811981,0.548675799086758,275.36301369863,290.22502283105,282.79401826484,20,49.3592328767124
-117.2229996,38.7276001,0.749029867505053,275.061400553934,289.086130324126,282.07376543903,25,48.0627777902539
-117.2190018,38.7270012,0.694969683359533,274.403034159243,288.66600469097,281.534519425107,40,47.0921349651921
-117.2180023,38.8321991,0.764383561643836,272.794520547945,286.547123287671,279.670821917808,0,43.7374794520548
-117.2180023,39.1542015,1.24506849315068,275.623835616438,284.785342465753,280.204589041096,10,44.6982602739727
-117.2149963,38.7262993,0.749029867505053,275.061400553934,289.086130324126,282.07376543903,40,48.0627777902539
-117.2129974,38.8391991,0.46986301369863,273.677808219178,289.064109589041,281.37095890411,2,46.7977260273972
-117.2129974,39.1526985,1.06931506849315,273.464109589041,284.438630136986,278.951369863014,30,42.4424657534247
-117.212891,42.945366,0.569315068493151,272.102465753425,288.847671232877,280.475068493151,37.5,45.1851232876714
-117.2099991,39.1525002,1.42082191780822,277.783561643836,285.132054794521,281.457808219178,0,46.9540547945206
-117.2080002,38.801899,0.764383561643836,272.794520547945,286.547123287671,279.670821917808,0,43.7374794520548
-117.2030029,38.7840004,0.337260273972603,273.906849315068,291.924657534247,282.915753424658,0.666667,49.5783561643836
-117.2020035,39.1516991,1.66767123287671,275.943287671233,282.814794520548,279.37904109589,0,43.2122739726028
-117.2020035,40.0105019,0.397260273972603,272.516712328767,291.399178082192,281.957945205479,20,47.8543013698631
-117.2009964,39.1520004,1.49821917808219,273.685890410959,282.448219178082,278.067054794521,0,40.8506986301371
-117.1969986,38.7918015,0.337260273972603,273.906849315068,291.924657534247,282.915753424658,3.333333,49.5783561643836
-117.1959991,38.8283005,0.33068493150685,273.817260273973,292.042465753425,282.929863013699,0,49.6037534246576
-117.1930008,40.8386993,0.541530054644809,275.266393442623,291.446721311475,283.356557377049,1,50.3718032786885
-117.1679993,41.3866005,0.487123287671233,273.380547945205,291.359726027397,282.370136986301,20,48.5962465753425
-117.151001,39.6002007,0.684931506849315,273.648767123288,291.565479452055,282.607123287671,25,49.0228219178083
-117.0960007,40.1668015,0.650819672131147,274.168032786885,290.881693989071,282.524863387978,39,48.8747540983607
-117.0950012,41.1258011,0.460547945205479,273.440547945205,291.854794520548,282.647671232877,15,49.0958082191782
-117.0910034,40.276001,0.415342465753425,273.305753424658,291.837260273973,282.571506849315,20,48.9587123287672
-117.0899963,40.1758003,0.401095890410959,273.136438356164,291.998356164384,282.567397260274,50,48.9513150684932
-117.078289,44.235475,0.924657534246574,277.497808219178,291.622739726027,284.560273972603,37.5,52.538493150685
-117.077408,43.230148,0.60986301369863,272.627123287671,289.00904109589,280.818082191781,37.5,45.8025479452055
-117.077366,43.230932,0.60986301369863,272.627123287671,289.00904109589,280.818082191781,37.5,45.8025479452055
-117.076284,44.235075,0.924657534246574,277.497808219178,291.622739726027,284.560273972603,37.5,52.538493150685
-117.067872,43.075795,0.669041095890411,272.886575342466,288.698356164384,280.792465753425,0,45.7564383561643
-117.0550003,39.4370003,1.30395738203957,275.958028295531,286.71428699753,281.33615764653,43.3333333333333,46.7350837637548
-117.0530014,39.4337997,1.46876712328767,277.380821917808,286.399726027397,281.890273972603,20,47.7324931506849
-117.0530014,39.4408989,1.30395738203957,275.958028295531,286.71428699753,281.33615764653,43.3333333333333,46.7350837637548
-117.0510025,39.4440994,1.46876712328767,277.380821917808,286.399726027397,281.890273972603,40,47.7324931506849
-117.0479965,39.4132004,1.20202073508496,276.715479077775,287.0440336103,281.879756344038,47.5,47.713561419268
-117.0479965,39.4313011,1.30395738203957,275.958028295531,286.71428699753,281.33615764653,50,46.7350837637548
-117.0459976,39.4091988,1.05068493150685,274.580547945205,286.039178082192,280.309863013699,20,44.8877534246576
-117.0459976,39.4245987,1.35591324200913,276.391055468224,286.831194700202,281.611125084213,37.5,47.2300251515832
-117.0459976,39.4285011,1.30395738203957,275.958028295531,286.71428699753,281.33615764653,50,46.7350837637548
-117.04125,41.219778,0.847814207650273,275.736885245902,290.255464480874,282.996174863388,0.5,49.7231147540984
-117.0400009,39.3986015,1.16342490705392,276.246026898221,286.965195498665,281.605611198443,13.3333333333333,47.2201001571974
-117.0350037,39.3961983,1.18767029717793,276.42390354817,287.520288195224,281.972095871697,52.5,47.8797725690546
-117.0329971,39.3931999,1.21643835616438,276.564931506849,287.13397260274,281.849452054795,43.3333333333333,47.6590136986302
-117.0319977,39.389801,1.18767029717793,276.42390354817,287.520288195224,281.972095871697,50,47.8797725690546
-117.0279999,39.3877983,1.18767029717793,276.42390354817,287.520288195224,281.972095871697,35,47.8797725690546
-117.025072,43.249851,0.63013698630137,272.608219178082,288.808767123288,280.708493150685,37.5,45.6052876712329
-117.019099,42.854055,0.624109589041096,272.501643835616,288.262465753425,280.38205479452,37.5,45.017698630137
-117.017815,42.853801,0.624109589041096,272.501643835616,288.262465753425,280.38205479452,37.5,45.017698630137
-117.0169983,39.3809013,1.21643835616438,276.564931506849,287.13397260274,281.849452054795,40,47.6590136986302
-117.0159988,41.1469994,0.506301369863014,273.244109589041,291.18904109589,282.216575342466,20,48.3198356164383
-117.0130005,39.3804016,1.18767029717793,276.42390354817,287.520288195224,281.972095871697,37.5,47.8797725690546
-116.986919,43.286047,0.627671232876712,272.708493150685,288.744109589041,280.726301369863,37.5,45.6373424657534
-116.986156,43.286085,0.627671232876712,272.708493150685,288.744109589041,280.726301369863,37.5,45.6373424657534
-116.9810028,41.1551018,0.489041095890411,273.048767123288,291.424657534247,282.236712328767,40,48.3560821917808
-116.9729996,38.8852997,0.482739726027397,274.434246575342,289.388219178082,281.911232876712,0,47.7702191780823
-116.9729996,39.3676987,0.653825136612022,273.159836065574,290.615846994536,281.887841530055,0,47.7281147540984
-116.9570007,38.8827019,0.701917808219178,276.490136986301,290.059726027397,283.274931506849,0,50.2248767123288
-116.9520035,38.8800011,0.74344262295082,274.892349726776,289.89043715847,282.391393442623,10,48.6345081967213
-116.9489975,38.8773994,0.960767023479802,275.687466876263,286.728677046685,281.208071961474,10,46.5045295306535
-116.9459991,38.6590996,1.03534246575343,272.044657534247,284.622191780822,278.333424657534,20,41.3301643835617
-116.9400024,38.660099,1.03534246575343,272.044657534247,284.622191780822,278.333424657534,0,41.3301643835617
-116.9400024,38.6925011,1.28322741223145,273.663215061008,286.057460139232,279.86033760012,0,44.0786076802157
-116.9400024,38.8707008,1.09479452054795,276.860821917808,286.379726027397,281.620273972603,0,47.2464931506849
-116.9369965,38.6912994,1.30821917808219,274.480547945206,285.769315068493,280.124931506849,0,44.5548767123288
-116.935997,38.6626015,1.25899393667191,273.705192566809,285.248208698256,279.476700632532,60,43.3880611385584
-116.9349976,38.6875992,1.16931506849315,273.01602739726,285.28301369863,279.149520547945,0,42.7991369863014
-116.9339981,38.8660011,0.89375327494573,275.100789355491,286.903152556329,281.00197095591,0,46.1335477206378
-116.9319992,38.6857986,1.24398907103825,272.953005464481,286.654098360656,279.803551912568,0,43.976393442623
-116.9260025,38.6637001,1.25899393667191,273.705192566809,285.248208698256,279.476700632532,62.5,43.3880611385584
-116.9250031,38.6880989,1.29155800084837,273.93565935574,285.961411782319,279.94853556903,0,44.2373640242534
-116.9250031,38.8567009,1.09479452054795,276.860821917808,286.379726027397,281.620273972603,0,47.2464931506849
-116.9209976,38.6641998,1.32976869526162,273.993535818549,285.538061232128,279.765798525339,0,43.9084373456097
-116.9179993,38.6898003,1.16219178082192,273.069589041096,285.437260273973,279.253424657534,0,42.9861643835617
-116.9179993,38.8580017,0.89375327494573,275.100789355491,286.903152556329,281.00197095591,0,46.1335477206378
-116.9150009,38.6671982,1.21301369863014,273.356438356164,284.791506849315,279.07397260274,0,42.6631506849316
-116.9140015,38.8624001,0.961095890410959,275.619315068493,286.193698630137,280.906506849315,0,45.9617123287672
-116.9110031,38.667099,0.973579609252189,273.385255071487,286.929960326372,280.15760769893,12.5,44.6136938580733
-116.9100037,38.8627014,0.933972602739726,273.932054794521,285.210410958904,279.571232876712,10,43.5582191780822
-116.9049988,38.6693001,0.895378396586571,272.490236170372,287.002934351374,279.746585260873,10,43.8738534695712
-116.9049988,38.9981995,0.876004441450208,275.226953614292,287.882468248621,281.554710931457,23.3333333333333,47.1284796766226
-116.9039993,38.8633995,1.2025578261846,275.761959727525,286.328901863912,281.045430795718,10,46.2117754322929
-116.9020004,38.6776009,1.15597375053023,273.117750330614,286.495847493575,279.806798912094,0,43.9822380417696
-116.8990021,38.8634987,1.2025578261846,275.761959727525,286.328901863912,281.045430795718,0,46.2117754322929
-116.8929977,38.9880981,0.813732689572573,274.608375626918,288.014387304439,281.311381465679,15,46.6904866382214
-116.8909988,41.5470009,0.853972602739726,273.424931506849,289.360547945205,281.392739726027,12.7,46.8369315068494
-116.8899994,38.8666992,1.1327868852459,275.369398907104,287.001639344262,281.185519125683,0,46.4639344262296
-116.8889999,41.5485001,0.853972602739726,273.424931506849,289.360547945205,281.392739726027,35.7,46.8369315068494
-116.8880005,41.5517998,0.853972602739726,273.424931506849,289.360547945205,281.392739726027,0,46.8369315068494
-116.8860016,41.5512009,0.853972602739726,273.424931506849,289.360547945205,281.392739726027,0,46.8369315068494
-116.8850021,38.6692009,0.917808219178082,273.174794520548,286.622465753425,279.898630136986,0,44.1475342465754
-116.8850021,38.8685989,1.10315068493151,275.043287671233,285.433287671233,280.238287671233,0,44.7589178082192
-116.8840027,41.544899,0.858082191780821,273.382191780822,289.157534246575,281.269863013699,27.15,46.6157534246576
-116.8840027,41.5463982,0.853972602739726,273.424931506849,289.360547945205,281.392739726027,16,46.8369315068494
-116.8840027,41.5494003,0.853972602739726,273.424931506849,289.360547945205,281.392739726027,0.3,46.8369315068494
-116.8840027,41.5503006,0.853972602739726,273.424931506849,289.360547945205,281.392739726027,0.3,46.8369315068494
-116.8830032,41.5446014,0.858082191780821,273.382191780822,289.157534246575,281.269863013699,16.3,46.6157534246576
-116.8830032,41.5452003,0.858082191780821,273.382191780822,289.157534246575,281.269863013699,17.7,46.6157534246576
-116.8820038,41.5446014,0.858082191780821,273.382191780822,289.157534246575,281.269863013699,7,46.6157534246576
-116.8820038,41.549099,0.853972602739726,273.424931506849,289.360547945205,281.392739726027,1.7,46.8369315068494
-116.8809967,40.9091988,0.71013698630137,274.785753424658,292.515068493151,283.650410958904,5,50.9007397260274
-116.874902,38.121955,0.443287671232877,278.886301369863,291.283835616438,285.085068493151,0,53.4831232876713
-116.8730011,38.660099,0.97351598173516,273.471141552511,286.65397260274,280.062557077626,0,44.4426027397261
-116.865965,43.459148,0.49972602739726,275.521369863014,290.114794520548,282.818082191781,62.5,49.4025479452055
-116.8649979,38.9784012,1.13733512987499,274.260495920353,285.716302492702,279.988399206527,0,44.3091185717494
-116.864501,43.407236,0.513424657534246,276.081095890411,288.861643835616,282.471369863014,37.5,48.7784657534247
-116.8639984,38.6525002,0.729589041095891,273.61,288.204246575342,280.907123287671,20,45.9628219178083
-116.8619995,38.8638,1.02356164383562,274.761643835616,287.74,281.250821917808,0,46.5814794520549
-116.8619995,38.9239006,1.01972602739726,274.077808219178,284.573150684932,279.325479452055,0,43.1158630136986
-116.8619995,38.9333,1.1938371135564,275.513061855927,285.380742570552,280.44690221324,10,45.1344239838312
-116.860718,43.484228,0.486301369863014,276.060821917808,290.565479452055,283.313150684931,37.5,50.2936712328767
-116.8590012,38.6484985,0.760958904109589,273.372876712329,288.031917808219,280.702397260274,0,45.5943150684932
-116.8590012,38.9634018,1.25349951343663,276.123646605285,286.040412081743,281.082029343514,0,46.2776528183248
-116.8580017,38.9658012,1.24535519125683,275.037978142076,286.699180327869,280.868579234973,0,45.8934426229509
-116.8580017,38.9710999,1.25349951343663,276.123646605285,286.040412081743,281.082029343514,5,46.2776528183248
-116.8570023,38.8171005,0.670958904109589,272.599452054795,287.655616438356,280.127534246575,0,44.5595616438357
-116.8529968,38.9655991,1.13733512987499,274.260495920353,285.716302492702,279.988399206527,30,44.3091185717494
-116.8519974,38.8176994,0.670958904109589,272.599452054795,287.655616438356,280.127534246575,0,44.5595616438357
-116.8519974,38.9429016,1.13404334156748,274.83753798937,285.530017965417,280.183777977394,20,44.6608003593085
-116.848999,38.9668007,1.26164383561644,277.209315068493,285.381643835616,281.295479452055,0,46.6618630136987
-116.8470001,38.8083,0.670958904109589,272.599452054795,287.655616438356,280.127534246575,0,44.5595616438357
-116.8470001,38.8544006,0.807162212740475,273.433219926641,288.071690246276,280.752455086459,10,45.6844191556254
-116.8470001,38.9468002,1.31342465753425,276.864109589041,285.082191780822,280.973150684932,0,46.0816712328768
-116.8460007,38.9504013,1.01972602739726,274.077808219178,284.573150684932,279.325479452055,0,43.1158630136986
-116.8460007,38.9598999,1.28089265663598,276.230688674302,285.784538513362,281.007613593832,0,46.1437044688974
-116.8450012,38.9435997,1.28089265663598,276.230688674302,285.784538513362,281.007613593832,0,46.1437044688974
-116.8349991,38.854599,0.947573171644585,274.455548693765,288.35306010929,281.404304401527,20,46.8577479227487
-116.827233,43.915181,0.964109589041096,277.552054794521,291.319178082192,284.435616438356,62.5,52.3141095890412
-116.8259964,38.604599,0.495068493150685,271.29095890411,288.871506849315,280.081232876712,0,44.4762191780822
-116.8259964,38.8084984,0.528493150684932,271.241369863014,288.952328767123,280.096849315068,0,44.5043287671233
-116.8180008,38.8513985,0.561369863013699,271.441369863014,288.660547945205,280.05095890411,0,44.4217260273973
-116.8119965,38.8198013,0.528493150684932,271.241369863014,288.952328767123,280.096849315068,0,44.5043287671233
-116.810997,41.2424011,0.941917808219178,274.378630136986,288.929315068493,281.65397260274,5,47.3071506849315
-116.8010025,38.8007011,0.528493150684932,271.241369863014,288.952328767123,280.096849315068,0,44.5043287671233
-116.7929993,40.5270004,0.415342465753425,274.694794520548,292.828219178082,283.761506849315,25,51.1007123287672
-116.7789993,41.2067986,0.592602739726028,269.976712328767,290.170136986301,280.073424657534,15,44.4621643835617
-116.768287,40.645411,0.46027397260274,273.333150684932,291.040547945206,282.186849315069,37.5,48.2663287671234
-116.7549973,42.4466019,0.699452054794521,274.788767123288,288.821917808219,281.805342465753,2.7,47.5796164383562
-116.7539978,42.4472008,0.699452054794521,274.788767123288,288.821917808219,281.805342465753,1.3,47.5796164383562
-116.7529984,42.4460983,0.699452054794521,274.788767123288,288.821917808219,281.805342465753,0,47.5796164383562
-116.7529984,42.4466019,0.699452054794521,274.788767123288,288.821917808219,281.805342465753,0,47.5796164383562
-116.7529984,42.4477005,0.699452054794521,274.788767123288,288.821917808219,281.805342465753,2.7,47.5796164383562
-116.7519989,42.4488983,0.699452054794521,274.788767123288,288.821917808219,281.805342465753,0.3,47.5796164383562
-116.7509995,42.449501,0.699452054794521,274.788767123288,288.821917808219,281.805342465753,1.3,47.5796164383562
-116.6969986,38.6207008,0.813424657534246,274.429863013699,287.451780821918,280.940821917808,0,46.0234794520548
-116.6959991,38.6237984,0.747567931731417,272.934051700477,287.219872994486,280.076962347481,0,44.468532225466
-116.6949997,38.6269989,0.75523916460813,272.932042568056,287.101151533298,280.016597050677,23.3333333333333,44.3598746912194
-116.6839981,38.6315994,0.852892619208025,273.843682723258,287.620501908826,280.732092316042,10,45.647766168875
-116.6800003,38.6329994,0.722739726027397,272.23698630137,286.982739726027,279.609863013699,20,43.6277534246575
-116.6780014,41.2640991,0.611232876712329,269.881917808219,289.585205479452,279.733561643836,15,43.8504109589042
-116.6760025,38.6343002,0.876775956284153,273.523224043716,288.567213114754,281.045218579235,0,46.211393442623
-116.6719971,38.6337013,0.918724081143799,273.817291339172,287.558423534696,280.687857436934,0,45.568143386481
-116.6679993,38.4542999,0.434520547945206,273.499726027397,289.34904109589,281.424383561644,0,46.8938904109589
-116.6679993,41.3265991,0.691506849315068,272.030136986301,288.482191780822,280.256164383562,3,44.791095890411
-116.663002,38.635601,0.868597200389251,273.059423360032,287.120607829927,280.09001559498,3.33333333333333,44.4920280709634
-116.6589966,38.637001,1.03310034433715,273.345602028595,286.973269892956,280.159435960776,15,44.616984729396
-116.6529999,38.6417999,1.20986189086009,273.161616887492,286.476158395089,279.818887641291,0,44.003997754323
-116.6490021,41.3661003,0.863287671232878,272.972054794521,287.592602739726,280.282328767123,2,44.838191780822
-116.6470032,38.6444016,0.864657534246575,271.625205479452,286.326849315069,278.97602739726,20,42.4868493150685
-116.6399994,38.6537018,1.01901963719839,272.983268458218,286.9669169349,279.975092696559,13.3333333333333,44.2851668538065
-116.6380005,38.6556015,1.09479377198892,272.649479751478,286.426388701749,279.537934226614,10,43.4982816079048
-116.6380005,38.662899,1.18715846994535,272.420355191257,287.115163934426,279.767759562842,0,43.9119672131148
-116.637001,38.6584015,1.0962006886743,273.662299947601,287.286950744816,280.474625346209,0,45.1843256231754
-116.6340027,41.4968987,0.656986301369863,272.001917808219,288.924931506849,280.463424657534,1,45.1641643835617
-116.6309967,39.4668007,0.739890710382514,271.505464480874,289.147540983607,280.32650273224,0,44.9177049180328
-116.624091,42.584134,0.66986301369863,271.461917808219,287.107397260274,279.284657534247,0,43.0423835616438
-116.6240005,42.8740005,0.588524590163934,272.91912568306,288.331147540984,280.625136612022,0,45.4552459016393
-116.623789,42.584951,0.66986301369863,271.461917808219,287.107397260274,279.284657534247,0,43.0423835616438
-116.6190033,42.8759995,0.602732240437158,273.548633879781,288.324590163934,280.936612021858,0,46.0159016393444
-116.6080017,39.8306999,0.491232876712329,273.343835616438,289.420273972603,281.38205479452,60,46.817698630137
-116.6080017,42.8763008,0.602732240437158,273.548633879781,288.324590163934,280.936612021858,0,46.0159016393444
-116.6009979,39.8288002,0.491232876712329,273.343835616438,289.420273972603,281.38205479452,45,46.817698630137
-116.5970001,39.4926987,0.68032786885246,271.296448087432,289.127322404372,280.211885245902,0,44.7113934426229
-116.5970001,42.8778,0.602732240437158,273.548633879781,288.324590163934,280.936612021858,7.317073,46.0159016393444
-116.5960007,39.8286018,0.491232876712329,273.343835616438,289.420273972603,281.38205479452,15,46.817698630137
-116.5940018,39.8265991,0.491232876712329,273.343835616438,289.420273972603,281.38205479452,30,46.817698630137
-116.5930023,39.4850006,0.68032786885246,271.296448087432,289.127322404372,280.211885245902,0,44.7113934426229
-116.5930023,39.8268013,0.491232876712329,273.343835616438,289.420273972603,281.38205479452,50,46.817698630137
-116.5930023,39.8282013,0.491232876712329,273.343835616438,289.420273972603,281.38205479452,98,46.817698630137
-116.5920029,39.8283997,0.491232876712329,273.343835616438,289.420273972603,281.38205479452,35,46.817698630137
-116.5879974,42.8795013,1.00409836065574,276.551912568306,287.380601092896,281.966256830601,0,47.869262295082
-116.5839996,42.8736992,0.602732240437158,273.548633879781,288.324590163934,280.936612021858,2.439024,46.0159016393444
-116.5839996,42.8797989,1.00409836065574,276.551912568306,287.380601092896,281.966256830601,0,47.869262295082
-116.5790024,42.8848,0.936338797814207,276.331420765027,287.572404371585,281.951912568306,2.439024,47.8434426229508
-116.5759964,42.5835991,0.927322404371585,274.010109289618,287.353551912568,280.681830601093,2.439024,45.5572950819672
-116.5719986,39.2999992,0.683013698630137,272.463561643836,286.645753424658,279.554657534247,40,43.5283835616438
-116.5719986,42.8832016,0.936338797814207,276.331420765027,287.572404371585,281.951912568306,4.878049,47.8434426229508
-116.5699997,42.5877991,0.96311475409836,273.937158469945,287.20737704918,280.572267759563,0,45.3600819672131
-116.5680008,39.3023987,0.683013698630137,272.463561643836,286.645753424658,279.554657534247,20,43.5283835616438
-116.5670013,38.9875984,0.876164383561644,274.31698630137,288.306849315069,281.311917808219,0,46.6914520547945
-116.5660019,42.9089012,0.936338797814207,276.331420765027,287.572404371585,281.951912568306,0,47.8434426229508
-116.5650024,39.3054008,0.774703196347032,274.061552511416,287.374520547945,280.71803652968,0,45.6224657534247
-116.5599976,39.4888,0.599453551912569,271.327322404372,289.160655737705,280.243989071038,10,44.7691803278689
-116.5599976,42.894001,0.936338797814207,276.331420765027,287.572404371585,281.951912568306,2.439024,47.8434426229508
-116.5589981,38.9752998,0.903287671232877,274.224520547945,288.084383561644,281.154452054795,0,46.4080136986302
-116.5579987,42.5983009,0.96311475409836,273.937158469945,287.20737704918,280.572267759563,0,45.3600819672131
-116.5559998,42.6010017,0.96311475409836,273.937158469945,287.20737704918,280.572267759563,0,45.3600819672131
-116.5550003,39.3140984,0.795616438356164,274.495433789954,287.453333333333,280.974383561644,36.6666666666667,46.0838904109589
-116.5530014,42.9065018,0.936338797814207,276.331420765027,287.572404371585,281.951912568306,31.707317,47.8434426229508
-116.552002,38.9667015,0.789315068493151,273.254931506849,287.766575342466,280.510753424658,0,45.2493561643836
-116.5459976,42.605999,0.96311475409836,273.937158469945,287.20737704918,280.572267759563,0,45.3600819672131
-116.5449982,42.8937988,0.936338797814207,276.331420765027,287.572404371585,281.951912568306,0,47.8434426229508
-116.5449982,42.8965988,0.936338797814207,276.331420765027,287.572404371585,281.951912568306,0,47.8434426229508
-116.5439987,42.8992996,0.936338797814207,276.331420765027,287.572404371585,281.951912568306,0,47.8434426229508
-116.5419998,38.9608994,0.905205479452055,273.150410958904,288.036438356164,280.593424657534,0,45.3981643835616
-116.5400009,39.4193993,0.703005464480874,274.337431693989,290.358743169399,282.348087431694,0,48.5565573770493
-116.5390015,38.9589005,0.915068493150685,273.858904109589,287.961780821918,280.910342465753,0,45.9686164383561
-116.538002,39.1445007,0.685296803652968,273.076529680365,288.801735159817,280.939132420091,0,46.0204383561645
-116.5370026,39.3219986,0.819859832322779,274.837025600719,286.567543603563,280.702284602141,10,45.5941122838536
-116.5339966,38.9574013,1.16369863013699,274.531232876712,285.091917808219,279.811575342466,0,43.9908356164384
-116.5339966,39.202301,0.837534246575342,273.775616438356,287.570136986301,280.672876712329,0,45.5411780821918
-116.5339966,39.321701,0.824931506849315,274.935159817352,286.12794520548,280.531552511416,30,45.286794520548
-116.5329971,39.2038994,0.837534246575342,273.775616438356,287.570136986301,280.672876712329,0,45.5411780821918
-116.5319977,39.2013016,0.837534246575342,273.775616438356,287.570136986301,280.672876712329,0,45.5411780821918
-116.5319977,39.2048988,0.837534246575342,273.775616438356,287.570136986301,280.672876712329,0,45.5411780821918
-116.5319977,42.6060982,0.994535519125683,273.67349726776,286.880327868852,280.276912568306,2.439024,44.8284426229508
-116.5309982,39.202301,0.837534246575342,273.775616438356,287.570136986301,280.672876712329,0,45.5411780821918
-116.5309982,39.2028008,0.837534246575342,273.775616438356,287.570136986301,280.672876712329,0,45.5411780821918
-116.5309982,39.2033005,0.837534246575342,273.775616438356,287.570136986301,280.672876712329,0,45.5411780821918
-116.5309982,39.3205986,0.819859832322779,274.837025600719,286.567543603563,280.702284602141,37.5,45.5941122838536
-116.5299988,39.168499,0.669041095890411,272.122191780822,287.243835616438,279.68301369863,0,43.7594246575343
-116.5289993,39.1752014,0.837534246575342,273.775616438356,287.570136986301,280.672876712329,0,45.5411780821918
-116.5270004,39.3196983,0.795886169124435,274.445349202785,286.639281882376,280.542315542581,40,45.3061679766451
-116.526001,42.6105003,0.994535519125683,273.67349726776,286.880327868852,280.276912568306,2.439024,44.8284426229508
-116.5230026,39.3115005,0.848212815330489,275.27733887267,287.119333782469,281.198336327569,0,46.4870053896251
-116.5230026,42.9528008,0.534153005464481,275.044535519126,289.874863387978,282.459699453552,80.487805,48.7574590163935
-116.5199966,39.3181,0.805475210220326,274.417130024702,286.521017042194,280.469073533448,40,45.1743323602068
-116.5189972,42.9541016,0.534153005464481,275.044535519126,289.874863387978,282.459699453552,75.609756,48.7574590163935
-116.5179977,39.2983017,0.805475210220326,274.417130024702,286.521017042194,280.469073533448,0,45.1743323602068
-116.5169983,38.9548988,1.27506849315069,275.320273972603,285.941369863014,280.630821917808,0,45.4654794520549
-116.5159988,42.6164017,0.994535519125683,273.67349726776,286.880327868852,280.276912568306,0,44.8284426229508
-116.5159988,42.9544983,0.534153005464481,275.044535519126,289.874863387978,282.459699453552,78.04878,48.7574590163935
-116.5149994,38.9359016,1.27506849315069,275.320273972603,285.941369863014,280.630821917808,0,45.4654794520549
-116.5139999,39.2042999,0.857260273972603,274.841917808219,288.287945205479,281.564931506849,0,47.1468767123289
-116.5130005,38.9387016,1.20237442922374,274.542648401826,285.476621004566,280.009634703196,0,44.3473424657534
-116.512001,38.9295998,1.19926940639269,275.045844748858,285.273515981735,280.159680365297,43.3333333333333,44.6174246575343
-116.512001,38.9413986,1.27041095890411,276.075068493151,285.636712328767,280.855890410959,0,45.8706027397261
-116.512001,38.9457016,1.1541095890411,273.897397260274,285.571095890411,279.734246575342,0,43.8516438356165
-116.512001,42.6176987,0.994535519125683,273.67349726776,286.880327868852,280.276912568306,0,44.8284426229508
-116.5110016,39.2883987,0.758904109589042,273.241369863014,286.468082191781,279.854726027397,0,44.0685068493151
-116.5110016,42.9546013,0.534153005464481,275.044535519126,289.874863387978,282.459699453552,53.658537,48.7574590163935
-116.5100021,41.5178986,0.693972602739726,272.507945205479,288.674246575342,280.591095890411,0,45.3939726027398
-116.5080032,38.922699,1.19926940639269,275.045844748858,285.273515981735,280.159680365297,33.3333333333333,44.6174246575343
-116.5080032,42.6189003,0.994535519125683,273.67349726776,286.880327868852,280.276912568306,12,44.8284426229508
-116.5070038,38.7694016,0.955890410958905,274.383561643836,288.205205479452,281.294383561644,0,46.6598904109589
-116.5070038,42.9538994,0.534153005464481,275.044535519126,289.874863387978,282.459699453552,46.341463,48.7574590163935
-116.5029984,38.7471008,0.657808219178083,272.612876712329,287.975890410959,280.294383561644,0,44.8598904109589
-116.5029984,42.9542007,0.534153005464481,275.044535519126,289.874863387978,282.459699453552,75.609756,48.7574590163935
-116.5019989,42.6211014,0.994535519125683,273.67349726776,286.880327868852,280.276912568306,4.878049,44.8284426229508
-116.5009995,38.9159012,1.03214611872146,273.553881278539,286.313150684931,279.933515981735,0,44.2103287671233
-116.5009995,42.6251984,0.994535519125683,273.67349726776,286.880327868852,280.276912568306,2.439024,44.8284426229508
-116.5,42.9552994,0.534153005464481,275.044535519126,289.874863387978,282.459699453552,60,48.7574590163935
-116.4990005,42.9555016,0.534153005464481,275.044535519126,289.874863387978,282.459699453552,68.292683,48.7574590163935
-116.4990005,42.9556007,0.534153005464481,275.044535519126,289.874863387978,282.459699453552,40,48.7574590163935
-116.4990005,43.0456009,0.555191256830601,275.61174863388,290.746994535519,283.179371584699,9,50.052868852459
-116.4970016,39.2798996,0.82662100456621,274.532937719889,287.851059211019,281.191998465454,0,46.4755972378172
-116.4970016,42.6245003,0.994535519125683,273.67349726776,286.880327868852,280.276912568306,0,44.8284426229508
-116.4950027,42.6251984,1.0016393442623,273.384153005464,286.626229508197,280.005191256831,17,44.3393442622951
-116.4950027,42.6253014,1.0016393442623,273.384153005464,286.626229508197,280.005191256831,18,44.3393442622951
-116.4950027,42.9571991,0.525956284153006,275.219945355191,290.501912568306,282.860928961749,80.487805,49.4796721311476
-116.4929962,39.2064018,0.914246575342467,274.295068493151,286.811780821918,280.553424657534,0,45.3261643835617
-116.4919968,38.763401,0.590958904109589,274.195342465753,289.827945205479,282.011643835616,0,47.9509589041096
-116.4919968,38.9075012,0.620958904109589,273.069178082192,288.412054794521,280.740616438356,0,45.6631095890412
-116.4899979,38.7681999,0.484657534246576,272.215068493151,289.012054794521,280.613561643836,0,45.4344109589042
-116.4899979,42.6271019,1.0016393442623,273.384153005464,286.626229508197,280.005191256831,20,44.3393442622951
-116.4899979,42.6273003,1.0016393442623,273.384153005464,286.626229508197,280.005191256831,43,44.3393442622951
-116.4889984,42.6264992,1.0016393442623,273.384153005464,286.626229508197,280.005191256831,25,44.3393442622951
-116.4889984,42.6267014,1.0016393442623,273.384153005464,286.626229508197,280.005191256831,26,44.3393442622951
-116.4889984,42.6269989,1.0016393442623,273.384153005464,286.626229508197,280.005191256831,8,44.3393442622951
-116.487999,38.9075012,0.692876712328767,274.172054794521,288.750136986301,281.461095890411,0,46.9599726027398
-116.4860001,38.9009018,0.653150684931507,273.802648401827,288.9099543379,281.356301369863,0,46.7713424657534
-116.4850006,39.1972008,0.888442997230332,274.644502208249,287.674071038251,281.15928662325,0,46.4167159218505
-116.4840012,42.6310997,0.990983606557376,273.515027322404,286.763661202186,280.139344262295,34.146341,44.5808196721312
-116.4830017,38.9048996,0.573698630136986,273.063835616438,289.229589041096,281.146712328767,0,46.3940821917809
-116.4820023,39.2745018,0.737534246575343,273.76698630137,286.8,280.283493150685,0,44.8402876712328
-116.4810028,38.7456017,0.453150684931507,271.921643835616,289.38602739726,280.653835616438,0,45.5069041095891
-116.4779968,39.2644005,0.675068493150685,272.178904109589,286.095068493151,279.13698630137,0,42.7765753424658
-116.4779968,39.2669983,0.749589041095891,273.783561643836,286.621232876712,280.202397260274,0,44.6943150684932
-116.4769974,39.1903,0.836438356164384,273.896849315068,286.762465753425,280.329657534247,0,44.9233835616439
-116.4769974,39.2644997,0.74,273.064383561644,286.211141552511,279.637762557078,0,43.6779726027398
-116.4769974,39.2653008,0.74,273.064383561644,286.211141552511,279.637762557078,0,43.6779726027398
-116.4769974,39.2835007,0.675068493150685,272.178904109589,286.095068493151,279.13698630137,0,42.7765753424658
-116.4759979,38.7554016,0.537808219178082,273.205205479452,289.42,281.312602739726,0,46.6926849315068
-116.4759979,42.7032013,1.01693989071038,273.761475409836,286.969398907104,280.36543715847,34.146341,44.9877868852459
-116.4749985,39.2624016,0.749589041095891,273.783561643836,286.621232876712,280.202397260274,0,44.6943150684932
-116.4749985,42.6339989,0.990983606557376,273.515027322404,286.763661202186,280.139344262295,2.439024,44.5808196721312
-116.473999,38.764801,0.484657534246576,272.215068493151,289.012054794521,280.613561643836,0,45.4344109589042
-116.4729996,39.2625008,0.737534246575343,273.76698630137,286.8,280.283493150685,0,44.8402876712328
-116.4729996,39.2625999,0.8,275.355068493151,287.504931506849,281.43,0,46.904
-116.4720001,38.7783012,0.484657534246576,272.215068493151,289.012054794521,280.613561643836,0,45.4344109589042
-116.4720001,39.262001,0.760928400329366,274.216067070889,287.324554233101,280.770310651995,0,45.7165591735909
-116.4710007,39.2612,0.737534246575343,273.76698630137,286.8,280.283493150685,0,44.8402876712328
-116.4710007,39.2617989,0.737534246575343,273.76698630137,286.8,280.283493150685,0,44.8402876712328
-116.4710007,42.6361008,0.990983606557376,273.515027322404,286.763661202186,280.139344262295,0,44.5808196721312
-116.4700012,39.2607994,0.675068493150685,272.178904109589,286.095068493151,279.13698630137,0,42.7765753424658
-116.4700012,39.2608986,0.710000000000001,271.91904109589,285.564246575342,278.741643835616,0,42.0649589041096
-116.4700012,39.2612,0.744931506849316,271.659178082192,285.033424657534,278.346301369863,0,41.3533424657534
-116.4690018,39.1869011,0.847123287671233,273.85602739726,286.562191780822,280.209109589041,0,44.706397260274
-116.4690018,39.2602005,0.737534246575343,273.76698630137,286.8,280.283493150685,0,44.8402876712328
-116.4690018,39.2602997,0.772267759562842,274.648572497941,288.02787558949,281.338224043716,0,46.7388032786886
-116.4680023,39.2915001,0.789548369388926,274.895121391322,287.734382813085,281.314752102203,0,46.6965537839658
-116.4660034,38.7332993,0.453150684931507,271.921643835616,289.38602739726,280.653835616438,0,45.5069041095891
-116.4660034,39.2914009,0.737534246575343,273.76698630137,286.8,280.283493150685,0,44.8402876712328
-116.4660034,39.2916985,0.772465753424658,273.507123287671,286.269178082192,279.888150684931,0,44.1286712328767
-116.4660034,39.2952995,0.737534246575343,273.76698630137,286.8,280.283493150685,0,44.8402876712328
-116.4660034,39.2961006,0.846411033760012,275.433057115054,286.701833969609,281.067445542331,0,46.2514019761959
-116.4660034,39.2961998,0.851095890410959,274.257534246575,284.888630136986,279.573082191781,0,43.5615479452055
-116.4660034,39.2980995,0.872876712328767,276.197808219178,286.142465753425,281.170136986301,0,46.4362465753425
-116.4660034,39.2989998,0.807123287671233,274.504794520548,285.417260273973,279.96102739726,0,44.2598493150686
-116.4649963,39.2913017,0.74,273.064383561644,286.211141552511,279.637762557078,0,43.6779726027398
-116.4649963,39.2980995,0.741369863013698,272.811780821918,284.692054794521,278.751917808219,0,42.0834520547946
-116.4649963,39.2989006,0.913698630136987,276.174246575342,285.801095890411,280.987671232877,0,46.1078082191781
-116.4649963,39.2989998,0.785342465753424,272.564520547945,284.163424657534,278.36397260274,0,41.3851506849316
-116.4649963,42.6445007,0.990983606557376,273.515027322404,286.763661202186,280.139344262295,14.634146,44.5808196721312
-116.4639969,38.8582993,0.493972602739727,271.972876712329,288.566301369863,280.269589041096,0,44.8152602739726
-116.4639969,39.2915993,0.737534246575343,273.76698630137,286.8,280.283493150685,0,44.8402876712328
-116.4629974,39.2913017,0.710000000000001,271.91904109589,285.564246575342,278.741643835616,0,42.0649589041096
-116.4629974,42.698101,1.01693989071038,273.761475409836,286.969398907104,280.36543715847,7.317073,44.9877868852459
-116.461998,38.7501984,0.497671232876712,272.836301369863,289.835479452055,281.335890410959,0,46.734602739726
-116.4609985,38.8286018,0.61013698630137,274.180547945205,289.562465753425,281.871506849315,0,47.6987123287672
-116.4609985,39.2910995,0.772267759562842,274.648572497941,288.02787558949,281.338224043716,0,46.7388032786886
-116.4589996,42.696701,1.01693989071038,273.761475409836,286.969398907104,280.36543715847,36.585366,44.9877868852459
-116.4580002,39.1876984,0.898596701349902,274.81542156349,287.589563340569,281.20249245203,0,46.4944864136538
-116.4570007,42.6941986,1.01693989071038,273.761475409836,286.969398907104,280.36543715847,0,44.9877868852459
-116.4550018,39.3078995,0.827534246575342,274.49301369863,285.246575342466,279.869794520548,0,44.0956301369864
-116.4550018,42.6497993,0.990983606557376,273.515027322404,286.763661202186,280.139344262295,2.439024,44.5808196721312
-116.4530029,42.6929016,0.989071038251366,273.634972677596,287.17349726776,280.404234972678,2.439024,45.0576229508197
-116.4459991,39.1833992,0.63087431693989,273.654371584699,289.822404371585,281.738387978142,0,47.4590983606558
-116.4459991,39.3091011,0.729721161763605,274.724416123961,287.859608129351,281.292012126656,0,46.6556218279812
-116.442926,38.165931,0.530958904109589,276.683561643836,290.714794520548,283.699178082192,0,50.9885205479453
-116.4349976,39.3149986,0.703551912568306,274.276229508197,288.28606557377,281.281147540984,0,46.6360655737706
-116.4300003,39.1800003,0.682346233500512,274.217849888964,289.138609676373,281.678229782668,0,47.3508136088031
-116.428445,42.682895,0.838082191780822,271.396712328767,286.169589041096,278.783150684932,0,42.1396712328768
-116.4240036,40.6649017,0.712328767123287,274.196164383562,292.025479452055,283.110821917808,35,49.9294794520549
-116.4229965,39.3171997,0.724931506849315,273.809178082192,286.347671232877,280.078424657534,0,44.4711643835617
-116.4209976,39.3185997,0.729721161763605,274.724416123961,287.859608129351,281.292012126656,0,46.6556218279812
-116.4169998,39.3227005,0.703551912568306,274.276229508197,288.28606557377,281.281147540984,0,46.6360655737706
-116.4160004,40.5362015,0.435616438356165,272.331780821918,291.747671232877,282.039726027397,50,48.0015068493151
-116.4150009,39.1846008,0.682346233500512,274.217849888964,289.138609676373,281.678229782668,0,47.3508136088031
-116.4110031,38.8792992,0.574794520547945,273.113698630137,289.776164383562,281.444931506849,0,46.9308767123289
-116.4039993,41.5831985,0.616986301369863,271.206301369863,289.563287671233,280.384794520548,50,45.0226301369864
-116.4029999,38.9833984,0.49068493150685,271.513424657534,288.349589041096,279.931506849315,0,44.2067123287671
-116.3990021,38.9771004,0.49068493150685,271.513424657534,288.349589041096,279.931506849315,0,44.2067123287671
-116.387001,38.9832993,0.613424657534247,273.695068493151,289.064657534247,281.379863013699,0,46.8137534246576
-116.3779984,40.7678986,0.441917808219178,272.34602739726,291.640547945205,281.993287671233,10,47.9179178082193
-116.3759995,40.4905014,0.504109589041096,273.042191780822,290.847397260274,281.944794520548,25,47.8306301369863
-116.372261,42.711686,0.871780821917808,271.998630136986,286.113150684931,279.055890410959,0,42.6306027397261
-116.3690033,38.9660988,0.717808219178082,273.747945205479,288.274520547945,281.011232876712,0,46.1502191780822
-116.3610001,38.9490013,0.60082191780822,273.766301369863,289.337260273973,281.551780821918,0,47.1232054794521
-116.3450012,38.9441986,0.536027397260274,272.690547945205,288.915753424658,280.803150684931,0,45.7756712328767
-116.3440018,39.1651001,0.51041095890411,273.868219178082,290.172876712329,282.020547945206,0,47.96698630137
-116.3290024,38.9528999,0.627397260273972,273.82602739726,288.804109589041,281.315068493151,0,46.6971232876712
-116.3059998,39.5395012,0.603835616438356,272.321917808219,290.884657534247,281.603287671233,0,47.2159178082192
-116.302002,40.4220009,0.478904109589041,272.086849315068,291.198082191781,281.642465753425,20,47.2864383561644
-116.2969971,42.7573013,0.799453551912569,275.921038251366,289.062568306011,282.491803278689,29,48.8152459016394
-116.287207,38.198948,0.301369863013699,274.74,293.956712328767,284.348356164384,0,52.1570410958905
-116.2850037,41.6049004,0.92986301369863,274.438082191781,289.785479452055,282.111780821918,15,48.1312054794521
-116.2819977,40.4445992,0.57945205479452,273.366575342466,289.878082191781,281.622328767123,0,47.250191780822
-116.276001,42.7667999,0.523770491803279,275.423224043716,290.173770491803,282.79849726776,35.25,49.3672950819672
-116.276001,42.7669983,0.523770491803279,275.423224043716,290.173770491803,282.79849726776,29,49.3672950819672
-116.276001,42.7671013,0.523770491803279,275.423224043716,290.173770491803,282.79849726776,55,49.3672950819672
-116.2750015,42.7668991,0.523770491803279,275.423224043716,290.173770491803,282.79849726776,52,49.3672950819672
-116.2750015,42.7673988,0.523770491803279,275.423224043716,290.173770491803,282.79849726776,54,49.3672950819672
-116.2730026,39.7526016,0.526301369863014,272.448493150685,289.192328767123,280.820410958904,10,45.8067397260275
-116.2720032,42.7695007,0.523770491803279,275.423224043716,290.173770491803,282.79849726776,33,49.3672950819672
-116.2720032,42.7695999,0.523770491803279,275.423224043716,290.173770491803,282.79849726776,32,49.3672950819672
-116.2720032,42.7696991,0.523770491803279,275.423224043716,290.173770491803,282.79849726776,31,49.3672950819672
-116.2710037,42.7692986,0.523770491803279,275.423224043716,290.173770491803,282.79849726776,36,49.3672950819672
-116.2710037,42.7694016,0.523770491803279,275.423224043716,290.173770491803,282.79849726776,52,49.3672950819672
-116.2710037,42.7695007,0.523770491803279,275.423224043716,290.173770491803,282.79849726776,19,49.3672950819672
-116.2710037,42.7696991,0.523770491803279,275.423224043716,290.173770491803,282.79849726776,24.5,49.3672950819672
-116.265893,42.773023,0.436712328767123,273.679452054795,288.974246575342,281.326849315069,37.5,46.7183287671233
-116.2610016,42.7736015,0.523770491803279,275.423224043716,290.173770491803,282.79849726776,27.5,49.3672950819672
-116.2610016,42.7737007,0.523770491803279,275.423224043716,290.173770491803,282.79849726776,40,49.3672950819672
-116.2600021,42.7737007,0.523770491803279,275.423224043716,290.173770491803,282.79849726776,50,49.3672950819672
-116.2509995,42.7765007,0.523770491803279,275.423224043716,290.173770491803,282.79849726776,45,49.3672950819672
-116.2509995,42.7765999,0.523770491803279,275.423224043716,290.173770491803,282.79849726776,61,49.3672950819672
-116.2509995,42.7766991,0.523770491803279,275.423224043716,290.173770491803,282.79849726776,72,49.3672950819672
-116.25,42.7761993,0.523770491803279,275.423224043716,290.173770491803,282.79849726776,56.6666666666667,49.3672950819672
-116.25,42.7762985,0.523770491803279,275.423224043716,290.173770491803,282.79849726776,58,49.3672950819672
-116.25,42.7764015,0.523770491803279,275.423224043716,290.173770491803,282.79849726776,36.5,49.3672950819672
-116.25,42.7765999,0.523770491803279,275.423224043716,290.173770491803,282.79849726776,31,49.3672950819672
-116.25,42.7767982,0.523770491803279,275.423224043716,290.173770491803,282.79849726776,29,49.3672950819672
-116.25,42.7769012,0.523770491803279,275.423224043716,290.173770491803,282.79849726776,48,49.3672950819672
-116.232227,42.794134,0.467397260273973,274.134794520548,289.334246575342,281.734520547945,37.5,47.4521369863014
-116.2300034,42.7963982,0.567486338797814,275.918852459016,290.914207650273,283.416530054645,36.25,50.4797540983607
-116.2300034,42.7966003,0.567486338797814,275.918852459016,290.914207650273,283.416530054645,28,50.4797540983607
-116.2300034,42.7966995,0.567486338797814,275.918852459016,290.914207650273,283.416530054645,21,50.4797540983607
-116.2300034,42.7967987,0.567486338797814,275.918852459016,290.914207650273,283.416530054645,23,50.4797540983607
-116.2300034,42.7969017,0.567486338797814,275.918852459016,290.914207650273,283.416530054645,58,50.4797540983607
-116.2180023,39.8275986,0.940163934426229,274.962841530055,289.623770491803,282.293306010929,0,48.4579508196722
-116.2030029,39.8913994,0.693715846994535,274.732513661202,291.006557377049,282.869535519126,1.333333,49.4951639344263
-116.1999969,39.8320999,0.681095890410959,274.037808219178,288.21095890411,281.124383561644,0,46.353890410959
-116.1930008,39.8400993,0.715573770491803,275.063114754098,290.775956284153,282.919535519126,1.333333,49.5851639344263
-116.1819992,42.8137016,0.528415300546448,276.077595628415,291.288797814208,283.683196721311,34,50.9597540983606
-116.1819992,42.8138008,0.528415300546448,276.077595628415,291.288797814208,283.683196721311,36,50.9597540983606
-116.1819992,42.8139,0.528415300546448,276.077595628415,291.288797814208,283.683196721311,23,50.9597540983606
-116.181611,42.812486,0.443287671232877,274.701369863014,290.00904109589,282.355205479452,37.5,48.5693698630137
-116.1809998,42.8137016,0.528415300546448,276.077595628415,291.288797814208,283.683196721311,46.5,50.9597540983606
-116.1809998,42.8138008,0.528415300546448,276.077595628415,291.288797814208,283.683196721311,35,50.9597540983606
-116.1699982,39.8602982,0.57013698630137,273.936164383562,288.761643835616,281.348904109589,0,46.7580273972603
-116.1539993,39.8174019,0.77041095890411,275.761095890411,289.380273972603,282.570684931507,5,48.9572328767124
-116.153929,43.592778,0.734520547945205,275.226301369863,289.090136986301,282.158219178082,37.5,48.2147945205479
-116.144783,43.592821,0.734520547945205,275.226301369863,289.090136986301,282.158219178082,2.5,48.2147945205479
-116.137001,39.1007004,0.528493150684931,274.398082191781,290.234520547945,282.316301369863,0,48.4993424657535
-116.129172,43.542171,0.690958904109589,275.721095890411,289.626575342466,282.673835616438,37.5,49.1429041095891
-116.124251,42.837191,0.425753424657534,274.901643835616,290.182739726027,282.542191780822,37.5,48.9059452054795
-116.103727,43.477336,1.44821917808219,277.64904109589,290.690136986301,284.169589041096,37.5,51.8352602739726
-116.0960007,39.7840004,0.466849315068493,271.690684931507,289.691780821918,280.691232876712,0,45.5742191780822
-116.0800018,39.5812988,0.653424657534247,274.295342465753,290.107945205479,282.201643835616,7,48.2929589041096
-116.0719986,39.8344994,0.446849315068493,270.226301369863,290.032328767123,280.129315068493,15,44.5627671232877
-116.060997,39.9894981,0.460821917808219,271.794794520548,289.581917808219,280.688356164384,0,45.5690410958904
-116.0569992,39.9889984,0.460821917808219,271.794794520548,289.581917808219,280.688356164384,15,45.5690410958904
-116.0329971,40.0632019,0.60327868852459,272.61693989071,291.844535519126,282.230737704918,0,48.3453278688525
-116.0149994,41.2261009,0.71013698630137,269.565479452055,286.495068493151,278.030273972603,1,40.7844931506849
-116.0110016,40.1577988,0.60082191780822,273.744931506849,288.630684931507,281.187808219178,45,46.4680547945206
-115.951205,43.346867,1.22219178082192,277.337260273973,291.18301369863,284.260136986301,37.5,51.9982465753426
-115.951053,43.344585,1.22219178082192,277.337260273973,291.18301369863,284.260136986301,37.5,51.9982465753426
-115.935861,40.763336,0.584109589041096,271.15698630137,288.575890410959,279.866438356164,15,44.089589041096
-115.9339981,40.1487007,0.522739726027397,270.699178082192,289.720547945206,280.209863013699,0,44.7077534246576
-115.933883,42.916991,0.371506849315069,275.54904109589,291.39397260274,283.471506849315,37.5,50.5787123287672
-115.8960037,39.5867004,0.806284153005465,274.496994535519,290.200546448087,282.348770491803,0,48.557786885246
-115.8909988,39.5956001,0.748633879781421,274.382240437158,290.851912568306,282.617076502732,0,49.0407377049182
-115.8850021,39.5942001,0.748633879781421,274.382240437158,290.851912568306,282.617076502732,0,49.0407377049182
-115.8639984,39.7868996,0.881643835616439,274.58602739726,288.767397260274,281.676712328767,40,47.3480821917809
-115.8310013,41.5247993,0.722465753424658,268.51397260274,286.686575342466,277.600273972603,0,40.010493150685
-115.830208,39.375063,0.54,270.27095890411,289.133698630137,279.702328767123,0,43.7941917808219
-115.8079987,41.8759995,1.77131147540984,273.862021857923,284.296721311475,279.079371584699,0,42.6728688524591
-115.8069992,41.2090988,0.836712328767123,271.379726027397,288.925479452055,280.152602739726,0,44.6046849315069
-115.7939987,40.105999,0.575068493150685,272.207123287671,289.08301369863,280.645068493151,5,45.4911232876713
-115.7819977,41.891201,1.3483606557377,274.608743169399,286.418579234973,280.513661202186,2,45.2545901639345
-115.7710037,41.6834984,0.767945205479452,268.026575342466,286.869863013699,277.448219178082,0,39.7367945205481
-115.7689972,41.8513985,1.12931506849315,273.790410958904,287.515342465753,280.652876712329,0,45.5051780821918
-115.7590027,41.8471985,1.35573770491803,274.30956284153,286.64781420765,280.47868852459,0,45.1916393442624
-115.742741,41.542649,0.723013698630137,270.257260273973,285.147671232877,277.702465753425,0,40.1944383561645
-115.741471,41.541784,0.723013698630137,270.257260273973,285.147671232877,277.702465753425,0,40.1944383561645
-115.7389984,40.6636009,0.529315068493151,270.36,290.115068493151,280.237534246575,0,44.7575616438357
-115.737999,41.8995018,1.51639344262295,274.501366120219,286.989071038251,280.745218579235,27.333333,45.671393442623
-115.737999,41.9031982,1.51639344262295,274.501366120219,286.989071038251,280.745218579235,26,45.671393442623
-115.7330017,40.646801,0.529315068493151,270.36,290.115068493151,280.237534246575,5,44.7575616438357
-115.721577,42.924105,0.361917808219178,276.009863013699,291.971506849315,283.990684931507,37.5,51.5132328767124
-115.7210007,40.6310997,0.529315068493151,270.36,290.115068493151,280.237534246575,7,44.7575616438357
-115.7190018,40.4846001,0.624383561643835,270.426301369863,289.738356164384,280.082328767123,20,44.4781917808219
-115.7190018,41.7851982,0.886849315068493,272.073698630137,286.212876712329,279.143287671233,0,42.7879178082192
-115.7170029,41.7887001,0.886849315068493,272.073698630137,286.212876712329,279.143287671233,0,42.7879178082192
-115.716769,43.103895,0.487123287671233,275.438356164384,290.922465753425,283.180410958904,37.5,50.0547397260274
-115.7080002,41.8488998,0.696438356164384,272.463287671233,287.905479452055,280.184383561644,0,44.6618904109589
-115.7020035,41.8135986,0.943287671232877,272.076438356164,285.847123287671,278.961780821918,1,42.4612054794522
-115.692826,42.901973,0.382739726027397,275.942739726027,291.927397260274,283.935068493151,37.5,51.4131232876712
-115.690636,42.912148,0.382739726027397,275.942739726027,291.927397260274,283.935068493151,62.5,51.4131232876712
-115.685997,41.8851013,0.672054794520548,272.568219178082,288.665205479452,280.616712328767,20,45.4400821917808
-115.6819992,39.2154007,0.915027322404373,273.178415300546,289.551912568306,281.365163934426,0,46.7872950819672
-115.6740036,40.1013985,0.946965341717195,275.230040796467,289.92776068568,282.578900741073,0,48.9720213339322
-115.6620026,40.0455017,0.829863013698631,272.573424657534,286.866301369863,279.719863013699,0,43.8257534246575
-115.6600037,40.3496017,0.713150684931507,272.458082191781,288.299726027397,280.378904109589,10,45.0120273972603
-115.6600037,41.8408012,1.39153005464481,273.413661202186,288.111202185792,280.762431693989,6,45.7023770491804
-115.6579971,40.0778008,0.97972602739726,272.625753424658,286.014794520548,279.320273972603,2,43.106493150685
-115.6579971,40.1015015,1.39068493150685,275.597260273973,287.610684931507,281.60397260274,3.333333,47.2171506849316
-115.6569977,40.073101,1.06191780821918,274.247671232877,287.598904109589,280.923287671233,2.7,45.9919178082192
-115.6569977,40.0741997,1.06191780821918,274.247671232877,287.598904109589,280.923287671233,1.7,45.9919178082192
-115.6569977,40.0793991,0.97972602739726,272.625753424658,286.014794520548,279.320273972603,0,43.106493150685
-115.6559982,40.0643997,1.24739726027397,275.572054794521,288.367945205479,281.97,0,47.8760000000001
-115.6559982,40.0724983,1.06191780821918,274.247671232877,287.598904109589,280.923287671233,2,45.9919178082192
-115.655636,43.155291,0.533424657534246,275.176712328767,290.304109589041,282.740410958904,37.5,49.2627397260275
-115.6539993,40.0736008,1.06191780821918,274.247671232877,287.598904109589,280.923287671233,2,45.9919178082192
-115.6539993,40.0746994,1.06191780821918,274.247671232877,287.598904109589,280.923287671233,1,45.9919178082192
-115.6520004,40.0682983,0.97972602739726,272.625753424658,286.014794520548,279.320273972603,9.333333,43.106493150685
-115.6500015,41.9155998,0.70027397260274,272.352602739726,288.559178082192,280.455890410959,35,45.150602739726
-115.6480026,40.0163002,1.16520547945205,275.690136986301,289.241369863014,282.465753424658,0,48.7683561643836
-115.6480026,40.0966988,1.39068493150685,275.597260273973,287.610684931507,281.60397260274,0,47.2171506849316
-115.6460037,40.0698013,0.97972602739726,272.625753424658,286.014794520548,279.320273972603,17.333333,43.106493150685
-115.637121,43.168384,0.533424657534246,275.176712328767,290.304109589041,282.740410958904,37.5,49.2627397260275
-115.6360016,40.021801,0.997534246575343,274.131780821918,288.053835616438,281.092808219178,0,46.2970547945206
-115.634064,42.923984,0.404383561643836,275.876712328767,291.467945205479,283.672328767123,37.5,50.940191780822
-115.6330032,40.0513,1.24739726027397,275.572054794521,288.367945205479,281.97,0,47.8760000000001
-115.6320038,40.0471992,0.97972602739726,272.625753424658,286.014794520548,279.320273972603,0,43.106493150685
-115.6259995,39.2328987,0.948360655737706,273.147267759563,289.385245901639,281.266256830601,0,46.609262295082
-115.624221,43.176382,0.548767123287671,275.081095890411,290.02301369863,282.55205479452,37.5,48.923698630137
-115.6159973,40.0284004,0.817213114754099,275.168852459016,289.666393442623,282.41762295082,1.333333,48.6817213114755
-115.6110001,41.7783012,1.91857923497268,272.898633879781,285.263661202186,279.081147540984,0,42.6760655737705
-115.6100006,39.9950981,1.03753424657534,274.277671232877,287.111917808219,280.694794520548,0,45.5806301369863
-115.6050034,40.0227013,1.19260273972603,275.592054794521,288.217808219178,281.904931506849,0,47.7588767123288
-115.6009979,40.0231018,0.89068493150685,272.555616438356,285.862465753425,279.20904109589,8,42.9062739726027
-115.5940018,40.0056992,1.19260273972603,275.592054794521,288.217808219178,281.904931506849,2.666667,47.7588767123288
-115.5930023,39.2517014,0.991256830601093,273.920218579235,288.763387978142,281.341803278689,0,46.7452459016394
-115.591943,43.086026,0.473698630136986,275.495068493151,290.632054794521,283.063561643836,37.5,49.8444109589042
-115.5879974,39.9915009,0.866027397260274,272.636438356164,285.92904109589,279.282739726027,0.666667,43.0389315068493
-115.581941,43.237545,0.738630136986301,273.945753424658,288.716164383562,281.33095890411,15,46.7257260273973
-115.5719986,40.0330009,0.997671232876711,274.198904109589,287.667123287671,280.93301369863,0,46.0094246575343
-115.5660019,40.0003014,1.09890410958904,272.040547945206,284.360547945205,278.200547945205,0,41.0909863013699
-115.564003,40.0107002,1.15424657534246,275.695068493151,288.899726027397,282.297397260274,0,48.4653150684933
-115.5540009,40.0264015,0.841095890410959,272.702739726027,286.434520547945,279.568630136986,0,43.5535342465754
-115.5490036,40.0014,1.49479452054795,275.366849315069,286.716712328767,281.041780821918,0.666667,46.2052054794521
-115.5490036,40.0093994,0.841095890410959,272.702739726027,286.434520547945,279.568630136986,0.666667,43.5535342465754
-115.5459976,40.0368004,1.15424657534246,275.695068493151,288.899726027397,282.297397260274,2,48.4653150684933
-115.5439987,40.0516014,1.3213698630137,275.017534246575,288.042739726027,281.530136986301,0,47.0842465753425
-115.5439987,40.0619011,1.3213698630137,275.017534246575,288.042739726027,281.530136986301,0,47.0842465753425
-115.5410004,40.0521011,0.98109589041096,272.244383561644,285.53095890411,278.887671232877,0,42.3278082191781
-115.5410004,40.0671997,0.98109589041096,272.244383561644,285.53095890411,278.887671232877,0,42.3278082191781
-115.5400009,40.0186996,0.841095890410959,272.702739726027,286.434520547945,279.568630136986,0,43.5535342465754
-115.5400009,40.0951996,1.67342465753425,274.654794520548,286.315890410959,280.485342465753,0,45.2036164383562
-115.5390015,40.0070992,1.15424657534246,275.695068493151,288.899726027397,282.297397260274,0,48.4653150684933
-115.538002,40.1082993,1.43384347630811,274.478080320383,286.996333183622,280.737206752002,0.6666665,45.6569721536044
-115.5329971,39.3111,1.00628415300546,272.704371584699,288.519398907104,280.611885245902,0,45.431393442623
-115.5319977,40.0261993,1.11424657534247,274.898630136986,289.916164383562,282.407397260274,0,48.6633150684932
-115.5289993,40.020401,0.831506849315069,272.281917808219,287.351232876712,279.816575342466,0,43.9998356164384
-115.5149994,41.5778999,0.657260273972603,269.717534246575,286.924657534247,278.321095890411,0,41.3079726027398
-115.5149994,41.5791016,0.657260273972603,269.717534246575,286.924657534247,278.321095890411,0,41.3079726027398
-115.513951,37.477083,0.58958904109589,277.718356164384,294.853424657534,286.285890410959,0,55.6446027397261
-115.512001,39.3352013,1.00628415300546,272.704371584699,288.519398907104,280.611885245902,8,45.431393442623
-115.5009995,39.4059982,0.939344262295083,273.403278688525,288.826229508197,281.114754098361,0,46.3365573770492
-115.4800034,41.7638016,2.46775956284153,272.07131147541,283.721038251366,277.896174863388,0,40.5431147540984
-115.4759979,41.8022003,2.09041095890411,270.876438356164,282.08904109589,276.482739726027,0,37.9989315068493
-115.4700012,41.7486992,1.6344262295082,272.779781420765,285.116666666667,278.948224043716,0.666667,42.4368032786886
-115.4530029,39.4053001,1.1483606557377,272.343442622951,287.824043715847,280.083743169399,0,44.480737704918
-115.353297,43.001474,0.381643835616438,275.459178082192,291.346301369863,283.402739726027,37.5,50.4549315068493
-115.350637,42.980198,0.381643835616438,275.459178082192,291.346301369863,283.402739726027,37.5,50.4549315068493
-115.349647,42.969473,0.381643835616438,275.459178082192,291.346301369863,283.402739726027,37.5,50.4549315068493
-115.336608,43.031588,0.427123287671233,275.318904109589,290.553424657534,282.936164383562,37.5,49.615095890411
-115.317762,43.063914,0.458630136986302,274.852876712329,289.974520547945,282.413698630137,37.5,48.6746575342466
-115.317212,43.063647,0.458630136986302,274.852876712329,289.974520547945,282.413698630137,37.5,48.6746575342466
-115.314955,43.068858,0.458630136986302,274.852876712329,289.974520547945,282.413698630137,37.5,48.6746575342466
-115.314874,43.165251,0.8,275.552876712329,287.033150684932,281.29301369863,0,46.6574246575343
-115.304929,43.145372,0.8,275.552876712329,287.033150684932,281.29301369863,0,46.6574246575343
-115.294379,43.125883,0.499452054794521,274.665205479452,289.192602739726,281.928904109589,37.5,47.8020273972604
-115.287719,43.099833,0.499452054794521,274.665205479452,289.192602739726,281.928904109589,37.5,47.8020273972604
-115.287009,43.099382,0.492602739726027,275.164931506849,288.744109589041,281.954520547945,37.5,47.8481369863014
-115.284991,43.114257,0.492602739726027,275.164931506849,288.744109589041,281.954520547945,37.5,47.8481369863014
-115.284792,43.118481,0.492602739726027,275.164931506849,288.744109589041,281.954520547945,37.5,47.8481369863014
-115.284332,43.114335,0.492602739726027,275.164931506849,288.744109589041,281.954520547945,37.5,47.8481369863014
-115.283872,43.118722,0.492602739726027,275.164931506849,288.744109589041,281.954520547945,37.5,47.8481369863014
-115.176384,43.315469,0.733424657534247,270.85698630137,286.143561643836,278.500273972603,0,41.6304931506849
-115.1589966,39.3933983,0.809589041095891,272.372054794521,287.814520547945,280.093287671233,0,44.4979178082192
-115.1589966,39.395401,0.809589041095891,272.372054794521,287.814520547945,280.093287671233,0,44.4979178082192
-115.1569977,39.3944016,0.809589041095891,272.372054794521,287.814520547945,280.093287671233,0,44.4979178082192
-115.1569977,39.3947983,0.809589041095891,272.372054794521,287.814520547945,280.093287671233,0,44.4979178082192
-115.1569977,39.3953018,0.809589041095891,272.372054794521,287.814520547945,280.093287671233,0,44.4979178082192
-115.1559982,39.3933983,0.809589041095891,272.372054794521,287.814520547945,280.093287671233,0,44.4979178082192
-115.077992,43.299489,0.603561643835616,269.698904109589,286.231780821918,277.965342465753,0,40.6676164383563
-115.009425,41.080411,1.05205479452055,271.979452054795,286.280547945205,279.13,0,42.764
-114.997351,42.942832,0.402739726027397,275.057808219178,290.994520547945,283.026164383562,37.5,49.777095890411
-114.9749985,38.2919006,0.785479452054795,274.417260273973,290.870684931507,282.64397260274,0,49.0891506849315
-114.961998,38.3153992,0.825205479452055,274.681643835616,290.100821917808,282.391232876712,0,48.6342191780823
-114.9589996,38.3098984,0.825205479452055,274.681643835616,290.100821917808,282.391232876712,1.333333,48.6342191780823
-114.948291,41.109651,0.578356164383562,270.526301369863,287.972876712329,279.249589041096,15,42.9792602739726
-114.9160004,38.3512001,0.881369863013699,274.273698630137,289.911780821918,282.092739726027,0,48.0969315068493
-114.9120026,38.3288994,0.806301369863013,272.979726027397,290.996164383562,281.987945205479,0,47.908301369863
-114.9059982,38.2472992,0.896164383561643,274.444931506849,289.912876712329,282.178904109589,0,48.2520273972604
-114.9059982,41.6015015,0.532054794520548,271.308493150685,288.011780821918,279.660136986301,0,43.7182465753425
-114.901001,41.603199,0.532054794520548,271.308493150685,288.011780821918,279.660136986301,0,43.7182465753425
-114.8929977,38.4422989,0.783835616438356,272.512876712329,290.842739726027,281.677808219178,0,47.3500547945206
-114.8880005,40.5471992,1.3396174863388,274.807103825137,287.958469945355,281.382786885246,0,46.8190163934426
-114.886508,42.190951,0.555068493150685,271.956438356164,287.827945205479,279.892191780822,0,44.1359452054795
-114.8860016,40.5153999,1.1747993861816,273.856850063627,286.85408002096,280.355465042294,0,44.9698370761284
-114.8830032,40.5475998,0.907671232876713,272.40301369863,286.284931506849,279.34397260274,0,43.1491506849316
-114.8799973,40.4903984,1.26010928961749,275.277322404372,288.320491803279,281.798907103825,0,47.5680327868854
-114.8799973,40.4999008,1.14553409686354,275.675236544652,288.450656860543,282.062946702598,0,48.0433040646756
-114.8799973,40.5619011,1.02821917808219,273.952465753425,287.221643835616,280.587054794521,2.666667,45.386698630137
-114.8779984,40.5012016,1.03095890410959,276.073150684932,288.580821917808,282.32698630137,0,48.5185753424658
-114.875,40.4953995,1.05238341193203,274.109620106295,287.475725353694,280.792672729995,0,45.7568109139906
-114.875,40.5834999,1.12364435960776,273.605058761883,287.121700726102,280.363379743993,0,44.9840835391871
-114.8740005,40.5609016,1.3396174863388,274.807103825137,287.958469945355,281.382786885246,0,46.8190163934426
-114.8710022,40.5826988,0.907671232876713,272.40301369863,286.284931506849,279.34397260274,0,43.1491506849316
-114.8700027,40.5881004,1.62849315068493,274.814794520548,286.552328767123,280.683561643836,0,45.5604109589041
-114.8669968,40.5898018,1.85491803278689,274.428961748634,286.491803278689,280.460382513661,0,45.1586885245902
-114.8460007,41.9709015,1.58191780821918,274.064109589041,285.784383561644,279.924246575342,0,44.1936438356165
-114.8379974,38.5036011,0.78931506849315,272.016164383562,290.820547945205,281.418356164384,0,46.8830410958905
-114.836998,41.9614983,1.61379444569204,274.063236769219,286.25431731417,280.158777041695,15,44.6157986750506
-114.8339996,41.9557991,1.61379444569204,274.063236769219,286.25431731417,280.158777041695,52,44.6157986750506
-114.829222,41.257246,0.827123287671233,271.159726027397,287.352054794521,279.255890410959,0,42.9906027397261
-114.822998,41.8949013,1.45385208473688,274.26407964668,287.119013399207,280.691546522943,16.333333,45.574783741298
-114.8190002,41.8801003,1.41972602739726,274.606301369863,287.317808219178,280.962054794521,10.666667,46.061698630137
-114.8160019,38.594799,0.72986301369863,271.492054794521,290.012602739726,280.752328767123,0,45.684191780822
-114.8160019,41.8945999,1.4879781420765,273.921857923497,286.920218579235,280.421038251366,16.666667,45.087868852459
-114.814003,41.9127007,1.41972602739726,274.606301369863,287.317808219178,280.962054794521,5.333333,46.061698630137
-114.814003,41.955101,1.29297889063553,273.243377498316,287.79138071712,280.517379107718,54,45.2612823938917
-114.814003,41.9608002,1.26054794520548,273.952328767123,287.990684931507,280.971506849315,0.666667,46.0787123287672
-114.814003,41.9726982,1.12881128827008,273.152257279737,288.516281533049,280.834269406393,35.6666665,45.8316849315069
-114.8119965,41.9011993,1.4879781420765,273.921857923497,286.920218579235,280.421038251366,6,45.087868852459
-114.810997,40.4766998,0.826575342465753,272.356712328767,285.649863013699,279.003287671233,0,42.5359178082193
-114.8089981,41.9090004,1.4879781420765,273.921857923497,286.920218579235,280.421038251366,21.333333,45.087868852459
-114.8089981,41.9667015,1.12881128827008,273.152257279737,288.516281533049,280.834269406393,0.6666665,45.8316849315069
-114.8079987,40.5024986,0.910958904109588,273.784109589041,287.108493150685,280.446301369863,0,45.1333424657535
-114.8069992,40.4715004,1.01069204281758,273.700760535968,286.49706265439,280.098911595179,1,44.5080408713228
-114.8069992,40.5042992,1.56082191780822,272.941095890411,285.205205479452,279.073150684932,0,42.6616712328768
-114.8069992,41.9149017,1.4879781420765,273.921857923497,286.920218579235,280.421038251366,2,45.087868852459
-114.8069992,41.9810982,1.12881128827008,273.152257279737,288.516281533049,280.834269406393,14.333333,45.8316849315069
-114.806691,41.347382,1.10109589041096,274.172602739726,288.810410958904,281.491506849315,0,47.0147123287672
-114.8059998,40.5012016,0.910958904109588,273.784109589041,287.108493150685,280.446301369863,0,45.1333424657535
-114.8059998,40.5013008,0.910958904109588,273.784109589041,287.108493150685,280.446301369863,0,45.1333424657535
-114.8059998,41.9025002,1.4879781420765,273.921857923497,286.920218579235,280.421038251366,7.333333,45.087868852459
-114.8050003,40.5018005,0.910958904109588,273.784109589041,287.108493150685,280.446301369863,0,45.1333424657535
-114.8050003,40.5043983,1.56082191780822,272.941095890411,285.205205479452,279.073150684932,0.3,42.6616712328768
-114.8040009,38.5994987,0.72986301369863,271.492054794521,290.012602739726,280.752328767123,0,45.684191780822
-114.8040009,40.5036011,0.910958904109588,273.784109589041,287.108493150685,280.446301369863,0,45.1333424657535
-114.8030014,40.5029984,0.910958904109588,273.784109589041,287.108493150685,280.446301369863,0,45.1333424657535
-114.8010025,38.8830986,0.774863387978142,272.004918032787,289.537704918033,280.77131147541,0,45.7183606557377
-114.8010025,38.896801,0.774863387978142,272.004918032787,289.537704918033,280.77131147541,0,45.7183606557377
-114.7990036,40.6472015,1.17490119020885,273.223809416873,287.215282581031,280.219545998952,35.6666665,44.7251827981137
-114.7979965,40.4673004,1.00027397260274,275.369315068493,287.747397260274,281.558356164384,0,47.1350410958904
-114.7979965,40.6627998,0.927671232876711,272.228493150685,286.486849315068,279.357671232877,4.666667,43.173808219178
-114.7959976,38.919899,0.667945205479452,272.248219178082,290.101643835616,281.174931506849,0,46.4448767123288
-114.7949982,38.5265999,0.763013698630137,271.762739726027,290.62904109589,281.195890410959,0,46.4826027397261
-114.7910004,38.5710983,0.739178082191781,271.700273972603,290.231506849315,280.965890410959,0,46.068602739726
-114.7910004,40.6543999,1.42213114754098,274.21912568306,287.943715846995,281.081420765027,0,46.2765573770492
-114.7910004,41.8914986,1.41972602739726,274.606301369863,287.317808219178,280.962054794521,30.666667,46.061698630137
-114.7890015,41.9387016,1.29297889063553,273.243377498316,287.79138071712,280.517379107718,19.3333335,45.2612823938917
-114.788002,40.5144005,1.65337188412306,272.527199640692,284.44155700277,278.484378321731,0.3333335,41.6018809791153
-114.788002,41.9019012,1.41972602739726,274.606301369863,287.317808219178,280.962054794521,26,46.061698630137
-114.7860031,38.5822983,0.77917808219178,272.44904109589,289.534520547945,280.991780821918,0,46.1152054794521
-114.7860031,38.591301,0.75945205479452,275.214520547945,289.789315068493,282.501917808219,0,48.8334520547945
-114.7860031,40.5099983,1.19452054794521,274.844383561644,286.745205479452,280.794794520548,0.666667,45.7606301369864
-114.7850037,38.5098,0.76027397260274,275.128767123288,290.604109589041,282.866438356164,0,49.489589041096
-114.7850037,38.5558014,0.748493150684931,274.94602739726,290.404931506849,282.675479452055,5.333333,49.1458630136987
-114.7850037,38.5625,0.77917808219178,272.44904109589,289.534520547945,280.991780821918,1.333333,46.1152054794521
-114.7839966,40.4836998,0.851638221423759,273.935278838236,287.182610973875,280.558944906056,0,45.3361008309006
-114.7839966,41.9053001,1.27847069391421,273.300307657759,288.283240137735,280.791773897747,28.666667,45.7551930159444
-114.7829971,41.9417992,1.05218579234973,272.139890710383,288.71174863388,280.425819672131,18,45.0964754098362
-114.7819977,38.598999,0.776164383561644,272.426849315068,288.950136986301,280.688493150685,2.666667,45.5692876712329
-114.7819977,41.9211006,1.02883262220226,272.821315218205,288.931490755296,280.876402986751,48,45.907525376151
-114.7799988,38.5287018,0.784109589041097,272.631780821918,289.700273972603,281.16602739726,0,46.4288493150685
-114.7799988,40.6827011,0.931211542780148,271.669694213639,288.788837862115,280.229266037877,66,44.7426788681788
-114.7789993,38.5167999,0.76027397260274,275.128767123288,290.604109589041,282.866438356164,0,49.489589041096
-114.7789993,38.524601,0.772191780821918,273.880273972603,290.152191780822,282.016232876712,1.3333335,47.9592191780822
-114.7789993,41.9399986,1.05218579234973,272.139890710383,288.71174863388,280.425819672131,38.666667,45.0964754098362
-114.7779999,38.5942993,0.75945205479452,275.214520547945,289.789315068493,282.501917808219,0,48.8334520547945
-114.7770004,40.5243988,1.01808219178082,271.793424657534,284.892602739726,278.34301369863,6,41.3474246575343
-114.7770004,41.8951988,1.27847069391421,273.300307657759,288.283240137735,280.791773897747,28.333333,45.7551930159444
-114.776001,38.5014,0.854794520547945,273.138356164384,289.353698630137,281.24602739726,0,46.5728493150685
-114.7750015,40.6803017,0.746849315068493,271.016164383562,288.129315068493,279.572739726027,22.666667,43.5609315068494
-114.7750015,41.8818016,1.27847069391421,273.300307657759,288.283240137735,280.791773897747,13.6666665,45.7551930159444
-114.7740021,38.5280991,0.784109589041097,272.631780821918,289.700273972603,281.16602739726,0,46.4288493150685
-114.7740021,38.6027985,0.75945205479452,275.214520547945,289.789315068493,282.501917808219,5.333333,48.8334520547945
-114.7740021,40.5186996,1.19452054794521,274.844383561644,286.745205479452,280.794794520548,0,45.7606301369864
-114.7720032,38.5251999,0.706557377049181,274.88606557377,290.850273224044,282.868169398907,0,49.4927049180328
-114.7710037,41.9438019,1.05218579234973,272.139890710383,288.71174863388,280.425819672131,15.333333,45.0964754098362
-114.769206,41.516622,1.00438356164384,273.916164383562,289.391232876712,281.653698630137,0,47.3066575342466
-114.7679977,38.5970993,0.767808219178082,273.820684931507,289.369726027397,281.595205479452,0.6666665,47.2013698630137
-114.7669983,41.9426994,1.00547945205479,273.502739726027,289.151232876712,281.32698630137,2,46.7185753424658
-114.7659988,40.5112,1.10630136986301,273.318904109589,285.818904109589,279.568904109589,0,43.5540273972604
-114.7659988,41.884201,1.24054794520548,273.925205479452,288.531780821918,281.228493150685,4,46.5412876712329
-114.764528,41.749841,0.542191780821918,271.392054794521,288.287397260274,279.839726027397,0,44.0415068493151
-114.7639999,41.9216003,1.00547945205479,273.502739726027,289.151232876712,281.32698630137,36.666667,46.7185753424658
-114.7630005,38.8861008,0.816939890710383,272.471584699454,288.586885245902,280.529234972678,0,45.2826229508197
-114.7630005,41.9356995,1.05218579234973,272.139890710383,288.71174863388,280.425819672131,24,45.0964754098362
-114.762001,38.5181999,0.772191780821918,273.880273972603,290.152191780822,282.016232876712,0,47.9592191780822
-114.7580032,40.4940987,0.764794520547945,274.127808219178,287.411780821918,280.769794520548,0,45.7156301369863
-114.7570038,38.8611984,0.796994535519126,272.626229508197,288.696448087432,280.661338797814,0,45.5204098360656
-114.7570038,41.9006996,1.27847069391421,273.300307657759,288.283240137735,280.791773897747,11.6666665,45.7551930159444
-114.756952,41.772922,0.560821917808219,271.501369863014,288.541369863014,280.021369863014,0,44.3684657534246
-114.7549973,39.358799,0.804644808743169,273.976775956284,288.435519125683,281.206147540984,0.3333335,46.5010655737705
-114.7539978,41.9248009,1.02883262220226,272.821315218205,288.931490755296,280.876402986751,16.333333,45.907525376151
-114.753433,41.772321,0.560821917808219,271.501369863014,288.541369863014,280.021369863014,15,44.3684657534246
-114.753407,41.771016,0.560821917808219,271.501369863014,288.541369863014,280.021369863014,37.5,44.3684657534246
-114.7529984,39.3405991,0.825409836065573,274.289344262295,288.103005464481,281.196174863388,14.666667,46.4831147540984
-114.7509995,39.3637009,0.825409836065573,274.289344262295,288.103005464481,281.196174863388,0.666667,46.4831147540984
-114.7490005,41.9137993,1.24054794520548,273.925205479452,288.531780821918,281.228493150685,17.333333,46.5412876712329
-114.7490005,41.9339981,1.05218579234973,272.139890710383,288.71174863388,280.425819672131,21.333333,45.0964754098362
-114.7470016,41.924099,1.05218579234973,272.139890710383,288.71174863388,280.425819672131,24,45.0964754098362
-114.7450027,41.9109001,0.891134815480201,272.278028669811,289.800373905232,281.039201287522,37,46.2005623175388
-114.7419968,39.3707008,0.85068306010929,274.447267759563,288.191803278689,281.319535519126,60.6666665,46.7051639344263
-114.7409973,41.9292984,0.876509469271652,272.583843850588,289.526857174938,281.055350512763,11.333333,46.2296309229734
-114.738105,42.212401,0.483287671232877,272.62301369863,288.088767123288,280.355890410959,0,44.970602739726
-114.7350006,41.9138985,0.891134815480201,272.278028669811,289.800373905232,281.039201287522,8,46.2005623175388
-114.7330017,39.3721008,0.85068306010929,274.447267759563,288.191803278689,281.319535519126,7,46.7051639344263
-114.7279968,39.3667984,0.79804326671158,273.406900217082,287.507106819373,280.457003518227,1.3333335,45.1526063328094
-114.723999,39.3480988,0.767671232876712,272.55095890411,286.402191780822,279.476575342466,1.333333,43.3878356164383
-114.7220001,40.5416985,1.06739726027397,271.680273972603,284.727397260274,278.203835616438,3.333333,41.0969041095891
-114.7210007,40.5769005,0.831506849315069,272.174794520548,285.86,279.017397260274,0,42.5613150684932
-114.720586,42.221581,0.495890410958904,272.963561643836,288.03397260274,280.498767123288,0,45.2277808219178
-114.7170029,39.3554993,0.872950819672131,274.631693989071,287.771584699454,281.201639344262,0,46.4929508196721
-114.7149963,40.5853004,1.19180327868852,274.581693989071,287.375683060109,280.97868852459,0,46.0916393442623
-114.7109985,39.4197998,0.762978142076503,274.434972677596,288.918442622951,281.676707650273,0,47.3480737704918
-114.7040024,40.6347008,0.689041095890412,271.942191780822,287.610684931507,279.776438356164,0.666667,43.9275890410959
-114.7030029,40.5610008,0.892602739726027,272.18602739726,285.48602739726,278.83602739726,0,42.2348493150686
-114.6989975,39.346199,1.02808219178082,273.154328542556,286.023339321806,279.588833932181,0,43.5899010779251
-114.6989975,39.3572006,1.04344262295082,273.633606557377,287.458196721311,280.545901639344,0,45.3126229508197
-114.697401,41.087041,0.934246575342466,272.924931506849,289.582739726027,281.253835616438,0,46.586904109589
-114.6969986,40.5605011,0.892602739726027,272.18602739726,285.48602739726,278.83602739726,0.666667,42.2348493150686
-114.689003,40.5937004,0.739452054794521,272.363561643836,286.32602739726,279.344794520548,16,43.1506301369863
-114.6880035,39.457901,0.702459016393443,274.210109289617,289.152322404372,281.681215846995,0.3333335,47.3561885245902
-114.6839981,39.4365997,0.682513661202186,273.843715846995,289.370218579235,281.606967213115,0,47.2225409836067
-114.6819992,40.6505013,1.01120218579235,273.450546448087,288.912841530055,281.181693989071,0,46.4570491803279
-114.6819992,40.6571999,1.01120218579235,273.450546448087,288.912841530055,281.181693989071,0,46.4570491803279
-114.6809998,39.3844986,0.804098360655738,274.284153005464,288.505464480874,281.394808743169,0,46.840655737705
-114.6809998,40.6343994,0.689041095890412,271.942191780822,287.610684931507,279.776438356164,30,43.9275890410959
-114.6800003,39.4828987,0.685180777004267,272.638871921551,288.571248222172,280.605060071862,0,45.419108129351
-114.6800003,40.6315002,0.850121640841381,272.696369114455,288.261763230781,280.479066172618,2.6666665,45.1923191107119
-114.6790009,39.3919983,0.838524590163934,275.250819672131,288.001639344262,281.626229508197,0,47.2572131147542
-114.6790009,39.4485016,0.682513661202186,273.843715846995,289.370218579235,281.606967213115,0,47.2225409836067
-114.677002,39.4073982,0.821311475409836,274.767486338798,288.253551912568,281.510519125683,12,47.0489344262296
-114.677002,39.4524994,0.682513661202186,273.843715846995,289.370218579235,281.606967213115,0,47.2225409836067
-114.6760025,40.5555,1.2068306010929,274.693169398907,286.995901639344,280.844535519126,0,45.8501639344262
-114.6750031,39.4631996,0.685180777004267,272.638871921551,288.571248222172,280.605060071862,0,45.419108129351
-114.6719971,39.4339981,0.702459016393443,274.210109289617,289.152322404372,281.681215846995,0,47.3561885245902
-114.6709976,39.4305,0.695311774833446,273.32825136612,288.013103525713,280.670677445917,0,45.5372194026499
-114.6709976,39.4822006,0.669398907103825,273.373224043716,290.110655737705,281.74193989071,0,47.4654918032787
-114.6699982,39.4653015,0.652328767123288,271.554246575342,287.753698630137,279.65397260274,0,43.7071506849315
-114.6679993,39.4039993,0.838524590163934,275.250819672131,288.001639344262,281.626229508197,16.666667,47.2572131147542
-114.6679993,39.5303001,0.866378471442473,273.635329241211,287.886264440951,280.760796841081,13.111111,45.6994343139457
-114.6679993,40.5569,0.892602739726027,272.18602739726,285.48602739726,278.83602739726,0,42.2348493150686
-114.6669998,39.399601,0.804098360655738,274.284153005464,288.505464480874,281.394808743169,0.666667,46.840655737705
-114.6669998,39.5237007,0.948087431693989,274.651092896175,287.977322404372,281.314207650273,20.666667,46.6955737704919
-114.6660004,40.5516014,0.892602739726027,272.18602739726,285.48602739726,278.83602739726,0,42.2348493150686
-114.663002,39.4762993,0.693715846994536,273.548360655738,289.749726775956,281.649043715847,20.6666665,47.2982786885247
-114.6620026,39.4813995,1.19808743169399,274.373770491803,286.462295081967,280.418032786885,0.666667,45.0824590163935
-114.6620026,39.5287018,1.15693664695461,272.600342340994,285.772273124236,279.186307732615,24.4444443333333,42.8653539187066
-114.6589966,39.5015984,1.14275956284153,273.922950819672,286.888797814208,280.40587431694,27,45.0605737704919
-114.6579971,39.4966011,1.14275956284153,273.922950819672,286.888797814208,280.40587431694,5,45.0605737704919
-114.6559982,40.5546989,1.11010928961749,274.966666666667,287.439890710383,281.203278688525,0,46.4959016393444
-114.6520004,41.3983002,0.705191256830601,272.057923497268,291.147540983607,281.602732240437,0,47.2149180327869
-114.651001,41.3984985,0.705191256830601,272.057923497268,291.147540983607,281.602732240437,0,47.2149180327869
-114.649013,38.585684,0.546301369863014,273.527671232877,291.766301369863,282.64698630137,0,49.0945753424658
-114.6309967,41.402401,0.705191256830601,272.057923497268,291.147540983607,281.602732240437,0,47.2149180327869
-114.630619,42.182265,0.512876712328767,272.661095890411,287.927945205479,280.294520547945,0,44.8601369863014
-114.614513,42.216031,0.512328767123288,273.214794520548,288.09698630137,280.655890410959,15,45.5106027397261
-114.613886,42.216349,0.512328767123288,273.214794520548,288.09698630137,280.655890410959,0,45.5106027397261
-114.5899963,41.5550995,0.988493150684932,274.072328767123,288.515342465753,281.293835616438,42.666667,46.6589041095891
-114.586654,43.342476,0.567123287671233,270.135068493151,286.373150684931,278.254109589041,0,41.187397260274
-114.5759964,41.5632019,0.976986301369863,273.460273972603,289.475890410959,281.468082191781,0.666667,46.9725479452055
-114.575627,42.345662,1.0772602739726,277.133424657534,290.465753424658,283.799589041096,0,51.1692602739726
-114.574183,42.410626,0.992602739726028,277.539452054795,290.534246575342,284.036849315068,0,51.5963287671233
-114.5709991,41.5359001,0.984109589041096,272.810410958904,290.011506849315,281.41095890411,0.666667,46.8697260273974
-114.5630035,41.5330009,0.984109589041096,272.810410958904,290.011506849315,281.41095890411,0,46.8697260273974
-114.5400009,39.4816017,1.00520959652669,272.8643405195,286.673178755895,279.768759637697,30.333333,43.9137673478554
-114.5350037,39.4734993,0.65013698630137,272.645947301445,289.974428475185,281.310187888315,23,46.688338198967
-114.5279999,39.2053986,0.723287671232877,271.982876712329,289.674520547945,280.828698630137,10.3333335,45.8216575342467
-114.5270004,39.4606018,0.612021857923498,273.389071038251,290.594808743169,281.99193989071,15.333333,47.9154918032787
-114.526001,39.4185982,0.767945205479453,271.911232876712,288.416712328767,280.16397260274,49.333333,44.6251506849315
-114.5250015,39.2328987,0.693634254060933,272.408935174789,289.392612470993,280.900773822891,32.3333335,45.9513928812037
-114.5240021,39.3888016,0.68992664121566,272.930842128902,289.661527808968,281.296184968935,38,46.6631329440826
-114.5240021,39.399601,0.607397260273972,274.477260273973,290.509315068493,282.493287671233,0,48.8179178082193
-114.5240021,39.4648018,0.65013698630137,272.645947301445,289.974428475185,281.310187888315,43,46.688338198967
-114.5240021,41.5727997,1.00438356164384,272.685205479452,290.114794520548,281.4,18,46.85
-114.5220032,39.3950996,0.68992664121566,272.930842128902,289.661527808968,281.296184968935,10.3333335,46.6631329440826
-114.5210037,39.4098015,0.662416847568431,273.446314843925,289.944123562143,281.695219203034,13.3333336666667,47.3813945654616
-114.5210037,39.4328003,0.668887641290516,272.593028669811,289.703568755146,281.148298712478,38.333333,46.3969376824612
-114.5199966,39.387001,0.68992664121566,272.930842128902,289.661527808968,281.296184968935,12.3333335,46.6631329440826
-114.5199966,39.4020996,0.68992664121566,272.930842128902,289.661527808968,281.296184968935,16.333333,46.6631329440826
-114.5189972,39.4466019,0.676244728896874,272.474804501335,289.644205654116,281.059505077725,39.7777776666667,46.2371091399057
-114.5179977,39.4025993,0.726301369863013,272.376438356164,289.138356164384,280.757397260274,15.333333,45.6933150684931
-114.5179977,39.4084015,0.71074855902388,272.698239389176,289.30070589116,280.999472640168,26.3333335,46.1290507523019
-114.5179977,39.4095993,0.662416847568431,273.446314843925,289.944123562143,281.695219203034,18.6666666666667,47.3813945654616
-114.5179977,39.4154015,0.726301369863013,272.376438356164,289.138356164384,280.757397260274,16.666667,45.6933150684931
-114.5179977,39.4407997,0.612021857923498,273.389071038251,290.594808743169,281.99193989071,40,47.9154918032787
-114.5179977,39.5019989,0.687671232876713,272.042876712329,289.42698630137,280.734931506849,45.3333335,45.6528767123288
-114.5179977,41.5611,1.00438356164384,272.685205479452,290.114794520548,281.4,1.333333,46.85
-114.5169983,39.3913994,0.715932829303591,272.590972378172,289.246589315568,280.91878084687,21.3333333333333,45.9838055243656
-114.5169983,39.4295998,0.612021857923498,273.389071038251,290.594808743169,281.99193989071,17.333333,47.9154918032787
-114.5159988,39.2144012,0.646994535519125,273.177322404372,290.192896174863,281.685109289617,35.333333,47.3631967213115
-114.5159988,39.3941994,0.726301369863013,272.376438356164,289.138356164384,280.757397260274,36,45.6933150684931
-114.5159988,39.4889984,0.687671232876713,272.042876712329,289.42698630137,280.734931506849,48,45.6528767123288
-114.5149994,39.3750992,0.635616438356164,274.556164383562,289.946301369863,282.251232876712,0,48.3822191780822
-114.5149994,39.3829994,0.715932829303591,272.590972378172,289.246589315568,280.91878084687,39.3333333333333,45.9838055243656
-114.5139999,39.2542,0.903206078299274,272.838900366794,287.271529306086,280.05521483644,32.6666665,44.4293867055918
-114.5139999,39.3877983,0.68992664121566,272.930842128902,289.661527808968,281.296184968935,25.6666665,46.6631329440826
-114.5139999,39.3937988,0.68992664121566,272.930842128902,289.661527808968,281.296184968935,13.3333335,46.6631329440826
-114.5130005,38.3019981,0.729234972677596,273.714480874317,291.613661202186,282.664071038251,11.333333,49.1253278688525
-114.5130005,39.3560982,0.672589639943109,274.048164158994,289.835035930833,281.941600044914,5.3333335,47.8248800808445
-114.512001,39.3432999,0.737247174189684,272.978438131597,289.184487985628,281.081463058612,34,46.276633505502
-114.512001,39.3492012,0.762730992838786,272.628730443896,288.76217007261,280.695450258253,17.5555556666667,45.5818104648552
-114.512001,39.4123001,0.68992664121566,272.930842128902,289.661527808968,281.296184968935,32,46.6631329440826
-114.5110016,39.3899994,0.715932829303591,272.590972378172,289.246589315568,280.91878084687,29.1111113333333,45.9838055243656
-114.5110016,39.3970985,0.68992664121566,272.930842128902,289.661527808968,281.296184968935,28,46.6631329440826
-114.5110016,39.3997993,0.68992664121566,272.930842128902,289.661527808968,281.296184968935,16.6666665,46.6631329440826
-114.5110016,39.4219017,0.668887641290516,272.593028669811,289.703568755146,281.148298712478,36,46.3969376824612
-114.5100021,39.4163017,0.653551912568306,273.485245901639,290.184699453552,281.834972677596,9.333333,47.6329508196721
-114.5090027,39.3951988,0.653551912568306,273.485245901639,290.184699453552,281.834972677596,22,47.6329508196721
-114.5059967,39.2406006,0.713016443346558,272.329792399631,289.376536167877,280.853164283754,28.2222223333333,45.8656957107569
-114.5059967,39.3748016,0.764931506849315,272.416712328767,288.645205479452,280.53095890411,22.666667,45.2857260273973
-114.5039978,39.347599,0.762730992838786,272.628730443896,288.76217007261,280.695450258253,20,45.5818104648552
-114.5039978,39.3809013,0.68992664121566,272.930842128902,289.661527808968,281.296184968935,10.666667,46.6631329440826
-114.5029984,38.303299,0.729234972677596,273.714480874317,291.613661202186,282.664071038251,28.666667,49.1253278688525
-114.5029984,39.2243004,0.74027397260274,271.640547945205,288.592328767123,280.116438356164,10,44.539589041096
-114.5029984,41.5587006,1.00438356164384,272.685205479452,290.114794520548,281.4,8,46.85
-114.5019989,39.2416,0.713016443346558,272.329792399631,289.376536167877,280.853164283754,19.7777776666667,45.8656957107569
-114.5019989,39.2738991,0.903206078299274,272.838900366794,287.271529306086,280.05521483644,67.6666665,44.4293867055918
-114.5019989,39.3554001,0.635616438356164,274.556164383562,289.946301369863,282.251232876712,4.666667,48.3822191780822
-114.5019989,39.3753014,0.70027397260274,273.486438356164,289.295753424658,281.391095890411,14.3333335,46.8339726027398
-114.5,39.2678986,0.903206078299274,272.838900366794,287.271529306086,280.05521483644,34.3333335,44.4293867055918
-114.5,39.2897987,0.914009531651571,272.692052299324,287.218279811363,279.955166055343,42.888889,44.2492988996183
-114.4990005,39.3596001,0.737247174189684,272.978438131597,289.184487985628,281.081463058612,18.3333335,46.276633505502
-114.4990005,39.364399,0.703370262245178,273.504346882252,289.438425780373,281.471386331312,14.4444443333333,46.978495396362
-114.4980011,39.3708,0.762730992838786,272.628730443896,288.76217007261,280.695450258253,41.056689,45.5818104648552
-114.4970016,39.2776985,0.859562841530054,273.802732240437,288.183606557377,280.993169398907,14,46.1177049180328
-114.496375,43.341234,0.525753424657534,270.69397260274,286.67397260274,278.68397260274,0,41.9611506849316
-114.4960022,39.3148994,0.865193876787185,272.83985403099,287.841703720338,280.340778875664,31.3333335,44.9434019761959
-114.4960022,39.3563004,0.762730992838786,272.628730443896,288.76217007261,280.695450258253,47.5555556666667,45.5818104648552
-114.4940033,39.2602005,0.618146942136387,273.102413728573,290.890350699903,281.996382214238,27,47.9234879856277
-114.4940033,39.3008003,0.56639344262295,273.539617486339,291.269945355191,282.404781420765,17.333333,48.6586065573772
-114.4929962,38.1551018,0.795068493150685,272.652328767123,291.055068493151,281.853698630137,0,47.6666575342465
-114.4919968,38.3390007,0.735245901639344,273.666666666667,291.536612021858,282.601639344262,13.333333,49.0129508196722
-114.491247,41.028798,0.896986301369863,272.484931506849,290.085205479452,281.285068493151,0,46.6431232876713
-114.4909973,38.3418999,0.735245901639344,273.666666666667,291.536612021858,282.601639344262,0,49.0129508196722
-114.4909973,39.3055992,0.646149412381166,272.644621353894,290.410986351274,281.527803852584,43.111111,47.0800469346509
-114.4810028,38.4096985,0.899726027397261,273.751506849315,291.892328767123,282.821917808219,0.5,49.4094520547945
-114.4680023,38.289299,0.680054644808744,275.381693989071,291.460928961749,283.42131147541,0,50.4883606557377
-114.4680023,38.331501,0.725136612021858,274.653551912568,291.378961748634,283.016256830601,5.333333,49.759262295082
-114.4540024,38.0970993,0.796438356164384,272.506575342466,291.214246575342,281.860410958904,0,47.6787397260275
-114.452842,42.604791,0.955616438356164,277.262739726027,290.896164383562,284.079452054795,37.5,51.6730136986301
-114.4499969,38.4040985,0.952328767123287,274.828767123288,291.161917808219,282.995342465753,0.5,49.7216164383562
-114.438341,42.944805,0.367671232876712,274.336164383562,289.541917808219,281.93904109589,37.5,47.8202739726027
-114.4380035,38.4107018,0.952328767123287,274.828767123288,291.161917808219,282.995342465753,15,49.7216164383562
-114.435997,38.415699,0.952328767123287,274.828767123288,291.161917808219,282.995342465753,7,49.7216164383562
-114.433645,43.338105,0.520821917808219,271.184657534247,286.663287671233,278.92397260274,0,42.3931506849315
-114.4319992,38.3722992,0.915890410958904,274.687397260274,291.365753424658,283.026575342466,35,49.7778356164384
-114.4309998,38.3675995,0.915890410958904,274.687397260274,291.365753424658,283.026575342466,31.5,49.7778356164384
-114.420424,37.864452,0.647123287671232,277.661369863014,293.389863013699,285.525616438356,0,54.2761095890411
-114.412873,39.147941,0.508767123287671,274.61698630137,291.991232876712,283.304109589041,37.5,50.277397260274
-114.4089966,38.5716019,0.925205479452054,273.728493150685,291.827123287671,282.777808219178,18.5,49.3300547945205
-114.4089966,38.5735016,0.925205479452054,273.728493150685,291.827123287671,282.777808219178,15.5,49.3300547945205
-114.4059982,38.5714989,0.925205479452054,273.728493150685,291.827123287671,282.777808219178,25,49.3300547945205
-114.4049988,38.5409012,0.94958904109589,273.743561643836,291.555342465753,282.649452054795,18,49.0990136986302
-114.4049988,38.5769005,0.925205479452054,273.728493150685,291.827123287671,282.777808219178,21.5,49.3300547945205
-114.4029999,38.1272011,0.822739726027397,273.72904109589,290.793150684932,282.261095890411,10,48.3999726027398
-114.4000015,38.5443001,0.94958904109589,273.743561643836,291.555342465753,282.649452054795,1,49.0990136986302
-114.3960037,38.5690002,0.925205479452054,273.728493150685,291.827123287671,282.777808219178,9,49.3300547945205
-114.387001,38.5223999,0.94958904109589,273.743561643836,291.555342465753,282.649452054795,15.5,49.0990136986302
-114.387001,38.5676003,0.925205479452054,273.728493150685,291.827123287671,282.777808219178,8,49.3300547945205
-114.3840027,38.5359001,0.94958904109589,273.743561643836,291.555342465753,282.649452054795,7,49.0990136986302
-114.3799973,38.5597,0.925205479452054,273.728493150685,291.827123287671,282.777808219178,0.5,49.3300547945205
-114.3779984,38.9118996,0.698356164383562,272.156712328767,290.643835616438,281.400273972603,0,46.850493150685
-114.3759995,38.574501,0.925205479452054,273.728493150685,291.827123287671,282.777808219178,2,49.3300547945205
-114.375,38.5777016,0.925205479452054,273.728493150685,291.827123287671,282.777808219178,10.5,49.3300547945205
-114.375,41.7228012,0.677595628415301,272.622950819672,290.611475409836,281.617213114754,0,47.2409836065575
-114.3740005,41.7221985,0.677595628415301,272.622950819672,290.611475409836,281.617213114754,0,47.2409836065575
-114.3730011,38.5870018,0.925205479452054,273.728493150685,291.827123287671,282.777808219178,0.5,49.3300547945205
-114.3720016,41.7190018,0.677595628415301,272.622950819672,290.611475409836,281.617213114754,0,47.2409836065575
-114.3710022,38.5852013,0.925205479452054,273.728493150685,291.827123287671,282.777808219178,9.5,49.3300547945205
-114.3700027,38.5782013,0.846027397260274,273.719178082192,291.870410958904,282.794794520548,15,49.3606301369864
-114.367595,40.945074,0.911506849315069,275.602191780822,289.48301369863,282.542602739726,0,48.9066849315069
-114.3669968,38.5830002,0.846027397260274,273.719178082192,291.870410958904,282.794794520548,21,49.3606301369864
-114.3669968,38.8377991,0.839999999999999,272.959178082192,288.412328767123,280.685753424658,0.666667,45.5643561643836
-114.3649979,38.5690002,0.846027397260274,273.719178082192,291.870410958904,282.794794520548,6,49.3606301369864
-114.3649979,38.5810013,0.846027397260274,273.719178082192,291.870410958904,282.794794520548,26,49.3606301369864
-114.3639984,38.5849991,0.846027397260274,273.719178082192,291.870410958904,282.794794520548,26,49.3606301369864
-114.3619995,38.5880013,0.807123287671234,273.717808219178,292.042191780822,282.88,23.5,49.514
-114.3619995,38.8699989,0.839999999999999,272.959178082192,288.412328767123,280.685753424658,0.666667,45.5643561643836
-114.3619995,41.7247009,0.971506849315068,272.970136986301,289.539452054795,281.254794520548,7.333333,46.5886301369864
-114.361879,43.332268,0.455342465753425,271.501917808219,286.809863013699,279.155890410959,15,42.8106027397261
-114.3580017,38.5727005,0.846027397260274,273.719178082192,291.870410958904,282.794794520548,1.5,49.3606301369864
-114.3580017,38.8465004,0.839999999999999,272.959178082192,288.412328767123,280.685753424658,0,45.5643561643836
-114.3570023,38.5755997,0.846027397260274,273.719178082192,291.870410958904,282.794794520548,2,49.3606301369864
-114.3539963,38.5638008,0.846027397260274,273.719178082192,291.870410958904,282.794794520548,0.5,49.3606301369864
-114.3470001,41.7524986,0.971506849315068,272.970136986301,289.539452054795,281.254794520548,0,46.5886301369864
-114.3450012,38.5344009,0.858904109589041,273.763561643836,291.53095890411,282.647260273973,17.5,49.0950684931508
-114.3420029,38.5237007,0.858904109589041,273.763561643836,291.53095890411,282.647260273973,30,49.0950684931508
-114.3420029,38.5318985,0.858904109589041,273.763561643836,291.53095890411,282.647260273973,27.5,49.0950684931508
-114.3420029,38.5335007,0.858904109589041,273.763561643836,291.53095890411,282.647260273973,28.5,49.0950684931508
-114.3339996,41.7714005,0.997534246575343,272.914246575342,289.315890410959,281.115068493151,0,46.3371232876713
-114.3280029,37.8830986,0.723835616438356,273.43095890411,292.670684931507,283.050821917808,0,49.8214794520548
-114.3280029,41.7396011,1.00876712328767,273.933698630137,288.660547945206,281.297123287671,0,46.6648219178083
-114.3249969,41.7187996,1.00876712328767,273.933698630137,288.660547945206,281.297123287671,8,46.6648219178083
-114.3190002,41.7242012,1.00876712328767,273.933698630137,288.660547945206,281.297123287671,0,46.6648219178083
-114.2919998,41.6936989,1.02054794520548,273.956164383562,288.473698630137,281.214931506849,2.666667,46.5168767123288
-114.2870026,37.9505997,0.778356164383562,274.164931506849,291.840547945205,283.002739726027,0,49.7349315068493
-114.2689972,41.6966019,1.14712328767123,274.447123287671,287.974794520548,281.21095890411,35.333333,46.5097260273973
-114.255437,42.985433,0.373150684931507,273.354246575342,288.612328767123,280.983287671233,37.5,46.0999178082193
-114.252542,43.420904,0.538356164383562,270.918082191781,286.740273972603,278.829178082192,0,42.2225205479453
-114.227136,43.854211,0.904109589041096,268.007123287671,281.695068493151,274.851095890411,0,35.0619726027398
-114.223939,40.860911,0.681369863013699,275.409589041096,291.108219178082,283.258904109589,0,50.1960273972603
-114.2210007,38.4062996,0.893424657534247,274.771232876712,290.915616438356,282.843424657534,34,49.4481643835617
-114.1869965,38.4185982,0.822191780821918,274.430684931507,291.538904109589,282.984794520548,39.5,49.7026301369864
-114.185997,38.4077988,0.822191780821918,274.430684931507,291.538904109589,282.984794520548,23,49.7026301369864
-114.1819992,38.4303017,0.806027397260274,274.345753424658,291.764383561644,283.055068493151,25,49.8291232876712
-114.1689987,38.4239006,0.806027397260274,274.345753424658,291.764383561644,283.055068493151,0,49.8291232876712
-114.1589966,38.3972015,0.872328767123288,273.695616438356,291.923835616438,282.809726027397,0.5,49.3875068493151
-114.151001,38.4542007,0.84904109589041,273.810136986301,292.128493150685,282.969315068493,0,49.6747671232878
-114.1449966,38.3683014,0.882191780821917,273.724109589041,291.753150684931,282.738630136986,0,49.2595342465754
-114.1419983,38.3758011,0.882191780821917,273.724109589041,291.753150684931,282.738630136986,11,49.2595342465754
-114.1380005,38.4347992,0.84904109589041,273.810136986301,292.128493150685,282.969315068493,0,49.6747671232878
-114.134952,43.054426,0.361095890410959,272.44904109589,287.804657534247,280.126849315069,37.5,44.5583287671234
-114.1320038,38.4305992,0.84904109589041,273.810136986301,292.128493150685,282.969315068493,0,49.6747671232878
-114.1289978,38.4362984,0.84904109589041,273.810136986301,292.128493150685,282.969315068493,0,49.6747671232878
-114.1119995,38.1148987,0.900821917808219,272.698356164384,289.185753424658,280.942054794521,0,46.0256986301371
-114.1039963,38.1156998,0.900821917808219,272.698356164384,289.185753424658,280.942054794521,0,46.0256986301371
-114.1039963,38.118,0.900821917808219,272.698356164384,289.185753424658,280.942054794521,0,46.0256986301371
-114.1029968,38.1044998,0.900821917808219,272.698356164384,289.185753424658,280.942054794521,23.333333,46.0256986301371
-114.1009979,38.1072006,0.900821917808219,272.698356164384,289.185753424658,280.942054794521,45.333333,46.0256986301371
-114.1009979,38.1166992,0.900821917808219,272.698356164384,289.185753424658,280.942054794521,0,46.0256986301371
-114.098999,38.1068993,0.900821917808219,272.698356164384,289.185753424658,280.942054794521,4,46.0256986301371
-114.0970001,38.0990982,0.900821917808219,272.698356164384,289.185753424658,280.942054794521,0,46.0256986301371
-114.0940018,38.1146011,0.900821917808219,272.698356164384,289.185753424658,280.942054794521,0,46.0256986301371
-114.0920029,38.0926018,0.900821917808219,272.698356164384,289.185753424658,280.942054794521,0,46.0256986301371
-114.0920029,38.0946007,0.900821917808219,272.698356164384,289.185753424658,280.942054794521,0.666667,46.0256986301371
-114.074949,40.723343,0.45041095890411,279.431780821918,291.242465753425,285.337123287671,0,53.9368219178083
-114.017203,43.211311,0.406301369863014,271.819726027397,287.452054794521,279.635890410959,37.5,43.6746027397262
-113.934064,43.329803,0.452602739726027,271.312054794521,287.219726027397,279.265890410959,37.5,43.008602739726
-113.923039,43.335404,0.452602739726027,271.312054794521,287.219726027397,279.265890410959,37.5,43.008602739726
-113.559928,43.468438,1.14712328767123,272.838356164384,286.241917808219,279.540136986301,0,43.5022465753425
-113.470882,44.283078,0.567397260273972,268.209315068493,284.497534246575,276.353424657534,0,37.7661643835616
-113.295468,43.641636,0.808219178082192,271.808767123288,286.083561643836,278.946164383562,2.5,42.4330958904109
-113.278874,39.047754,0.579178082191781,278.904657534247,292.585479452055,285.745068493151,0,54.6711232876713
-113.162194,43.611004,0.587123287671233,270.382465753425,286.475616438356,278.42904109589,2.5,41.5022739726028
-113.111433,40.727421,0.626849315068493,277.028493150685,291.505479452055,284.26698630137,37.5,52.0105753424658
-113.026864,43.748294,0.384931506849315,270.641369863014,287.19095890411,278.916164383562,2.5,42.379095890411
-113.017063,40.754047,0.734246575342466,276.794794520548,291.745753424658,284.270273972603,37.5,52.016493150685
-112.983583,42.681571,0.801095890410959,274.181095890411,289.156164383562,281.668630136986,37.5,47.3335342465753
-112.981666,42.680129,0.801095890410959,274.181095890411,289.156164383562,281.668630136986,0,47.3335342465753
-112.843409,43.551123,0.550684931506849,270.794520547945,286.720273972603,278.757397260274,2.5,42.0933150684931
-112.816952,43.704883,0.541917808219178,270.250136986301,286.716438356164,278.483287671233,15,41.5999178082192
-112.811467,44.683381,1.22383561643836,269.020547945205,281.525205479452,275.272876712329,0,35.8211780821918
-112.807448,44.683053,1.22383561643836,269.020547945205,281.525205479452,275.272876712329,0,35.8211780821918
-112.7939987,38.2024994,1.02027397260274,275.167945205479,290.441369863014,282.804657534247,1.7,49.3783835616438
-112.7939987,38.2025986,1.02027397260274,275.167945205479,290.441369863014,282.804657534247,21,49.3783835616438
-112.7939987,38.2029991,1.02027397260274,275.167945205479,290.441369863014,282.804657534247,6.7,49.3783835616438
-112.7929993,38.2010994,1.02027397260274,275.167945205479,290.441369863014,282.804657534247,1.7,49.3783835616438
-112.7929993,38.2020988,1.02027397260274,275.167945205479,290.441369863014,282.804657534247,0.7,49.3783835616438
-112.7919998,38.2015991,1.02027397260274,275.167945205479,290.441369863014,282.804657534247,3,49.3783835616438
-112.7919998,38.2020988,1.02027397260274,275.167945205479,290.441369863014,282.804657534247,25,49.3783835616438
-112.7900009,38.2006989,1.02027397260274,275.167945205479,290.441369863014,282.804657534247,1.3,49.3783835616438
-112.782071,40.761377,0.886849315068493,277.282465753425,292.014246575342,284.648356164384,37.5,52.6970410958905
-112.758975,43.493503,0.577534246575342,271.554520547945,286.450136986301,279.002328767123,2.5,42.5341917808221
-112.6640015,40.5814018,1.10219178082192,277.30904109589,290.399726027397,283.854383561644,3.7,51.2678904109589
-112.6640015,40.5816994,1.10219178082192,277.30904109589,290.399726027397,283.854383561644,8,51.2678904109589
-112.663002,40.5814018,1.10219178082192,277.30904109589,290.399726027397,283.854383561644,14,51.2678904109589
-112.663002,40.5816994,1.10219178082192,277.30904109589,290.399726027397,283.854383561644,14.3,51.2678904109589
-112.6620026,40.5816994,1.80986301369863,275.841095890411,286.804383561644,281.322739726027,20,46.7109315068494
-112.6600037,40.5816994,1.80986301369863,275.841095890411,286.804383561644,281.322739726027,23.1333333333333,46.7109315068494
-112.6589966,40.5816994,1.80986301369863,275.841095890411,286.804383561644,281.322739726027,5,46.7109315068494
-112.649864,40.744443,0.921917808219178,277.618904109589,291.98,284.799452054795,37.5,52.9690136986302
-112.6460037,40.7331009,0.67917808219178,277.844931506849,292.953424657534,285.399178082192,37,54.0485205479452
-112.5100021,39.9757004,1.7155737704918,274.538797814208,286.254644808743,280.396721311475,29.268293,45.0440983606558
-112.5049973,39.9768982,1.7155737704918,274.538797814208,286.254644808743,280.396721311475,21.95122,45.0440983606558
-112.4990005,39.9757996,1.7155737704918,274.538797814208,286.254644808743,280.396721311475,17.073171,45.0440983606558
-112.4789963,39.9819984,1.27377049180328,275.195355191257,288.256557377049,281.725956284153,4.878049,47.4367213114755
-112.4729996,40.2430992,0.950958904109588,276.037808219178,290.187945205479,283.112876712329,20.7,49.9331780821919
-112.4729996,40.2445984,0.950958904109588,276.037808219178,290.187945205479,283.112876712329,1,49.9331780821919
-112.4710007,40.2416,0.950958904109588,276.037808219178,290.187945205479,283.112876712329,0,49.9331780821919
-112.4710007,40.2435989,0.950958904109588,276.037808219178,290.187945205479,283.112876712329,1,49.9331780821919
-112.4710007,40.2445984,0.950958904109588,276.037808219178,290.187945205479,283.112876712329,1,49.9331780821919
-112.4700012,40.2411003,0.950958904109588,276.037808219178,290.187945205479,283.112876712329,2,49.9331780821919
-112.4700012,40.2435989,0.950958904109588,276.037808219178,290.187945205479,283.112876712329,0,49.9331780821919
-112.4649963,40.0001984,1.27377049180328,275.195355191257,288.256557377049,281.725956284153,2.439024,47.4367213114755
-112.4609985,40.206501,0.856164383561644,275.805753424658,290.338630136986,283.072191780822,19.7,49.8599452054795
-112.4609985,40.2070999,0.856164383561644,275.805753424658,290.338630136986,283.072191780822,11,49.8599452054795
-112.4609985,40.2083015,0.856164383561644,275.805753424658,290.338630136986,283.072191780822,11,49.8599452054795
-112.4599991,40.2067986,0.856164383561644,275.805753424658,290.338630136986,283.072191780822,9.3,49.8599452054795
-112.4589996,40.0079002,0.790710382513661,274.095355191257,290.334426229508,282.214890710383,0,48.3168032786886
-112.4589996,40.2061996,0.856164383561644,275.805753424658,290.338630136986,283.072191780822,19.7,49.8599452054795
-112.4589996,40.2083015,0.856164383561644,275.805753424658,290.338630136986,283.072191780822,64,49.8599452054795
-112.4580002,40.2067986,0.856164383561644,275.805753424658,290.338630136986,283.072191780822,19.7,49.8599452054795
-112.4580002,40.2070999,0.856164383561644,275.805753424658,290.338630136986,283.072191780822,20,49.8599452054795
-112.4580002,40.2083015,0.856164383561644,275.805753424658,290.338630136986,283.072191780822,39,49.8599452054795
-112.4580002,40.2089005,0.856164383561644,275.805753424658,290.338630136986,283.072191780822,15,49.8599452054795
-112.4580002,40.2092018,0.856164383561644,275.805753424658,290.338630136986,283.072191780822,26.3,49.8599452054795
-112.4570007,40.2085991,0.856164383561644,275.805753424658,290.338630136986,283.072191780822,50,49.8599452054795
-112.4570007,40.2092018,0.856164383561644,275.805753424658,290.338630136986,283.072191780822,15.3,49.8599452054795
-112.4560013,40.206501,0.856164383561644,275.805753424658,290.338630136986,283.072191780822,33,49.8599452054795
-112.4560013,40.2092018,0.856164383561644,275.805753424658,290.338630136986,283.072191780822,8.3,49.8599452054795
-112.4550018,40.0115013,0.790710382513661,274.095355191257,290.334426229508,282.214890710383,7.317073,48.3168032786886
-112.4420013,40.0116997,0.794535519125683,273.919398907104,290.451912568306,282.185655737705,4.878049,48.2641803278689
-112.426271,40.177885,0.794246575342466,275.013698630137,291.502191780822,283.25794520548,37.5,50.1943013698631
-112.3990021,40.2526016,0.717808219178082,274.88904109589,292.326849315069,283.60794520548,0,50.8243013698631
-112.398708,40.079645,0.978082191780822,275.430684931507,290.801643835616,283.116164383562,37.5,49.9390958904111
-112.391721,40.376386,1.04958904109589,275.243287671233,291.176164383562,283.209726027397,37.5,50.107506849315
-112.3809967,40.4140015,0.936986301369863,275.97095890411,292.092054794521,284.031506849315,17,51.5867123287672
-112.355338,40.460791,1.16493150684932,277.380547945205,290.488767123288,283.934657534247,37.5,51.4123835616439
-112.317246,40.064249,0.89917808219178,275.100547945206,291.166575342466,283.133561643836,0,49.9704109589041
-112.308351,40.514061,1.31205479452055,279.016438356164,291.304657534247,285.160547945206,15,53.61898630137
-112.296459,40.054381,0.89917808219178,275.100547945206,291.166575342466,283.133561643836,15,49.9704109589041
-112.2949982,40.0569,0.630327868852459,274.37650273224,290.884153005464,282.630327868852,12.195122,49.0645901639345
-112.2949982,40.0597992,0.630327868852459,274.37650273224,290.884153005464,282.630327868852,34.146341,49.0645901639345
-112.2949982,40.0657005,0.630327868852459,274.37650273224,290.884153005464,282.630327868852,7.317073,49.0645901639345
-112.293117,40.578853,1.1958904109589,279.064109589041,291.656164383562,285.360136986301,37.5,53.9782465753425
-112.2929993,40.071701,0.630327868852459,274.37650273224,290.884153005464,282.630327868852,7.317073,49.0645901639345
-112.2919998,40.0555,0.630327868852459,274.37650273224,290.884153005464,282.630327868852,58.536585,49.0645901639345
-112.2910004,40.0744019,0.630327868852459,274.37650273224,290.884153005464,282.630327868852,0,49.0645901639345
-112.2890015,40.0774002,0.630327868852459,274.37650273224,290.884153005464,282.630327868852,29.268293,49.0645901639345
-112.2890015,43.7582016,0.452328767123288,272.188767123288,288.32,280.254383561644,0.7,44.787890410959
-112.2890015,43.7612,0.452328767123288,272.188767123288,288.32,280.254383561644,2.3,44.787890410959
-112.288002,40.080101,0.630327868852459,274.37650273224,290.884153005464,282.630327868852,24.390244,49.0645901639345
-112.2870026,43.7573013,0.475890410958904,272.270410958904,288.303561643836,280.28698630137,3,44.8465753424658
-112.2870026,43.7596016,0.475890410958904,272.270410958904,288.303561643836,280.28698630137,1,44.8465753424658
-112.2870026,43.7607002,0.475890410958904,272.270410958904,288.303561643836,280.28698630137,8.3,44.8465753424658
-112.2860031,43.759201,0.475890410958904,272.270410958904,288.303561643836,280.28698630137,2.7,44.8465753424658
-112.2850037,40.0523987,0.620491803278688,274.477595628415,290.966666666667,282.722131147541,26.829268,49.2298360655737
-112.2850037,43.7582016,0.475890410958904,272.270410958904,288.303561643836,280.28698630137,0.7,44.8465753424658
-112.2829971,40.0494995,0.620491803278688,274.477595628415,290.966666666667,282.722131147541,46.341463,49.2298360655737
-112.2829971,43.7563019,0.475890410958904,272.270410958904,288.303561643836,280.28698630137,19,44.8465753424658
-112.2829971,43.7588005,0.475890410958904,272.270410958904,288.303561643836,280.28698630137,3.3,44.8465753424658
-112.2809982,43.7556,0.475890410958904,272.270410958904,288.303561643836,280.28698630137,29,44.8465753424658
-112.2799988,43.7585983,0.475890410958904,272.270410958904,288.303561643836,280.28698630137,7.7,44.8465753424658
-112.272817,43.307811,0.51041095890411,272.029315068493,286.700273972603,279.364794520548,15,43.1866301369863
-112.2699966,40.0483017,0.620491803278688,274.477595628415,290.966666666667,282.722131147541,29.268293,49.2298360655737
-112.2699966,40.0545006,0.620491803278688,274.477595628415,290.966666666667,282.722131147541,17.073171,49.2298360655737
-112.2669983,40.0589981,0.620491803278688,274.477595628415,290.966666666667,282.722131147541,2.439024,49.2298360655737
-112.2649994,40.0466995,0.620491803278688,274.477595628415,290.966666666667,282.722131147541,0,49.2298360655737
-112.2649994,40.0632019,0.620491803278688,274.477595628415,290.966666666667,282.722131147541,21.95122,49.2298360655737
-112.2590027,40.0737,0.620491803278688,274.477595628415,290.966666666667,282.722131147541,36.585366,49.2298360655737
-112.2539978,40.0819016,0.620491803278688,274.477595628415,290.966666666667,282.722131147541,0,49.2298360655737
-112.25,40.0424004,0.705191256830601,274.732513661202,290.644808743169,282.688661202186,0,49.1695901639345
-112.248176,39.961211,1.19753424657534,276.595342465753,289.778630136986,283.18698630137,37.5,50.0665753424658
-112.2429962,40.0381012,1.02732240437158,275.346448087432,289.177322404372,282.261885245902,9.756098,48.401393442623
-112.2399979,40.0368996,1.02732240437158,275.346448087432,289.177322404372,282.261885245902,7.317073,48.401393442623
-112.2360001,40.0382996,1.02732240437158,275.346448087432,289.177322404372,282.261885245902,0,48.401393442623
-112.2320023,40.0307007,1.02732240437158,275.346448087432,289.177322404372,282.261885245902,0,48.401393442623
-112.2310028,40.0335999,1.02732240437158,275.346448087432,289.177322404372,282.261885245902,24.390244,48.401393442623
-112.227347,39.547721,0.88986301369863,277.243835616438,291.765205479452,284.504520547945,37.5,52.4381369863013
-112.2229996,40.0327988,1.02732240437158,275.346448087432,289.177322404372,282.261885245902,0,48.401393442623
-112.2210007,40.0477982,0.685245901639344,275.537978142076,290.531147540984,283.03456284153,2.439024,49.7922131147541
-112.2180023,40.0494003,0.685245901639344,275.537978142076,290.531147540984,283.03456284153,2.439024,49.7922131147541
-112.2139969,40.0481987,0.685245901639344,275.537978142076,290.531147540984,283.03456284153,0,49.7922131147541
-112.2020035,40.0326004,1.20628415300547,275.20956284153,288.052732240437,281.631147540984,9.756098,47.2660655737705
-112.1989975,40.0327988,1.20628415300547,275.20956284153,288.052732240437,281.631147540984,34.146341,47.2660655737705
-112.1910019,40.0303993,1.20628415300547,275.20956284153,288.052732240437,281.631147540984,2.439024,47.2660655737705
-112.1880035,40.0284004,1.20628415300547,275.20956284153,288.052732240437,281.631147540984,0,47.2660655737705
-112.187928,41.976475,1.34465753424658,276.745479452055,288.900547945205,282.82301369863,2.5,49.4114246575343
-112.187515,41.976021,1.34465753424658,276.745479452055,288.900547945205,282.82301369863,37.5,49.4114246575343
-112.184465,43.829415,0.494246575342466,270.83095890411,286.28602739726,278.558493150685,0,41.735287671233
-112.1819992,40.0354996,1.20628415300547,275.20956284153,288.052732240437,281.631147540984,0,47.2660655737705
-112.1809998,40.0252991,1.20628415300547,275.20956284153,288.052732240437,281.631147540984,0,47.2660655737705
-112.180617,41.758386,1.31123287671233,276.686301369863,289.207671232877,282.94698630137,37.5,49.6345753424658
-112.092118,39.967783,1.23041095890411,276.373424657534,289.583561643836,282.978493150685,37.5,49.6912876712329
-112.090538,39.966544,1.23041095890411,276.373424657534,289.583561643836,282.978493150685,15,49.6912876712329
-112.0680008,39.2750015,1.20958904109589,276.696712328767,290.033424657534,283.365068493151,34.3,50.3871232876713
-112.0680008,39.2751999,1.20958904109589,276.696712328767,290.033424657534,283.365068493151,22.3,50.3871232876713
-112.0670013,39.2742004,1.20958904109589,276.696712328767,290.033424657534,283.365068493151,21,50.3871232876713
-112.0670013,39.2743988,1.20958904109589,276.696712328767,290.033424657534,283.365068493151,20.7,50.3871232876713
-112.0670013,39.274601,1.20958904109589,276.696712328767,290.033424657534,283.365068493151,19.3,50.3871232876713
-112.0670013,39.2747002,1.20958904109589,276.696712328767,290.033424657534,283.365068493151,23,50.3871232876713
-112.0670013,39.2748985,1.20958904109589,276.696712328767,290.033424657534,283.365068493151,29.7,50.3871232876713
-112.0670013,39.2751999,1.20958904109589,276.696712328767,290.033424657534,283.365068493151,32,50.3871232876713
-112.0670013,39.2753983,1.20958904109589,276.696712328767,290.033424657534,283.365068493151,15,50.3871232876713
-112.0660019,39.2737999,1.20958904109589,276.696712328767,290.033424657534,283.365068493151,20,50.3871232876713
-112.0660019,39.2741013,1.20958904109589,276.696712328767,290.033424657534,283.365068493151,26,50.3871232876713
-112.0660019,39.2743988,1.20958904109589,276.696712328767,290.033424657534,283.365068493151,10,50.3871232876713
-112.0589981,40.350399,0.901095890410959,277.046301369863,291.352328767123,284.199315068493,27,51.8887671232877
-111.975829,43.785581,0.613972602739726,271.275616438356,285.593424657534,278.434520547945,0,41.5121369863014
-111.9720001,40.3814011,1.06876712328767,278.419452054795,290.992876712329,284.706164383562,65,52.801095890411
-111.956492,43.827202,0.591232876712329,271.12301369863,285.860821917808,278.491917808219,0,41.6154520547945
